# This file uses centimeters as units for non-parametric coordinates.

mtllib FishBowlScene.mtl
g default
v 0.126614 5.155893 0.865505
v 0.053104 5.157218 0.968986
v 0.032501 5.066530 1.019042
v 0.104318 5.011646 0.897810
v -0.651024 5.011646 0.897810
v -0.579207 5.066530 1.019042
v -0.599810 5.157218 0.968986
v -0.673320 5.155893 0.865505
v 0.053554 5.312366 0.953365
v 0.108641 5.325469 0.834157
v -0.655347 5.325469 0.834157
v -0.600260 5.312366 0.953365
v 0.026169 5.465186 0.829694
v -0.019631 5.438002 0.938670
v -0.527075 5.438002 0.938670
v -0.572875 5.465186 0.829694
v -0.124536 5.510042 0.967853
v -0.107813 5.564726 0.821859
v -0.438893 5.564726 0.821859
v -0.422171 5.510042 0.967853
v -0.043380 4.940865 1.100389
v 0.045568 4.901827 0.972396
v -0.592275 4.901827 0.972396
v -0.503326 4.940865 1.100389
v -0.164862 4.864158 1.119719
v -0.103748 4.770916 1.024784
v -0.442958 4.770916 1.024784
v -0.381845 4.864158 1.119719
v -0.273353 4.838372 1.106353
v -0.273353 4.735514 1.034597
v -0.273353 5.588005 0.825533
v -0.273353 5.527616 0.954000
v 0.303452 4.984528 0.711402
v 0.332923 5.312735 0.644655
v -0.879630 5.312735 0.644655
v -0.850159 4.984528 0.711402
v 0.278020 5.519999 0.717084
v -0.824726 5.519999 0.717084
v 0.136924 5.599830 0.674412
v -0.683631 5.599830 0.674412
v -0.055131 5.677519 0.654180
v -0.491576 5.677519 0.654180
v 0.223772 4.752701 0.771011
v -0.770478 4.752701 0.771011
v -0.026857 4.547090 0.868280
v -0.519849 4.547090 0.868280
v -0.273353 4.465472 0.891261
v -0.273353 5.704554 0.626570
v 0.018794 5.891682 0.487879
v -0.273353 5.904415 0.420284
v -0.565500 5.891682 0.487879
v 0.016241 6.026691 0.337068
v -0.273353 6.063090 0.227361
v -0.562947 6.026691 0.337068
v 0.155699 5.879275 0.656227
v 0.111560 6.046018 0.413325
v -0.702406 5.879275 0.656227
v -0.658267 6.046018 0.413325
v 0.282896 5.920886 0.732635
v 0.250578 6.096921 0.557105
v -0.829602 5.920886 0.732635
v -0.797285 6.096921 0.557105
v 0.466764 5.993440 0.792280
v 0.446228 6.134397 0.638041
v -1.013470 5.993440 0.792280
v -0.992934 6.134397 0.638041
v 0.034462 5.308425 1.067365
v -0.004929 5.179451 1.081216
v -0.541777 5.179451 1.081216
v -0.581168 5.308425 1.067365
v -0.019290 5.440754 1.059669
v -0.527416 5.440754 1.059669
v -0.152729 5.535783 1.095956
v -0.393977 5.535783 1.095956
v -0.273353 5.505935 1.124620
v -0.019290 5.097167 1.140506
v -0.527416 5.097167 1.140506
v -0.081310 4.994693 1.190385
v -0.465397 4.994693 1.190385
v -0.175997 4.933743 1.221471
v -0.370710 4.933743 1.221471
v -0.273353 4.912041 1.210752
v -0.037819 5.334054 1.135402
v -0.070744 5.263977 1.150255
v -0.475962 5.263977 1.150255
v -0.508888 5.334054 1.135402
v -0.078217 5.426118 1.143281
v -0.468489 5.426118 1.143281
v -0.176519 5.460729 1.179075
v -0.370188 5.460729 1.179075
v -0.273353 5.407624 1.210380
v -0.179717 5.010728 1.265296
v -0.273353 4.994444 1.275722
v -0.366989 5.010728 1.265296
v -0.106121 5.045292 1.244358
v -0.440585 5.045292 1.244358
v -0.044225 5.107143 1.194189
v -0.502481 5.107143 1.194189
v -0.051013 5.187022 1.161799
v -0.495693 5.187022 1.161799
v -0.237450 5.101821 1.243576
v -0.273353 5.104092 1.239965
v -0.309256 5.101821 1.243576
v -0.179008 5.123328 1.239496
v -0.367698 5.123328 1.239496
v -0.152467 5.151952 1.229146
v -0.394239 5.151952 1.229146
v -0.120256 5.218061 1.196269
v -0.426450 5.218061 1.196269
v -0.121476 5.324170 1.182668
v -0.126342 5.258368 1.172254
v -0.420365 5.258368 1.172254
v -0.425230 5.324170 1.182668
v -0.127501 5.371305 1.185384
v -0.419205 5.371305 1.185384
v -0.211614 5.378966 1.214369
v -0.335092 5.378966 1.214369
v -0.273353 5.345945 1.230282
v -0.336345 5.283735 1.220492
v -0.210361 5.283735 1.220492
v -0.273353 5.255926 1.225961
v -0.325332 5.193966 1.197607
v -0.221375 5.193966 1.197607
v 0.553275 6.016621 0.786260
v 0.536770 6.146284 0.634180
v -1.099981 6.016621 0.786260
v -1.083476 6.146284 0.634180
v 0.654502 6.047787 0.766250
v 0.613138 6.158530 0.593172
v -1.201208 6.047787 0.766250
v -1.159845 6.158530 0.593172
v 0.757625 6.096228 0.710909
v 0.705059 6.142208 0.546636
v -1.304331 6.096228 0.710909
v -1.251766 6.142208 0.546636
v 0.803173 6.024592 0.696640
v 0.769717 6.112323 0.511034
v -1.349879 6.024592 0.696640
v -1.316423 6.112323 0.511034
v 0.868090 5.952355 0.640442
v 0.822643 6.087577 0.478843
v -1.414796 5.952355 0.640442
v -1.369350 6.087577 0.478843
v 0.171412 5.763498 0.654098
v -0.010384 5.807881 0.552689
v -0.279981 5.836753 0.491417
v -0.536322 5.807881 0.552689
v -0.718118 5.763498 0.654098
v -0.808899 5.791937 0.695297
v 0.262193 5.791937 0.695297
v 0.954750 5.958582 0.573396
v 0.904120 6.061928 0.420116
v -1.501456 5.958582 0.573396
v -1.450826 6.061928 0.420116
v 1.046994 5.925286 0.491370
v 0.956193 5.996699 0.341756
v -1.593700 5.925286 0.491370
v -1.502899 5.996699 0.341756
v 1.037646 5.849431 0.413869
v 0.947295 5.966944 0.271997
v -1.584352 5.849431 0.413869
v -1.494001 5.966944 0.271997
v 1.071972 5.775390 0.372072
v 0.989865 5.888231 0.217330
v -1.618678 5.775390 0.372072
v -1.536572 5.888231 0.217330
v 1.084237 5.807695 0.310477
v 1.013980 5.900786 0.361819
v 1.039492 5.996943 0.433221
v 0.938295 6.015154 0.528927
v 0.860656 6.025685 0.593113
v 0.814364 6.082828 0.625571
v 0.758998 6.147547 0.645084
v 0.669356 6.119165 0.700493
v 0.553649 6.076002 0.733964
v 0.468139 6.062511 0.727848
v 0.307729 6.015779 0.680070
v 0.139705 5.965098 0.554924
v 0.024893 5.962630 0.418260
v -0.273353 5.970638 0.348207
v -0.571599 5.962630 0.418260
v -0.686412 5.965098 0.554924
v -0.854435 6.015779 0.680070
v -1.014846 6.062511 0.727848
v -1.100355 6.076002 0.733964
v -1.216062 6.119165 0.700493
v -1.305704 6.147547 0.645084
v -1.361070 6.082828 0.625571
v -1.407362 6.025685 0.593113
v -1.485001 6.015154 0.528927
v -1.586198 5.996943 0.433221
v -1.560686 5.900786 0.361819
v -1.630944 5.807695 0.310477
v -0.273353 5.182204 1.199207
v -0.989138 5.897674 0.763818
v 0.442432 5.897674 0.763818
v -1.072135 5.928801 0.762643
v 0.525429 5.928801 0.762643
v -1.156382 5.944524 0.743860
v 0.609676 5.944524 0.743860
v -1.241048 5.948029 0.718374
v 0.694342 5.948029 0.718374
v 0.772573 5.920649 0.682475
v -1.319279 5.920649 0.682475
v 0.844706 5.887621 0.634157
v -1.391413 5.887621 0.634157
v 0.916758 5.857609 0.582311
v -1.463464 5.857609 0.582311
v 0.974559 5.813187 0.533110
v -1.521266 5.813187 0.533110
v 1.018125 5.753060 0.473782
v -1.564831 5.753060 0.473782
v 1.037663 5.705607 0.422935
v -1.584370 5.705607 0.422935
v 0.247039 5.652272 0.692598
v 0.170328 5.676693 0.652400
v -0.033621 5.739880 0.603668
v -0.273353 5.770395 0.559587
v -0.513085 5.739880 0.603668
v -0.717035 5.676693 0.652400
v -0.793745 5.652272 0.692598
v -0.967758 5.793696 0.710270
v 0.421051 5.793696 0.710270
v -1.046585 5.830348 0.715309
v 0.499878 5.830348 0.715309
v -1.122080 5.850082 0.703737
v 0.575374 5.850082 0.703737
v -1.195985 5.856153 0.678682
v 0.649279 5.856153 0.678682
v -1.282827 5.840719 0.640143
v 0.736121 5.840719 0.640143
v -1.346041 5.821350 0.597817
v 0.799335 5.821350 0.597817
v -1.404679 5.793982 0.545627
v 0.857973 5.793982 0.545627
v -1.452778 5.754385 0.513999
v 0.906072 5.754385 0.513999
v -1.484505 5.709208 0.479291
v 0.937799 5.709208 0.479291
v -1.522052 5.650404 0.439277
v 0.975346 5.650404 0.439277
v 0.190494 4.988495 0.809824
v 0.210905 5.172749 0.766857
v 0.196403 5.435453 0.693333
v 0.076974 5.529035 0.734836
v -0.080915 5.616858 0.726499
v -0.273353 5.644073 0.711994
v -0.465791 5.616858 0.726499
v -0.623680 5.529035 0.734836
v -0.743109 5.435453 0.693333
v -0.757611 5.172749 0.766857
v -0.737201 4.988495 0.809824
v -0.678877 4.872456 0.862701
v -0.468317 4.690439 0.963219
v -0.273353 4.631117 0.974228
v -0.078389 4.690439 0.963219
v 0.132171 4.872456 0.862701
v 0.429076 5.685265 0.701727
v -0.975783 5.685265 0.701727
v 0.513543 5.747302 0.768352
v -1.060249 5.747302 0.768352
v 0.599791 5.763277 0.769722
v -1.146497 5.763277 0.769722
v 0.669929 5.764566 0.739534
v -1.216635 5.764566 0.739534
v 0.735922 5.765688 0.693208
v -1.282628 5.765688 0.693208
v 0.786947 5.745772 0.643949
v -1.333654 5.745772 0.643949
v 0.819294 5.710790 0.582716
v -1.366000 5.710790 0.582716
v 0.847599 5.661840 0.518687
v -1.394305 5.661840 0.518687
v 0.877846 5.634748 0.502351
v -1.424552 5.634748 0.502351
v 0.918370 5.594460 0.473647
v -1.465076 5.594460 0.473647
v 0.809981 5.566134 0.551514
v 0.832389 5.544293 0.532115
v -1.356687 5.566134 0.551514
v -1.379096 5.544293 0.532115
v 0.862420 5.508215 0.508734
v -1.409126 5.508215 0.508734
v 0.756275 5.516930 0.587794
v 0.771297 5.476588 0.572330
v -1.302981 5.516930 0.587794
v -1.318003 5.476588 0.572330
v 0.791968 5.440743 0.557117
v -1.338674 5.440743 0.557117
v 0.692108 5.493165 0.625755
v 0.697290 5.434426 0.620522
v -1.238814 5.493165 0.625755
v -1.243996 5.434426 0.620522
v 0.716010 5.399119 0.609950
v -1.262717 5.399119 0.609950
v 0.640401 5.487260 0.651378
v 0.633582 5.436291 0.658403
v -1.187107 5.487260 0.651378
v -1.180288 5.436291 0.658403
v 0.635452 5.383910 0.660543
v -1.182158 5.383910 0.660543
v 0.575251 5.511663 0.669754
v 0.561890 5.454288 0.690591
v -1.121957 5.511663 0.669754
v -1.108597 5.454288 0.690591
v 0.558581 5.382077 0.704426
v -1.105287 5.382077 0.704426
v 0.501651 5.485308 0.706460
v 0.493924 5.404695 0.727589
v -1.048357 5.485308 0.706460
v -1.040630 5.404695 0.727589
v 0.535523 5.536853 0.673923
v -1.082229 5.536853 0.673923
v 0.460773 5.515494 0.715061
v 0.424865 5.444429 0.742240
v -1.007479 5.515494 0.715061
v -0.971572 5.444429 0.742240
v 0.492625 5.583817 0.689291
v -1.039331 5.583817 0.689291
v 0.377752 5.621962 0.715547
v 0.362409 5.748838 0.685487
v 0.369141 5.846019 0.731897
v 0.403791 5.981539 0.772003
v 0.388909 6.049016 0.702943
v 0.351098 6.112190 0.615812
v -0.924458 5.621962 0.715547
v -0.909115 5.748838 0.685487
v -0.915847 5.846019 0.731897
v -0.950498 5.981539 0.772003
v -0.935616 6.049016 0.702943
v -0.897805 6.112190 0.615812
v 0.420671 5.552829 0.720468
v 0.365678 5.483443 0.742956
v -0.967377 5.552829 0.720468
v -0.912385 5.483443 0.742956
v 0.457596 5.628611 0.699428
v -1.004302 5.628611 0.699428
v -0.849362 5.396231 0.683799
v -0.768205 5.291295 0.713890
v -0.670880 5.233860 0.852464
v -0.607496 5.232334 0.964578
v -0.568047 5.240211 1.077447
v -0.493515 5.297679 1.146148
v -0.422723 5.290164 1.177298
v -0.331625 5.236596 1.211235
v -0.273353 5.217064 1.213993
v -0.215081 5.236596 1.211235
v -0.123983 5.290164 1.177298
v -0.053191 5.297679 1.146148
v 0.021341 5.240211 1.077447
v 0.060789 5.232334 0.964578
v 0.124174 5.233860 0.852464
v 0.221498 5.291295 0.713890
v 0.302656 5.396231 0.683799
v -1.602445 5.638487 0.358218
v -1.552071 5.586029 0.407947
v 1.005365 5.586029 0.407947
v 1.055739 5.638487 0.358218
v -1.503837 5.530681 0.448457
v 0.957131 5.530681 0.448457
v -1.431308 5.451670 0.484497
v 0.884601 5.451670 0.484497
v -1.356339 5.387498 0.535688
v 0.809632 5.387498 0.535688
v -1.289986 5.336181 0.580876
v 0.743280 5.336181 0.580876
v -1.187272 5.324032 0.633735
v 0.640566 5.324032 0.633735
v -1.096486 5.324540 0.672138
v 0.549780 5.324540 0.672138
v -1.017531 5.349052 0.692277
v 0.470825 5.349052 0.692277
v -0.941749 5.383593 0.707470
v 0.395043 5.383593 0.707470
v -0.898205 5.420874 0.717590
v 0.351499 5.420874 0.717590
v 0.423726 5.283978 0.620543
v -0.970433 5.283978 0.620543
v 0.525042 5.257236 0.616369
v -1.071748 5.257236 0.616369
v 0.629511 5.250824 0.593728
v -1.176217 5.250824 0.593728
v 0.778199 5.205737 0.548474
v -1.324905 5.205737 0.548474
v 0.835802 5.297387 0.485918
v -1.382508 5.297387 0.485918
v 0.940522 5.309969 0.432495
v -1.487229 5.309969 0.432495
v 0.948385 5.436659 0.380723
v -1.495091 5.436659 0.380723
v 1.024570 5.494743 0.389924
v -1.571277 5.494743 0.389924
v 1.012263 5.569727 0.282659
v -1.558969 5.569727 0.282659
v -1.645508 5.703049 0.313112
v 1.098801 5.703049 0.313112
v 1.048454 5.627598 0.234142
v -1.595160 5.627598 0.234142
v -1.667012 5.731691 0.257446
v 1.120306 5.731691 0.257446
v 1.063513 5.686178 0.181958
v -1.610219 5.686178 0.181958
v -1.577863 5.820807 0.169215
v 1.031157 5.820807 0.169215
v 0.990981 5.780726 0.092155
v -1.537688 5.780726 0.092155
v 0.983824 5.664323 0.046791
v 0.957385 5.779228 -0.018191
v -1.530530 5.664323 0.046791
v -1.504092 5.779228 -0.018191
v 0.977986 5.538598 0.141700
v -1.524692 5.538598 0.141700
v 0.955041 5.465163 0.188905
v -1.501747 5.465163 0.188905
v 0.922712 5.388573 0.252021
v -1.469418 5.388573 0.252021
v 0.890476 5.329627 0.294510
v -1.437183 5.329627 0.294510
v 0.848305 5.266516 0.346658
v -1.395011 5.266516 0.346658
v 0.798461 5.223320 0.413234
v -1.345167 5.223320 0.413234
v 0.711256 5.196682 0.474231
v -1.257963 5.196682 0.474231
v 0.615606 5.195086 0.520219
v -1.162313 5.195086 0.520219
v 0.457090 5.183766 0.529223
v -1.003796 5.183766 0.529223
v 0.369395 5.163249 0.588826
v -0.916101 5.163249 0.588826
v -0.133313 5.179246 1.216280
v -0.044913 5.144503 1.181076
v -0.012548 5.134928 1.113376
v 0.034642 5.107684 0.992402
v 0.115226 5.077801 0.883615
v 0.205948 5.076795 0.789783
v 0.319208 5.111789 0.669140
v -0.413393 5.179246 1.216280
v -0.501793 5.144503 1.181076
v -0.534159 5.134928 1.113376
v -0.581349 5.107684 0.992402
v -0.661932 5.077801 0.883615
v -0.752654 5.076795 0.789783
v -0.865914 5.111789 0.669140
v 0.916617 5.601094 -0.131907
v 0.888990 5.781151 -0.165861
v -1.463323 5.601094 -0.131907
v -1.435696 5.781151 -0.165861
v 0.917452 5.462794 -0.039594
v -1.464158 5.462794 -0.039594
v 0.887336 5.355457 0.039509
v -1.434042 5.355457 0.039509
v 0.842845 5.258342 0.122781
v -1.389551 5.258342 0.122781
v 0.801303 5.190827 0.182861
v -1.348009 5.190827 0.182861
v 0.760847 5.143868 0.251596
v -1.307553 5.143868 0.251596
v 0.718768 5.117239 0.323211
v -1.265475 5.117239 0.323211
v 0.637996 5.084216 0.391323
v -1.184702 5.084216 0.391323
v 0.557419 5.068148 0.437920
v -1.104125 5.068148 0.437920
v 0.470554 5.039210 0.518151
v -1.017260 5.039210 0.518151
v 0.392582 5.002172 0.619298
v -0.939288 5.002172 0.619298
v 0.808522 5.588653 -0.295319
v 0.743100 5.749386 -0.331984
v -1.355229 5.588653 -0.295319
v -1.289806 5.749386 -0.331984
v 0.832962 5.441524 -0.223348
v -1.379668 5.441524 -0.223348
v 0.831697 5.311135 -0.150185
v -1.378404 5.311135 -0.150185
v 0.823796 5.191194 -0.054730
v -1.370502 5.191194 -0.054730
v 0.801757 5.105570 0.025726
v -1.348463 5.105570 0.025726
v 0.763135 5.039071 0.101518
v -1.309841 5.039071 0.101518
v 0.712368 4.987337 0.192439
v -1.259074 4.987337 0.192439
v 0.649608 4.942337 0.302179
v -1.196314 4.942337 0.302179
v 0.573131 4.907208 0.407588
v -1.119837 4.907208 0.407588
v 0.484990 4.872396 0.519886
v -1.031696 4.872396 0.519886
v 0.380807 4.813344 0.635386
v -0.927514 4.813344 0.635386
v -0.012950 4.327094 0.735521
v -0.273353 4.270178 0.765885
v -0.533756 4.327094 0.735521
v -0.009062 4.082591 0.549432
v -0.273353 4.046635 0.572601
v -0.537644 4.082591 0.549432
v -0.002473 3.842311 0.275964
v -0.273353 3.794708 0.285438
v -0.544233 3.842311 0.275964
v 0.016211 3.667561 -0.068465
v -0.273353 3.581499 -0.068602
v -0.562917 3.667561 -0.068465
v 0.009059 3.530035 -0.646504
v -0.273353 3.424725 -0.619555
v -0.555765 3.530035 -0.646504
v 0.024586 3.479209 -1.013136
v -0.273353 3.333889 -0.982546
v -0.571293 3.479209 -1.013136
v 0.011497 3.532595 -1.466422
v -0.273353 3.389383 -1.508168
v -0.558204 3.532595 -1.466422
v -0.006517 3.635983 -1.932620
v -0.273353 3.550067 -1.970978
v -0.540189 3.635983 -1.932620
v -0.050357 3.789182 -2.390519
v -0.273353 3.758496 -2.414593
v -0.496349 3.789182 -2.390519
v -0.115050 3.877994 -2.829382
v -0.273353 3.839895 -2.906680
v -0.431656 3.877994 -2.829382
v -0.189686 3.791043 -3.194527
v -0.273353 3.729097 -3.246008
v -0.357020 3.791043 -3.194527
v 0.229054 4.444491 0.657419
v -0.775760 4.444491 0.657419
v 0.243486 4.177051 0.478162
v -0.790192 4.177051 0.478162
v 0.256141 3.941904 0.204427
v -0.802848 3.941904 0.204427
v 0.256436 3.796839 -0.105394
v -0.803142 3.796839 -0.105394
v 0.259255 3.659310 -0.635277
v -0.805961 3.659310 -0.635277
v 0.258747 3.633456 -1.012913
v -0.805453 3.633456 -1.012913
v 0.235244 3.695929 -1.430277
v -0.781951 3.695929 -1.430277
v 0.210811 3.788276 -1.915965
v -0.757517 3.788276 -1.915965
v 0.160087 3.874920 -2.371165
v -0.706794 3.874920 -2.371165
v 0.067942 3.957922 -2.819371
v -0.614648 3.957922 -2.819371
v -0.084323 3.880565 -3.186291
v -0.462383 3.880565 -3.186291
v 0.192701 4.020768 -2.783499
v 0.066337 3.981288 -3.157542
v -0.739407 4.020768 -2.783499
v -0.613044 3.981288 -3.157542
v 0.299730 3.991437 -2.356234
v -0.846437 3.991437 -2.356234
v 0.420131 3.957362 -1.885750
v -0.966837 3.957362 -1.885750
v 0.469665 3.815697 -1.366967
v -1.016372 3.815697 -1.366967
v 0.498533 3.750766 -1.014768
v -1.045239 3.750766 -1.014768
v 0.488330 3.784914 -0.648717
v -1.035036 3.784914 -0.648717
v 0.474099 3.911797 -0.199339
v -1.020806 3.911797 -0.199339
v 0.467500 4.061449 0.090551
v -1.014206 4.061449 0.090551
v 0.447326 4.283501 0.349288
v -0.994032 4.283501 0.349288
v 0.414347 4.541021 0.529169
v -0.961053 4.541021 0.529169
v 0.738527 5.588321 -0.540516
v 0.618789 5.742931 -0.569704
v -1.285233 5.588321 -0.540516
v -1.165495 5.742931 -0.569704
v 0.821483 5.421387 -0.476120
v -1.368189 5.421387 -0.476120
v 0.857076 5.255552 -0.387119
v -1.403782 5.255552 -0.387119
v 0.857551 5.123308 -0.303887
v -1.404258 5.123308 -0.303887
v 0.842542 5.014655 -0.215603
v -1.389248 5.014655 -0.215603
v 0.808691 4.914968 -0.107844
v -1.355397 4.914968 -0.107844
v 0.762801 4.834574 -0.004220
v -1.309507 4.834574 -0.004220
v 0.699561 4.761234 0.118949
v -1.246267 4.761234 0.118949
v 0.625196 4.694589 0.248877
v -1.171902 4.694589 0.248877
v 0.533211 4.629303 0.392744
v -1.079917 4.629303 0.392744
v 0.696786 5.606807 -0.855278
v 0.572261 5.817699 -0.872483
v -1.243492 5.606807 -0.855278
v -1.118967 5.817699 -0.872483
v 0.785856 5.401230 -0.800931
v -1.332562 5.401230 -0.800931
v 0.844723 5.220644 -0.715664
v -1.391429 5.220644 -0.715664
v 0.868967 5.067826 -0.613634
v -1.415673 5.067826 -0.613634
v 0.874713 4.927797 -0.502140
v -1.421420 4.927797 -0.502140
v 0.863983 4.788162 -0.371764
v -1.410689 4.788162 -0.371764
v 0.831769 4.678969 -0.251370
v -1.378475 4.678969 -0.251370
v 0.772831 4.580379 -0.119055
v -1.319537 4.580379 -0.119055
v 0.692060 4.484041 0.032205
v -1.238766 4.484041 0.032205
v 0.587323 4.386971 0.190555
v -1.134030 4.386971 0.190555
v 0.677932 5.608825 -1.223326
v 0.536500 5.833127 -1.232708
v -1.224638 5.608825 -1.223326
v -1.083206 5.833127 -1.232708
v 0.769940 5.372108 -1.176562
v -1.316646 5.372108 -1.176562
v 0.841238 5.189171 -1.063982
v -1.387944 5.189171 -1.063982
v 0.889806 5.022472 -0.942789
v -1.436513 5.022472 -0.942789
v 0.909392 4.853241 -0.821099
v -1.456099 4.853241 -0.821099
v 0.923465 4.705090 -0.685540
v -1.470171 4.705090 -0.685540
v 0.923476 4.561056 -0.538435
v -1.470183 4.561056 -0.538435
v 0.867320 4.427261 -0.375592
v -1.414027 4.427261 -0.375592
v 0.763313 4.298850 -0.220147
v -1.310020 4.298850 -0.220147
v 0.635228 4.179067 -0.058560
v -1.181934 4.179067 -0.058560
v 0.625626 5.576405 -1.531296
v 0.470037 5.788540 -1.566449
v -1.172332 5.576405 -1.531296
v -1.016743 5.788540 -1.566449
v 0.731057 5.349886 -1.488322
v -1.277764 5.349886 -1.488322
v 0.809875 5.156146 -1.380217
v -1.356581 5.156146 -1.380217
v 0.870778 4.971551 -1.270163
v -1.417484 4.971551 -1.270163
v 0.915132 4.788563 -1.156571
v -1.461838 4.788563 -1.156571
v 0.937021 4.616700 -1.014075
v -1.483727 4.616700 -1.014075
v 0.939189 4.453841 -0.848836
v -1.485895 4.453841 -0.848836
v 0.917863 4.276303 -0.671199
v -1.464569 4.276303 -0.671199
v 0.792887 4.155995 -0.489796
v -1.339593 4.155995 -0.489796
v 0.650846 4.034313 -0.328654
v -1.197552 4.034313 -0.328654
v 0.465100 5.444960 -2.060233
v 0.317168 5.619407 -2.055811
v -1.011806 5.444960 -2.060233
v -0.863874 5.619407 -2.055811
v 0.577147 5.244040 -2.035384
v -1.123853 5.244040 -2.035384
v 0.673505 5.059406 -1.930464
v -1.220211 5.059406 -1.930464
v 0.722033 4.865067 -1.842457
v -1.268739 4.865067 -1.842457
v 0.735309 4.674777 -1.745234
v -1.282015 4.674777 -1.745234
v 0.772306 4.504302 -1.589221
v -1.319012 4.504302 -1.589221
v 0.816305 4.326064 -1.448843
v -1.363011 4.326064 -1.448843
v 0.861506 3.962868 -0.844738
v -1.408212 3.962868 -0.844738
v 0.699541 3.866070 -0.735154
v -1.246247 3.866070 -0.735154
v 0.531694 5.985049 -0.280601
v 0.335476 6.014690 -0.469566
v -1.078400 5.985049 -0.280601
v -0.882182 6.014690 -0.469566
v 0.395614 6.104210 -0.198355
v 0.203253 6.115503 -0.322457
v -0.942321 6.104210 -0.198355
v -0.749959 6.115503 -0.322457
v 0.230820 6.214828 -0.035974
v 0.079469 6.175326 -0.117827
v -0.777526 6.214828 -0.035974
v -0.626176 6.175326 -0.117827
v 0.158065 6.193518 0.113842
v 0.046186 6.148424 0.047508
v -0.704771 6.193518 0.113842
v -0.592892 6.148424 0.047508
v 0.114309 6.124138 0.292369
v 0.004265 6.090943 0.230782
v -0.661015 6.124138 0.292369
v -0.550971 6.090943 0.230782
v 0.700928 6.026341 -0.167178
v -1.247634 6.026341 -0.167178
v 0.548318 6.133941 -0.110068
v -1.095025 6.133941 -0.110068
v 0.405632 6.248672 0.045486
v -0.952338 6.248672 0.045486
v 0.286622 6.261185 0.230675
v -0.833329 6.261185 0.230675
v 0.240498 6.207575 0.372852
v -0.787204 6.207575 0.372852
v 0.839859 6.011835 -0.038692
v -1.386566 6.011835 -0.038692
v 0.685585 6.140862 -0.013636
v -1.232291 6.140862 -0.013636
v 0.548058 6.244898 0.131308
v -1.094764 6.244898 0.131308
v 0.435765 6.272683 0.300965
v -0.982471 6.272683 0.300965
v 0.366202 6.231402 0.445772
v -0.912908 6.231402 0.445772
v 0.908665 5.993029 0.110069
v -1.455371 5.993029 0.110069
v 0.786191 6.136859 0.131011
v -1.332897 6.136859 0.131011
v 0.684523 6.211870 0.217994
v -1.231229 6.211870 0.217994
v 0.558522 6.253437 0.351339
v -1.105228 6.253437 0.351339
v 0.490388 6.222195 0.497488
v -1.037095 6.222195 0.497488
v 0.565124 6.216448 0.489767
v -1.111830 6.216448 0.489767
v 0.632180 6.208421 0.449581
v -1.178886 6.208421 0.449581
v 0.699055 6.188747 0.415948
v -1.245761 6.188747 0.415948
v 0.760832 6.156084 0.398150
v -1.307539 6.156084 0.398150
v 0.803549 6.129227 0.361431
v -1.350256 6.129227 0.361431
v 0.841134 6.101599 0.308248
v -1.387840 6.101599 0.308248
v 0.901460 6.033974 0.227067
v -1.448166 6.033974 0.227067
v 0.891734 6.035779 0.165707
v -1.438440 6.035779 0.165707
v 0.936020 5.962503 0.157996
v -1.482726 5.962503 0.157996
v 0.968991 5.882347 0.139703
v -1.515698 5.882347 0.139703
v 0.481506 5.897156 -0.554840
v 0.645992 5.873302 -0.326254
v 0.812329 5.919158 -0.179265
v 0.908574 5.906723 -0.034233
v 0.963859 5.880877 0.112267
v -1.028212 5.897156 -0.554840
v -1.192698 5.873302 -0.326254
v -1.359035 5.919158 -0.179265
v -1.455280 5.906723 -0.034233
v -1.510565 5.880877 0.112267
v -0.273353 6.132043 0.119654
v -0.273353 6.226537 -0.027181
v -0.273353 6.360749 -0.182291
v 0.571533 4.257516 -1.977444
v 0.485913 4.272758 -2.407391
v -1.118239 4.257516 -1.977444
v -1.032620 4.272758 -2.407391
v 0.439794 4.239826 -2.821839
v -0.986500 4.239826 -2.821839
v 0.345867 4.174766 -3.168974
v -0.892574 4.174766 -3.168974
v 0.614108 4.439750 -2.133967
v 0.539764 4.420862 -2.489964
v -1.160814 4.439750 -2.133967
v -1.086470 4.420862 -2.489964
v 0.492464 4.388065 -2.868470
v -1.039171 4.388065 -2.868470
v 0.411115 4.342332 -3.210581
v -0.957821 4.342332 -3.210581
v 0.636358 4.614389 -2.238970
v 0.549362 4.586192 -2.560927
v -1.183064 4.614389 -2.238970
v -1.096068 4.586192 -2.560927
v 0.461811 4.552339 -2.916956
v -1.008517 4.552339 -2.916956
v 0.349508 4.497539 -3.236609
v -0.896215 4.497539 -3.236609
v 0.604128 4.792686 -2.322773
v 0.499552 4.743021 -2.623734
v -1.150834 4.792686 -2.322773
v -1.046258 4.743021 -2.623734
v 0.380187 4.683995 -2.950522
v -0.926893 4.683995 -2.950522
v 0.246228 4.609182 -3.269146
v -0.792934 4.609182 -3.269146
v 0.537626 4.969585 -2.367522
v 0.420524 4.892425 -2.650776
v -1.084332 4.969585 -2.367522
v -0.967230 4.892425 -2.650776
v 0.281170 4.796548 -2.964156
v -0.827876 4.796548 -2.964156
v 0.162765 4.705727 -3.239674
v -0.709471 4.705727 -3.239674
v 0.501412 4.104980 -1.915576
v 0.402134 4.135236 -2.376002
v 0.321682 4.111230 -2.788170
v 0.212568 4.069375 -3.145182
v -1.048119 4.104980 -1.915576
v -0.948840 4.135236 -2.376002
v -0.868388 4.111230 -2.788170
v -0.759274 4.069375 -3.145182
v 0.364412 5.356656 -2.319275
v 0.211823 5.507607 -2.314452
v -0.911119 5.356656 -2.319275
v -0.758529 5.507607 -2.314452
v 0.462812 5.156801 -2.355349
v -1.009519 5.156801 -2.355349
v 0.328322 5.039368 -2.654665
v -0.875028 5.039368 -2.654665
v 0.178131 4.895891 -2.962189
v -0.724837 4.895891 -2.962189
v 0.074638 4.787479 -3.220606
v -0.621344 4.787479 -3.220606
v 0.220352 5.180505 -2.647521
v 0.100101 5.286825 -2.642638
v -0.767059 5.180505 -2.647521
v -0.646807 5.286825 -2.642638
v 0.069703 4.980106 -2.962832
v -0.024873 5.056533 -2.953440
v -0.616410 4.980106 -2.962832
v -0.521833 5.056533 -2.953440
v -0.019650 4.852774 -3.230113
v -0.105996 4.904749 -3.252604
v -0.527056 4.852774 -3.230113
v -0.440711 4.904749 -3.252604
v 0.413018 5.980818 -0.843776
v -0.959724 5.980818 -0.843776
v 0.235685 6.084334 -0.767968
v 0.004517 6.242239 -0.618236
v -0.782391 6.084334 -0.767968
v -0.551223 6.242239 -0.618236
v -0.134065 6.382968 -0.347276
v -0.412641 6.382968 -0.347276
v 0.373180 5.989990 -1.222739
v -0.919886 5.989990 -1.222739
v 0.139833 6.106872 -1.199131
v -0.061464 6.227871 -1.120850
v -0.686539 6.106872 -1.199131
v -0.485243 6.227871 -1.120850
v 0.306168 5.915447 -1.574019
v -0.852875 5.915447 -1.574019
v 0.124184 5.988140 -1.573609
v -0.059027 6.102346 -1.537537
v -0.670890 5.988140 -1.573609
v -0.487680 6.102346 -1.537537
v 0.177263 5.731672 -2.035601
v -0.723969 5.731672 -2.035601
v 0.038572 5.815785 -2.027831
v -0.106754 5.876749 -2.026434
v -0.585278 5.815785 -2.027831
v -0.439952 5.876749 -2.026434
v 0.087605 5.591667 -2.300646
v -0.634311 5.591667 -2.300646
v -0.027119 5.651073 -2.301020
v -0.129918 5.693933 -2.311898
v -0.519587 5.651073 -2.301020
v -0.416788 5.693933 -2.311898
v -0.010269 5.366177 -2.631037
v -0.536437 5.366177 -2.631037
v -0.104648 5.426499 -2.625391
v -0.158985 5.493479 -2.622956
v -0.442058 5.426499 -2.625391
v -0.387721 5.493479 -2.622956
v -0.107021 5.125661 -2.936694
v -0.439685 5.125661 -2.936694
v -0.194078 5.184022 -2.931660
v -0.352628 5.184022 -2.931660
v -0.177615 4.949279 -3.257689
v -0.369091 4.949279 -3.257689
v -0.235072 4.982380 -3.238560
v -0.311634 4.982380 -3.238560
v -0.166629 6.329111 -1.117833
v -0.380078 6.329111 -1.117833
v -0.151887 6.209937 -1.531744
v -0.394820 6.209937 -1.531744
v -0.189218 5.949383 -2.060635
v -0.357488 5.949383 -2.060635
v -0.199837 5.750614 -2.345303
v -0.346870 5.750614 -2.345303
v -0.175343 5.551619 -2.642418
v -0.371364 5.551619 -2.642418
v -0.217388 5.262861 -2.905783
v -0.329319 5.262861 -2.905783
v -0.357299 6.064959 -1.850491
v -0.454364 5.960385 -1.808627
v -0.618101 5.889043 -1.818419
v -0.779161 5.813306 -1.827593
v -0.941877 5.699093 -1.825511
v -1.096352 5.516178 -1.807730
v -1.208052 5.303532 -1.766255
v -1.291045 5.107290 -1.673102
v -1.342280 4.913986 -1.571631
v -1.381401 4.723158 -1.468714
v -1.430141 4.549323 -1.319703
v -1.443305 4.367452 -1.152745
v -1.404890 4.177766 -0.982750
v -1.348158 4.053313 -0.725183
v -1.210673 3.934219 -0.563326
v -1.020731 3.831445 -0.462988
v -0.803265 3.710113 -0.386954
v -0.558952 3.575282 -0.379052
v -0.273353 3.463083 -0.417439
v 0.012246 3.575282 -0.379052
v 0.256558 3.710113 -0.386954
v 0.474025 3.831445 -0.462988
v 0.663967 3.934219 -0.563326
v 0.801452 4.053313 -0.725183
v 0.858184 4.177766 -0.982750
v 0.896598 4.367452 -1.152745
v 0.883435 4.549323 -1.319703
v 0.834695 4.723158 -1.468714
v 0.795573 4.913986 -1.571631
v 0.744338 5.107290 -1.673102
v 0.661346 5.303532 -1.766255
v 0.549646 5.516178 -1.807730
v 0.395170 5.699093 -1.825511
v 0.232455 5.813306 -1.827593
v 0.071395 5.889043 -1.818419
v -0.092342 5.960385 -1.808627
v -0.189407 6.064959 -1.850491
v -0.188602 5.368575 -2.880229
v -0.358104 5.368575 -2.880229
v -0.168389 6.311700 -1.543355
v -0.179832 6.177546 -1.893084
v -0.378317 6.311700 -1.543355
v -0.366874 6.177546 -1.893084
v -0.180823 6.436084 -1.092682
v -0.365883 6.436084 -1.092682
v -0.214563 6.548642 -0.473949
v -0.332143 6.548642 -0.473949
v -0.191803 6.416041 -1.565608
v -0.194754 6.249718 -1.952622
v -0.354903 6.416041 -1.565608
v -0.351952 6.249718 -1.952622
v -0.193387 6.554253 -1.089585
v -0.353319 6.554253 -1.089585
v -0.215127 6.710579 -0.547939
v -0.331579 6.710579 -0.547939
v -0.273353 6.509963 -0.303000
v -0.273353 6.703873 -0.409287
v -0.273353 6.820114 -0.489645
v -0.216578 6.859435 -0.685905
v -0.273353 6.953187 -0.597888
v -0.330128 6.859435 -0.685905
v -0.220354 6.970134 -0.785072
v -0.273353 7.070764 -0.720517
v -0.326352 6.970134 -0.785072
v -0.224670 7.044794 -0.856977
v -0.273353 7.144349 -0.857145
v -0.322036 7.044794 -0.856977
v -0.206191 6.671295 -1.107171
v -0.340515 6.671295 -1.107171
v -0.214648 6.783587 -1.148650
v -0.332058 6.783587 -1.148650
v -0.206743 6.507427 -1.574908
v -0.339963 6.507427 -1.574908
v -0.224843 7.084221 -1.005967
v -0.273353 7.161672 -1.006426
v -0.321863 7.084221 -1.005967
v -0.225929 6.949356 -1.232985
v -0.273353 7.056682 -1.244408
v -0.320777 6.949356 -1.232985
v -0.233250 6.713724 -1.609238
v -0.273353 6.762169 -1.613965
v -0.313456 6.713724 -1.609238
v -0.225011 6.556436 -1.883746
v -0.273353 6.583446 -1.904807
v -0.321695 6.556436 -1.883746
v -0.212505 6.329595 -1.981595
v -0.334201 6.329595 -1.981595
v -0.216745 6.591610 -1.580153
v -0.329961 6.591610 -1.580153
v -0.219881 6.869198 -1.178069
v -0.326825 6.869198 -1.178069
v -0.223923 6.660777 -1.595036
v -0.322783 6.660777 -1.595036
v -0.215961 6.398322 -1.971283
v -0.330746 6.398322 -1.971283
v -0.218927 6.483570 -1.933037
v -0.327779 6.483570 -1.933037
v -0.273353 6.451852 -1.979578
v -0.273353 6.375651 -1.995884
v -0.273353 6.305825 -1.997870
v -0.273353 6.222324 -1.977625
v -0.273353 6.154638 -1.943358
v -0.273353 6.032692 -1.931427
v -0.273353 6.027215 -2.014151
v -0.189719 5.993285 -2.122107
v -0.273353 6.057691 -2.066641
v -0.356987 5.993285 -2.122107
v -0.195003 6.055857 -2.184947
v -0.273353 6.119102 -2.135504
v -0.351704 6.055857 -2.184947
v -0.214898 6.089494 -2.264983
v -0.273353 6.162220 -2.201523
v -0.331809 6.089494 -2.264983
v -0.239606 6.123470 -2.344170
v -0.273353 6.205518 -2.305794
v -0.307100 6.123470 -2.344170
v -0.252171 6.148357 -2.432772
v -0.273353 6.220562 -2.425696
v -0.294535 6.148357 -2.432772
v -0.257445 6.155629 -2.530230
v -0.273353 6.193555 -2.554873
v -0.289262 6.155629 -2.530230
v -0.204662 5.801847 -2.397049
v -0.342045 5.801847 -2.397049
v -0.181013 5.601325 -2.677102
v -0.365693 5.601325 -2.677102
v -0.191635 5.425034 -2.909005
v -0.355071 5.425034 -2.909005
v -0.205399 5.849363 -2.447958
v -0.341307 5.849363 -2.447958
v -0.191011 5.647683 -2.717013
v -0.355695 5.647683 -2.717013
v -0.206502 5.448464 -2.970511
v -0.340204 5.448464 -2.970511
v -0.218097 5.893842 -2.499756
v -0.328610 5.893842 -2.499756
v -0.211447 5.693948 -2.753006
v -0.335260 5.693948 -2.753006
v -0.222575 5.483657 -3.013011
v -0.324131 5.483657 -3.013011
v -0.239983 5.938121 -2.547425
v -0.306724 5.938121 -2.547425
v -0.238632 5.735825 -2.784237
v -0.308075 5.735825 -2.784237
v -0.233275 5.558832 -3.008601
v -0.313432 5.558832 -3.008601
v -0.258083 5.996253 -2.582133
v -0.288623 5.996253 -2.582133
v -0.263210 5.796692 -2.812668
v -0.283496 5.796692 -2.812668
v -0.252996 5.639097 -3.017848
v -0.293711 5.639097 -3.017848
v -0.261144 6.042881 -2.645627
v -0.285563 6.042881 -2.645627
v -0.264443 5.849904 -2.854258
v -0.282264 5.849904 -2.854258
v -0.264431 5.713756 -3.011166
v -0.282275 5.713756 -3.011166
v -0.273353 6.098510 -2.686574
v -0.273353 5.896077 -2.879710
v -0.273353 5.753750 -3.035025
v -0.273353 5.641480 -3.079588
v -0.273353 5.535067 -3.106143
v -0.273353 5.447807 -3.088215
v -0.273353 5.393462 -3.047724
v -0.273353 5.347437 -3.003407
v -0.273353 5.311651 -2.969885
v -0.273353 5.241037 -2.936270
v -0.273353 5.151018 -2.975604
v -0.273353 4.988264 -3.267981
v -0.241962 4.978509 -3.407225
v -0.273353 5.003061 -3.406888
v -0.304744 4.978509 -3.407225
v -0.197434 3.662241 -3.393347
v -0.273353 3.619727 -3.380064
v -0.349272 3.662241 -3.393347
v -0.251546 5.007982 -3.516943
v -0.273353 5.051237 -3.493315
v -0.295160 5.007982 -3.516943
v -0.244077 5.057583 -3.597380
v -0.273353 5.118071 -3.565218
v -0.302629 5.057583 -3.597380
v -0.239949 5.102673 -3.662608
v -0.273353 5.162521 -3.622685
v -0.306757 5.102673 -3.662608
v -0.237186 5.135470 -3.734828
v -0.273353 5.207155 -3.697115
v -0.309521 5.135470 -3.734828
v -0.236833 5.169616 -3.807650
v -0.273353 5.242634 -3.771666
v -0.309874 5.169616 -3.807650
v -0.235642 5.199805 -3.887579
v -0.273353 5.280554 -3.852240
v -0.311065 5.199805 -3.887579
v -0.235907 5.230593 -3.971318
v -0.273353 5.306869 -3.936026
v -0.310799 5.230593 -3.971318
v -0.236548 5.251996 -4.068770
v -0.273353 5.326990 -4.030280
v -0.310158 5.251996 -4.068770
v -0.235945 5.254551 -4.183079
v -0.273353 5.338006 -4.125893
v -0.310761 5.254551 -4.183079
v -0.233563 5.233306 -4.332930
v -0.273353 5.326889 -4.310875
v -0.313144 5.233306 -4.332930
v -0.232718 5.197099 -4.482516
v -0.273353 5.280112 -4.486086
v -0.313989 5.197099 -4.482516
v -0.235374 5.161681 -4.592305
v -0.273353 5.208140 -4.635813
v -0.311332 5.161681 -4.592305
v -0.156893 3.764591 -3.421771
v -0.389814 3.764591 -3.421771
v -0.030040 3.885037 -3.412873
v -0.516666 3.885037 -3.412873
v 0.119738 3.984179 -3.419848
v -0.666444 3.984179 -3.419848
v 0.259689 4.092296 -3.444891
v 0.313673 4.289698 -3.492367
v -0.806395 4.092296 -3.444891
v -0.860379 4.289698 -3.492367
v 0.258441 4.444464 -3.487925
v -0.805147 4.444464 -3.487925
v 0.172106 4.563548 -3.498810
v -0.718812 4.563548 -3.498810
v 0.101840 4.666777 -3.466254
v -0.648546 4.666777 -3.466254
v 0.027694 4.754706 -3.437813
v -0.574401 4.754706 -3.437813
v -0.050024 4.826715 -3.433016
v -0.125848 4.884799 -3.429984
v -0.496682 4.826715 -3.433016
v -0.420858 4.884799 -3.429984
v -0.192030 4.932438 -3.419011
v -0.354676 4.932438 -3.419011
v -0.188076 3.571324 -3.502720
v -0.273353 3.528643 -3.471770
v -0.358630 3.571324 -3.502720
v -0.149421 3.675929 -3.550055
v -0.397286 3.675929 -3.550055
v -0.091646 3.820174 -3.569636
v -0.455061 3.820174 -3.569636
v 0.027966 3.927094 -3.600810
v -0.574672 3.927094 -3.600810
v 0.146070 4.047802 -3.651934
v 0.194811 4.237115 -3.680035
v -0.692777 4.047802 -3.651934
v -0.741518 4.237115 -3.680035
v 0.158965 4.394541 -3.672942
v -0.705672 4.394541 -3.672942
v 0.103842 4.524727 -3.657774
v -0.650548 4.524727 -3.657774
v 0.042759 4.635249 -3.637297
v -0.589465 4.635249 -3.637297
v -0.018965 4.731292 -3.604552
v -0.527741 4.731292 -3.604552
v -0.089727 4.807332 -3.582053
v -0.160528 4.867600 -3.562525
v -0.456979 4.807332 -3.582053
v -0.386178 4.867600 -3.562525
v -0.225674 4.932472 -3.537585
v -0.321033 4.932472 -3.537585
v -0.231866 4.969065 -3.633067
v -0.314840 4.969065 -3.633067
v -0.224320 5.005589 -3.701491
v -0.322387 5.005589 -3.701491
v -0.219239 5.040593 -3.772086
v -0.327467 5.040593 -3.772086
v -0.219944 5.075546 -3.845358
v -0.326762 5.075546 -3.845358
v -0.222675 5.105330 -3.924904
v -0.324032 5.105330 -3.924904
v -0.225824 5.133090 -4.011862
v -0.320883 5.133090 -4.011862
v -0.228945 5.155474 -4.110308
v -0.317761 5.155474 -4.110308
v -0.228956 5.147891 -4.238352
v -0.317750 5.147891 -4.238352
v -0.227248 5.130934 -4.379475
v -0.319458 5.130934 -4.379475
v -0.226061 5.102988 -4.522608
v -0.320646 5.102988 -4.522608
v -0.229359 5.084432 -4.644196
v -0.317347 5.084432 -4.644196
v -0.200323 4.869589 -3.658701
v -0.346383 4.869589 -3.658701
v -0.214931 4.901009 -3.735747
v -0.331775 4.901009 -3.735747
v -0.211052 4.932288 -3.807177
v -0.335654 4.932288 -3.807177
v -0.208323 4.964056 -3.880972
v -0.338383 4.964056 -3.880972
v -0.211457 4.992848 -3.961550
v -0.335249 4.992848 -3.961550
v -0.216712 5.021434 -4.050557
v -0.329994 5.021434 -4.050557
v -0.219904 5.039575 -4.157229
v -0.326803 5.039575 -4.157229
v -0.219170 5.038926 -4.288191
v -0.327536 5.038926 -4.288191
v -0.217055 5.030449 -4.428393
v -0.329652 5.030449 -4.428393
v -0.216066 5.000182 -4.573752
v -0.330640 5.000182 -4.573752
v -0.218815 4.975945 -4.711312
v -0.327891 4.975945 -4.711312
v -0.137935 4.792633 -3.689257
v -0.408771 4.792633 -3.689257
v -0.182980 4.794608 -3.760491
v -0.363726 4.794608 -3.760491
v -0.204498 4.821275 -3.835989
v -0.342209 4.821275 -3.835989
v -0.201367 4.849496 -3.909461
v -0.345340 4.849496 -3.909461
v -0.199410 4.877358 -3.991110
v -0.347296 4.877358 -3.991110
v -0.203988 4.903551 -4.083670
v -0.342719 4.903551 -4.083670
v -0.207301 4.917923 -4.198988
v -0.339405 4.917923 -4.198988
v -0.207055 4.924154 -4.332762
v -0.339651 4.924154 -4.332762
v -0.204603 4.916188 -4.476080
v -0.342103 4.916188 -4.476080
v -0.204599 4.890347 -4.618216
v -0.342108 4.890347 -4.618216
v -0.209398 4.870631 -4.761460
v -0.337309 4.870631 -4.761460
v -0.073501 4.711932 -3.721220
v -0.473205 4.711932 -3.721220
v -0.127928 4.702184 -3.794611
v -0.418778 4.702184 -3.794611
v -0.176116 4.704931 -3.856158
v -0.370591 4.704931 -3.856158
v -0.193378 4.730596 -3.934424
v -0.353328 4.730596 -3.934424
v -0.187888 4.756871 -4.014822
v -0.358818 4.756871 -4.014822
v -0.187925 4.780569 -4.110455
v -0.358782 4.780569 -4.110455
v -0.191412 4.792290 -4.231270
v -0.355294 4.792290 -4.231270
v -0.192408 4.795609 -4.367716
v -0.354298 4.795609 -4.367716
v -0.193043 4.789307 -4.511199
v -0.353663 4.789307 -4.511199
v -0.195291 4.770623 -4.653843
v -0.351415 4.770623 -4.653843
v -0.202342 4.752591 -4.796296
v -0.344364 4.752591 -4.796296
v -0.013844 4.613865 -3.749133
v -0.532862 4.613865 -3.749133
v -0.075367 4.599624 -3.829443
v -0.471340 4.599624 -3.829443
v -0.130158 4.596251 -3.887862
v -0.416548 4.596251 -3.887862
v -0.170586 4.605068 -3.954381
v -0.376120 4.605068 -3.954381
v -0.174861 4.630525 -4.035410
v -0.371845 4.630525 -4.035410
v -0.170813 4.654687 -4.128310
v -0.375893 4.654687 -4.128310
v -0.174620 4.664371 -4.253514
v -0.372087 4.664371 -4.253514
v -0.180037 4.666553 -4.393822
v -0.366669 4.666553 -4.393822
v -0.185044 4.659893 -4.538550
v -0.361663 4.659893 -4.538550
v -0.189214 4.640199 -4.680464
v -0.357493 4.640199 -4.680464
v -0.198462 4.616921 -4.822306
v -0.348244 4.616921 -4.822306
v 0.036274 4.496484 -3.774798
v -0.582980 4.496484 -3.774798
v -0.027560 4.479599 -3.859492
v -0.519146 4.479599 -3.859492
v -0.085402 4.472740 -3.921751
v -0.461304 4.472740 -3.921751
v -0.134046 4.475287 -3.978011
v -0.412660 4.475287 -3.978011
v -0.156733 4.494400 -4.053553
v -0.389974 4.494400 -4.053553
v -0.156038 4.521535 -4.139479
v -0.390669 4.521535 -4.139479
v -0.161205 4.531026 -4.269009
v -0.385501 4.531026 -4.269009
v -0.172378 4.531833 -4.413252
v -0.374328 4.531833 -4.413252
v -0.180405 4.525237 -4.558001
v -0.366301 4.525237 -4.558001
v -0.186191 4.502917 -4.697741
v -0.360516 4.502917 -4.697741
v -0.196779 4.475178 -4.833813
v -0.349927 4.475178 -4.833813
v 0.075669 4.359364 -3.796683
v -0.622375 4.359364 -3.796683
v 0.006724 4.338179 -3.886195
v -0.553430 4.338179 -3.886195
v -0.053433 4.329505 -3.951201
v -0.493273 4.329505 -3.951201
v -0.104532 4.328115 -4.006110
v -0.442174 4.328115 -4.006110
v -0.138507 4.344106 -4.069146
v -0.408199 4.344106 -4.069146
v -0.146071 4.368137 -4.157526
v -0.400636 4.368137 -4.157526
v -0.154783 4.380062 -4.284317
v -0.391923 4.380062 -4.284317
v -0.168664 4.386299 -4.425032
v -0.378042 4.386299 -4.425032
v -0.177742 4.388671 -4.570044
v -0.368964 4.388671 -4.570044
v -0.184607 4.364994 -4.706297
v -0.362099 4.364994 -4.706297
v -0.196037 4.330267 -4.839261
v -0.350669 4.330267 -4.839261
v 0.092373 4.197236 -3.805382
v -0.639080 4.197236 -3.805382
v 0.008182 4.170301 -3.893025
v -0.554889 4.170301 -3.893025
v -0.058912 4.156465 -3.957076
v -0.487794 4.156465 -3.957076
v -0.110703 4.158421 -4.013766
v -0.436004 4.158421 -4.013766
v -0.144460 4.170969 -4.082617
v -0.402246 4.170969 -4.082617
v -0.149936 4.194881 -4.172184
v -0.396771 4.194881 -4.172184
v -0.157292 4.214135 -4.293505
v -0.389414 4.214135 -4.293505
v -0.168136 4.232495 -4.428444
v -0.378571 4.232495 -4.428444
v -0.175820 4.242929 -4.568091
v -0.370887 4.242929 -4.568091
v -0.183224 4.229827 -4.702412
v -0.363482 4.229827 -4.702412
v -0.193963 4.199719 -4.830792
v -0.352743 4.199719 -4.830792
v 0.034452 4.025886 -3.769677
v -0.581159 4.025886 -3.769677
v -0.049927 4.008460 -3.852038
v -0.496780 4.008460 -3.852038
v -0.116305 3.991674 -3.922324
v -0.430402 3.991674 -3.922324
v -0.156975 3.987121 -3.998478
v -0.389731 3.987121 -3.998478
v -0.163130 3.990324 -4.085394
v -0.383576 3.990324 -4.085394
v -0.163455 4.007265 -4.180396
v -0.383251 4.007265 -4.180396
v -0.168907 4.035560 -4.292662
v -0.377799 4.035560 -4.292662
v -0.173585 4.063052 -4.417479
v -0.373121 4.063052 -4.417479
v -0.176482 4.082022 -4.548106
v -0.370224 4.082022 -4.548106
v -0.182090 4.088888 -4.682047
v -0.364616 4.088888 -4.682047
v -0.191127 4.071167 -4.810872
v -0.355580 4.071167 -4.810872
v -0.058879 3.899031 -3.717749
v -0.487827 3.899031 -3.717749
v -0.128959 3.861918 -3.811930
v -0.417747 3.861918 -3.811930
v -0.149008 3.817576 -3.907652
v -0.397699 3.817576 -3.907652
v -0.156764 3.808505 -3.990450
v -0.389942 3.808505 -3.990450
v -0.163886 3.809150 -4.076861
v -0.382821 3.809150 -4.076861
v -0.171238 3.817382 -4.172438
v -0.375468 3.817382 -4.172438
v -0.176796 3.852485 -4.278861
v -0.369910 3.852485 -4.278861
v -0.179925 3.891722 -4.396040
v -0.366782 3.891722 -4.396040
v -0.180987 3.920216 -4.518069
v -0.365719 3.920216 -4.518069
v -0.183455 3.932414 -4.642058
v -0.363251 3.932414 -4.642058
v -0.189130 3.928544 -4.767592
v -0.357576 3.928544 -4.767592
v -0.133788 3.752612 -3.690924
v -0.412918 3.752612 -3.690924
v -0.141512 3.700412 -3.795672
v -0.405195 3.700412 -3.795672
v -0.153123 3.657661 -3.891356
v -0.393583 3.657661 -3.891356
v -0.161599 3.636924 -3.974238
v -0.385108 3.636924 -3.974238
v -0.168459 3.634591 -4.057652
v -0.378248 3.634591 -4.057652
v -0.175032 3.630241 -4.148810
v -0.371674 3.630241 -4.148810
v -0.179928 3.667640 -4.251616
v -0.366778 3.667640 -4.251616
v -0.183013 3.718255 -4.363392
v -0.363693 3.718255 -4.363392
v -0.184675 3.761580 -4.479420
v -0.362031 3.761580 -4.479420
v -0.186240 3.784358 -4.596062
v -0.360466 3.784358 -4.596062
v -0.189156 3.781142 -4.710846
v -0.357551 3.781142 -4.710846
v -0.149130 3.616239 -3.660431
v -0.397576 3.616239 -3.660431
v -0.156642 3.559762 -3.767767
v -0.390065 3.559762 -3.767767
v -0.163473 3.513659 -3.866995
v -0.383234 3.513659 -3.866995
v -0.167662 3.487299 -3.946566
v -0.379044 3.487299 -3.946566
v -0.171240 3.475852 -4.027867
v -0.375466 3.475852 -4.027867
v -0.175333 3.474348 -4.117491
v -0.371374 3.474348 -4.117491
v -0.179855 3.497385 -4.215071
v -0.366851 3.497385 -4.215071
v -0.183829 3.543403 -4.322176
v -0.362878 3.543403 -4.322176
v -0.186203 3.589942 -4.428854
v -0.360503 3.589942 -4.428854
v -0.187796 3.640286 -4.541050
v -0.358910 3.640286 -4.541050
v -0.190356 3.642558 -4.641009
v -0.356351 3.642558 -4.641009
v -0.179513 3.498849 -3.615674
v -0.367193 3.498849 -3.615674
v -0.178671 3.429718 -3.729453
v -0.368035 3.429718 -3.729453
v -0.180462 3.376434 -3.826437
v -0.366244 3.376434 -3.826437
v -0.182489 3.338739 -3.906075
v -0.364217 3.338739 -3.906075
v -0.183386 3.319483 -3.987244
v -0.363320 3.319483 -3.987244
v -0.183643 3.320055 -4.076914
v -0.363063 3.320055 -4.076914
v -0.185434 3.333482 -4.174792
v -0.361272 3.333482 -4.174792
v -0.186759 3.378745 -4.285754
v -0.359947 3.378745 -4.285754
v -0.189906 3.425011 -4.390801
v -0.356800 3.425011 -4.390801
v -0.190579 3.494504 -4.491677
v -0.356128 3.494504 -4.491677
v -0.193494 3.540605 -4.579220
v -0.353212 3.540605 -4.579220
v -0.273353 3.423486 -3.575366
v -0.273353 3.328483 -3.680274
v -0.273353 3.261125 -3.775115
v -0.273353 3.221517 -3.862395
v -0.273353 3.199813 -3.943728
v -0.273353 3.189420 -4.038706
v -0.273353 3.194012 -4.128594
v -0.273353 3.222870 -4.255246
v -0.273353 3.290264 -4.393050
v -0.273353 3.386512 -4.516726
v -0.273353 3.484692 -4.627606
v -0.273353 3.595930 -4.731902
v -0.273353 3.737811 -4.826081
v -0.273353 3.877781 -4.898711
v -0.273353 4.024310 -4.944632
v -0.273353 4.156412 -4.962460
v -0.273353 4.297147 -4.971631
v -0.273353 4.451794 -4.976157
v -0.273353 4.599691 -4.973320
v -0.273353 4.750957 -4.947665
v -0.273353 4.861281 -4.910910
v -0.273353 4.977992 -4.855753
v -0.273353 5.119994 -4.748808
v 0.966541 3.852934 -0.883538
v 0.831759 3.785667 -0.863024
v -1.513247 3.852934 -0.883538
v -1.378465 3.785667 -0.863024
v 1.060956 3.713030 -0.919367
v 0.941358 3.658349 -0.887496
v -1.607662 3.713030 -0.919367
v -1.488064 3.658349 -0.887496
v 1.138248 3.551166 -0.915426
v 1.019974 3.510616 -0.884140
v -1.684954 3.551166 -0.915426
v -1.566680 3.510616 -0.884140
v 1.193934 3.399192 -0.917376
v 1.085036 3.374747 -0.857809
v -1.740640 3.399192 -0.917376
v -1.631742 3.374747 -0.857809
v 1.230921 3.261129 -0.962821
v 1.145401 3.234039 -0.934433
v -1.777628 3.261129 -0.962821
v -1.692107 3.234039 -0.934433
v 1.258949 3.068543 -1.192776
v 1.198032 3.058091 -1.175606
v -1.805655 3.068543 -1.192776
v -1.744739 3.058091 -1.175606
v 1.252898 3.052920 -1.410300
v 1.161015 3.020465 -1.376772
v -1.799604 3.052920 -1.410300
v -1.707721 3.020465 -1.376772
v 1.196476 3.108827 -1.662039
v 1.080652 3.052875 -1.622164
v -1.743182 3.108827 -1.662039
v -1.627358 3.052875 -1.622164
v 1.145868 3.192858 -1.846060
v 1.028368 3.139479 -1.811953
v -1.692575 3.192858 -1.846060
v -1.575075 3.139479 -1.811953
v 1.104802 3.290452 -1.953104
v 0.995321 3.257478 -1.937800
v -1.651508 3.290452 -1.953104
v -1.542027 3.257478 -1.937800
v 1.060338 3.415064 -2.030676
v 0.964228 3.361745 -2.022728
v -1.607044 3.415064 -2.030676
v -1.510934 3.361745 -2.022728
v 1.009475 3.531336 -2.081507
v 0.915707 3.459598 -2.062766
v -1.556182 3.531336 -2.081507
v -1.462413 3.459598 -2.062766
v 0.901480 3.684542 -2.110934
v 0.830266 3.616930 -2.057868
v -1.448187 3.684542 -2.110934
v -1.376972 3.616930 -2.057868
v 0.844825 3.854181 -2.006468
v 0.742077 3.758543 -1.975283
v -1.391531 3.854181 -2.006468
v -1.288783 3.758543 -1.975283
v 0.718633 3.957582 -1.881888
v 0.650292 3.893840 -1.855313
v -1.265339 3.957582 -1.881888
v -1.196998 3.893840 -1.855313
v 0.624366 4.032501 -1.802340
v 0.547498 3.979393 -1.762812
v -1.171073 4.032501 -1.802340
v -1.094205 3.979393 -1.762812
v -1.366035 4.165913 -1.321028
v 0.819329 4.165913 -1.321028
v -1.481926 4.017003 -1.049361
v -1.482717 4.025178 -1.307747
v 0.935220 4.017003 -1.049361
v 0.936010 4.025178 -1.307747
v -1.602710 3.885919 -1.070185
v -1.619190 3.908890 -1.321105
v 1.056004 3.885919 -1.070185
v 1.072483 3.908890 -1.321105
v -1.697179 3.728999 -1.110262
v -1.709940 3.743144 -1.349812
v 1.150472 3.728999 -1.110262
v 1.163234 3.743144 -1.349812
v -1.766028 3.550365 -1.127959
v -1.769343 3.562367 -1.370505
v 1.219322 3.550365 -1.127959
v 1.222636 3.562367 -1.370505
v -1.811915 3.347627 -1.137349
v -1.813062 3.362522 -1.384398
v 1.265209 3.347627 -1.137349
v 1.266356 3.362522 -1.384398
v 0.685478 4.104964 -1.743956
v -1.232184 4.104964 -1.743956
v 0.836179 4.020692 -1.748246
v -1.382885 4.020692 -1.748246
v 0.934837 3.876657 -1.786456
v -1.481544 3.876657 -1.786456
v 1.016625 3.729107 -1.821518
v -1.563332 3.729107 -1.821518
v 1.078555 3.580029 -1.848326
v -1.625261 3.580029 -1.848326
v 1.128317 3.439524 -1.839140
v -1.675024 3.439524 -1.839140
v -1.752063 3.396644 -1.622893
v -1.713575 3.576401 -1.613352
v -1.650860 3.746258 -1.592324
v -1.557928 3.895270 -1.557101
v -1.434768 4.019451 -1.542498
v -1.309809 4.134057 -1.567692
v -1.243124 4.297217 -1.693886
v -1.223647 4.473980 -1.838988
v -1.233439 4.644717 -1.968430
v -1.219763 4.829392 -2.067870
v -1.159856 5.017936 -2.135623
v -1.078114 5.208164 -2.171988
v -0.966915 5.404825 -2.186472
v -0.817690 5.571282 -2.183815
v -0.683763 5.669495 -2.166300
v -0.556196 5.741508 -2.162413
v -0.433544 5.797593 -2.169585
v -0.361861 5.856396 -2.199955
v -0.351624 5.901452 -2.254029
v -0.345776 5.956767 -2.310912
v -0.327006 5.994996 -2.376833
v -0.304627 6.034145 -2.441226
v -0.290220 6.075366 -2.504241
v -0.287266 6.101585 -2.585551
v -0.273353 6.152532 -2.621401
v -0.259441 6.101585 -2.585551
v -0.256486 6.075366 -2.504241
v -0.242079 6.034145 -2.441226
v -0.219701 5.994996 -2.376833
v -0.200930 5.956767 -2.310912
v -0.195083 5.901452 -2.254029
v -0.184845 5.856396 -2.199955
v -0.113162 5.797593 -2.169585
v 0.009490 5.741508 -2.162413
v 0.137056 5.669495 -2.166300
v 0.270984 5.571282 -2.183815
v 0.420209 5.404825 -2.186472
v 0.531408 5.208164 -2.171988
v 0.613149 5.017936 -2.135623
v 0.673057 4.829392 -2.067870
v 0.686733 4.644717 -1.968430
v 0.676941 4.473980 -1.838988
v 0.696417 4.297217 -1.693886
v 0.763103 4.134057 -1.567692
v 0.888062 4.019451 -1.542498
v 1.011222 3.895270 -1.557101
v 1.104154 3.746258 -1.592324
v 1.166869 3.576401 -1.613352
v 1.205357 3.396644 -1.622893
v 0.695403 3.841567 -0.871531
v -1.242109 3.841567 -0.871531
v 0.638739 3.890669 -1.024653
v -1.185446 3.890669 -1.024653
v 0.566128 3.947865 -1.397433
v -1.112834 3.947865 -1.397433
v 0.889945 3.695847 -0.957272
v -1.436651 3.695847 -0.957272
v 0.849947 3.773622 -1.072777
v -1.396654 3.773622 -1.072777
v 0.735457 3.884346 -1.408217
v -1.282164 3.884346 -1.408217
v 0.984248 3.572423 -1.019488
v -1.530955 3.572423 -1.019488
v 0.973640 3.679121 -1.225367
v -1.520346 3.679121 -1.225367
v 0.861914 3.784085 -1.538174
v -1.408620 3.784085 -1.538174
v 1.057716 3.429726 -1.073370
v -1.604423 3.429726 -1.073370
v 1.044365 3.502564 -1.349385
v -1.591071 3.502564 -1.349385
v 0.965514 3.569152 -1.619408
v -1.512221 3.569152 -1.619408
v 1.124073 3.247555 -1.215847
v -1.670779 3.247555 -1.215847
v 1.075117 3.287067 -1.477828
v -1.621823 3.287067 -1.477828
v 0.996504 3.350302 -1.698710
v -1.543210 3.350302 -1.698710
v -1.469654 3.416011 -1.883337
v -1.398688 3.585642 -1.838250
v -1.300665 3.737403 -1.794222
v -1.203320 3.863907 -1.685328
v -1.098771 3.963064 -1.629473
v -0.979233 3.923790 -1.643261
v -0.747942 3.778419 -1.713135
v -0.548573 3.595679 -1.762835
v -0.273353 3.493038 -1.801245
v 0.001866 3.595679 -1.762835
v 0.201236 3.778419 -1.713135
v 0.432526 3.923790 -1.643261
v 0.552065 3.963064 -1.629473
v 0.656614 3.863907 -1.685328
v 0.753959 3.737403 -1.794222
v 0.851982 3.585642 -1.838250
v 0.922948 3.416011 -1.883337
v 0.513256 5.699834 0.764482
v -1.059962 5.699834 0.764482
v 0.600840 5.713520 0.776957
v -1.147546 5.713520 0.776957
v 0.673811 5.715274 0.745749
v -1.220517 5.715274 0.745749
v 0.740142 5.716630 0.696933
v -1.286848 5.716630 0.696933
v 0.786495 5.697551 0.642312
v -1.333202 5.697551 0.642312
v 0.807047 5.666324 0.598442
v -1.353753 5.666324 0.598442
v 0.525273 5.644903 0.743647
v -1.071979 5.644903 0.743647
v 0.595946 5.657338 0.760493
v -1.142652 5.657338 0.760493
v 0.671825 5.659692 0.732656
v -1.218531 5.659692 0.732656
v 0.730430 5.652956 0.687695
v -1.277136 5.652956 0.687695
v 0.764784 5.629951 0.642231
v -1.311490 5.629951 0.642231
v -0.239455 5.144382 1.210102
v -0.273353 5.145589 1.204466
v -0.307251 5.144382 1.210102
v -0.200480 5.156634 1.216239
v -0.346227 5.156634 1.216239
v -0.177724 5.176971 1.213713
v -0.368983 5.176971 1.213713
v -0.393298 5.195546 1.208103
v -0.153409 5.195546 1.208103
v -0.137158 5.230307 1.188749
v -0.409548 5.230307 1.188749
v -0.062074 5.214010 1.155898
v -0.484632 5.214010 1.155898
vt 0.815087 0.461497
vt 0.827479 0.452787
vt 0.829266 0.438114
vt 0.816217 0.440778
vt 0.733374 0.400615
vt 0.694442 0.393966
vt 0.698894 0.376159
vt 0.739415 0.388020
vt 0.808241 0.504275
vt 0.826580 0.492898
vt 0.828831 0.472370
vt 0.813086 0.481304
vt 0.723473 0.457544
vt 0.686680 0.464416
vt 0.687279 0.437418
vt 0.723930 0.434470
vt 0.814555 0.522494
vt 0.797283 0.536237
vt 0.734007 0.497193
vt 0.701353 0.507652
vt 0.776711 0.556730
vt 0.806602 0.535419
vt 0.759318 0.521185
vt 0.723454 0.542032
vt 0.816744 0.423248
vt 0.834272 0.426252
vt 0.839700 0.385521
vt 0.823033 0.388857
vt 0.724586 0.346396
vt 0.769272 0.354498
vt 0.825077 0.357017
vt 0.811060 0.343947
vt 0.759278 0.319862
vt 0.792043 0.341839
vt 0.805298 0.343826
vt 0.787425 0.322654
vt 0.751780 0.555679
vt 0.780454 0.533843
vt 0.808783 0.450053
vt 0.806003 0.474571
vt 0.657567 0.393482
vt 0.664091 0.369729
vt 0.797952 0.506272
vt 0.792031 0.541505
vt 0.639429 0.455009
vt 0.640319 0.497165
vt 0.784881 0.558531
vt 0.671627 0.527233
vt 0.760382 0.575230
vt 0.697947 0.559171
vt 0.810985 0.393165
vt 0.809587 0.427042
vt 0.685000 0.339846
vt 0.799958 0.329993
vt 0.740412 0.301854
vt 0.772549 0.300932
vt 0.727031 0.575274
vt 0.708922 0.594660
vt 0.749330 0.594700
vt 0.742486 0.613456
vt 0.695052 0.614624
vt 0.678016 0.577645
vt 0.663671 0.595899
vt 0.666543 0.654852
vt 0.727622 0.658166
vt 0.714697 0.678626
vt 0.651962 0.674560
vt 0.630225 0.640186
vt 0.614584 0.661944
vt 0.761132 0.678943
vt 0.784255 0.654346
vt 0.623108 0.655108
vt 0.642233 0.626442
vt 0.813591 0.693481
vt 0.820124 0.666793
vt 0.619573 0.660883
vt 0.635966 0.631462
vt 0.846873 0.684803
vt 0.830652 0.703558
vt 0.621890 0.644184
vt 0.609020 0.667704
vt 0.598902 0.668572
vt 0.614103 0.644928
vt 0.781612 0.581131
vt 0.782814 0.602650
vt 0.637455 0.567879
vt 0.647953 0.546803
vt 0.849046 0.466737
vt 0.849833 0.485550
vt 0.757281 0.432538
vt 0.753577 0.451247
vt 0.842596 0.517899
vt 0.762630 0.491843
vt 0.832910 0.535520
vt 0.794910 0.523823
vt 0.820638 0.520177
vt 0.850588 0.435913
vt 0.845037 0.449475
vt 0.770035 0.403665
vt 0.777081 0.392141
vt 0.855240 0.424357
vt 0.856064 0.391407
vt 0.797534 0.365557
vt 0.848425 0.367583
vt 0.818927 0.354025
vt 0.830931 0.355938
vt 0.855386 0.474265
vt 0.855770 0.485214
vt 0.787058 0.449113
vt 0.782469 0.458932
vt 0.853439 0.507286
vt 0.792500 0.486669
vt 0.847998 0.510034
vt 0.817816 0.499944
vt 0.839810 0.488797
vt 0.859806 0.384596
vt 0.848023 0.373333
vt 0.831443 0.371856
vt 0.866235 0.399671
vt 0.815388 0.377385
vt 0.864452 0.422447
vt 0.794254 0.393155
vt 0.861964 0.432817
vt 0.857328 0.444566
vt 0.791778 0.404242
vt 0.847675 0.406181
vt 0.841398 0.404689
vt 0.836735 0.401526
vt 0.855854 0.415829
vt 0.827062 0.403737
vt 0.857847 0.425636
vt 0.820869 0.410401
vt 0.858108 0.434734
vt 0.855974 0.446868
vt 0.815164 0.417383
vt 0.852238 0.466812
vt 0.854545 0.475761
vt 0.806038 0.449549
vt 0.807515 0.458524
vt 0.855204 0.487966
vt 0.809950 0.471859
vt 0.849730 0.484072
vt 0.830622 0.477237
vt 0.843549 0.470762
vt 0.830202 0.450539
vt 0.849601 0.457922
vt 0.840804 0.446394
vt 0.827830 0.438450
vt 0.845750 0.445443
vt 0.860596 0.713528
vt 0.847373 0.708320
vt 0.860258 0.688984
vt 0.871031 0.697162
vt 0.582701 0.669837
vt 0.594991 0.649304
vt 0.869449 0.727538
vt 0.880590 0.707822
vt 0.550173 0.680949
vt 0.568867 0.656317
vt 0.869692 0.737324
vt 0.882790 0.723259
vt 0.517392 0.688993
vt 0.533166 0.670269
vt 0.871521 0.722562
vt 0.884221 0.706576
vt 0.500549 0.666672
vt 0.519701 0.645737
vt 0.869576 0.710056
vt 0.879172 0.691428
vt 0.482779 0.647551
vt 0.492171 0.621835
vt 0.735939 0.633573
vt 0.784519 0.624863
vt 0.679946 0.634388
vt 0.648942 0.615694
vt 0.638146 0.592506
vt 0.630612 0.595443
vt 0.807005 0.633838
vt 0.865842 0.710299
vt 0.876100 0.696230
vt 0.450366 0.643474
vt 0.456824 0.622855
vt 0.858658 0.709774
vt 0.870112 0.692015
vt 0.405357 0.637118
vt 0.416902 0.611416
vt 0.839830 0.688228
vt 0.852243 0.675803
vt 0.397215 0.610130
vt 0.403132 0.590769
vt 0.837096 0.669604
vt 0.847083 0.660600
vt 0.370701 0.579947
vt 0.386854 0.567714
vt 0.814832 0.703929
vt 0.808608 0.687750
vt 0.830058 0.709756
vt 0.840091 0.722808
vt 0.842012 0.726469
vt 0.842185 0.731007
vt 0.841610 0.736660
vt 0.839469 0.738360
vt 0.837722 0.733130
vt 0.825854 0.728258
vt 0.779773 0.716030
vt 0.807241 0.720984
vt 0.727878 0.702611
vt 0.697138 0.697007
vt 0.627720 0.702221
vt 0.599288 0.682320
vt 0.597933 0.683208
vt 0.603155 0.690489
vt 0.596754 0.690719
vt 0.582742 0.694266
vt 0.563120 0.695505
vt 0.537484 0.698296
vt 0.506902 0.691675
vt 0.484605 0.681156
vt 0.465595 0.672507
vt 0.434117 0.663410
vt 0.405712 0.643418
vt 0.393537 0.636828
vt 0.373212 0.612787
vt 0.837173 0.436539
vt 0.618690 0.605689
vt 0.611849 0.617208
vt 0.830946 0.649897
vt 0.594864 0.623580
vt 0.848949 0.664357
vt 0.860501 0.674542
vt 0.572950 0.625870
vt 0.867902 0.681100
vt 0.548885 0.624555
vt 0.873525 0.684623
vt 0.875411 0.680539
vt 0.523428 0.614007
vt 0.873770 0.675339
vt 0.496293 0.602329
vt 0.871490 0.671089
vt 0.468275 0.591722
vt 0.867823 0.663177
vt 0.444208 0.577071
vt 0.860241 0.651738
vt 0.421527 0.558706
vt 0.851805 0.642636
vt 0.406484 0.545331
vt 0.802198 0.597828
vt 0.632075 0.555774
vt 0.608960 0.578918
vt 0.603280 0.588672
vt 0.818409 0.626304
vt 0.588762 0.596143
vt 0.832594 0.638722
vt 0.845046 0.650128
vt 0.570640 0.599416
vt 0.853015 0.657483
vt 0.549357 0.599123
vt 0.857517 0.661615
vt 0.521885 0.592095
vt 0.860381 0.661077
vt 0.498482 0.584987
vt 0.859307 0.659086
vt 0.473873 0.576000
vt 0.855533 0.655370
vt 0.456246 0.562806
vt 0.854499 0.648108
vt 0.441767 0.548868
vt 0.850754 0.639339
vt 0.425023 0.530804
vt 0.846539 0.627924
vt 0.799712 0.469788
vt 0.799315 0.519292
vt 0.804481 0.536666
vt 0.809912 0.564931
vt 0.631038 0.515421
vt 0.618407 0.480948
vt 0.610888 0.402830
vt 0.622332 0.367200
vt 0.648158 0.308352
vt 0.709771 0.268986
vt 0.752469 0.266703
vt 0.784996 0.305617
vt 0.802670 0.375580
vt 0.804510 0.437104
vt 0.825041 0.594078
vt 0.612241 0.539751
vt 0.599346 0.556443
vt 0.830127 0.612034
vt 0.856981 0.628233
vt 0.597987 0.568079
vt 0.868990 0.634811
vt 0.580673 0.568823
vt 0.871640 0.638046
vt 0.558933 0.567214
vt 0.870273 0.641479
vt 0.534111 0.566463
vt 0.866069 0.639440
vt 0.511807 0.560035
vt 0.856897 0.633669
vt 0.491084 0.550471
vt 0.846648 0.624733
vt 0.470980 0.537116
vt 0.846738 0.619784
vt 0.460833 0.528097
vt 0.845440 0.612531
vt 0.445799 0.515147
vt 0.847040 0.600349
vt 0.845609 0.596595
vt 0.477829 0.501822
vt 0.486854 0.508603
vt 0.844134 0.589990
vt 0.466355 0.490582
vt 0.846829 0.585990
vt 0.844961 0.577620
vt 0.500087 0.483065
vt 0.506569 0.495047
vt 0.843946 0.570565
vt 0.492460 0.472113
vt 0.846021 0.576968
vt 0.844682 0.563561
vt 0.526412 0.472401
vt 0.528578 0.489671
vt 0.844362 0.556400
vt 0.520221 0.461551
vt 0.844540 0.572871
vt 0.844299 0.560324
vt 0.547988 0.474642
vt 0.545028 0.489538
vt 0.844151 0.547989
vt 0.548069 0.459186
vt 0.840236 0.575713
vt 0.841923 0.560763
vt 0.569762 0.482332
vt 0.562488 0.499415
vt 0.843228 0.542921
vt 0.573388 0.460858
vt 0.837772 0.565380
vt 0.839916 0.544876
vt 0.591470 0.469961
vt 0.585433 0.493940
vt 0.836249 0.580202
vt 0.571492 0.508757
vt 0.834590 0.570872
vt 0.834394 0.551183
vt 0.608393 0.484601
vt 0.595532 0.504519
vt 0.834495 0.589575
vt 0.583631 0.524024
vt 0.830897 0.578343
vt 0.827092 0.558368
vt 0.620108 0.499055
vt 0.604735 0.517232
vt 0.832627 0.599024
vt 0.593001 0.538475
vt 0.652274 0.420390
vt 0.603821 0.458145
vt 0.689097 0.415341
vt 0.725408 0.414226
vt 0.761742 0.417282
vt 0.790406 0.440608
vt 0.804662 0.441212
vt 0.824746 0.428046
vt 0.832962 0.427998
vt 0.840717 0.434406
vt 0.850083 0.458485
vt 0.853157 0.464219
vt 0.389344 0.526905
vt 0.412032 0.511165
vt 0.843105 0.615046
vt 0.840373 0.629604
vt 0.432116 0.495063
vt 0.844286 0.599943
vt 0.456599 0.473829
vt 0.841226 0.578607
vt 0.484246 0.456650
vt 0.841057 0.559722
vt 0.508299 0.443272
vt 0.840964 0.543944
vt 0.541142 0.443174
vt 0.838365 0.535185
vt 0.567901 0.446776
vt 0.834446 0.530170
vt 0.587975 0.457435
vt 0.828542 0.531948
vt 0.606111 0.470865
vt 0.822027 0.536520
vt 0.616818 0.483354
vt 0.818768 0.543401
vt 0.806372 0.517320
vt 0.581257 0.446112
vt 0.818709 0.515531
vt 0.560573 0.432620
vt 0.827695 0.519320
vt 0.534770 0.425463
vt 0.836918 0.516921
vt 0.494375 0.405570
vt 0.833137 0.542041
vt 0.468457 0.431828
vt 0.835865 0.550557
vt 0.434216 0.431857
vt 0.828647 0.580606
vt 0.420743 0.471400
vt 0.840596 0.595707
vt 0.404687 0.483532
vt 0.819592 0.615023
vt 0.384816 0.512354
vt 0.369021 0.546662
vt 0.837858 0.646346
vt 0.815635 0.630161
vt 0.365924 0.530140
vt 0.352107 0.557020
vt 0.830243 0.654597
vt 0.808449 0.644830
vt 0.351229 0.549455
vt 0.354614 0.592288
vt 0.803773 0.674383
vt 0.783837 0.666135
vt 0.349446 0.585075
vt 0.773256 0.641201
vt 0.759298 0.667423
vt 0.336114 0.590478
vt 0.343907 0.552955
vt 0.788519 0.610982
vt 0.365130 0.512167
vt 0.793520 0.592858
vt 0.380412 0.489760
vt 0.800327 0.573112
vt 0.400916 0.466209
vt 0.803550 0.557699
vt 0.417063 0.448935
vt 0.807341 0.540520
vt 0.437255 0.430643
vt 0.813259 0.526694
vt 0.461791 0.417675
vt 0.813676 0.514981
vt 0.492839 0.412223
vt 0.810374 0.508855
vt 0.522033 0.415261
vt 0.791014 0.499048
vt 0.555243 0.421823
vt 0.790847 0.487811
vt 0.584516 0.418298
vt 0.788772 0.417483
vt 0.808857 0.428372
vt 0.731986 0.630017
vt 0.723994 0.669446
vt 0.324320 0.599449
vt 0.326794 0.545862
vt 0.747162 0.597719
vt 0.345390 0.502778
vt 0.756425 0.571319
vt 0.368097 0.470527
vt 0.764833 0.546172
vt 0.394568 0.441783
vt 0.769808 0.527972
vt 0.415602 0.422401
vt 0.776836 0.513706
vt 0.437861 0.408089
vt 0.784566 0.503464
vt 0.460927 0.399217
vt 0.786695 0.490063
vt 0.491245 0.391426
vt 0.784937 0.481000
vt 0.516832 0.389600
vt 0.788760 0.467016
vt 0.550274 0.382668
vt 0.798029 0.450168
vt 0.586221 0.371667
vt 0.689372 0.628514
vt 0.675383 0.662671
vt 0.327378 0.602185
vt 0.321760 0.554247
vt 0.703888 0.595770
vt 0.331080 0.510080
vt 0.715352 0.565854
vt 0.346018 0.471502
vt 0.729979 0.537102
vt 0.366319 0.434792
vt 0.740581 0.515356
vt 0.386636 0.408752
vt 0.748536 0.496911
vt 0.409446 0.389071
vt 0.757971 0.480188
vt 0.437535 0.373135
vt 0.769660 0.463184
vt 0.471754 0.358537
vt 0.779212 0.447349
vt 0.507944 0.347746
vt 0.788907 0.430113
vt 0.547831 0.337407
vt 0.797159 0.405672
vt 0.591296 0.321726
vt 0.724088 0.230027
vt 0.756793 0.264906
vt 0.677602 0.224606
vt 0.683590 0.194001
vt 0.718184 0.224084
vt 0.638102 0.181994
vt 0.628477 0.161419
vt 0.666682 0.193122
vt 0.584804 0.149846
vt 0.566801 0.144219
vt 0.609308 0.183217
vt 0.521828 0.138278
vt 0.511141 0.146235
vt 0.558782 0.185872
vt 0.472522 0.143288
vt 0.517847 0.194367
vt 0.480731 0.153015
vt 0.429261 0.160527
vt 0.467867 0.208603
vt 0.432574 0.153937
vt 0.378077 0.168275
vt 0.359585 0.203066
vt 0.405537 0.243103
vt 0.319668 0.207932
vt 0.322573 0.237826
vt 0.366708 0.269174
vt 0.283733 0.237338
vt 0.344747 0.284178
vt 0.301845 0.256804
vt 0.249182 0.314434
vt 0.284425 0.329410
vt 0.264315 0.254466
vt 0.217200 0.307244
vt 0.196101 0.349864
vt 0.226946 0.360000
vt 0.179431 0.345671
vt 0.164058 0.345955
vt 0.180466 0.357450
vt 0.155654 0.350126
vt 0.776319 0.312806
vt 0.621669 0.238958
vt 0.740675 0.267038
vt 0.582494 0.187852
vt 0.690587 0.236751
vt 0.529021 0.155221
vt 0.637101 0.227631
vt 0.475556 0.148251
vt 0.591808 0.228359
vt 0.430334 0.151676
vt 0.554403 0.233847
vt 0.500195 0.250568
vt 0.392231 0.159466
vt 0.338322 0.180855
vt 0.440814 0.282330
vt 0.285984 0.221395
vt 0.399805 0.308772
vt 0.255185 0.255737
vt 0.376333 0.320449
vt 0.315784 0.352697
vt 0.229086 0.268306
vt 0.184398 0.310395
vt 0.253431 0.380593
vt 0.150515 0.350306
vt 0.195370 0.375964
vt 0.139059 0.359784
vt 0.218473 0.397148
vt 0.274122 0.394637
vt 0.132958 0.353751
vt 0.116684 0.368739
vt 0.335898 0.377649
vt 0.160971 0.323286
vt 0.407683 0.357819
vt 0.194504 0.285877
vt 0.439547 0.342073
vt 0.480496 0.312442
vt 0.222223 0.265008
vt 0.252250 0.224811
vt 0.532048 0.285169
vt 0.295155 0.186549
vt 0.583281 0.271439
vt 0.349179 0.168131
vt 0.609536 0.268979
vt 0.651416 0.269298
vt 0.379576 0.165153
vt 0.421131 0.162117
vt 0.699826 0.281377
vt 0.471035 0.173032
vt 0.745026 0.310290
vt 0.521560 0.205819
vt 0.777297 0.352864
vt 0.562751 0.257442
vt 0.638905 0.632618
vt 0.618255 0.663535
vt 0.313394 0.612954
vt 0.295153 0.566821
vt 0.659741 0.598147
vt 0.290548 0.516775
vt 0.678109 0.562316
vt 0.300234 0.467509
vt 0.691141 0.532505
vt 0.316105 0.428829
vt 0.703260 0.506649
vt 0.335896 0.396730
vt 0.716492 0.480867
vt 0.363045 0.366832
vt 0.727869 0.458245
vt 0.391882 0.342822
vt 0.740805 0.434933
vt 0.427875 0.320455
vt 0.753995 0.411453
vt 0.467471 0.300053
vt 0.767979 0.385788
vt 0.513325 0.280277
vt 0.583111 0.642813
vt 0.563275 0.684806
vt 0.273340 0.642894
vt 0.253464 0.584620
vt 0.603163 0.601620
vt 0.246525 0.527126
vt 0.623632 0.564616
vt 0.250306 0.475326
vt 0.642142 0.531824
vt 0.263692 0.430826
vt 0.659859 0.500533
vt 0.282471 0.389569
vt 0.678654 0.467727
vt 0.308009 0.347880
vt 0.693545 0.439973
vt 0.336216 0.315426
vt 0.707410 0.412021
vt 0.372004 0.286516
vt 0.722155 0.381733
vt 0.415634 0.258353
vt 0.735602 0.348489
vt 0.465331 0.231345
vt 0.525346 0.650854
vt 0.503656 0.694014
vt 0.226516 0.657285
vt 0.202897 0.597958
vt 0.544820 0.604944
vt 0.194902 0.535620
vt 0.570595 0.568273
vt 0.199543 0.483810
vt 0.594492 0.534050
vt 0.210040 0.435579
vt 0.614701 0.498359
vt 0.226981 0.387497
vt 0.636462 0.465840
vt 0.247052 0.343316
vt 0.658455 0.432773
vt 0.272145 0.299590
vt 0.676311 0.397906
vt 0.311618 0.260752
vt 0.687486 0.360992
vt 0.359647 0.227318
vt 0.697092 0.322703
vt 0.413047 0.197585
vt 0.474660 0.649697
vt 0.446772 0.689524
vt 0.194233 0.656556
vt 0.171830 0.601453
vt 0.495717 0.607253
vt 0.160620 0.543571
vt 0.521503 0.569740
vt 0.162801 0.491185
vt 0.544909 0.533764
vt 0.168824 0.440676
vt 0.566510 0.497673
vt 0.178853 0.390404
vt 0.589338 0.461867
vt 0.197553 0.341641
vt 0.613179 0.425785
vt 0.223788 0.293984
vt 0.636236 0.384889
vt 0.257414 0.242998
vt 0.647682 0.348326
vt 0.311964 0.212333
vt 0.654251 0.309933
vt 0.366340 0.184431
vt 0.427169 0.642056
vt 0.401469 0.674856
vt 0.176574 0.644254
vt 0.152311 0.598256
vt 0.449173 0.603336
vt 0.139738 0.545524
vt 0.473361 0.566613
vt 0.138953 0.495018
vt 0.494084 0.529738
vt 0.145564 0.445471
vt 0.513250 0.493146
vt 0.154831 0.396453
vt 0.539774 0.458534
vt 0.167995 0.347500
vt 0.564339 0.420263
vt 0.191253 0.296870
vt 0.583109 0.377719
vt 0.225790 0.247124
vt 0.612904 0.341038
vt 0.275965 0.206219
vt 0.619236 0.304167
vt 0.328162 0.179308
vt 0.601680 0.694231
vt 0.663819 0.687869
vt 0.342261 0.657457
vt 0.347673 0.639427
vt 0.378670 0.672421
vt 0.384945 0.690314
vt 0.656374 0.710093
vt 0.594906 0.716562
vt 0.600746 0.735520
vt 0.652040 0.734136
vt 0.420630 0.707016
vt 0.436005 0.717092
vt 0.618906 0.744849
vt 0.658099 0.755955
vt 0.483616 0.738280
vt 0.497106 0.731875
vt 0.644967 0.734729
vt 0.675714 0.747132
vt 0.527289 0.730896
vt 0.535259 0.721988
vt 0.674144 0.715699
vt 0.704120 0.725406
vt 0.572077 0.708403
vt 0.579670 0.703112
vt 0.712655 0.698771
vt 0.337235 0.642253
vt 0.362794 0.676198
vt 0.700596 0.720789
vt 0.690507 0.742394
vt 0.405261 0.709791
vt 0.700115 0.765850
vt 0.464377 0.743003
vt 0.719079 0.764770
vt 0.525975 0.745611
vt 0.740704 0.748051
vt 0.565065 0.727964
vt 0.751398 0.695180
vt 0.342607 0.630519
vt 0.356131 0.664140
vt 0.742618 0.717808
vt 0.727691 0.744796
vt 0.394046 0.706171
vt 0.737240 0.765801
vt 0.451781 0.737303
vt 0.755333 0.768924
vt 0.510460 0.744740
vt 0.774746 0.755207
vt 0.555964 0.730775
vt 0.785334 0.687630
vt 0.358434 0.615512
vt 0.369487 0.651652
vt 0.779165 0.712176
vt 0.768730 0.743299
vt 0.400203 0.698743
vt 0.772836 0.758512
vt 0.440097 0.722320
vt 0.782774 0.765139
vt 0.495438 0.735210
vt 0.803221 0.754058
vt 0.541896 0.723919
vt 0.811892 0.753907
vt 0.524401 0.720469
vt 0.812550 0.753544
vt 0.501068 0.717199
vt 0.814345 0.750202
vt 0.479080 0.710065
vt 0.818456 0.743435
vt 0.461574 0.698492
vt 0.816258 0.738191
vt 0.444162 0.689752
vt 0.810151 0.733045
vt 0.424481 0.681412
vt 0.801137 0.719493
vt 0.394294 0.660786
vt 0.788073 0.720792
vt 0.384052 0.663567
vt 0.791404 0.704809
vt 0.373028 0.639787
vt 0.791160 0.687523
vt 0.362635 0.614739
vt 0.606418 0.722883
vt 0.577950 0.750625
vt 0.548577 0.788351
vt 0.414224 0.387815
vt 0.346568 0.406658
vt 0.353355 0.434066
vt 0.415316 0.419203
vt 0.174177 0.311050
vt 0.138806 0.345347
vt 0.290611 0.414680
vt 0.301956 0.441223
vt 0.109437 0.363837
vt 0.239178 0.416459
vt 0.253989 0.438989
vt 0.092807 0.376741
vt 0.350206 0.463659
vt 0.401228 0.457622
vt 0.118165 0.368321
vt 0.151541 0.340062
vt 0.122172 0.381405
vt 0.096735 0.397525
vt 0.445364 0.455696
vt 0.466831 0.420420
vt 0.161623 0.325987
vt 0.144301 0.370737
vt 0.302786 0.468786
vt 0.083388 0.382918
vt 0.066497 0.409592
vt 0.256912 0.469349
vt 0.066450 0.390104
vt 0.048044 0.418480
vt 0.342273 0.494055
vt 0.390750 0.491801
vt 0.102628 0.419797
vt 0.084051 0.431781
vt 0.429883 0.490221
vt 0.123631 0.411451
vt 0.291943 0.496285
vt 0.063627 0.443160
vt 0.244146 0.493188
vt 0.052894 0.449568
vt 0.327180 0.520972
vt 0.375423 0.524112
vt 0.095581 0.460458
vt 0.083175 0.466622
vt 0.414957 0.525296
vt 0.110789 0.454597
vt 0.275816 0.516646
vt 0.071873 0.472068
vt 0.225150 0.509191
vt 0.065018 0.474518
vt 0.311870 0.545095
vt 0.359824 0.554374
vt 0.099336 0.500538
vt 0.091508 0.499635
vt 0.397513 0.558952
vt 0.110452 0.499044
vt 0.259226 0.533079
vt 0.085438 0.497111
vt 0.215015 0.521864
vt 0.079958 0.493754
vt 0.338590 0.654254
vt 0.361546 0.626060
vt 0.337858 0.618694
vt 0.314504 0.643434
vt 0.133245 0.588901
vt 0.158133 0.628380
vt 0.154699 0.619816
vt 0.129139 0.584277
vt 0.380547 0.592088
vt 0.349344 0.585440
vt 0.117879 0.543270
vt 0.110788 0.540980
vt 0.296952 0.568343
vt 0.104659 0.531670
vt 0.243465 0.547079
vt 0.101382 0.519080
vt 0.203081 0.532498
vt 0.094891 0.510776
vt 0.280609 0.590502
vt 0.262044 0.606704
vt 0.141375 0.586842
vt 0.121823 0.562573
vt 0.226416 0.558697
vt 0.212204 0.569344
vt 0.133453 0.555087
vt 0.118079 0.538270
vt 0.187292 0.541149
vt 0.171299 0.548231
vt 0.119048 0.538377
vt 0.108218 0.525793
vt 0.544730 0.716696
vt 0.307923 0.688145
vt 0.530033 0.735739
vt 0.517943 0.767314
vt 0.421168 0.759195
vt 0.353842 0.717015
vt 0.542125 0.797553
vt 0.493371 0.794415
vt 0.480723 0.724091
vt 0.258116 0.699486
vt 0.447846 0.745616
vt 0.426410 0.769266
vt 0.352743 0.763542
vt 0.305032 0.732166
vt 0.420726 0.712741
vt 0.222955 0.690285
vt 0.392203 0.724983
vt 0.366845 0.746338
vt 0.293141 0.739777
vt 0.256251 0.710867
vt 0.376003 0.694661
vt 0.205126 0.673879
vt 0.351567 0.707133
vt 0.325829 0.719122
vt 0.264310 0.712772
vt 0.234767 0.694032
vt 0.319524 0.670219
vt 0.296374 0.656601
vt 0.182875 0.652159
vt 0.177039 0.640083
vt 0.278193 0.690967
vt 0.299362 0.681888
vt 0.277739 0.665801
vt 0.259488 0.672385
vt 0.204899 0.670206
vt 0.224568 0.684703
vt 0.211871 0.666370
vt 0.196131 0.655068
vt 0.245526 0.618448
vt 0.160204 0.605113
vt 0.230648 0.627421
vt 0.221390 0.638867
vt 0.184068 0.633545
vt 0.175777 0.619199
vt 0.200451 0.579079
vt 0.147547 0.569853
vt 0.186576 0.587226
vt 0.161290 0.582965
vt 0.159180 0.554076
vt 0.129233 0.548562
vt 0.151684 0.557756
vt 0.139685 0.555580
vt 0.408515 0.791691
vt 0.371213 0.789355
vt 0.351231 0.768901
vt 0.309223 0.765777
vt 0.303084 0.740584
vt 0.274418 0.738031
vt 0.262012 0.702174
vt 0.243390 0.682956
vt 0.232314 0.698930
vt 0.218931 0.680044
vt 0.215773 0.650067
vt 0.183709 0.645712
vt 0.184470 0.600472
vt 0.166538 0.597586
vt 0.248984 0.716268
vt 0.240031 0.698697
vt 0.215134 0.682730
vt 0.190471 0.661656
vt 0.164111 0.634343
vt 0.138974 0.592502
vt 0.124498 0.544737
vt 0.122188 0.497626
vt 0.127381 0.450323
vt 0.140550 0.404852
vt 0.156127 0.358982
vt 0.168814 0.310933
vt 0.248199 0.190664
vt 0.296622 0.174756
vt 0.598060 0.302459
vt 0.602786 0.333452
vt 0.514038 0.421029
vt 0.489629 0.455846
vt 0.464186 0.490013
vt 0.449370 0.526573
vt 0.430883 0.562690
vt 0.403512 0.596557
vt 0.383289 0.631915
vt 0.360948 0.662015
vt 0.341419 0.680892
vt 0.320002 0.695032
vt 0.296187 0.704866
vt 0.277431 0.719120
vt 0.190199 0.620194
vt 0.162881 0.616082
vt 0.297810 0.765617
vt 0.345830 0.791790
vt 0.309330 0.789594
vt 0.265700 0.763242
vt 0.409209 0.816840
vt 0.376668 0.815321
vt 0.505400 0.840691
vt 0.484604 0.839992
vt 0.286662 0.781771
vt 0.337655 0.815548
vt 0.309141 0.814252
vt 0.259598 0.780040
vt 0.406678 0.845319
vt 0.378366 0.844510
vt 0.491794 0.883279
vt 0.470992 0.883179
vt 0.526069 0.829070
vt 0.506301 0.881315
vt 0.491474 0.912543
vt 0.466954 0.922253
vt 0.471715 0.948000
vt 0.446481 0.922681
vt 0.448795 0.950940
vt 0.449727 0.978793
vt 0.429557 0.951697
vt 0.435475 0.970122
vt 0.425969 0.997141
vt 0.417726 0.971034
vt 0.400838 0.874003
vt 0.376902 0.873754
vt 0.392012 0.901797
vt 0.370961 0.901946
vt 0.332823 0.836545
vt 0.309417 0.835781
vt 0.410585 0.979116
vt 0.401095 1.000000
vt 0.392866 0.980113
vt 0.375550 0.942948
vt 0.364240 0.970357
vt 0.358392 0.943507
vt 0.321118 0.884761
vt 0.312794 0.896241
vt 0.306868 0.884712
vt 0.286771 0.849083
vt 0.275192 0.855094
vt 0.269821 0.848670
vt 0.278899 0.799300
vt 0.257867 0.798177
vt 0.329454 0.856082
vt 0.309470 0.855667
vt 0.385812 0.923083
vt 0.366546 0.923476
vt 0.325348 0.872292
vt 0.307833 0.872101
vt 0.278785 0.814301
vt 0.258869 0.813413
vt 0.282209 0.832969
vt 0.263220 0.832328
vt 0.267101 0.825823
vt 0.265994 0.809021
vt 0.266657 0.793659
vt 0.270356 0.775184
vt 0.275651 0.760046
vt 0.278729 0.733501
vt 0.268196 0.733529
vt 0.269095 0.729229
vt 0.261152 0.740772
vt 0.240784 0.726571
vt 0.259608 0.743121
vt 0.251694 0.754761
vt 0.233030 0.740853
vt 0.246004 0.750914
vt 0.242907 0.764728
vt 0.226171 0.749324
vt 0.231787 0.758649
vt 0.229531 0.775054
vt 0.220336 0.757789
vt 0.218732 0.764694
vt 0.214913 0.779445
vt 0.211549 0.764183
vt 0.206288 0.767213
vt 0.200156 0.775125
vt 0.200904 0.766841
vt 0.253144 0.712124
vt 0.235777 0.694084
vt 0.226847 0.709417
vt 0.212888 0.691515
vt 0.210272 0.660210
vt 0.180009 0.656286
vt 0.185798 0.631276
vt 0.159402 0.627475
vt 0.244560 0.724255
vt 0.229016 0.704480
vt 0.220185 0.721929
vt 0.206341 0.702079
vt 0.203542 0.669712
vt 0.176517 0.666365
vt 0.176533 0.636609
vt 0.154946 0.633580
vt 0.233018 0.732762
vt 0.220250 0.714034
vt 0.214949 0.731136
vt 0.201791 0.712189
vt 0.195558 0.678915
vt 0.175210 0.676511
vt 0.168937 0.643691
vt 0.152529 0.641462
vt 0.221093 0.741347
vt 0.210462 0.723318
vt 0.210554 0.740456
vt 0.199300 0.722267
vt 0.187050 0.687075
vt 0.175621 0.685783
vt 0.166506 0.657454
vt 0.153505 0.655789
vt 0.210682 0.750414
vt 0.202586 0.735279
vt 0.204993 0.749965
vt 0.197467 0.734833
vt 0.178952 0.698966
vt 0.175606 0.698611
vt 0.161068 0.672375
vt 0.154439 0.671583
vt 0.200368 0.756724
vt 0.194111 0.745501
vt 0.195679 0.756372
vt 0.190014 0.745170
vt 0.173364 0.710000
vt 0.170419 0.709707
vt 0.158709 0.686237
vt 0.155792 0.685911
vt 0.193124 0.767381
vt 0.186556 0.757103
vt 0.168382 0.719277
vt 0.154079 0.694118
vt 0.151250 0.673544
vt 0.150232 0.654055
vt 0.153506 0.637444
vt 0.158583 0.626500
vt 0.163940 0.616989
vt 0.168019 0.609593
vt 0.172657 0.595733
vt 0.169915 0.580167
vt 0.142681 0.558488
vt 0.134046 0.561275
vt 0.128791 0.564689
vt 0.124252 0.559534
vt 0.152888 0.334112
vt 0.162082 0.344679
vt 0.139803 0.338013
vt 0.121493 0.568916
vt 0.119642 0.575274
vt 0.114698 0.567744
vt 0.114172 0.579668
vt 0.111643 0.588665
vt 0.105049 0.578153
vt 0.107907 0.589101
vt 0.105439 0.597747
vt 0.097493 0.587430
vt 0.101036 0.596474
vt 0.097678 0.607183
vt 0.089765 0.594716
vt 0.093775 0.603969
vt 0.090130 0.614956
vt 0.082399 0.602246
vt 0.086129 0.610892
vt 0.082054 0.623208
vt 0.074392 0.609165
vt 0.077981 0.617894
vt 0.073973 0.629444
vt 0.066338 0.616231
vt 0.068813 0.623499
vt 0.065160 0.634753
vt 0.057389 0.621908
vt 0.058827 0.626212
vt 0.056507 0.638468
vt 0.047254 0.624625
vt 0.046689 0.625641
vt 0.040706 0.640055
vt 0.034446 0.623969
vt 0.034905 0.622590
vt 0.026838 0.635509
vt 0.022479 0.620884
vt 0.026109 0.618892
vt 0.015917 0.626506
vt 0.014554 0.617291
vt 0.163811 0.363639
vt 0.129496 0.353718
vt 0.181196 0.387457
vt 0.109070 0.367355
vt 0.200374 0.409110
vt 0.083262 0.377540
vt 0.216032 0.432049
vt 0.216519 0.466440
vt 0.039223 0.423955
vt 0.056389 0.390703
vt 0.207418 0.489137
vt 0.045679 0.452642
vt 0.192701 0.505997
vt 0.056572 0.476812
vt 0.184404 0.519876
vt 0.069134 0.496165
vt 0.175153 0.531527
vt 0.082237 0.513110
vt 0.163083 0.541278
vt 0.151110 0.548931
vt 0.105312 0.540406
vt 0.093928 0.528031
vt 0.141344 0.554976
vt 0.116032 0.550372
vt 0.145668 0.323669
vt 0.154515 0.335340
vt 0.129656 0.327806
vt 0.154182 0.355096
vt 0.117923 0.344499
vt 0.158583 0.380650
vt 0.105091 0.365727
vt 0.171185 0.403090
vt 0.082082 0.379162
vt 0.181351 0.427941
vt 0.183027 0.460031
vt 0.042766 0.426546
vt 0.056728 0.396001
vt 0.176582 0.483478
vt 0.046114 0.454133
vt 0.168404 0.502152
vt 0.053864 0.477682
vt 0.159974 0.517676
vt 0.063458 0.497972
vt 0.152645 0.530783
vt 0.074573 0.515466
vt 0.143135 0.540837
vt 0.133388 0.548498
vt 0.098511 0.542060
vt 0.086555 0.530102
vt 0.124763 0.557116
vt 0.109969 0.554466
vt 0.114173 0.565637
vt 0.101311 0.563405
vt 0.108325 0.573756
vt 0.093125 0.571193
vt 0.101975 0.581534
vt 0.085205 0.578784
vt 0.094550 0.589155
vt 0.078005 0.586519
vt 0.086399 0.595927
vt 0.070713 0.593495
vt 0.077635 0.602447
vt 0.062941 0.600229
vt 0.068052 0.608238
vt 0.054348 0.606221
vt 0.057051 0.609643
vt 0.043407 0.607657
vt 0.045591 0.609784
vt 0.031493 0.607745
vt 0.034341 0.608167
vt 0.019960 0.606086
vt 0.024240 0.607561
vt 0.010923 0.605641
vt 0.118243 0.550226
vt 0.095724 0.546124
vt 0.108337 0.557103
vt 0.090333 0.553907
vt 0.101836 0.564260
vt 0.082647 0.560938
vt 0.094997 0.571461
vt 0.074978 0.568084
vt 0.086771 0.578111
vt 0.067734 0.574980
vt 0.077557 0.584804
vt 0.060158 0.582018
vt 0.067398 0.590137
vt 0.051015 0.587573
vt 0.056234 0.592925
vt 0.039691 0.590374
vt 0.044862 0.594616
vt 0.027752 0.592008
vt 0.033540 0.592852
vt 0.016229 0.590214
vt 0.022433 0.591837
vt 0.006039 0.589344
vt 0.126069 0.539843
vt 0.084495 0.532005
vt 0.112664 0.540776
vt 0.084972 0.535607
vt 0.102068 0.546583
vt 0.080987 0.542735
vt 0.095425 0.553229
vt 0.073400 0.549301
vt 0.087943 0.559924
vt 0.065343 0.555988
vt 0.078624 0.566368
vt 0.057452 0.562771
vt 0.067837 0.571369
vt 0.047730 0.568024
vt 0.056330 0.575481
vt 0.036221 0.572199
vt 0.044834 0.577501
vt 0.024077 0.574155
vt 0.033642 0.576556
vt 0.012996 0.573237
vt 0.021782 0.576504
vt 0.002677 0.573450
vt 0.133966 0.529150
vt 0.072887 0.517234
vt 0.119282 0.527949
vt 0.074952 0.519340
vt 0.106442 0.528667
vt 0.076849 0.522970
vt 0.096389 0.534474
vt 0.072073 0.529893
vt 0.089621 0.541025
vt 0.063663 0.536242
vt 0.080813 0.547320
vt 0.054907 0.542654
vt 0.069641 0.552130
vt 0.044865 0.547755
vt 0.057852 0.555955
vt 0.033470 0.551725
vt 0.045934 0.558357
vt 0.021852 0.554234
vt 0.034315 0.558706
vt 0.011026 0.554747
vt 0.022236 0.559025
vt 0.001159 0.555468
vt 0.141635 0.515603
vt 0.062734 0.499567
vt 0.125492 0.513687
vt 0.065476 0.501533
vt 0.112186 0.513130
vt 0.068860 0.504405
vt 0.100098 0.515201
vt 0.069050 0.509023
vt 0.091872 0.521406
vt 0.062147 0.515614
vt 0.083948 0.527894
vt 0.053048 0.522004
vt 0.072444 0.532603
vt 0.042784 0.527056
vt 0.059762 0.536384
vt 0.031839 0.531252
vt 0.047174 0.538829
vt 0.020869 0.534058
vt 0.035419 0.539154
vt 0.010484 0.534663
vt 0.023235 0.538789
vt 0.001158 0.534833
vt 0.148264 0.498883
vt 0.054685 0.478944
vt 0.131581 0.496644
vt 0.057539 0.480920
vt 0.117678 0.495554
vt 0.061182 0.483612
vt 0.105512 0.496079
vt 0.063701 0.487310
vt 0.095216 0.500591
vt 0.060258 0.493382
vt 0.087393 0.507337
vt 0.052266 0.500248
vt 0.075375 0.512233
vt 0.041903 0.505607
vt 0.061606 0.515906
vt 0.031593 0.510065
vt 0.048641 0.518465
vt 0.021137 0.513184
vt 0.036932 0.518494
vt 0.011272 0.513597
vt 0.025146 0.517472
vt 0.002722 0.513207
vt 0.153864 0.478924
vt 0.049091 0.455390
vt 0.136231 0.476045
vt 0.052460 0.457277
vt 0.121911 0.474692
vt 0.056287 0.460055
vt 0.109689 0.474477
vt 0.059396 0.463327
vt 0.098975 0.477789
vt 0.058846 0.469014
vt 0.089832 0.483928
vt 0.052005 0.475818
vt 0.077558 0.489178
vt 0.042427 0.481791
vt 0.063671 0.493700
vt 0.032767 0.487321
vt 0.050436 0.497810
vt 0.022327 0.492108
vt 0.038922 0.497713
vt 0.012962 0.492476
vt 0.027427 0.495735
vt 0.004934 0.491202
vt 0.157720 0.454282
vt 0.048766 0.428289
vt 0.138305 0.450002
vt 0.054758 0.430086
vt 0.123251 0.447599
vt 0.059775 0.432508
vt 0.110797 0.447940
vt 0.062725 0.436596
vt 0.099731 0.450922
vt 0.061688 0.442057
vt 0.090848 0.457237
vt 0.054470 0.448921
vt 0.079185 0.463668
vt 0.045061 0.456030
vt 0.066079 0.470159
vt 0.035236 0.463407
vt 0.053393 0.475577
vt 0.024902 0.469460
vt 0.041800 0.477214
vt 0.015589 0.471643
vt 0.030703 0.476018
vt 0.007732 0.471149
vt 0.155221 0.424476
vt 0.064175 0.401303
vt 0.136097 0.421504
vt 0.070221 0.404804
vt 0.120616 0.418875
vt 0.074438 0.407201
vt 0.108157 0.419270
vt 0.074015 0.410703
vt 0.099689 0.422454
vt 0.067423 0.414449
vt 0.091243 0.428172
vt 0.059130 0.420337
vt 0.080531 0.435925
vt 0.050066 0.428658
vt 0.069048 0.443874
vt 0.040012 0.437110
vt 0.057663 0.450659
vt 0.029550 0.444248
vt 0.046021 0.455541
vt 0.019629 0.449624
vt 0.034917 0.456442
vt 0.011244 0.451176
vt 0.148535 0.399572
vt 0.085397 0.382705
vt 0.130581 0.394505
vt 0.088253 0.383191
vt 0.119892 0.390335
vt 0.083604 0.380610
vt 0.111679 0.391602
vt 0.077742 0.382570
vt 0.103186 0.394480
vt 0.071393 0.386104
vt 0.093856 0.398779
vt 0.064262 0.391089
vt 0.083548 0.407501
vt 0.055602 0.400407
vt 0.072752 0.417181
vt 0.045751 0.410502
vt 0.062179 0.425361
vt 0.035541 0.418922
vt 0.051681 0.431024
vt 0.025832 0.424884
vt 0.041049 0.434179
vt 0.016922 0.428518
vt 0.142412 0.373002
vt 0.101577 0.361541
vt 0.132658 0.368590
vt 0.094274 0.357782
vt 0.123173 0.365193
vt 0.088322 0.355366
vt 0.115047 0.364810
vt 0.082751 0.355736
vt 0.106914 0.367275
vt 0.076669 0.358854
vt 0.098286 0.369706
vt 0.070009 0.361905
vt 0.088359 0.378793
vt 0.061519 0.371556
vt 0.077844 0.390119
vt 0.051911 0.383319
vt 0.067426 0.400433
vt 0.042002 0.393939
vt 0.057449 0.407619
vt 0.032530 0.401380
vt 0.048009 0.410803
vt 0.024004 0.404862
vt 0.144981 0.350211
vt 0.108832 0.339603
vt 0.135082 0.345466
vt 0.101294 0.335518
vt 0.126014 0.342081
vt 0.094348 0.332744
vt 0.118871 0.341045
vt 0.088508 0.332111
vt 0.111525 0.342330
vt 0.082265 0.333774
vt 0.103332 0.345367
vt 0.075312 0.337254
vt 0.094126 0.352261
vt 0.067439 0.344669
vt 0.083947 0.362821
vt 0.058415 0.355738
vt 0.074130 0.373387
vt 0.049296 0.366671
vt 0.064026 0.384612
vt 0.039668 0.378201
vt 0.055675 0.388273
vt 0.032107 0.382142
vt 0.146421 0.329152
vt 0.119228 0.320855
vt 0.137292 0.323307
vt 0.110015 0.314939
vt 0.129226 0.319157
vt 0.102591 0.310962
vt 0.122536 0.316678
vt 0.096578 0.308685
vt 0.115685 0.317062
vt 0.090057 0.309205
vt 0.107984 0.320714
vt 0.082486 0.312979
vt 0.099277 0.326455
vt 0.074336 0.318999
vt 0.089159 0.337275
vt 0.064616 0.330117
vt 0.079372 0.347820
vt 0.055739 0.341094
vt 0.069992 0.361562
vt 0.046542 0.355089
vt 0.061827 0.371245
vt 0.039212 0.365142
vt 0.137721 0.311777
vt 0.129682 0.301745
vt 0.122283 0.295636
vt 0.115250 0.293433
vt 0.108557 0.293652
vt 0.100615 0.296095
vt 0.092973 0.300479
vt 0.082002 0.309810
vt 0.069666 0.324996
vt 0.058147 0.343602
vt 0.047717 0.361838
vt 0.037659 0.381582
vt 0.027906 0.405310
vt 0.019859 0.428015
vt 0.013724 0.450882
vt 0.009964 0.470901
vt 0.006678 0.492109
vt 0.003458 0.515476
vt 0.000897 0.537870
vt 0.000000 0.560502
vt 0.000736 0.576817
vt 0.002798 0.593967
vt 0.008520 0.614426
vt 0.596075 0.301612
vt 0.609885 0.321250
vt 0.223715 0.161519
vt 0.254126 0.156745
vt 0.605769 0.286582
vt 0.615813 0.303678
vt 0.202244 0.126569
vt 0.231402 0.122791
vt 0.615284 0.265559
vt 0.624983 0.280207
vt 0.190139 0.085234
vt 0.218884 0.084846
vt 0.626210 0.245085
vt 0.630665 0.258090
vt 0.181439 0.048494
vt 0.211990 0.048493
vt 0.622209 0.229324
vt 0.628220 0.239894
vt 0.170467 0.020570
vt 0.192028 0.020785
vt 0.595615 0.216628
vt 0.600313 0.222488
vt 0.138762 0.000000
vt 0.153304 0.002272
vt 0.565486 0.219002
vt 0.571775 0.230625
vt 0.113351 0.016742
vt 0.136202 0.016088
vt 0.525676 0.231955
vt 0.534214 0.248467
vt 0.093414 0.053544
vt 0.121600 0.049748
vt 0.496518 0.251729
vt 0.506174 0.267359
vt 0.080369 0.088071
vt 0.107781 0.085030
vt 0.477437 0.274093
vt 0.488560 0.285132
vt 0.074150 0.117611
vt 0.097338 0.118794
vt 0.463475 0.292520
vt 0.473929 0.305605
vt 0.071329 0.149885
vt 0.091527 0.146446
vt 0.452605 0.307209
vt 0.461580 0.323478
vt 0.072867 0.178904
vt 0.094102 0.170848
vt 0.442049 0.327857
vt 0.444440 0.343971
vt 0.086708 0.217155
vt 0.107248 0.205859
vt 0.440119 0.343150
vt 0.449023 0.364482
vt 0.105472 0.246914
vt 0.130002 0.233356
vt 0.442214 0.356264
vt 0.447563 0.370999
vt 0.141316 0.267594
vt 0.158167 0.257976
vt 0.439736 0.362147
vt 0.444764 0.376236
vt 0.166694 0.283461
vt 0.186300 0.275556
vt 0.187778 0.269303
vt 0.531577 0.388060
vt 0.169252 0.230816
vt 0.204049 0.211350
vt 0.583112 0.355811
vt 0.548040 0.368349
vt 0.142548 0.197294
vt 0.179374 0.175445
vt 0.594721 0.339827
vt 0.562903 0.355353
vt 0.123976 0.157791
vt 0.157864 0.137501
vt 0.600166 0.319671
vt 0.569821 0.333220
vt 0.113217 0.117350
vt 0.145099 0.095601
vt 0.605411 0.294351
vt 0.573903 0.307525
vt 0.107024 0.074301
vt 0.138733 0.050484
vt 0.608938 0.264290
vt 0.576929 0.278409
vt 0.459734 0.388843
vt 0.161133 0.290706
vt 0.492046 0.390100
vt 0.167643 0.281450
vt 0.478799 0.381227
vt 0.133809 0.264668
vt 0.511344 0.374963
vt 0.148930 0.248275
vt 0.486770 0.363167
vt 0.113267 0.231804
vt 0.524839 0.360198
vt 0.125496 0.215275
vt 0.492825 0.344257
vt 0.096470 0.199272
vt 0.531705 0.341378
vt 0.105929 0.180623
vt 0.497327 0.324413
vt 0.084598 0.167480
vt 0.536582 0.317828
vt 0.094631 0.143225
vt 0.504573 0.304268
vt 0.079067 0.135899
vt 0.539945 0.291667
vt 0.089844 0.105288
vt 0.577801 0.304669
vt 0.278042 0.179975
vt 0.548965 0.317872
vt 0.266436 0.205299
vt 0.488952 0.341643
vt 0.229074 0.246372
vt 0.457115 0.353860
vt 0.202045 0.264338
vt 0.589815 0.293729
vt 0.231109 0.140419
vt 0.569016 0.310576
vt 0.221748 0.168463
vt 0.509635 0.339305
vt 0.197474 0.222770
vt 0.464120 0.344294
vt 0.177887 0.241573
vt 0.592442 0.280778
vt 0.206309 0.111847
vt 0.563491 0.307928
vt 0.179119 0.150525
vt 0.508963 0.334121
vt 0.159043 0.202322
vt 0.463543 0.332517
vt 0.149249 0.217337
vt 0.593603 0.263603
vt 0.187209 0.080648
vt 0.555613 0.288133
vt 0.152767 0.118500
vt 0.511767 0.307419
vt 0.133521 0.157829
vt 0.470946 0.314384
vt 0.128826 0.184300
vt 0.582156 0.244686
vt 0.159045 0.050056
vt 0.542823 0.261215
vt 0.135173 0.083476
vt 0.506030 0.277635
vt 0.122595 0.118865
vt 0.474730 0.292805
vt 0.113779 0.150063
vt 0.855284 0.616499
vt 0.596980 0.553914
vt 0.869809 0.622315
vt 0.582018 0.553178
vt 0.872599 0.625914
vt 0.559501 0.551521
vt 0.870744 0.629626
vt 0.534089 0.550889
vt 0.864851 0.627944
vt 0.511651 0.545241
vt 0.857853 0.622370
vt 0.497432 0.536719
vt 0.851458 0.603939
vt 0.589582 0.537804
vt 0.864624 0.608823
vt 0.579078 0.537107
vt 0.868566 0.612703
vt 0.556857 0.535222
vt 0.866455 0.614272
vt 0.534130 0.532288
vt 0.860944 0.611203
vt 0.516512 0.525709
vt 0.840077 0.419356
vt 0.833573 0.417885
vt 0.829697 0.415089
vt 0.847666 0.424675
vt 0.825348 0.415543
vt 0.850848 0.431608
vt 0.821526 0.419755
vt 0.816643 0.423604
vt 0.853474 0.438309
vt 0.851899 0.449541
vt 0.809937 0.433226
vt 0.854828 0.451296
vt 0.789573 0.425962
vt 0.832962 0.427998
vt 0.833573 0.417885
vt 0.841398 0.404689
vt 0.322573 0.237826
vt 0.301845 0.256804
vt 0.193124 0.767381
vt 0.186556 0.757103
vt 0.015917 0.626506
vt 0.008520 0.614426
vt 0.002798 0.593967
vt 0.000736 0.576817
vt 0.000000 0.560502
vt 0.000897 0.537870
vt 0.003458 0.515476
vt 0.006678 0.492109
vt 0.009964 0.470901
vt 0.013724 0.450882
vt 0.019859 0.428015
vt 0.027906 0.405310
vt 0.037659 0.381582
vt 0.047717 0.361838
vt 0.058147 0.343602
vt 0.069666 0.324996
vt 0.082002 0.309810
vt 0.092973 0.300479
vt 0.100615 0.296095
vt 0.108557 0.293652
vt 0.115250 0.293433
vt 0.122283 0.295636
vt 0.129682 0.301745
vt 0.137721 0.311777
vt 0.145668 0.323669
vt 0.152888 0.334112
vt 0.026838 0.635509
vt 0.040706 0.640055
vt 0.056507 0.638468
vt 0.065160 0.634753
vt 0.073973 0.629444
vt 0.082054 0.623208
vt 0.090130 0.614956
vt 0.097678 0.607183
vt 0.105439 0.597747
vt 0.111643 0.588665
vt 0.119642 0.575274
vt 0.128791 0.564689
vt 0.164058 0.345955
vt 0.142681 0.558488
vt 0.169915 0.580167
vt 0.172657 0.595733
vt 0.168019 0.609593
vt 0.163940 0.616989
vt 0.158583 0.626500
vt 0.153506 0.637444
vt 0.150232 0.654055
vt 0.151250 0.673544
vt 0.154079 0.694118
vt 0.168382 0.719277
vt 0.200156 0.775125
vt 0.214913 0.779445
vt 0.229531 0.775054
vt 0.242907 0.764728
vt 0.251694 0.754761
vt 0.261152 0.740772
vt 0.268196 0.733529
vt 0.278729 0.733501
vt 0.275651 0.760046
vt 0.270356 0.775184
vt 0.266657 0.793659
vt 0.265994 0.809021
vt 0.267101 0.825823
vt 0.275192 0.855094
vt 0.312794 0.896241
vt 0.364240 0.970357
vt 0.401095 1.000000
vt 0.425969 0.997141
vt 0.449727 0.978793
vt 0.471715 0.948000
vt 0.491474 0.912543
vt 0.506301 0.881315
vt 0.526069 0.829070
vt 0.548577 0.788351
vt 0.511141 0.146235
vt 0.480731 0.153015
vt 0.577950 0.750625
vt 0.606418 0.722883
vt 0.627720 0.702221
vt 0.196101 0.349864
vt 0.249182 0.314434
vt 0.359585 0.203066
vt 0.429261 0.160527
vt 0.566801 0.144219
vt 0.628477 0.161419
vt 0.683590 0.194001
vt 0.724088 0.230027
vt 0.752469 0.266703
vt 0.837173 0.436539
vt 0.840804 0.446394
vt 0.772549 0.300932
vt 0.727031 0.575274
vt 0.708922 0.594660
vt 0.695052 0.614624
vt 0.679946 0.634388
vt 0.651962 0.674560
vt 0.666543 0.654852
vt 0.843549 0.470762
vt 0.839810 0.488797
vt 0.848023 0.373333
vt 0.830931 0.355938
vt 0.820638 0.520177
vt 0.805298 0.343826
vt 0.780454 0.533843
vt 0.751780 0.555679
vt 0.787425 0.322654
vt 0.593001 0.538475
vt 0.599346 0.556443
vt 0.583631 0.524024
vt 0.571492 0.508757
vt 0.562488 0.499415
vt 0.545028 0.489538
vt 0.528578 0.489671
vt 0.506569 0.495047
vt 0.486854 0.508603
vt 0.470980 0.537116
vt 0.456246 0.562806
vt 0.603280 0.588672
vt 0.473873 0.576000
vt 0.498482 0.584987
vt 0.521885 0.592095
vt 0.549357 0.599123
vt 0.570640 0.599416
vt 0.588762 0.596143
vt 0.832627 0.599024
vt 0.830127 0.612034
vt 0.834495 0.589575
vt 0.836249 0.580202
vt 0.840236 0.575713
vt 0.844540 0.572871
vt 0.846021 0.576968
vt 0.846829 0.585990
vt 0.847040 0.600349
vt 0.846648 0.624733
vt 0.854499 0.648108
vt 0.832594 0.638722
vt 0.855533 0.655370
vt 0.859307 0.659086
vt 0.860381 0.661077
vt 0.857517 0.661615
vt 0.853015 0.657483
vt 0.845046 0.650128
vn 0.781360 0.086455 0.618064
vn 0.859937 -0.039815 0.508844
vn 0.873731 0.051349 0.483691
vn 0.773903 0.052866 0.631094
vn -0.873732 0.051349 0.483691
vn -0.773903 0.052867 0.631094
vn -0.783012 -0.017264 0.621767
vn -0.855318 -0.074388 0.512735
vn 0.739983 0.342312 0.579006
vn 0.882231 0.352945 0.311607
vn 0.903875 0.018325 0.427405
vn 0.795357 0.174726 0.580412
vn -0.882231 0.352945 0.311607
vn -0.739983 0.342312 0.579006
vn -0.795357 0.174726 0.580412
vn -0.903874 0.018325 0.427405
vn 0.716008 0.649225 0.256591
vn 0.603393 0.579065 0.548270
vn -0.716008 0.649225 0.256590
vn -0.603393 0.579065 0.548271
vn 0.288083 0.832957 0.472432
vn 0.578080 0.801183 0.154693
vn -0.578080 0.801183 0.154692
vn -0.288083 0.832957 0.472431
vn 0.783012 -0.017264 0.621768
vn 0.855318 -0.074388 0.512735
vn 0.696637 -0.396871 0.597654
vn 0.704633 -0.284122 0.650205
vn -0.704634 -0.284122 0.650205
vn -0.696636 -0.396871 0.597656
vn 0.363135 -0.568656 0.738081
vn 0.435962 -0.504412 0.745323
vn -0.435961 -0.504412 0.745323
vn -0.363134 -0.568655 0.738083
vn -0.000000 -0.624321 0.781168
vn -0.000000 -0.572951 0.819590
vn 0.040241 0.975485 0.216355
vn 0.000000 0.902300 0.431108
vn 0.042889 0.973782 0.223402
vn -0.040241 0.975485 0.216357
vn -0.042889 0.973782 0.223403
vn 0.701323 0.083741 0.707908
vn 0.702611 0.106587 0.703546
vn -0.701323 0.083741 0.707908
vn -0.694597 0.007171 0.719364
vn 0.604786 0.156016 0.780957
vn 0.397951 0.218370 0.891039
vn -0.604786 0.156016 0.780957
vn -0.397951 0.218370 0.891039
vn 0.394975 0.510096 0.764066
vn -0.394975 0.510096 0.764066
vn 0.197206 0.757827 0.621939
vn -0.197206 0.757826 0.621940
vn 0.634398 -0.182690 0.751108
vn 0.694597 0.007171 0.719363
vn -0.634398 -0.182690 0.751108
vn 0.429324 -0.387374 0.815857
vn -0.429324 -0.387374 0.815857
vn -0.000000 -0.488349 0.872648
vn 0.000000 0.835457 0.549556
vn 0.000000 0.730981 0.682398
vn 0.060563 0.648829 0.758520
vn -0.091419 0.558473 0.824470
vn -0.001779 0.673794 0.738917
vn -0.060563 0.648828 0.758521
vn 0.091703 0.559588 0.823682
vn -0.126455 0.698673 0.704177
vn -0.352630 0.615116 0.705184
vn -0.307620 0.719268 0.622915
vn -0.130623 0.756924 0.640315
vn 0.356227 0.612348 0.705785
vn 0.128870 0.697591 0.704812
vn 0.130623 0.756924 0.640315
vn 0.307620 0.719268 0.622916
vn -0.611051 0.560811 0.558666
vn -0.586448 0.327817 0.740685
vn 0.611050 0.560810 0.558668
vn 0.586448 0.327817 0.740685
vn -0.536398 0.546598 0.643046
vn -0.554562 0.545529 0.628378
vn 0.536398 0.546597 0.643046
vn 0.554562 0.545529 0.628379
vn -0.412845 0.589515 0.694284
vn -0.424323 0.581238 0.694343
vn 0.412845 0.589514 0.694285
vn 0.424323 0.581238 0.694343
vn 0.236713 0.657833 0.714998
vn 0.243396 0.656961 0.713555
vn 0.035321 0.383634 0.922810
vn -0.221769 0.282863 0.933170
vn 0.221768 0.282862 0.933171
vn -0.035321 0.383634 0.922809
vn 0.835947 -0.122418 0.534983
vn 0.947065 0.287507 0.142855
vn -0.835946 -0.122419 0.534984
vn -0.947065 0.287507 0.142855
vn 0.742705 0.669369 0.018293
vn -0.742705 0.669369 0.018292
vn 0.568082 0.822405 -0.030549
vn -0.568082 0.822405 -0.030552
vn -0.046487 0.998757 -0.017962
vn -0.046487 0.998757 -0.017962
vn 0.046487 0.998757 -0.017959
vn 0.046487 0.998758 -0.017959
vn 0.910409 0.127178 0.393676
vn 0.861428 -0.061915 0.504092
vn -0.910409 0.127179 0.393676
vn -0.872657 -0.168337 0.458401
vn 0.872658 -0.168337 0.458401
vn 0.696070 -0.442845 0.565133
vn -0.696070 -0.442845 0.565132
vn 0.335483 -0.746175 0.575043
vn 0.326971 -0.664377 0.672081
vn -0.335483 -0.746175 0.575042
vn -0.326971 -0.664378 0.672081
vn -0.000000 -0.818110 0.575062
vn -0.000000 -0.740405 0.672161
vn 0.572259 -0.102451 0.813648
vn 0.717154 0.163110 0.677559
vn 0.677811 0.175877 0.713891
vn -0.717152 0.163109 0.677561
vn -0.572256 -0.102451 0.813650
vn -0.677809 0.175877 0.713892
vn 0.657075 0.439999 0.612089
vn 0.575459 0.441627 0.688341
vn -0.657075 0.439999 0.612089
vn -0.575459 0.441626 0.688341
vn 0.307038 0.678186 0.667676
vn 0.214450 0.598568 0.771834
vn -0.307038 0.678186 0.667676
vn -0.214449 0.598567 0.771835
vn -0.000000 0.702825 0.711363
vn -0.000000 0.545766 0.837938
vn 0.221666 -0.209159 0.952427
vn 0.000000 -0.258446 0.966026
vn -0.221666 -0.209160 0.952427
vn 0.486700 -0.101958 0.867599
vn -0.486700 -0.101958 0.867599
vn 0.695660 -0.017797 0.718151
vn -0.695660 -0.017797 0.718151
vn 0.677626 0.256018 0.689404
vn 0.724926 0.321485 0.609204
vn -0.677626 0.256018 0.689404
vn 0.012546 0.322601 0.946452
vn 0.000000 0.369069 0.929402
vn -0.012546 0.322600 0.946452
vn 0.139035 0.295273 0.945242
vn -0.139035 0.295273 0.945242
vn 0.278408 0.297609 0.913191
vn -0.278409 0.297608 0.913191
vn 0.367150 0.320728 0.873118
vn 0.427422 0.444980 0.786958
vn -0.367151 0.320728 0.873118
vn 0.441437 -0.167578 0.881505
vn 0.439475 0.013562 0.898152
vn -0.441434 -0.167577 0.881507
vn -0.439475 0.013562 0.898153
vn 0.417415 0.158310 0.894820
vn -0.417413 0.158309 0.894821
vn 0.245619 0.194320 0.949690
vn -0.245619 0.194320 0.949690
vn 0.000001 0.115794 0.993273
vn -0.291541 -0.061545 0.954577
vn 0.291541 -0.061545 0.954576
vn 0.000000 -0.101742 0.994811
vn -0.333086 -0.259951 0.906355
vn 0.333087 -0.259952 0.906354
vn -0.083968 0.670985 0.736701
vn -0.236713 0.657833 0.714998
vn -0.243396 0.656960 0.713555
vn -0.100140 0.670043 0.735537
vn 0.083968 0.670984 0.736702
vn 0.100139 0.670043 0.735537
vn 0.056143 0.707182 0.704799
vn -0.008658 0.686703 0.726886
vn -0.056143 0.707182 0.704799
vn 0.008658 0.686702 0.726888
vn 0.505797 0.624811 0.594795
vn 0.429849 0.654057 0.622446
vn -0.505797 0.624811 0.594794
vn -0.429849 0.654058 0.622445
vn 0.788615 0.423294 0.445991
vn 0.791964 0.415821 0.447086
vn -0.788615 0.423294 0.445992
vn -0.791964 0.415821 0.447087
vn 0.689881 0.470052 0.550559
vn 0.680270 0.476016 0.557352
vn -0.689881 0.470053 0.550559
vn -0.680270 0.476017 0.557352
vn -0.264840 0.537555 0.800559
vn -0.436939 0.156357 0.885797
vn 0.004370 0.676934 0.736030
vn 0.268557 0.534193 0.801570
vn 0.436938 0.156358 0.885798
vn 0.263456 -0.154013 0.952298
vn 0.277673 -0.205366 0.938468
vn -0.263458 -0.154013 0.952297
vn -0.277674 -0.205366 0.938468
vn 0.598798 0.552189 0.580110
vn 0.589735 0.552516 0.589015
vn -0.598798 0.552190 0.580111
vn -0.589734 0.552517 0.589015
vn 0.920033 0.344122 0.187402
vn 0.912808 0.354391 0.202949
vn -0.920033 0.344123 0.187402
vn -0.912808 0.354392 0.202949
vn 0.981075 0.175333 -0.082163
vn 0.973353 0.228355 -0.020932
vn -0.981074 0.175334 -0.082165
vn -0.973353 0.228355 -0.020935
vn 0.915483 0.282858 0.286150
vn 0.909703 0.311770 0.274301
vn -0.915484 0.282859 0.286147
vn -0.909703 0.311771 0.274297
vn 0.823840 0.518224 -0.229635
vn 0.787265 0.533501 -0.309178
vn 0.772443 0.597374 -0.215583
vn 0.791897 0.577788 -0.197637
vn 0.701739 0.668673 -0.245842
vn 0.579979 0.789023 -0.202651
vn 0.520779 0.852550 0.044126
vn 0.430669 0.890065 0.149359
vn 0.530203 0.826675 0.188396
vn 0.532434 0.825155 0.188771
vn 0.587123 0.803899 0.095045
vn 0.617997 0.784761 -0.047216
vn 0.352872 0.920417 0.168267
vn 0.274759 0.961448 0.011244
vn 0.117269 0.926921 0.356461
vn -0.024415 0.942814 0.332424
vn -0.022592 0.861588 0.507106
vn -0.091598 0.831690 0.547632
vn -0.183775 0.810555 0.556082
vn -0.201872 0.752568 0.626809
vn -0.569209 0.646438 0.508053
vn -0.557844 0.584533 0.589179
vn -0.376258 0.669912 0.640037
vn -0.356227 0.751254 0.555625
vn -0.660267 0.605167 0.444769
vn -0.649283 0.537186 0.538389
vn -0.247084 0.786530 0.565969
vn -0.555221 0.666454 0.497563
vn -0.105920 0.819598 0.563064
vn 0.105920 0.819598 0.563064
vn 0.247084 0.786530 0.565969
vn 0.555220 0.666454 0.497563
vn 0.557844 0.584533 0.589179
vn 0.649283 0.537186 0.538389
vn 0.660268 0.605168 0.444769
vn 0.569209 0.646438 0.508053
vn 0.201871 0.752567 0.626809
vn 0.376258 0.669912 0.640037
vn 0.356227 0.751255 0.555625
vn 0.183775 0.810555 0.556083
vn 0.091598 0.831690 0.547632
vn 0.022592 0.861588 0.507106
vn 0.024415 0.942814 0.332423
vn -0.117269 0.926922 0.356460
vn -0.274758 0.961448 0.011242
vn -0.352872 0.920417 0.168265
vn -0.617997 0.784761 -0.047217
vn -0.587122 0.803899 0.095043
vn -0.532434 0.825155 0.188770
vn -0.530203 0.826675 0.188395
vn -0.430669 0.890065 0.149357
vn -0.520779 0.852551 0.044125
vn -0.579979 0.789023 -0.202652
vn -0.701739 0.668673 -0.245842
vn -0.787266 0.533502 -0.309174
vn -0.823840 0.518224 -0.229632
vn -0.772443 0.597374 -0.215582
vn -0.791897 0.577788 -0.197635
vn -0.000000 -0.306936 0.951730
vn 0.134493 -0.278305 0.951030
vn 0.234058 -0.223254 0.946242
vn -0.001216 -0.279577 0.960123
vn 0.019655 -0.354076 0.935010
vn -0.134493 -0.278305 0.951030
vn -0.234058 -0.223254 0.946242
vn -0.231914 -0.317664 0.919405
vn -0.211092 -0.388528 0.896931
vn 0.001216 -0.279578 0.960122
vn -0.019656 -0.354075 0.935010
vn 0.211093 -0.388529 0.896931
vn 0.231915 -0.317665 0.919404
vn -0.400096 -0.260545 0.878658
vn -0.319739 -0.370914 0.871889
vn 0.319738 -0.370914 0.871889
vn 0.400096 -0.260545 0.878658
vn -0.358960 -0.183848 0.915067
vn -0.337711 -0.318458 0.885741
vn 0.337711 -0.318457 0.885741
vn 0.358961 -0.183848 0.915067
vn 0.329482 -0.162351 0.930099
vn 0.324764 -0.357619 0.875578
vn -0.329481 -0.162350 0.930099
vn -0.324764 -0.357619 0.875579
vn 0.512490 -0.225475 0.828562
vn 0.419386 -0.417934 0.805882
vn -0.512489 -0.225474 0.828563
vn -0.419387 -0.417934 0.805882
vn 0.598823 -0.153814 0.785972
vn 0.480049 -0.338748 0.809198
vn -0.598821 -0.153814 0.785974
vn -0.480049 -0.338750 0.809198
vn 0.763907 -0.164570 0.623990
vn 0.614334 -0.309607 0.725767
vn -0.763906 -0.164570 0.623991
vn -0.614333 -0.309608 0.725767
vn 0.892439 -0.123020 0.434073
vn 0.730045 -0.266637 0.629237
vn -0.892439 -0.123020 0.434072
vn -0.730046 -0.266636 0.629236
vn 0.875764 -0.053876 0.479723
vn 0.758450 -0.201825 0.619694
vn -0.875764 -0.053874 0.479724
vn -0.758450 -0.201824 0.619695
vn -0.325221 0.141671 0.934965
vn 0.325219 0.141670 0.934966
vn 0.074828 -0.062579 0.995231
vn 0.026727 -0.342368 0.939186
vn -0.099932 0.097907 0.990166
vn -0.074828 -0.062580 0.995231
vn -0.207217 -0.469706 0.858159
vn -0.026728 -0.342367 0.939186
vn 0.207217 -0.469705 0.858160
vn -0.275303 -0.470697 0.838244
vn 0.275303 -0.470698 0.838243
vn -0.268845 -0.493058 0.827415
vn 0.268845 -0.493057 0.827416
vn -0.264118 -0.539989 0.799158
vn 0.264118 -0.539989 0.799158
vn -0.290697 -0.606849 0.739750
vn 0.290696 -0.606847 0.739752
vn -0.235497 -0.597632 0.766405
vn 0.235496 -0.597629 0.766408
vn -0.291762 -0.468914 0.833663
vn 0.291763 -0.468915 0.833663
vn -0.432687 -0.345037 0.832905
vn 0.432687 -0.345038 0.832905
vn -0.576401 -0.227375 0.784896
vn 0.576400 -0.227375 0.784897
vn 0.695432 0.090398 0.712883
vn 0.458546 -0.157385 0.874623
vn 0.056725 -0.129579 0.989945
vn -0.057146 0.048589 0.997183
vn 0.057146 0.048589 0.997183
vn -0.056725 -0.129579 0.989945
vn -0.695433 0.090398 0.712883
vn -0.687152 0.029116 0.725930
vn -0.604266 -0.230325 0.762766
vn -0.414089 -0.390195 0.822361
vn -0.000000 -0.505829 0.862634
vn 0.414090 -0.390195 0.822361
vn 0.604267 -0.230325 0.762766
vn 0.687152 0.029116 0.725930
vn -0.104117 0.189405 0.976363
vn -0.072045 0.168703 0.983031
vn 0.072045 0.168702 0.983031
vn 0.074785 0.088443 0.993270
vn -0.471350 0.148645 0.869330
vn -0.525494 -0.023742 0.850466
vn -0.304915 0.228770 0.924495
vn -0.269579 0.385261 0.882554
vn 0.525494 -0.023742 0.850466
vn 0.471349 0.148644 0.869330
vn 0.269579 0.385263 0.882553
vn 0.304915 0.228771 0.924495
vn 0.120633 0.446863 0.886432
vn 0.099776 0.591133 0.800379
vn -0.099776 0.591135 0.800377
vn -0.120633 0.446864 0.886431
vn 0.403396 0.446175 0.798874
vn 0.354995 0.574748 0.737322
vn -0.354995 0.574747 0.737322
vn -0.403396 0.446174 0.798874
vn 0.571028 0.379267 0.728069
vn 0.548713 0.469074 0.692015
vn -0.548713 0.469072 0.692015
vn -0.571028 0.379266 0.728069
vn 0.754013 0.166279 0.635465
vn 0.745985 0.199271 0.635451
vn -0.745985 0.199272 0.635451
vn -0.754013 0.166280 0.635464
vn 0.795575 -0.089403 0.599222
vn 0.734073 -0.082109 0.674088
vn -0.734073 -0.082107 0.674088
vn -0.795575 -0.089402 0.599222
vn 0.790566 -0.177752 0.586012
vn 0.667821 -0.198673 0.717317
vn -0.667821 -0.198672 0.717318
vn -0.790565 -0.177751 0.586013
vn 0.517455 -0.114575 0.848006
vn 0.545639 -0.092347 0.832917
vn -0.517452 -0.114576 0.848007
vn -0.545638 -0.092348 0.832918
vn 0.563384 -0.085845 0.821723
vn -0.563384 -0.085845 0.821723
vn 0.590392 -0.027547 0.806646
vn 0.580785 -0.027202 0.813602
vn -0.580785 -0.027202 0.813603
vn -0.590394 -0.027549 0.806645
vn 0.575850 -0.028876 0.817046
vn -0.575848 -0.028876 0.817046
vn 0.575320 -0.069350 0.814983
vn 0.570626 -0.036408 0.820403
vn -0.570627 -0.036408 0.820402
vn -0.575322 -0.069350 0.814982
vn 0.569212 -0.013752 0.822076
vn -0.569213 -0.013751 0.822075
vn 0.521674 -0.033088 0.852503
vn 0.528177 0.002127 0.849132
vn -0.528178 0.002127 0.849131
vn -0.521674 -0.033089 0.852503
vn 0.542229 0.019556 0.840003
vn -0.542231 0.019557 0.840002
vn 0.432701 0.089558 0.897078
vn 0.461079 0.087461 0.883038
vn -0.461079 0.087461 0.883038
vn -0.432701 0.089558 0.897078
vn 0.485377 0.081068 0.870539
vn -0.485377 0.081067 0.870539
vn 0.364135 0.228068 0.902990
vn 0.391203 0.178665 0.902795
vn -0.391203 0.178665 0.902795
vn -0.364134 0.228068 0.902990
vn 0.414392 0.145083 0.898460
vn -0.414392 0.145082 0.898460
vn 0.361254 0.210925 0.908298
vn 0.347331 0.190446 0.918200
vn -0.347331 0.190445 0.918200
vn -0.361254 0.210924 0.908299
vn 0.390282 0.238268 0.889330
vn -0.390281 0.238267 0.889331
vn 0.318425 0.187880 0.929143
vn 0.269887 0.201182 0.941641
vn -0.269887 0.201183 0.941641
vn -0.318424 0.187880 0.929143
vn 0.377682 0.159792 0.912043
vn -0.377681 0.159791 0.912044
vn -0.074785 0.088443 0.993270
vn 0.104117 0.189405 0.976363
vn 0.099932 0.097907 0.990166
vn 0.105668 0.180342 0.977912
vn 0.020544 0.201467 0.979280
vn -0.020545 0.201467 0.979280
vn -0.105668 0.180342 0.977912
vn 0.235200 0.130123 0.963197
vn -0.235199 0.130123 0.963198
vn -0.702611 0.106587 0.703546
vn -0.458547 -0.157385 0.874623
vn -0.781359 0.086455 0.618064
vn -0.859937 -0.039815 0.508845
vn -0.861428 -0.061914 0.504092
vn -0.525416 -0.181947 0.831163
vn -0.429619 -0.228939 0.873507
vn -0.279740 -0.316256 0.906492
vn -0.000000 -0.354086 0.935213
vn 0.279743 -0.316259 0.906490
vn 0.429621 -0.228940 0.873506
vn 0.525418 -0.181948 0.831162
vn -0.782412 -0.206006 0.587702
vn -0.637601 -0.148099 0.755997
vn 0.637600 -0.148100 0.755998
vn 0.782413 -0.206007 0.587700
vn -0.647791 -0.147660 0.747371
vn -0.575461 -0.047099 0.816472
vn 0.575461 -0.047099 0.816472
vn 0.647791 -0.147660 0.747371
vn -0.682164 -0.118143 0.721592
vn -0.576522 -0.078527 0.813299
vn 0.576524 -0.078528 0.813298
vn 0.682164 -0.118143 0.721592
vn -0.617035 -0.117566 0.778104
vn -0.615892 -0.101524 0.781262
vn 0.615894 -0.101524 0.781261
vn 0.617036 -0.117566 0.778103
vn -0.528278 -0.182714 0.829179
vn -0.549298 -0.188388 0.814114
vn 0.549298 -0.188388 0.814114
vn 0.528276 -0.182714 0.829180
vn -0.350334 -0.379421 0.856333
vn -0.453332 -0.338460 0.824581
vn 0.453333 -0.338462 0.824580
vn 0.350333 -0.379420 0.856334
vn -0.138518 -0.582168 0.801182
vn -0.236494 -0.484728 0.842086
vn 0.236495 -0.484731 0.842084
vn 0.138518 -0.582169 0.801181
vn 0.053095 -0.614188 0.787371
vn 0.007822 -0.507412 0.861668
vn -0.007822 -0.507414 0.861667
vn -0.053095 -0.614190 0.787370
vn 0.141291 -0.555824 0.819205
vn 0.124703 -0.438697 0.889941
vn -0.124703 -0.438698 0.889940
vn -0.141291 -0.555825 0.819205
vn 0.315292 -0.381001 0.869154
vn 0.337131 -0.322778 0.884397
vn -0.337130 -0.322777 0.884397
vn -0.315291 -0.381000 0.869155
vn 0.232843 -0.531546 0.814398
vn -0.232844 -0.531546 0.814397
vn 0.108330 -0.699189 0.706682
vn -0.108331 -0.699190 0.706681
vn 0.176536 -0.654633 0.735045
vn -0.176536 -0.654636 0.735042
vn 0.525232 -0.182098 0.831247
vn -0.525234 -0.182099 0.831246
vn 0.620566 -0.123315 0.774397
vn -0.620565 -0.123315 0.774398
vn 0.676363 -0.143807 0.722394
vn -0.676363 -0.143808 0.722394
vn 0.790003 -0.151175 0.594173
vn -0.790004 -0.151176 0.594171
vn 0.891696 -0.428497 0.145839
vn 0.903938 -0.263148 0.337119
vn -0.903938 -0.263149 0.337119
vn -0.891696 -0.428496 0.145839
vn 0.901258 -0.415609 -0.122487
vn 0.913376 -0.405801 0.032715
vn -0.913375 -0.405802 0.032715
vn -0.901258 -0.415609 -0.122486
vn -0.862193 -0.151159 0.483502
vn 0.862195 -0.151159 0.483498
vn 0.859021 -0.473374 -0.194935
vn 0.939154 -0.336083 0.070978
vn -0.939154 -0.336084 0.070977
vn -0.859021 -0.473374 -0.194935
vn -0.949460 -0.312073 0.033707
vn 0.949460 -0.312072 0.033708
vn 0.881545 -0.177933 -0.437285
vn -0.881545 -0.177932 -0.437285
vn -0.820094 0.394202 -0.414790
vn -0.817248 0.392285 -0.422160
vn 0.820095 0.394203 -0.414788
vn 0.817248 0.392286 -0.422159
vn 0.885180 0.202098 -0.419063
vn -0.885179 0.202098 -0.419064
vn 0.932065 -0.103931 -0.347064
vn 0.904358 0.174931 -0.389275
vn -0.904358 0.174931 -0.389276
vn -0.932065 -0.103931 -0.347064
vn 0.914010 -0.339331 -0.222351
vn -0.914010 -0.339331 -0.222351
vn 0.896600 -0.415909 -0.152079
vn -0.896600 -0.415908 -0.152080
vn 0.865133 -0.495161 -0.079757
vn -0.865133 -0.495161 -0.079757
vn 0.802342 -0.592800 -0.069535
vn 0.841782 -0.531268 -0.095690
vn -0.841783 -0.531267 -0.095690
vn -0.802343 -0.592799 -0.069535
vn 0.764310 -0.626231 -0.153836
vn 0.764901 -0.643950 0.015964
vn -0.764902 -0.643949 0.015964
vn -0.764311 -0.626230 -0.153836
vn 0.549192 -0.824885 0.133990
vn 0.624646 -0.753058 0.206690
vn -0.624647 -0.753057 0.206691
vn -0.549192 -0.824884 0.133991
vn 0.370966 -0.908307 0.193297
vn 0.420644 -0.808097 0.412356
vn -0.420644 -0.808097 0.412357
vn -0.370965 -0.908306 0.193298
vn 0.231652 -0.715121 0.659499
vn -0.231652 -0.715122 0.659499
vn 0.416891 -0.375891 0.827592
vn -0.416891 -0.375891 0.827592
vn 0.618977 -0.074397 0.781878
vn -0.618977 -0.074397 0.781878
vn -0.724926 0.321485 0.609204
vn -0.427422 0.444979 0.786959
vn 0.889587 -0.072863 -0.450918
vn 0.797184 0.212140 -0.565239
vn -0.797183 0.212140 -0.565239
vn -0.889586 -0.072863 -0.450918
vn 0.920617 -0.262767 -0.288821
vn -0.920617 -0.262767 -0.288821
vn 0.921721 -0.359464 -0.145661
vn -0.921721 -0.359464 -0.145661
vn 0.917613 -0.396680 -0.025138
vn -0.917613 -0.396680 -0.025138
vn 0.894566 -0.436476 0.096128
vn -0.894566 -0.436477 0.096128
vn 0.847909 -0.491647 0.198329
vn -0.847909 -0.491647 0.198329
vn 0.753757 -0.545085 0.367059
vn -0.753757 -0.545086 0.367059
vn 0.652677 -0.485539 0.581605
vn -0.652677 -0.485539 0.581605
vn 0.596120 -0.281243 0.752026
vn -0.596120 -0.281243 0.752027
vn 0.668193 -0.033016 0.743255
vn -0.668193 -0.033016 0.743255
vn 0.716791 0.063274 0.694411
vn -0.716791 0.063274 0.694411
vn 0.821185 -0.006566 -0.570624
vn 0.693475 0.257476 -0.672903
vn -0.693475 0.257475 -0.672903
vn -0.821185 -0.006566 -0.570625
vn 0.886122 -0.231900 -0.401260
vn -0.886123 -0.231900 -0.401260
vn 0.926604 -0.307383 -0.216614
vn -0.926604 -0.307382 -0.216614
vn 0.949586 -0.311111 -0.038675
vn -0.949586 -0.311112 -0.038674
vn 0.963330 -0.187501 0.191936
vn -0.963330 -0.187502 0.191936
vn 0.927582 -0.233623 0.291567
vn -0.927583 -0.233623 0.291567
vn 0.888829 -0.250844 0.383485
vn -0.888829 -0.250844 0.383485
vn 0.842791 -0.226924 0.488067
vn -0.842791 -0.226924 0.488067
vn 0.812226 -0.136669 0.567107
vn -0.812226 -0.136669 0.567107
vn 0.788774 -0.088810 0.608234
vn -0.788774 -0.088810 0.608234
vn 0.713404 -0.134491 0.687726
vn -0.713404 -0.134491 0.687726
vn -0.000000 -0.586445 0.809989
vn 0.355503 -0.504341 0.786929
vn -0.355503 -0.504341 0.786929
vn -0.000000 -0.700488 0.713664
vn 0.305942 -0.653620 0.692228
vn -0.305942 -0.653620 0.692229
vn 0.000000 -0.822008 0.569477
vn 0.308556 -0.780452 0.543771
vn -0.308556 -0.780452 0.543772
vn -0.000000 -0.917924 0.396755
vn 0.352123 -0.859866 0.369647
vn -0.352123 -0.859866 0.369647
vn 0.000000 -0.970336 0.241760
vn 0.388794 -0.892422 0.228959
vn -0.388794 -0.892422 0.228959
vn 0.434379 -0.888059 0.150554
vn 0.000000 -0.981931 0.189239
vn 0.000000 -0.999677 0.025401
vn 0.481997 -0.876150 -0.006299
vn -0.434379 -0.888059 0.150555
vn -0.481997 -0.876150 -0.006299
vn 0.000000 -0.983727 -0.179672
vn 0.511184 -0.843430 -0.165281
vn -0.511184 -0.843429 -0.165281
vn 0.000000 -0.959727 -0.280934
vn 0.517320 -0.826072 -0.223573
vn -0.517320 -0.826072 -0.223573
vn 0.414787 -0.865425 -0.281056
vn 0.000000 -0.934591 -0.355724
vn -0.000000 -0.953662 -0.300881
vn 0.347404 -0.894362 -0.281830
vn -0.414787 -0.865424 -0.281056
vn -0.347404 -0.894362 -0.281830
vn -0.000000 -0.999996 0.002817
vn 0.348007 -0.929693 -0.120675
vn -0.348007 -0.929693 -0.120674
vn 0.000000 -0.910734 0.412994
vn 0.481971 -0.855671 0.188496
vn -0.481970 -0.855672 0.188496
vn 0.560197 -0.379182 0.736479
vn -0.560197 -0.379182 0.736479
vn 0.530640 -0.554078 0.641420
vn -0.530640 -0.554078 0.641420
vn 0.518789 -0.702843 0.486693
vn -0.518789 -0.702843 0.486693
vn 0.510410 -0.794481 0.329063
vn -0.510410 -0.794481 0.329062
vn 0.496556 -0.839305 0.221358
vn -0.496556 -0.839305 0.221358
vn 0.481770 -0.867198 0.125957
vn 0.506937 -0.861137 -0.038191
vn -0.481770 -0.867198 0.125957
vn -0.506937 -0.861137 -0.038191
vn 0.555704 -0.804280 -0.210539
vn -0.555704 -0.804280 -0.210539
vn 0.604639 -0.771121 -0.199461
vn -0.604639 -0.771121 -0.199460
vn 0.579744 -0.791544 -0.193274
vn 0.525536 -0.815504 -0.242416
vn -0.579744 -0.791544 -0.193274
vn -0.525536 -0.815504 -0.242416
vn 0.484819 -0.861698 -0.149756
vn -0.484819 -0.861698 -0.149756
vn 0.572011 -0.817872 0.062354
vn -0.572011 -0.817872 0.062354
vn 0.541649 -0.840579 0.006579
vn 0.592886 -0.790919 -0.151437
vn -0.592886 -0.790919 -0.151437
vn -0.541649 -0.840579 0.006580
vn 0.684734 -0.697577 -0.211012
vn -0.684734 -0.697577 -0.211013
vn 0.664826 -0.714829 -0.216853
vn -0.664826 -0.714829 -0.216854
vn 0.536954 -0.811678 -0.229911
vn 0.565648 -0.791170 -0.232580
vn -0.536954 -0.811679 -0.229910
vn -0.565648 -0.791170 -0.232580
vn 0.518058 -0.850905 -0.087042
vn -0.518058 -0.850906 -0.087042
vn 0.477310 -0.865928 0.149481
vn -0.477310 -0.865928 0.149481
vn 0.552798 -0.792378 0.257975
vn 0.615742 -0.721538 0.316613
vn -0.552798 -0.792379 0.257975
vn -0.615742 -0.721538 0.316614
vn 0.673077 -0.595651 0.438369
vn -0.673077 -0.595651 0.438369
vn 0.708066 -0.434536 0.556616
vn -0.708066 -0.434536 0.556616
vn 0.715985 -0.276137 0.641182
vn -0.715985 -0.276137 0.641182
vn 0.780363 0.503400 -0.370973
vn 0.915166 0.323934 -0.239872
vn 0.892045 0.423052 -0.159004
vn 0.792092 0.591215 -0.151841
vn -0.915166 0.323934 -0.239872
vn -0.780364 0.503401 -0.370972
vn -0.792092 0.591215 -0.151841
vn -0.892045 0.423052 -0.159004
vn 0.983217 0.172758 -0.058635
vn 0.961277 0.256803 -0.099991
vn -0.983217 0.172758 -0.058635
vn -0.961277 0.256803 -0.099992
vn 0.994650 0.077679 0.068099
vn 0.992812 0.119459 -0.007371
vn -0.994650 0.077680 0.068100
vn -0.992812 0.119459 -0.007371
vn 0.989769 -0.008260 0.142443
vn 0.996773 0.031203 0.073963
vn -0.989769 -0.008260 0.142442
vn -0.996773 0.031203 0.073963
vn 0.987199 -0.034310 0.155761
vn -0.987199 -0.034311 0.155761
vn 0.963137 -0.092435 0.252634
vn -0.963137 -0.092435 0.252634
vn 0.929465 -0.135392 0.343168
vn -0.929465 -0.135391 0.343168
vn 0.899564 -0.159452 0.406644
vn -0.899564 -0.159452 0.406644
vn 0.867393 -0.175566 0.465624
vn -0.867393 -0.175565 0.465624
vn 0.821170 -0.199776 0.534574
vn -0.821170 -0.199776 0.534574
vn 0.887283 0.457369 -0.059513
vn 0.784987 0.618927 -0.026925
vn -0.784987 0.618926 -0.026925
vn -0.887283 0.457369 -0.059513
vn 0.940132 0.332517 -0.074732
vn -0.940132 0.332517 -0.074732
vn 0.974039 0.222614 -0.041113
vn -0.974039 0.222615 -0.041113
vn 0.992746 0.116854 0.028287
vn -0.992746 0.116854 0.028287
vn 0.992335 0.071835 0.100551
vn -0.992335 0.071834 0.100551
vn 0.980803 0.043492 0.190091
vn -0.980803 0.043492 0.190091
vn 0.952401 -0.034660 0.302871
vn -0.952401 -0.034659 0.302872
vn 0.913653 -0.133722 0.383871
vn -0.913653 -0.133721 0.383871
vn 0.878413 -0.214787 0.426916
vn -0.878413 -0.214787 0.426916
vn 0.823627 -0.310586 0.474526
vn -0.823627 -0.310586 0.474526
vn 0.883810 0.451489 -0.122632
vn 0.764386 0.629322 -0.140238
vn -0.764387 0.629322 -0.140238
vn -0.883810 0.451489 -0.122632
vn 0.935730 0.337312 -0.103104
vn -0.935730 0.337312 -0.103103
vn 0.959680 0.270729 -0.075636
vn -0.959680 0.270729 -0.075636
vn 0.982716 0.183430 -0.024970
vn -0.982716 0.183430 -0.024970
vn 0.991658 0.125722 0.028435
vn -0.991658 0.125722 0.028436
vn 0.992983 0.087529 0.079524
vn -0.992983 0.087529 0.079525
vn 0.985030 -0.004268 0.172329
vn -0.985030 -0.004268 0.172329
vn 0.931613 -0.190958 0.309245
vn -0.931613 -0.190958 0.309245
vn 0.864494 -0.339787 0.370399
vn -0.864494 -0.339787 0.370399
vn 0.792502 -0.461962 0.398160
vn -0.792502 -0.461962 0.398161
vn 0.848763 0.460456 -0.259965
vn 0.706744 0.636873 -0.308068
vn -0.706744 0.636873 -0.308068
vn -0.848763 0.460457 -0.259965
vn 0.920127 0.322986 -0.221465
vn -0.920127 0.322985 -0.221465
vn 0.954322 0.230048 -0.190652
vn -0.954322 0.230048 -0.190651
vn 0.974111 0.147220 -0.171567
vn -0.974110 0.147220 -0.171567
vn 0.987227 0.084617 -0.134989
vn -0.987227 0.084617 -0.134989
vn 0.996808 0.016030 -0.078205
vn -0.996808 0.016030 -0.078205
vn 0.994404 -0.104234 -0.017210
vn -0.994404 -0.104235 -0.017210
vn 0.948593 -0.294927 0.114843
vn -0.948593 -0.294927 0.114843
vn 0.843109 -0.464782 0.270454
vn -0.843109 -0.464782 0.270454
vn 0.738028 -0.597883 0.312811
vn -0.738028 -0.597883 0.312811
vn 0.800799 0.474987 -0.364841
vn 0.652583 0.637441 -0.409639
vn -0.652583 0.637441 -0.409640
vn -0.800798 0.474987 -0.364842
vn 0.890758 0.325586 -0.317086
vn -0.890758 0.325586 -0.317086
vn 0.941506 0.190753 -0.277812
vn -0.941506 0.190753 -0.277812
vn 0.959529 0.071462 -0.272392
vn -0.959529 0.071462 -0.272392
vn 0.957842 -0.004227 -0.287264
vn -0.957842 -0.004226 -0.287264
vn 0.966384 -0.056376 -0.250847
vn -0.966384 -0.056376 -0.250847
vn 0.972821 -0.169156 -0.158131
vn -0.972821 -0.169157 -0.158131
vn 0.998055 -0.062056 0.006011
vn -0.998055 -0.062056 0.006011
vn 0.875914 -0.405193 0.261903
vn -0.875915 -0.405192 0.261903
vn 0.682090 -0.658346 0.318330
vn -0.682090 -0.658346 0.318330
vn 0.649097 0.752058 -0.114376
vn 0.620070 0.685574 -0.381447
vn -0.649097 0.752058 -0.114376
vn -0.620069 0.685574 -0.381448
vn -0.463764 0.811971 -0.354437
vn -0.538867 0.833878 -0.119461
vn 0.463764 0.811972 -0.354436
vn 0.538867 0.833878 -0.119461
vn 0.509145 0.853692 -0.109460
vn 0.282032 0.890711 -0.356498
vn -0.282033 0.890711 -0.356499
vn -0.509145 0.853692 -0.109460
vn 0.367114 0.924017 0.106860
vn -0.021803 0.974419 -0.223679
vn 0.021803 0.974419 -0.223680
vn -0.367114 0.924017 0.106860
vn -0.011695 0.934869 0.354801
vn -0.381459 0.915718 0.126293
vn 0.381460 0.915718 0.126293
vn 0.011695 0.934869 0.354801
vn -0.152671 0.889517 0.430640
vn -0.467181 0.821408 0.327155
vn 0.467181 0.821408 0.327155
vn 0.152671 0.889518 0.430640
vn 0.490244 0.506074 -0.709613
vn 0.614740 0.482080 -0.624254
vn -0.490244 0.506074 -0.709613
vn -0.614741 0.482080 -0.624253
vn -0.410472 0.673699 -0.614526
vn -0.308267 0.670048 -0.675283
vn 0.410472 0.673699 -0.614527
vn 0.308267 0.670048 -0.675283
vn 0.155181 0.809734 -0.565906
vn 0.237751 0.813308 -0.531042
vn -0.237750 0.813307 -0.531042
vn -0.155180 0.809733 -0.565907
vn -0.072750 0.941425 -0.329281
vn 0.042119 0.947883 -0.315822
vn -0.042119 0.947883 -0.315822
vn 0.072750 0.941426 -0.329281
vn -0.384417 0.922986 -0.017918
vn -0.282660 0.958785 0.028885
vn 0.282660 0.958785 0.028886
vn 0.384417 0.922986 -0.017916
vn -0.629049 0.729122 0.269590
vn -0.509990 0.800845 0.313938
vn 0.509990 0.800845 0.313938
vn 0.629049 0.729121 0.269591
vn 0.815847 0.425510 -0.391580
vn -0.815847 0.425510 -0.391580
vn -0.641462 0.648398 -0.410008
vn 0.641461 0.648398 -0.410009
vn 0.422610 0.814250 -0.397994
vn -0.422610 0.814249 -0.397994
vn 0.221003 0.949112 -0.224376
vn -0.221003 0.949112 -0.224376
vn 0.007723 0.998367 0.056595
vn -0.007723 0.998367 0.056595
vn -0.241767 0.893992 0.377263
vn 0.241767 0.893992 0.377263
vn 0.866034 0.392818 -0.309319
vn -0.866034 0.392818 -0.309320
vn -0.748543 0.596544 -0.289514
vn 0.748543 0.596544 -0.289514
vn 0.566535 0.792470 -0.225899
vn -0.566535 0.792469 -0.225900
vn 0.401099 0.909657 -0.107905
vn -0.401099 0.909657 -0.107906
vn 0.204683 0.974786 0.088865
vn -0.204683 0.974786 0.088864
vn -0.054696 0.915530 0.398514
vn 0.054696 0.915530 0.398514
vn 0.141199 0.920811 0.363552
vn -0.141199 0.920811 0.363553
vn 0.320070 0.919238 0.229255
vn -0.320070 0.919237 0.229255
vn 0.433357 0.886970 0.159646
vn -0.433357 0.886970 0.159646
vn 0.531865 0.835665 0.137051
vn -0.531865 0.835665 0.137051
vn 0.546772 0.834853 0.063727
vn -0.546771 0.834853 0.063727
vn 0.623087 0.781418 -0.033899
vn -0.623086 0.781418 -0.033898
vn 0.742434 0.658547 -0.122913
vn -0.742434 0.658547 -0.122912
vn 0.755066 0.639888 -0.142896
vn -0.755066 0.639887 -0.142897
vn 0.837401 0.521116 -0.164916
vn -0.837402 0.521115 -0.164916
vn 0.821555 0.467659 -0.326104
vn -0.821555 0.467659 -0.326102
vn 0.011048 0.891203 0.453471
vn -0.011048 0.891203 0.453471
vn 0.171395 0.878590 0.445762
vn -0.171395 0.878590 0.445762
vn 0.374462 0.795353 0.476647
vn -0.374462 0.795352 0.476647
vn 0.774556 -0.526974 -0.349803
vn 0.788594 -0.590627 -0.171111
vn 0.866628 -0.478229 -0.142315
vn 0.886049 -0.371911 -0.276765
vn -0.774556 -0.526974 -0.349803
vn -0.788594 -0.590627 -0.171111
vn 0.689216 -0.717057 -0.103976
vn 0.842207 -0.529434 -0.101917
vn -0.689216 -0.717057 -0.103976
vn 0.597398 -0.801584 -0.024073
vn 0.812672 -0.569662 -0.122671
vn -0.597398 -0.801583 -0.024073
vn 0.952745 -0.257556 -0.161067
vn 0.935628 -0.292005 -0.198328
vn -0.866628 -0.478229 -0.142315
vn -0.886049 -0.371912 -0.276765
vn -0.935628 -0.292005 -0.198328
vn -0.952745 -0.257556 -0.161067
vn 0.939957 -0.210324 -0.268783
vn 0.926920 -0.097444 -0.362388
vn -0.926919 -0.097444 -0.362388
vn -0.939957 -0.210324 -0.268783
vn 0.970706 -0.153697 -0.184680
vn -0.842207 -0.529434 -0.101917
vn -0.970706 -0.153697 -0.184680
vn 0.958881 -0.082307 -0.271613
vn -0.812673 -0.569662 -0.122671
vn -0.958881 -0.082307 -0.271613
vn 0.966662 0.043574 -0.252323
vn 0.970020 -0.084464 -0.227874
vn -0.970020 -0.084464 -0.227874
vn -0.966662 0.043574 -0.252323
vn 0.972313 -0.107138 -0.207676
vn -0.972313 -0.107137 -0.207676
vn 0.922381 0.241571 -0.301426
vn -0.922381 0.241571 -0.301426
vn 0.851806 0.375301 -0.365480
vn -0.851806 0.375301 -0.365480
vn 0.882760 0.298718 -0.362634
vn 0.935265 0.162608 -0.314385
vn -0.935265 0.162608 -0.314385
vn -0.882760 0.298718 -0.362634
vn 0.963217 0.088685 -0.253669
vn -0.963217 0.088684 -0.253669
vn 0.789757 0.464527 -0.400623
vn -0.789757 0.464527 -0.400623
vn 0.725435 0.567081 -0.390081
vn -0.725435 0.567082 -0.390081
vn 0.779625 0.428237 -0.456943
vn 0.857054 0.323931 -0.400659
vn -0.857054 0.323931 -0.400659
vn -0.779625 0.428238 -0.456943
vn 0.910727 0.252087 -0.327152
vn -0.910727 0.252087 -0.327152
vn 0.679901 0.560210 -0.473180
vn -0.679901 0.560210 -0.473180
vn 0.645222 0.649381 -0.402483
vn -0.645222 0.649381 -0.402483
vn 0.567955 0.653011 -0.501003
vn 0.728093 0.511254 -0.456618
vn 0.650854 0.540317 -0.533336
vn 0.501727 0.647274 -0.573853
vn -0.728093 0.511254 -0.456618
vn -0.567956 0.653011 -0.501002
vn -0.501727 0.647274 -0.573852
vn -0.650854 0.540316 -0.533336
vn 0.842155 0.368937 -0.393269
vn 0.770478 0.426678 -0.473614
vn -0.842155 0.368937 -0.393269
vn -0.770478 0.426678 -0.473614
vn 0.684700 0.497740 -0.532392
vn -0.684700 0.497740 -0.532392
vn 0.596138 0.599918 -0.533590
vn -0.596137 0.599918 -0.533590
vn 0.586666 0.698372 -0.410000
vn -0.586666 0.698372 -0.410000
vn 0.584089 0.565516 -0.582263
vn 0.474280 0.635297 -0.609472
vn -0.474280 0.635297 -0.609471
vn -0.584089 0.565516 -0.582263
vn 0.530108 0.630078 -0.567440
vn 0.475024 0.660464 -0.581498
vn -0.475024 0.660464 -0.581498
vn -0.530107 0.630078 -0.567440
vn 0.557535 0.726741 -0.401251
vn 0.533245 0.751773 -0.387928
vn -0.533245 0.751773 -0.387927
vn -0.557535 0.726741 -0.401251
vn 0.603628 0.797186 -0.011325
vn -0.603628 0.797186 -0.011325
vn 0.525791 0.849815 -0.036867
vn 0.599975 0.798180 -0.054208
vn -0.599975 0.798180 -0.054208
vn -0.525791 0.849815 -0.036867
vn 0.706891 0.693941 0.136932
vn -0.706891 0.693941 0.136933
vn 0.547110 0.823196 -0.151723
vn -0.547110 0.823196 -0.151723
vn 0.459697 0.872562 -0.165274
vn 0.579983 0.803569 -0.133778
vn -0.579983 0.803569 -0.133779
vn -0.459697 0.872562 -0.165274
vn 0.486750 0.807603 -0.332944
vn -0.486750 0.807603 -0.332944
vn 0.393052 0.853266 -0.342707
vn 0.554760 0.770924 -0.312918
vn -0.554760 0.770924 -0.312918
vn -0.393052 0.853266 -0.342707
vn 0.463651 0.778699 -0.422676
vn -0.463651 0.778699 -0.422677
vn 0.372797 0.832535 -0.409765
vn 0.541037 0.744074 -0.391960
vn -0.541037 0.744074 -0.391960
vn -0.372797 0.832535 -0.409766
vn 0.437198 0.731291 -0.523519
vn 0.405124 0.703794 -0.583565
vn -0.437198 0.731291 -0.523518
vn -0.405125 0.703795 -0.583564
vn 0.512363 0.702711 -0.493641
vn 0.384843 0.755152 -0.530699
vn 0.417183 0.707816 -0.570049
vn 0.602472 0.630347 -0.489583
vn -0.384843 0.755152 -0.530699
vn -0.512363 0.702711 -0.493641
vn -0.602471 0.630347 -0.489583
vn -0.417183 0.707816 -0.570048
vn 0.402374 0.677524 -0.615675
vn -0.402374 0.677524 -0.615675
vn 0.480111 0.647668 -0.591624
vn 0.769193 0.474364 -0.428159
vn -0.769193 0.474365 -0.428159
vn -0.480111 0.647668 -0.591625
vn 0.416264 0.688801 -0.593530
vn -0.416264 0.688801 -0.593530
vn 0.404855 0.672685 -0.619345
vn -0.404854 0.672685 -0.619345
vn 0.494092 0.775628 -0.392778
vn -0.494092 0.775628 -0.392778
vn 0.332323 0.822234 -0.462053
vn -0.332322 0.822235 -0.462052
vn 0.844267 0.529937 -0.079873
vn -0.844267 0.529937 -0.079873
vn 0.892106 0.418252 -0.170915
vn -0.892106 0.418252 -0.170916
vn 0.849560 0.397178 -0.347126
vn -0.849560 0.397178 -0.347127
vn 0.864214 0.399183 -0.306247
vn 0.910019 0.335432 -0.243621
vn -0.864214 0.399183 -0.306247
vn -0.910019 0.335431 -0.243621
vn 0.969377 0.197199 -0.146360
vn -0.969377 0.197199 -0.146360
vn 0.745832 0.312079 -0.588508
vn -0.745832 0.312079 -0.588508
vn -0.755256 0.610106 -0.239497
vn -0.532701 0.756301 -0.379788
vn -0.388794 0.820609 -0.418856
vn -0.471565 0.763884 -0.440578
vn -0.619754 0.651134 -0.438097
vn -0.768358 0.494409 -0.406431
vn -0.867826 0.343815 -0.358705
vn -0.930923 0.204707 -0.302454
vn -0.963310 0.048309 -0.264007
vn -0.956289 -0.075362 -0.282546
vn -0.933274 -0.113091 -0.340897
vn -0.946837 -0.123669 -0.296996
vn -0.825047 0.101273 0.555915
vn -0.535209 -0.715070 0.449696
vn 0.535209 -0.715070 0.449695
vn 0.825047 0.101272 0.555915
vn 0.946837 -0.123669 -0.296996
vn 0.933274 -0.113090 -0.340897
vn 0.956289 -0.075362 -0.282545
vn 0.963310 0.048309 -0.264007
vn 0.930923 0.204707 -0.302454
vn 0.867826 0.343815 -0.358705
vn 0.768358 0.494409 -0.406431
vn 0.619754 0.651134 -0.438097
vn 0.471565 0.763884 -0.440577
vn 0.388794 0.820609 -0.418856
vn 0.532701 0.756301 -0.379788
vn 0.755256 0.610106 -0.239496
vn 0.979696 -0.083085 -0.182461
vn -0.979696 -0.083085 -0.182460
vn 0.974785 0.029917 -0.221134
vn 0.990288 0.130501 -0.047956
vn -0.990288 0.130501 -0.047956
vn -0.974784 0.029917 -0.221134
vn 0.979360 0.201570 -0.014951
vn -0.979360 0.201570 -0.014952
vn 0.961571 0.264329 0.074235
vn -0.961571 0.264329 0.074235
vn 0.967099 0.081463 -0.241003
vn 0.986233 0.155220 -0.057022
vn -0.986233 0.155220 -0.057022
vn -0.967099 0.081463 -0.241004
vn 0.996155 0.087541 0.003435
vn -0.996155 0.087541 0.003435
vn 0.988318 0.105148 0.110324
vn -0.988318 0.105148 0.110324
vn 0.655687 0.609032 0.446268
vn -0.655687 0.609031 0.446268
vn 0.870725 0.304580 0.386096
vn -0.870725 0.304579 0.386096
vn 0.000000 0.607689 0.794175
vn 0.989813 0.116481 0.081873
vn 0.000000 0.688662 0.725083
vn -0.989813 0.116481 0.081873
vn 0.989093 0.128411 0.072149
vn 0.905818 0.326874 0.269531
vn -0.905818 0.326874 0.269530
vn -0.989093 0.128411 0.072149
vn 0.980547 0.185932 0.062906
vn 0.884745 0.440391 0.152588
vn -0.884745 0.440391 0.152588
vn -0.980547 0.185933 0.062906
vn 0.997036 0.076087 -0.011406
vn -0.997036 0.076087 -0.011406
vn 0.997707 0.064087 -0.021770
vn -0.997707 0.064087 -0.021770
vn 0.992031 0.116176 -0.048771
vn -0.992031 0.116176 -0.048771
vn 0.964854 0.253943 -0.067601
vn 0.882358 0.460540 -0.096686
vn -0.882358 0.460540 -0.096686
vn -0.964854 0.253943 -0.067601
vn 0.951459 0.256286 -0.170421
vn 0.857356 0.438341 -0.269811
vn -0.857356 0.438341 -0.269811
vn -0.951459 0.256286 -0.170420
vn 0.921799 0.326273 -0.209361
vn 0.802652 0.492870 -0.335901
vn -0.802652 0.492869 -0.335901
vn -0.921799 0.326273 -0.209361
vn 0.869500 0.398782 -0.291449
vn 0.627617 0.615925 -0.476165
vn -0.627617 0.615925 -0.476166
vn -0.869500 0.398782 -0.291450
vn 0.965371 0.115451 -0.233946
vn -0.965371 0.115451 -0.233946
vn 0.996207 0.078720 -0.037072
vn -0.996207 0.078720 -0.037072
vn 0.997869 0.058182 -0.029542
vn -0.997869 0.058182 -0.029542
vn 0.995457 0.083851 -0.045115
vn -0.995457 0.083851 -0.045115
vn 0.973727 0.117754 -0.194909
vn -0.973727 0.117754 -0.194908
vn 0.961816 0.169882 -0.214594
vn -0.961816 0.169882 -0.214594
vn 0.429995 0.360966 -0.827531
vn -0.429997 0.360967 -0.827530
vn 0.342194 0.180132 -0.922202
vn -0.342197 0.180132 -0.922200
vn 0.339687 -0.137989 -0.930361
vn -0.339687 -0.137989 -0.930361
vn 0.427051 -0.376676 -0.822036
vn -0.427051 -0.376676 -0.822036
vn 0.572137 -0.295945 -0.764902
vn -0.572137 -0.295945 -0.764902
vn -0.000000 0.692912 -0.721022
vn -0.000000 0.986512 -0.163690
vn 0.950400 0.271136 0.152397
vn 0.718341 0.551068 0.424629
vn -0.718341 0.551068 0.424630
vn -0.950400 0.271136 0.152398
vn 0.935273 0.332107 0.122350
vn 0.747475 0.565104 0.349196
vn -0.747474 0.565104 0.349198
vn -0.935273 0.332107 0.122351
vn 0.936205 0.349101 -0.040602
vn 0.825342 0.543983 0.151304
vn -0.825342 0.543982 0.151305
vn -0.936206 0.349100 -0.040602
vn 0.952792 0.295447 -0.069996
vn 0.907935 0.416081 0.050318
vn -0.907935 0.416080 0.050318
vn -0.952792 0.295447 -0.069996
vn 0.976575 0.205821 -0.062764
vn 0.945457 0.325432 -0.014320
vn -0.945457 0.325432 -0.014321
vn -0.976575 0.205821 -0.062764
vn 0.983874 0.162778 -0.074128
vn 0.958714 0.263453 -0.107051
vn -0.958714 0.263453 -0.107051
vn -0.983874 0.162778 -0.074128
vn 0.996905 0.031637 -0.071973
vn 0.996730 0.075767 -0.028080
vn -0.996905 0.031637 -0.071973
vn -0.996730 0.075766 -0.028080
vn 0.994081 0.096568 -0.049771
vn -0.994081 0.096568 -0.049771
vn 0.980526 -0.008176 -0.196217
vn -0.980526 -0.008175 -0.196217
vn 0.990172 0.086987 -0.109510
vn 0.988036 0.133501 -0.077219
vn -0.990172 0.086987 -0.109510
vn -0.988036 0.133501 -0.077219
vn 0.977552 0.168822 -0.126062
vn -0.977552 0.168822 -0.126062
vn 0.960760 0.006990 -0.277291
vn -0.960761 0.006990 -0.277290
vn 0.965036 0.190814 -0.179710
vn 0.954133 0.242221 -0.175953
vn -0.965036 0.190814 -0.179710
vn -0.954133 0.242221 -0.175953
vn 0.947379 0.250066 -0.199850
vn -0.947379 0.250066 -0.199849
vn 0.939328 0.088269 -0.331470
vn -0.939328 0.088269 -0.331470
vn 0.967818 0.181039 -0.174793
vn 0.945112 0.251291 -0.208843
vn -0.967818 0.181039 -0.174793
vn -0.945112 0.251290 -0.208843
vn 0.942456 0.264038 -0.205089
vn -0.942456 0.264038 -0.205089
vn 0.942397 0.207677 -0.262216
vn -0.942397 0.207677 -0.262217
vn 0.991818 0.078030 -0.101036
vn 0.986491 0.116383 -0.115285
vn -0.991818 0.078030 -0.101036
vn -0.986491 0.116382 -0.115285
vn 0.981157 0.151475 -0.119939
vn -0.981157 0.151475 -0.119939
vn 0.961450 0.193471 -0.195407
vn -0.961450 0.193471 -0.195406
vn 0.993676 0.071923 -0.086232
vn 0.995383 0.061078 -0.074044
vn -0.993676 0.071922 -0.086232
vn -0.995383 0.061077 -0.074044
vn 0.994401 0.077031 -0.072339
vn -0.994401 0.077031 -0.072338
vn 0.988575 0.107608 -0.105550
vn -0.988575 0.107608 -0.105549
vn 0.973514 0.168075 -0.154988
vn 0.983342 0.126373 -0.130650
vn -0.973514 0.168075 -0.154989
vn -0.983342 0.126373 -0.130649
vn 0.984192 0.125286 -0.125182
vn -0.984192 0.125286 -0.125181
vn 0.979832 0.134158 -0.148091
vn -0.979832 0.134157 -0.148090
vn 0.932514 0.131220 -0.336452
vn -0.932514 0.131220 -0.336452
vn 0.900589 0.064740 -0.429823
vn -0.900589 0.064739 -0.429823
vn 0.870970 -0.118684 -0.476787
vn -0.870970 -0.118684 -0.476787
vn 0.829552 -0.357421 -0.429062
vn -0.829553 -0.357421 -0.429059
vn 0.816887 -0.367760 -0.444352
vn -0.816887 -0.367759 -0.444352
vn 0.756276 -0.231917 -0.611768
vn -0.756276 -0.231917 -0.611769
vn -0.000000 0.178501 -0.983940
vn -0.000000 0.805324 -0.592834
vn -0.000000 0.939428 -0.342746
vn 0.665681 0.745532 -0.032420
vn 0.624247 0.773582 0.109021
vn -0.624248 0.773582 0.109021
vn -0.665682 0.745531 -0.032419
vn 0.369286 -0.759828 0.535061
vn 0.718432 -0.580503 0.383237
vn -0.718432 -0.580504 0.383237
vn -0.369284 -0.759828 0.535062
vn 0.918726 0.382924 0.096499
vn 0.878631 0.411974 0.241421
vn -0.878632 0.411974 0.241421
vn -0.918726 0.382924 0.096499
vn 0.960067 0.210219 0.184607
vn 0.912027 0.310357 0.268116
vn -0.912027 0.310356 0.268115
vn -0.960067 0.210218 0.184607
vn 0.959085 0.220975 0.176992
vn 0.911125 0.340558 0.232101
vn -0.911126 0.340557 0.232099
vn -0.959085 0.220975 0.176991
vn 0.959561 0.245263 0.138159
vn 0.911508 0.364121 0.191229
vn -0.911508 0.364122 0.191228
vn -0.959561 0.245263 0.138159
vn 0.960183 0.256025 0.111801
vn 0.914433 0.367717 0.169106
vn -0.914433 0.367717 0.169107
vn -0.960183 0.256025 0.111801
vn 0.965486 0.246016 0.085514
vn 0.916044 0.373719 0.145592
vn -0.916044 0.373719 0.145592
vn -0.965486 0.246015 0.085514
vn 0.967476 0.246616 0.056318
vn 0.913487 0.392221 0.108190
vn -0.913487 0.392220 0.108190
vn -0.967476 0.246615 0.056318
vn 0.969803 0.242578 0.025251
vn 0.911238 0.407314 0.061159
vn -0.911239 0.407313 0.061158
vn -0.969803 0.242578 0.025250
vn 0.966274 0.257340 -0.009571
vn 0.911727 0.410792 0.001791
vn -0.911728 0.410791 0.001790
vn -0.966274 0.257340 -0.009572
vn 0.964697 0.259983 -0.042064
vn 0.907466 0.415746 -0.060502
vn -0.907466 0.415745 -0.060502
vn -0.964697 0.259982 -0.042063
vn 0.957261 0.274993 -0.089616
vn 0.891095 0.433025 -0.135791
vn -0.891095 0.433025 -0.135790
vn -0.957261 0.274993 -0.089616
vn 0.935527 0.302221 -0.182898
vn 0.883133 0.392113 -0.257532
vn -0.883134 0.392113 -0.257531
vn -0.935527 0.302221 -0.182898
vn 0.783436 -0.597019 0.172618
vn -0.783436 -0.597019 0.172618
vn 0.615999 -0.782318 0.092326
vn -0.615999 -0.782318 0.092326
vn 0.595367 -0.803433 0.005731
vn -0.595367 -0.803433 0.005731
vn 0.804351 -0.563093 -0.189595
vn 0.919378 -0.062348 -0.388403
vn -0.919378 -0.062348 -0.388403
vn -0.804350 -0.563093 -0.189595
vn 0.814961 0.386041 -0.432217
vn -0.814961 0.386041 -0.432217
vn 0.740217 0.542642 -0.397013
vn -0.740217 0.542642 -0.397012
vn 0.698586 0.635980 -0.327882
vn -0.698586 0.635980 -0.327881
vn 0.655774 0.704990 -0.270092
vn -0.655774 0.704990 -0.270091
vn 0.606851 0.761632 -0.227265
vn 0.573757 0.795312 -0.195658
vn -0.573756 0.795312 -0.195658
vn -0.606851 0.761632 -0.227264
vn 0.627327 0.765548 -0.142817
vn -0.627327 0.765548 -0.142818
vn 0.497093 -0.631677 0.594881
vn 0.497093 -0.631677 0.594881
vn 0.803115 -0.444750 0.396489
vn -0.497092 -0.631678 0.594881
vn -0.803115 -0.444750 0.396489
vn -0.497092 -0.631678 0.594881
vn 0.935416 -0.329171 0.129009
vn -0.935416 -0.329172 0.129009
vn 0.789669 -0.613528 -0.002549
vn -0.789669 -0.613528 -0.002549
vn 0.649332 -0.743754 -0.158740
vn -0.649333 -0.743753 -0.158739
vn 0.757767 -0.528059 -0.383331
vn 0.837311 -0.091346 -0.539042
vn -0.837311 -0.091347 -0.539042
vn -0.757767 -0.528059 -0.383331
vn 0.779898 0.296431 -0.551260
vn -0.779898 0.296431 -0.551260
vn 0.749385 0.449655 -0.486037
vn -0.749386 0.449655 -0.486036
vn 0.721260 0.555874 -0.413265
vn -0.721261 0.555874 -0.413264
vn 0.677304 0.647252 -0.349749
vn -0.677304 0.647252 -0.349749
vn 0.625663 0.717925 -0.305173
vn 0.659607 0.715301 -0.230790
vn -0.659606 0.715301 -0.230790
vn -0.625663 0.717925 -0.305173
vn 0.824729 0.557600 -0.094364
vn -0.824729 0.557600 -0.094364
vn 0.964286 0.261611 0.041380
vn -0.964286 0.261611 0.041380
vn 0.989158 0.110798 0.096383
vn -0.989158 0.110798 0.096383
vn 0.991755 0.101066 0.078792
vn -0.991755 0.101066 0.078792
vn 0.992399 0.116899 0.038447
vn -0.992399 0.116898 0.038448
vn 0.993785 0.110905 0.009549
vn -0.993785 0.110905 0.009550
vn 0.995500 0.094677 -0.004009
vn -0.995500 0.094676 -0.004009
vn 0.996697 0.081145 -0.003380
vn -0.996697 0.081145 -0.003380
vn 0.997171 0.075099 0.003179
vn -0.997171 0.075099 0.003179
vn 0.996686 0.081321 -0.001880
vn -0.996686 0.081321 -0.001880
vn 0.994604 0.100273 -0.026600
vn -0.994604 0.100274 -0.026600
vn 0.955425 0.218543 -0.198498
vn -0.955426 0.218542 -0.198498
vn 0.833248 0.525594 -0.171605
vn -0.833248 0.525595 -0.171604
vn 0.973406 0.226932 -0.031351
vn -0.973406 0.226932 -0.031350
vn 0.995506 0.085686 0.040314
vn -0.995506 0.085686 0.040314
vn 0.996666 0.075834 0.030106
vn -0.996666 0.075834 0.030106
vn 0.995242 0.097281 -0.005450
vn -0.995242 0.097281 -0.005449
vn 0.994889 0.099731 -0.015823
vn -0.994889 0.099731 -0.015823
vn 0.995492 0.094721 -0.004911
vn -0.995492 0.094721 -0.004911
vn 0.995372 0.095939 0.005451
vn -0.995372 0.095939 0.005451
vn 0.994605 0.103690 -0.003039
vn -0.994605 0.103690 -0.003038
vn 0.992889 0.115152 -0.030200
vn -0.992889 0.115152 -0.030199
vn 0.955607 0.194895 -0.220977
vn -0.955607 0.194895 -0.220977
vn 0.673650 0.643931 -0.362696
vn -0.673650 0.643931 -0.362696
vn 0.842486 0.454435 -0.289320
vn -0.842486 0.454435 -0.289320
vn 0.976586 0.199139 -0.081386
vn -0.976586 0.199138 -0.081386
vn 0.995933 0.084586 0.031030
vn -0.995933 0.084586 0.031030
vn 0.995477 0.093688 0.015753
vn -0.995477 0.093688 0.015754
vn 0.993195 0.115952 -0.010939
vn -0.993195 0.115952 -0.010939
vn 0.993353 0.115030 -0.004163
vn -0.993353 0.115030 -0.004163
vn 0.994235 0.107113 0.004825
vn -0.994235 0.107113 0.004826
vn 0.994592 0.103571 -0.007689
vn -0.994592 0.103571 -0.007689
vn 0.994338 0.100586 -0.034264
vn -0.994338 0.100586 -0.034264
vn 0.958477 0.150439 -0.242259
vn -0.958477 0.150439 -0.242258
vn 0.654056 0.597936 -0.463340
vn -0.654056 0.597936 -0.463340
vn 0.691391 0.522513 -0.498958
vn -0.691392 0.522514 -0.498956
vn 0.874730 0.363732 -0.320229
vn -0.874730 0.363732 -0.320229
vn 0.985055 0.167754 -0.039051
vn -0.985055 0.167754 -0.039051
vn 0.993533 0.105198 0.042738
vn -0.993533 0.105198 0.042738
vn 0.992322 0.123659 0.002407
vn -0.992322 0.123659 0.002407
vn 0.992104 0.124847 -0.011943
vn -0.992104 0.124847 -0.011943
vn 0.994380 0.105382 -0.010106
vn -0.994380 0.105382 -0.010106
vn 0.996219 0.084690 -0.019353
vn -0.996219 0.084690 -0.019353
vn 0.996588 0.070637 -0.042694
vn -0.996588 0.070637 -0.042694
vn 0.958510 0.098299 -0.267574
vn -0.958510 0.098299 -0.267573
vn 0.695353 0.494079 -0.521891
vn -0.695354 0.494079 -0.521890
vn 0.659253 0.459751 -0.594991
vn -0.659254 0.459752 -0.594990
vn 0.752937 0.405289 -0.518485
vn -0.752938 0.405289 -0.518484
vn 0.939370 0.266478 -0.215807
vn -0.939370 0.266478 -0.215807
vn 0.989924 0.140245 0.019558
vn -0.989924 0.140245 0.019557
vn 0.992995 0.117756 0.009709
vn -0.992995 0.117755 0.009709
vn 0.993400 0.110460 -0.030920
vn -0.993400 0.110460 -0.030920
vn 0.995759 0.083991 -0.037540
vn -0.995759 0.083991 -0.037540
vn 0.997709 0.057307 -0.035961
vn -0.997709 0.057307 -0.035961
vn 0.997705 0.041828 -0.053255
vn -0.997705 0.041828 -0.053255
vn 0.954559 0.052356 -0.293387
vn -0.954559 0.052356 -0.293387
vn 0.729935 0.377784 -0.569626
vn -0.729935 0.377784 -0.569627
vn 0.691493 0.350967 -0.631395
vn -0.691493 0.350967 -0.631395
vn 0.704537 0.334630 -0.625820
vn -0.704538 0.334629 -0.625819
vn 0.869237 0.270110 -0.414087
vn -0.869237 0.270110 -0.414086
vn 0.984575 0.152219 -0.086260
vn -0.984575 0.152219 -0.086260
vn 0.995709 0.091862 -0.011213
vn -0.995709 0.091862 -0.011214
vn 0.995807 0.072271 -0.056091
vn -0.995807 0.072271 -0.056091
vn 0.996704 0.050958 -0.063129
vn -0.996704 0.050958 -0.063129
vn 0.998248 0.033062 -0.049063
vn -0.998248 0.033062 -0.049063
vn 0.997780 0.022346 -0.062734
vn -0.997780 0.022346 -0.062734
vn 0.951238 0.017800 -0.307945
vn -0.951238 0.017799 -0.307945
vn 0.755406 0.211975 -0.620023
vn -0.755405 0.211975 -0.620024
vn 0.726020 0.158420 -0.669178
vn -0.726019 0.158420 -0.669178
vn 0.718378 0.134555 -0.682516
vn -0.718379 0.134555 -0.682515
vn 0.832902 0.106188 -0.543137
vn -0.832902 0.106188 -0.543137
vn 0.976067 0.061003 -0.208739
vn -0.976067 0.061004 -0.208739
vn 0.998230 0.028220 -0.052342
vn -0.998230 0.028220 -0.052342
vn 0.997072 0.020538 -0.073662
vn -0.997072 0.020538 -0.073662
vn 0.997123 0.018551 -0.073501
vn -0.997123 0.018550 -0.073501
vn 0.998343 0.016552 -0.055106
vn -0.998343 0.016552 -0.055106
vn 0.997548 0.012633 -0.068840
vn -0.997548 0.012633 -0.068839
vn 0.945217 -0.000445 -0.326441
vn -0.945217 -0.000446 -0.326441
vn 0.765718 -0.141026 -0.627525
vn -0.765718 -0.141027 -0.627525
vn 0.731139 -0.191436 -0.654819
vn -0.731139 -0.191436 -0.654820
vn 0.742537 -0.197806 -0.639931
vn -0.742537 -0.197805 -0.639931
vn 0.861625 -0.142995 -0.486986
vn -0.861625 -0.142995 -0.486986
vn 0.977388 -0.075658 -0.197456
vn -0.977388 -0.075658 -0.197456
vn 0.996713 -0.045995 -0.066699
vn -0.996713 -0.045995 -0.066699
vn 0.996772 -0.033413 -0.073008
vn -0.996772 -0.033413 -0.073008
vn 0.997784 -0.016285 -0.064511
vn -0.997784 -0.016285 -0.064511
vn 0.998703 -0.001570 -0.050900
vn -0.998703 -0.001570 -0.050900
vn 0.997778 0.004387 -0.066490
vn -0.997778 0.004387 -0.066490
vn 0.945567 -0.021809 -0.324695
vn -0.945567 -0.021809 -0.324695
vn 0.701657 -0.501577 -0.506061
vn -0.701657 -0.501577 -0.506061
vn 0.739095 -0.447193 -0.503743
vn -0.739095 -0.447193 -0.503743
vn 0.846407 -0.304086 -0.437181
vn -0.846407 -0.304086 -0.437181
vn 0.946992 -0.148691 -0.284775
vn -0.946992 -0.148691 -0.284775
vn 0.992241 -0.070932 -0.102108
vn -0.992241 -0.070931 -0.102108
vn 0.996749 -0.056504 -0.057444
vn -0.996749 -0.056504 -0.057444
vn 0.996770 -0.052814 -0.060492
vn -0.996771 -0.052814 -0.060492
vn 0.998209 -0.039268 -0.045131
vn -0.998209 -0.039268 -0.045131
vn 0.999070 -0.022166 -0.036975
vn -0.999070 -0.022166 -0.036975
vn 0.998494 -0.009783 -0.053978
vn -0.998494 -0.009783 -0.053978
vn 0.945259 -0.063887 -0.320007
vn -0.945259 -0.063886 -0.320007
vn 0.746957 -0.589014 -0.308412
vn -0.746957 -0.589014 -0.308411
vn 0.894280 -0.341843 -0.288801
vn -0.894281 -0.341843 -0.288800
vn 0.970902 -0.129541 -0.201415
vn -0.970902 -0.129541 -0.201415
vn 0.990361 -0.044860 -0.131047
vn -0.990361 -0.044860 -0.131047
vn 0.997324 -0.024241 -0.068973
vn -0.997324 -0.024241 -0.068973
vn 0.997758 -0.031298 -0.059160
vn -0.997758 -0.031298 -0.059160
vn 0.998110 -0.035211 -0.050363
vn -0.998110 -0.035211 -0.050363
vn 0.998958 -0.033394 -0.031115
vn -0.998958 -0.033394 -0.031115
vn 0.999293 -0.029251 -0.023637
vn -0.999293 -0.029251 -0.023637
vn 0.999081 -0.022119 -0.036709
vn -0.999081 -0.022119 -0.036709
vn 0.942890 -0.115647 -0.312386
vn -0.942890 -0.115647 -0.312386
vn 0.937312 -0.328344 -0.116776
vn -0.937312 -0.328345 -0.116775
vn 0.985670 -0.133988 -0.102475
vn -0.985671 -0.133988 -0.102474
vn 0.994393 -0.067552 -0.081355
vn -0.994393 -0.067552 -0.081355
vn 0.996390 -0.044076 -0.072559
vn -0.996390 -0.044077 -0.072559
vn 0.997095 -0.031536 -0.069332
vn -0.997095 -0.031536 -0.069333
vn 0.997927 -0.022013 -0.060476
vn -0.997927 -0.022013 -0.060476
vn 0.998755 -0.018421 -0.046355
vn -0.998755 -0.018421 -0.046355
vn 0.999404 -0.018379 -0.029205
vn -0.999404 -0.018379 -0.029205
vn 0.999589 -0.020668 -0.019851
vn -0.999589 -0.020668 -0.019851
vn 0.999439 -0.022396 -0.024884
vn -0.999439 -0.022396 -0.024884
vn 0.929687 -0.171970 -0.325743
vn -0.929687 -0.171970 -0.325743
vn 0.980114 -0.191953 0.050307
vn -0.980114 -0.191953 0.050307
vn 0.990807 -0.134824 0.011102
vn -0.990807 -0.134824 0.011102
vn 0.994395 -0.104384 -0.016799
vn -0.994395 -0.104384 -0.016800
vn 0.996558 -0.077561 -0.029268
vn -0.996558 -0.077562 -0.029268
vn 0.997700 -0.056304 -0.037750
vn -0.997700 -0.056304 -0.037749
vn 0.998187 -0.040574 -0.044457
vn -0.998187 -0.040574 -0.044456
vn 0.998731 -0.026736 -0.042681
vn -0.998731 -0.026735 -0.042681
vn 0.999151 -0.020619 -0.035679
vn -0.999151 -0.020619 -0.035679
vn 0.999450 -0.020583 -0.026016
vn -0.999450 -0.020583 -0.026016
vn 0.999361 -0.024523 -0.026025
vn -0.999361 -0.024523 -0.026025
vn 0.909560 -0.235604 -0.342331
vn -0.909560 -0.235604 -0.342332
vn 0.856216 -0.413453 0.309760
vn -0.856216 -0.413453 0.309759
vn 0.895720 -0.378952 0.232552
vn -0.895720 -0.378953 0.232552
vn 0.918498 -0.357646 0.168674
vn -0.918498 -0.357646 0.168674
vn 0.927073 -0.359345 0.106803
vn -0.927073 -0.359345 0.106804
vn 0.932174 -0.360389 0.034230
vn -0.932174 -0.360389 0.034231
vn 0.939578 -0.341095 -0.029100
vn -0.939578 -0.341095 -0.029100
vn 0.933422 -0.344330 -0.100796
vn -0.933422 -0.344330 -0.100796
vn 0.937656 -0.314886 -0.147134
vn -0.937656 -0.314886 -0.147134
vn 0.923369 -0.319783 -0.212437
vn -0.923369 -0.319783 -0.212437
vn 0.920241 -0.312402 -0.235714
vn -0.920241 -0.312402 -0.235714
vn 0.865326 -0.357522 -0.351267
vn -0.865326 -0.357522 -0.351267
vn 0.604621 -0.603945 0.519311
vn 0.604621 -0.603945 0.519311
vn -0.604622 -0.603944 0.519311
vn -0.604622 -0.603944 0.519311
vn 0.718679 -0.554795 0.419169
vn 0.755135 -0.541620 0.369349
vn -0.718679 -0.554796 0.419168
vn -0.755135 -0.541620 0.369349
vn 0.796003 -0.534371 0.284300
vn -0.796003 -0.534372 0.284300
vn 0.810065 -0.553833 0.192521
vn -0.810064 -0.553833 0.192522
vn 0.814984 -0.573031 0.086238
vn -0.814984 -0.573030 0.086239
vn 0.821105 -0.570682 -0.010477
vn -0.821105 -0.570682 -0.010477
vn 0.827632 -0.550492 -0.109472
vn -0.827632 -0.550492 -0.109471
vn 0.827809 -0.524717 -0.198505
vn -0.827810 -0.524716 -0.198505
vn 0.813830 -0.504525 -0.288332
vn -0.813830 -0.504525 -0.288333
vn 0.769135 -0.512683 -0.381559
vn -0.769135 -0.512683 -0.381560
vn 0.733128 -0.487321 -0.474385
vn -0.733128 -0.487322 -0.474384
vn 0.775627 -0.351105 -0.524526
vn -0.775626 -0.351106 -0.524527
vn 0.825139 -0.257915 -0.502619
vn -0.825139 -0.257915 -0.502619
vn 0.852463 -0.182457 -0.489914
vn -0.852463 -0.182457 -0.489914
vn 0.862039 -0.110106 -0.494738
vn -0.862039 -0.110106 -0.494738
vn 0.862482 -0.047108 -0.503891
vn -0.862482 -0.047109 -0.503891
vn 0.867411 -0.012119 -0.497444
vn -0.867411 -0.012119 -0.497444
vn 0.878918 0.014804 -0.476744
vn -0.878918 0.014804 -0.476744
vn 0.890675 0.055705 -0.451215
vn -0.890675 0.055705 -0.451215
vn 0.896817 0.114784 -0.427252
vn -0.896817 0.114784 -0.427252
vn 0.901367 0.176501 -0.395455
vn -0.901367 0.176501 -0.395455
vn 0.906822 0.230358 -0.353001
vn -0.906822 0.230358 -0.353001
vn 0.906160 0.279531 -0.317389
vn -0.906160 0.279530 -0.317389
vn 0.133034 -0.507721 0.851188
vn 0.654858 0.290325 0.697762
vn -0.654859 0.290325 0.697762
vn -0.133034 -0.507722 0.851188
vn -0.263596 -0.331421 0.905913
vn 0.683285 0.291340 0.669509
vn -0.683285 0.291340 0.669509
vn 0.263596 -0.331420 0.905913
vn -0.601300 -0.301092 0.740123
vn 0.746172 0.287210 0.600614
vn -0.746173 0.287209 0.600614
vn 0.601301 -0.301092 0.740122
vn -0.737154 -0.395514 0.547880
vn 0.842279 0.126755 0.523928
vn -0.842279 0.126754 0.523928
vn 0.737154 -0.395515 0.547879
vn -0.708289 -0.578548 0.404486
vn 0.867412 -0.205553 0.453150
vn -0.867412 -0.205553 0.453149
vn 0.708290 -0.578548 0.404485
vn -0.660275 -0.681818 0.314899
vn 0.942654 -0.300345 0.145587
vn -0.942654 -0.300346 0.145588
vn 0.660275 -0.681817 0.314900
vn -0.773187 -0.619992 0.133385
vn 0.937416 -0.310162 -0.158273
vn -0.937416 -0.310162 -0.158272
vn 0.773188 -0.619991 0.133385
vn -0.774888 -0.630158 0.049503
vn 0.883251 -0.321759 -0.341085
vn -0.883251 -0.321759 -0.341086
vn 0.774888 -0.630158 0.049503
vn -0.774451 -0.626584 -0.087278
vn 0.830090 -0.291938 -0.475104
vn -0.830090 -0.291938 -0.475104
vn 0.774451 -0.626584 -0.087279
vn -0.729807 -0.612442 -0.303803
vn 0.746112 -0.252538 -0.616069
vn -0.746112 -0.252538 -0.616069
vn 0.729807 -0.612442 -0.303803
vn -0.536138 -0.574104 -0.618838
vn 0.780456 -0.007835 -0.625162
vn -0.780456 -0.007835 -0.625162
vn 0.536139 -0.574104 -0.618837
vn -0.732130 -0.467709 -0.495211
vn 0.701911 0.251337 -0.666446
vn -0.701911 0.251338 -0.666446
vn 0.732131 -0.467709 -0.495210
vn -0.822080 -0.329974 -0.464006
vn 0.473933 0.434370 -0.765970
vn -0.473933 0.434369 -0.765971
vn 0.822079 -0.329975 -0.464007
vn -0.873752 -0.243232 -0.421184
vn 0.387540 0.622366 -0.680054
vn -0.387540 0.622366 -0.680054
vn 0.873751 -0.243233 -0.421185
vn -0.844897 -0.300922 -0.442262
vn 0.039453 0.656439 -0.753347
vn -0.039454 0.656439 -0.753347
vn 0.844897 -0.300923 -0.442262
vn -0.022934 -0.900104 -0.435072
vn 0.388451 -0.075150 -0.918400
vn -0.388451 -0.075149 -0.918400
vn 0.022934 -0.900104 -0.435072
vn -0.965202 0.181777 -0.187997
vn 0.965202 0.181777 -0.187998
vn -0.743777 0.662731 -0.087080
vn -0.819724 0.550766 0.157192
vn 0.819724 0.550766 0.157192
vn 0.743777 0.662732 -0.087080
vn -0.782963 0.619593 -0.055434
vn -0.793420 0.559762 0.239063
vn 0.793420 0.559761 0.239063
vn 0.782963 0.619593 -0.055433
vn -0.902514 0.424216 -0.074226
vn -0.890477 0.401316 0.214466
vn 0.890477 0.401316 0.214466
vn 0.902514 0.424216 -0.074226
vn -0.956934 0.276899 -0.087210
vn -0.942968 0.287083 0.168510
vn 0.942968 0.287083 0.168509
vn 0.956934 0.276898 -0.087210
vn -0.990685 0.073150 -0.114856
vn -0.989859 0.094475 0.106082
vn 0.989859 0.094475 0.106082
vn 0.990685 0.073150 -0.114857
vn 0.798791 0.254551 -0.545103
vn -0.798791 0.254551 -0.545103
vn 0.880051 0.343583 -0.327812
vn -0.880051 0.343583 -0.327812
vn 0.566465 0.735019 -0.372646
vn -0.566465 0.735019 -0.372646
vn 0.685912 0.694358 -0.217698
vn -0.685912 0.694358 -0.217698
vn 0.707495 0.609769 -0.357257
vn -0.707495 0.609769 -0.357257
vn 0.753689 0.611986 -0.239638
vn -0.753689 0.611986 -0.239638
vn 0.807985 0.471274 -0.353639
vn -0.807985 0.471274 -0.353640
vn 0.851427 0.449643 -0.269988
vn -0.851427 0.449643 -0.269988
vn 0.866956 0.361434 -0.343151
vn -0.866956 0.361435 -0.343151
vn 0.916560 0.301476 -0.262736
vn -0.916560 0.301477 -0.262736
vn 0.935793 0.162321 -0.312959
vn -0.935793 0.162321 -0.312959
vn 0.961315 0.098331 -0.257304
vn -0.961314 0.098330 -0.257304
vn 0.077398 -0.996443 -0.033322
vn -0.077398 -0.996443 -0.033323
vn 0.100013 -0.981877 -0.160984
vn -0.100013 -0.981877 -0.160984
vn 0.086078 -0.985639 -0.145281
vn -0.086078 -0.985639 -0.145280
vn -0.066388 -0.993938 -0.087630
vn 0.066388 -0.993938 -0.087630
vn -0.712061 -0.700005 -0.054435
vn 0.712061 -0.700005 -0.054436
vn -0.596957 -0.793525 -0.118152
vn 0.596957 -0.793525 -0.118152
vn -0.530739 -0.847513 0.006136
vn 0.530739 -0.847513 0.006136
vn -0.601950 -0.787850 0.130185
vn 0.601950 -0.787851 0.130185
vn -0.879983 -0.468869 -0.076104
vn 0.879983 -0.468869 -0.076104
vn -0.809863 -0.586451 -0.014020
vn 0.809863 -0.586451 -0.014020
vn -0.717750 -0.670480 0.187859
vn 0.717750 -0.670480 0.187859
vn -0.759915 -0.620471 0.193766
vn 0.759914 -0.620472 0.193766
vn -0.932357 -0.361533 0.001950
vn 0.932357 -0.361533 0.001949
vn -0.930476 -0.351541 0.103117
vn 0.930476 -0.351541 0.103117
vn -0.873735 -0.407655 0.265337
vn 0.873735 -0.407655 0.265337
vn -0.851741 -0.476819 0.217212
vn 0.851741 -0.476819 0.217212
vn -0.948529 -0.297646 0.108169
vn 0.948529 -0.297646 0.108169
vn -0.952139 -0.238629 0.191015
vn 0.952139 -0.238629 0.191015
vn -0.932803 -0.270477 0.238162
vn 0.932803 -0.270477 0.238162
vn -0.916178 -0.374673 0.142258
vn 0.916178 -0.374673 0.142258
vn -0.483614 -0.340057 0.806523
vn -0.357488 -0.223244 0.906843
vn 0.357488 -0.223243 0.906843
vn 0.483615 -0.340057 0.806522
vn 0.141248 -0.110465 0.983792
vn -0.141247 -0.110465 0.983792
vn 0.487356 -0.064498 0.870818
vn -0.487356 -0.064498 0.870818
vn 0.659365 -0.065705 0.748947
vn -0.659364 -0.065704 0.748947
vn 0.791596 -0.135309 0.595876
vn -0.791596 -0.135307 0.595876
vn 0.844365 -0.180881 0.504310
vn -0.844366 -0.180881 0.504310
vn 0.770651 -0.280112 0.572394
vn -0.770651 -0.280112 0.572394
vn -0.242387 -0.520962 0.818442
vn -0.246522 -0.471293 0.846824
vn 0.246522 -0.471292 0.846824
vn 0.242387 -0.520962 0.818442
vn 0.066504 -0.454795 0.888109
vn -0.066505 -0.454795 0.888110
vn 0.385800 -0.402205 0.830295
vn -0.385800 -0.402205 0.830295
vn 0.601440 -0.344243 0.720948
vn -0.601438 -0.344243 0.720950
vn 0.725089 -0.303984 0.617932
vn -0.725090 -0.303983 0.617932
vn 0.028988 -0.545318 0.837728
vn -0.028989 -0.545318 0.837728
vn 0.191549 -0.493073 0.848639
vn -0.191550 -0.493074 0.848638
vn 0.604633 -0.392870 0.692873
vn -0.604631 -0.392871 0.692873
vn 0.427697 -0.434503 0.792643
vn -0.427696 -0.434504 0.792643
vn 0.251474 -0.449783 0.857004
vn -0.251476 -0.449784 0.857003
vn -0.139698 0.460044 0.876838
vn 0.000000 0.425926 0.904758
vn 0.139699 0.460045 0.876837
vn -0.212887 0.441328 0.871727
vn 0.212888 0.441330 0.871726
vn -0.160417 0.444973 0.881059
vn 0.160418 0.444974 0.881059
vn 0.101024 0.485899 0.868157
vn -0.101022 0.485898 0.868158
vn 0.144901 0.454309 0.878981
vn -0.144901 0.454312 0.878979
vn 0.697971 0.343021 0.628628
vn 0.589158 0.269870 0.761619
vn -0.697971 0.343020 0.628628
vn -0.589164 0.269872 0.761614
vn 0.340092 0.279107 0.898018
vn -0.340097 0.279111 0.898015
vn -0.156065 0.359999 0.919807
vn 0.000000 0.216296 0.976328
vn 0.156066 0.360001 0.919806
s 1
g Fishy
usemtl lambert3SG
f 1/1/1 2/2/2 434/3/3 435/4/4
f 441/5/5 442/6/6 5/7/7 6/8/8
f 10/9/9 9/10/10 351/11/11 352/12/12
f 12/13/13 11/14/14 340/15/15 341/16/16
f 14/17/17 9/10/10 10/9/9 13/18/18
f 12/13/13 15/19/19 16/20/20 11/14/14
f 18/21/21 17/22/22 14/17/17 13/18/18
f 20/23/23 19/24/24 16/20/20 15/19/19
f 4/25/25 3/26/26 21/27/27 22/28/28
f 6/8/8 5/7/7 23/29/29 24/30/30
f 22/28/28 21/27/27 25/31/31 26/32/32
f 24/30/30 23/29/29 27/33/33 28/34/34
f 26/32/32 25/31/31 29/35/35 30/1804/36
f 28/34/34 27/33/33 30/36/36 29/1801/35
f 17/22/37 18/21/21 31/37/38 32/1802/39
f 19/24/24 20/23/40 32/38/41 31/1803/38
f 1/1/1 435/4/4 436/39/42 243/40/43
f 5/7/7 442/6/6 443/41/44 252/42/45
f 10/9/9 352/12/12 353/43/46 244/44/47
f 339/45/48 340/15/15 11/14/14 250/46/49
f 13/18/18 10/9/9 244/44/47 245/47/50
f 11/14/14 16/20/20 249/48/51 250/46/49
f 18/21/21 13/18/18 245/47/50 246/49/52
f 16/20/20 19/24/24 248/50/53 249/48/51
f 4/25/25 22/28/28 257/51/54 242/52/55
f 23/29/29 5/7/7 252/42/45 253/53/56
f 22/28/28 26/32/32 256/54/57 257/51/54
f 27/33/33 23/29/29 253/53/56 254/55/58
f 26/32/32 30/1804/36 255/56/59 256/54/57
f 30/36/36 27/33/33 254/55/58 255/1789/59
f 31/37/38 18/21/21 246/49/52 247/1790/60
f 19/24/24 31/1803/38 247/57/60 248/50/53
f 48/1791/61 41/59/62 217/60/63 218/1792/64
f 42/62/65 48/58/61 218/61/64 219/63/66
f 50/1795/67 49/65/68 179/66/69 180/1794/70
f 51/68/71 50/64/72 180/67/73 181/69/74
f 178/70/75 179/66/69 49/65/68 55/71/76
f 51/68/71 181/69/74 182/72/77 57/73/78
f 177/74/79 178/70/75 55/71/76 59/75/80
f 57/73/78 182/72/77 183/76/81 61/77/82
f 323/78/83 324/79/84 177/74/79 59/75/80
f 329/80/85 330/81/86 184/82/87 65/83/88
f 39/84/89 216/85/90 217/60/63 41/59/62
f 219/63/66 220/86/91 40/87/92 42/62/65
f 350/88/93 351/11/11 9/10/10 67/89/94
f 12/13/13 341/16/16 342/90/95 70/91/96
f 9/10/10 14/17/17 71/92/97 67/89/94
f 15/19/19 12/13/13 70/91/96 72/93/98
f 14/17/17 17/22/22 73/94/99 71/92/97
f 20/23/23 15/19/19 72/93/98 74/95/100
f 17/22/37 32/1802/39 75/1800/101 73/94/102
f 32/38/41 20/23/40 74/95/103 75/96/104
f 433/97/105 434/3/3 2/2/2 68/98/106
f 440/99/107 441/5/5 6/8/8 77/100/108
f 21/27/27 3/26/26 76/101/109 78/102/110
f 6/8/8 24/30/30 79/103/111 77/100/108
f 25/31/112 21/27/27 78/102/110 80/104/113
f 24/30/30 28/34/114 81/105/115 79/103/111
f 29/35/116 25/31/112 80/104/113 82/106/117
f 28/34/114 29/1801/116 82/1799/117 81/105/115
f 349/107/118 350/88/93 67/89/119 83/108/120
f 70/91/121 342/90/95 343/109/122 86/110/123
f 67/89/119 71/92/124 87/111/125 83/108/120
f 72/93/126 70/91/121 86/110/123 88/112/127
f 71/92/124 73/94/128 89/113/129 87/111/125
f 74/95/130 72/93/126 88/112/127 90/114/131
f 73/94/128 75/1800/132 91/1797/133 89/113/129
f 75/96/132 74/95/130 90/114/131 91/115/133
f 82/106/117 80/104/113 92/116/134 93/117/135
f 81/105/115 82/1799/117 93/1798/135 94/118/136
f 80/104/113 78/102/110 95/119/137 92/116/134
f 79/103/111 81/105/115 94/118/136 96/120/138
f 78/102/110 76/101/109 97/121/139 95/119/137
f 77/100/108 79/103/111 96/120/138 98/122/140
f 432/123/141 433/97/105 68/98/106 99/124/142
f 439/125/143 440/99/107 77/100/108 98/122/140
f 93/117/135 92/116/134 101/126/144 102/127/145
f 94/118/136 93/1798/135 102/1694/145 103/128/146
f 92/116/134 95/119/137 104/129/147 101/126/144
f 96/120/138 94/118/136 103/128/146 105/130/148
f 95/119/137 97/121/139 106/131/149 104/129/147
f 98/122/140 96/120/138 105/130/148 107/132/150
f 431/133/151 432/123/141 99/124/142 108/134/152
f 438/135/153 439/125/143 98/122/140 107/132/150
f 348/136/154 349/107/118 83/108/120 110/137/155
f 86/110/123 343/109/122 344/138/156 113/139/157
f 83/108/120 87/111/125 114/140/158 110/137/155
f 88/112/127 86/110/123 113/139/157 115/141/159
f 87/111/125 89/113/129 116/142/160 114/140/158
f 90/114/131 88/112/127 115/141/159 117/143/161
f 89/113/129 91/1797/133 118/1796/162 116/142/160
f 91/115/133 90/114/131 117/143/161 118/144/162
f 113/139/157 119/145/163 117/143/161 115/141/159
f 120/146/164 110/137/155 114/140/158 116/142/160
f 119/145/163 121/147/165 118/144/162 117/143/161
f 121/1788/165 120/146/164 116/142/160 118/1796/162
f 119/145/163 113/139/157 344/138/156 345/148/166
f 110/137/155 120/146/164 347/149/167 348/136/154
f 175/150/168 176/151/169 63/152/170 124/153/171
f 65/83/88 184/82/87 185/154/172 126/155/173
f 174/156/174 175/150/168 124/153/171 128/157/175
f 126/155/173 185/154/172 186/158/176 130/159/177
f 173/160/178 174/156/174 128/157/175 132/161/179
f 130/159/177 186/158/176 187/162/180 134/163/181
f 172/164/182 173/160/178 132/161/179 136/165/183
f 134/163/181 187/162/180 188/166/184 138/167/185
f 171/168/186 172/164/182 136/165/183 140/169/187
f 138/167/185 188/166/184 189/170/188 142/171/189
f 145/172/190 144/173/191 55/71/76 49/65/68
f 146/1793/192 145/172/190 49/65/68 50/1795/67
f 147/175/193 146/174/192 50/64/72 51/68/71
f 57/73/78 148/176/194 147/175/193 51/68/71
f 149/177/195 148/176/194 57/73/78 61/77/196
f 144/173/191 150/178/197 59/75/198 55/71/76
f 170/179/199 171/168/186 140/169/187 151/180/200
f 142/171/189 189/170/188 190/181/201 153/182/202
f 169/183/203 170/179/199 151/180/200 155/184/204
f 153/182/202 190/181/201 191/185/205 157/186/206
f 168/187/207 169/183/203 155/184/204 159/188/208
f 157/186/206 191/185/205 192/189/209 161/190/210
f 167/191/211 168/187/207 159/188/208 163/192/212
f 161/190/210 192/189/209 193/193/213 165/194/214
f 160/195/215 168/187/216 167/191/217 164/196/218
f 156/197/219 169/183/220 168/187/216 160/195/215
f 152/198/221 170/179/222 169/183/220 156/197/219
f 141/199/223 171/168/224 170/179/222 152/198/221
f 137/200/225 172/164/226 171/168/224 141/199/223
f 133/201/227 173/160/228 172/164/226 137/200/225
f 129/202/229 174/156/230 173/160/228 133/201/227
f 125/203/231 175/150/232 174/156/230 129/202/229
f 64/204/233 176/151/234 175/150/232 125/203/231
f 60/205/235 177/74/236 324/79/237 325/206/238
f 56/207/239 178/70/240 177/74/236 60/205/235
f 52/208/241 179/66/69 178/70/75 56/207/242
f 180/1794/70 179/66/69 52/208/241 53/209/243
f 181/69/74 180/67/73 53/1777/244 54/210/245
f 182/72/77 181/69/74 54/210/245 58/211/246
f 183/76/247 182/72/248 58/211/249 62/212/250
f 184/82/251 330/81/252 331/213/253 66/214/254
f 185/154/255 184/82/251 66/214/254 127/215/256
f 186/158/257 185/154/255 127/215/256 131/216/258
f 187/162/259 186/158/257 131/216/258 135/217/260
f 188/166/261 187/162/259 135/217/260 139/218/262
f 189/170/263 188/166/261 139/218/262 143/219/264
f 190/181/265 189/170/263 143/219/264 154/220/266
f 191/185/267 190/181/265 154/220/266 158/221/268
f 192/189/269 191/185/267 158/221/268 162/222/270
f 193/193/271 192/189/269 162/222/270 166/223/272
f 119/145/163 345/148/166 346/1787/273 121/147/165
f 346/224/273 347/149/167 120/146/164 121/1788/165
f 328/225/274 329/80/275 65/83/276 195/226/277
f 59/75/198 150/178/197 322/227/278 323/78/279
f 195/226/277 65/83/276 126/155/280 197/228/281
f 63/152/282 196/229/283 198/230/284 124/153/285
f 197/228/281 126/155/280 130/159/286 199/231/287
f 124/153/285 198/230/284 200/232/288 128/157/289
f 199/231/287 130/159/286 134/163/290 201/233/291
f 128/157/289 200/232/288 202/234/292 132/161/293
f 136/165/294 132/161/293 202/234/292 203/235/295
f 134/163/290 138/167/296 204/236/297 201/233/291
f 140/169/298 136/165/294 203/235/295 205/237/299
f 138/167/296 142/171/300 206/238/301 204/236/297
f 151/180/302 140/169/298 205/237/299 207/239/303
f 142/171/300 153/182/304 208/240/305 206/238/301
f 155/184/306 151/180/302 207/239/303 209/241/307
f 153/182/304 157/186/308 210/242/309 208/240/305
f 159/188/310 155/184/306 209/241/307 211/243/311
f 157/186/308 161/190/312 212/244/313 210/242/309
f 163/192/314 159/188/310 211/243/311 213/245/315
f 161/190/312 165/194/316 214/246/317 212/244/313
f 216/85/90 215/247/318 150/178/197 144/173/191
f 217/60/63 216/85/90 144/173/191 145/172/190
f 218/1792/64 217/60/63 145/172/190 146/1793/192
f 219/63/66 218/61/64 146/174/192 147/175/193
f 147/175/193 148/176/194 220/86/91 219/63/66
f 149/177/195 221/248/319 220/86/91 148/176/194
f 327/249/320 328/225/274 195/226/277 222/250/321
f 150/178/197 215/247/322 321/251/323 322/227/278
f 222/250/321 195/226/277 197/228/281 224/1822/324
f 196/229/283 223/253/325 225/1840/326 198/230/284
f 224/1822/324 197/228/281 199/231/287 226/1821/327
f 198/230/284 225/1840/326 227/1839/328 200/232/288
f 226/1821/327 199/231/287 201/233/291 228/1820/329
f 200/232/288 227/1839/328 229/1838/330 202/234/292
f 228/1820/329 201/233/291 204/236/297 230/1819/331
f 202/234/292 229/1838/330 231/1837/332 203/235/295
f 230/1819/331 204/236/297 206/238/301 232/1818/333
f 203/235/295 231/1837/332 233/1836/334 205/237/299
f 232/1818/333 206/238/301 208/240/305 234/1817/335
f 205/237/299 233/1836/334 235/1835/336 207/239/303
f 234/1817/335 208/240/305 210/242/309 236/265/337
f 207/239/303 235/1835/336 237/1833/338 209/241/307
f 236/265/337 210/242/309 212/244/313 238/267/339
f 209/241/307 237/1833/338 239/268/340 211/243/311
f 238/267/339 212/244/313 214/246/317 240/269/341
f 211/243/311 239/268/340 241/270/342 213/245/315
f 243/40/43 436/39/42 437/271/343 34/272/344
f 244/44/47 353/43/46 354/273/345 37/274/346
f 245/47/50 244/44/47 37/274/346 39/84/89
f 246/49/52 245/47/50 39/84/89 41/59/62
f 247/1790/60 246/49/52 41/59/62 48/1791/61
f 248/50/53 247/57/60 48/58/61 42/62/65
f 249/48/51 248/50/53 42/62/65 40/87/92
f 250/46/49 249/48/51 40/87/92 38/275/347
f 338/276/348 339/45/48 250/46/49 38/275/347
f 252/42/45 443/41/44 444/277/349 36/278/350
f 253/53/56 252/42/45 36/278/350 44/279/351
f 254/55/58 253/53/56 44/279/351 46/280/352
f 255/1789/59 254/55/58 46/280/352 47/281/353
f 256/54/57 255/56/59 47/1786/353 45/282/354
f 257/51/54 256/54/57 45/282/354 43/283/355
f 242/52/55 257/51/54 43/283/355 33/284/356
f 216/85/90 39/84/89 37/274/346 215/247/318
f 40/87/92 220/86/91 221/248/319 38/275/347
f 215/247/322 37/274/357 320/285/358 321/251/323
f 326/286/359 327/249/320 222/250/321 259/1806/360
s 14
f 223/1834/361 258/1824/362 260/289/363 225/254/364
s 15
f 259/287/365 222/1816/366 224/252/367 261/290/368
s 14
f 225/254/364 260/289/363 262/291/369 227/256/370
s 15
f 261/290/368 224/252/367 226/255/371 263/292/372
s 14
f 227/256/370 262/291/369 264/293/373 229/258/374
s 15
f 263/292/372 226/255/371 228/257/375 265/294/376
s 14
f 229/258/374 264/293/373 266/295/377 231/260/378
s 15
f 265/294/376 228/257/375 230/259/379 267/296/380
s 14
f 231/260/378 266/295/377 268/297/381 233/262/382
s 15
f 267/296/380 230/259/379 232/261/383 269/298/384
s 14
f 233/262/382 268/297/381 270/299/385 235/264/386
s 15
f 269/298/384 232/261/383 234/263/387 271/300/388
s 14
f 235/264/386 270/299/385 272/301/389 237/266/390
s 15
f 271/300/388 234/263/387 236/1815/391 273/1814/392
s 1
f 237/1833/338 272/1832/393 274/303/394 239/268/340
f 273/302/395 236/265/337 238/267/339 275/304/396
f 239/268/340 274/303/394 276/305/397 241/270/342
f 275/304/396 238/267/339 240/269/341 277/306/398
f 274/303/394 272/1832/393 278/1831/399 279/308/400
f 273/302/395 275/304/396 281/309/401 280/1813/402
f 276/305/397 274/303/394 279/308/400 282/311/403
f 275/304/396 277/306/398 283/312/404 281/309/401
f 279/308/400 278/1831/399 284/1830/405 285/314/406
f 280/1813/402 281/309/401 287/315/407 286/1812/408
f 282/311/403 279/308/400 285/314/406 288/317/409
f 281/309/401 283/312/404 289/318/410 287/315/407
f 285/314/406 284/1830/405 290/1829/411 291/320/412
f 286/1812/408 287/315/407 293/321/413 292/1811/414
f 288/317/409 285/314/406 291/320/412 294/323/415
f 287/315/407 289/318/410 295/324/416 293/321/413
f 291/320/412 290/1829/411 296/1828/417 297/326/418
f 292/1811/414 293/321/413 299/327/419 298/328/420
f 294/323/415 291/320/412 297/326/418 300/329/421
f 293/321/413 295/324/416 301/330/422 299/327/419
f 297/326/418 296/1828/417 302/1827/423 303/332/424
f 298/328/420 299/327/419 305/333/425 304/1809/426
f 300/329/421 297/326/418 303/332/424 306/335/427
f 299/327/419 301/330/422 307/336/428 305/333/425
f 306/335/427 303/332/424 308/337/429 309/338/430
f 305/333/425 307/336/428 311/339/431 310/340/432
f 303/332/424 302/1827/423 312/1826/433 308/337/429
f 304/1809/426 305/333/425 310/340/432 313/1808/434
f 309/338/430 308/337/429 314/343/435 315/344/436
f 310/340/432 311/339/431 317/345/437 316/346/438
f 308/337/429 312/1826/433 318/1825/439 314/343/435
f 313/1808/434 310/340/432 316/346/438 319/1807/440
f 321/251/323 320/285/358 258/288/441 223/253/325
f 322/227/278 321/251/323 223/253/325 196/229/283
f 323/78/279 322/227/278 196/229/283 63/152/282
f 176/151/169 324/79/84 323/78/83 63/152/170
f 325/206/238 324/79/237 176/151/234 64/204/233
f 38/275/442 221/248/443 327/249/320 326/286/359
f 221/248/443 149/177/195 328/225/274 327/249/320
f 149/177/195 61/77/196 329/80/275 328/225/274
f 61/77/82 183/76/81 330/81/86 329/80/85
f 331/213/253 330/81/252 183/76/247 62/212/250
f 315/344/436 314/343/435 332/349/444 333/350/445
f 316/346/438 317/345/437 335/351/446 334/352/447
f 314/343/435 318/1825/439 336/1823/448 332/349/444
f 319/1807/440 316/346/438 334/352/447 337/1805/449
f 333/350/445 332/349/444 320/285/358 37/274/357
f 334/352/447 335/351/446 38/275/442 326/286/359
f 332/349/444 336/1823/448 258/288/441 320/285/358
f 337/1805/449 334/352/447 326/286/359 259/1806/360
f 251/355/450 339/45/48 338/276/348 35/356/451
f 8/357/452 340/15/15 339/45/48 251/355/450
f 341/16/16 340/15/15 8/357/452 7/358/453
f 342/90/95 341/16/16 7/358/453 69/359/454
f 343/109/122 342/90/95 69/359/454 85/360/455
f 344/138/156 343/109/122 85/360/455 112/361/456
f 345/148/166 344/138/156 112/361/456 122/362/457
f 346/1787/273 345/148/166 122/362/457 194/363/458
f 123/364/459 347/149/167 346/224/273 194/1692/458
f 348/136/154 347/149/167 123/364/459 111/365/460
f 84/366/461 349/107/118 348/136/154 111/365/460
f 68/98/106 350/88/93 349/107/118 84/366/461
f 2/2/2 351/11/11 350/88/93 68/98/106
f 352/12/12 351/11/11 2/2/2 1/1/1
f 353/43/46 352/12/12 1/1/1 243/40/43
f 354/273/345 353/43/46 243/40/43 34/272/344
f 240/269/341 214/246/317 355/367/462 356/368/463
f 213/245/315 241/270/342 357/369/464 358/370/465
f 240/269/341 356/368/463 359/371/466 277/306/467
f 357/369/464 241/270/342 276/305/468 360/372/469
f 277/306/467 359/371/466 361/373/470 283/312/471
f 360/372/469 276/305/468 282/311/472 362/374/473
f 283/312/471 361/373/470 363/375/474 289/318/475
f 362/374/473 282/311/472 288/317/476 364/376/477
f 289/318/475 363/375/474 365/377/478 295/324/479
f 364/376/477 288/317/476 294/323/480 366/378/481
f 295/324/479 365/377/478 367/379/482 301/330/483
f 366/378/481 294/323/480 300/329/484 368/380/485
f 301/330/483 367/379/482 369/381/486 307/336/487
f 368/380/485 300/329/484 306/335/488 370/382/489
f 307/336/487 369/381/486 371/383/490 311/339/491
f 370/382/489 306/335/488 309/338/492 372/384/493
f 311/339/491 371/383/490 373/385/494 317/345/495
f 372/384/493 309/338/492 315/344/496 374/386/497
f 317/345/495 373/385/494 375/387/498 335/351/499
f 374/386/497 315/344/496 333/350/500 376/388/501
f 376/388/501 333/350/500 37/274/346 354/273/345
f 335/351/499 375/387/498 338/276/348 38/275/347
f 34/272/344 374/386/497 376/388/501 354/273/345
f 373/385/494 35/356/451 338/276/348 375/387/498
f 374/386/497 34/272/344 377/389/502 372/384/493
f 35/356/451 373/385/494 371/383/490 378/390/503
f 372/384/493 377/389/502 379/391/504 370/382/489
f 378/390/503 371/383/490 369/381/486 380/392/505
f 370/382/489 379/391/504 381/393/506 368/380/485
f 380/392/505 369/381/486 367/379/482 382/394/507
f 368/380/485 381/393/506 383/395/508 366/378/481
f 382/394/507 367/379/482 365/377/478 384/396/509
f 366/378/481 383/395/508 385/397/510 364/376/477
f 384/396/509 365/377/478 363/375/474 386/398/511
f 364/376/477 385/397/510 387/399/512 362/374/473
f 386/398/511 363/375/474 361/373/470 388/400/513
f 362/374/473 387/399/512 389/401/514 360/372/469
f 388/400/513 361/373/470 359/371/466 390/402/515
f 360/372/469 389/401/514 391/403/516 357/369/517
f 390/402/515 359/371/466 356/368/518 392/404/519
f 357/369/517 391/403/516 393/405/520 358/370/521
f 392/404/519 356/368/518 355/367/522 394/406/523
f 355/367/462 214/246/317 165/194/316 395/407/524
f 213/245/315 358/370/465 396/408/525 163/192/314
f 358/370/521 393/405/520 397/409/526 396/408/527
f 394/406/523 355/367/522 395/407/528 398/410/529
f 395/407/528 165/194/214 193/193/213 399/411/530
f 163/192/212 396/408/527 400/412/531 167/191/211
f 396/408/527 397/409/526 401/413/532 400/412/531
f 398/410/529 395/407/528 399/411/530 402/414/533
f 399/411/534 193/193/271 166/223/272 403/415/535
f 167/191/217 400/412/536 404/416/537 164/196/218
f 400/412/536 401/413/532 405/417/538 404/416/537
f 402/414/533 399/411/534 403/415/535 406/418/539
f 405/417/538 401/413/532 407/419/540 408/420/541
f 402/414/533 406/418/539 410/421/542 409/422/543
f 407/419/540 401/413/532 397/409/526 411/423/544
f 402/414/533 409/422/543 412/424/545 398/410/529
f 411/423/544 397/409/526 393/405/520 413/425/546
f 398/410/529 412/424/545 414/426/547 394/406/523
f 413/425/546 393/405/520 391/403/516 415/427/548
f 394/406/523 414/426/547 416/428/549 392/404/519
f 415/427/548 391/403/516 389/401/550 417/429/551
f 392/404/519 416/428/549 418/430/552 390/402/553
f 417/429/551 389/401/550 387/399/554 419/431/555
f 390/402/553 418/430/552 420/432/556 388/400/557
f 419/431/555 387/399/554 385/397/558 421/433/559
f 388/400/557 420/432/556 422/434/560 386/398/561
f 421/433/559 385/397/558 383/395/562 423/435/563
f 386/398/561 422/434/560 424/436/564 384/396/565
f 423/435/563 383/395/562 381/393/506 425/437/566
f 384/396/565 424/436/564 426/438/567 382/394/507
f 425/437/566 381/393/506 379/391/504 427/439/568
f 382/394/507 426/438/567 428/440/569 380/392/505
f 427/439/568 379/391/504 377/389/502 429/441/570
f 380/392/505 428/440/569 430/442/571 378/390/503
f 97/121/139 432/123/141 431/133/151 106/131/149
f 76/101/109 433/97/105 432/123/141 97/121/139
f 3/26/26 434/3/3 433/97/105 76/101/109
f 435/4/4 434/3/3 3/26/26 4/25/25
f 436/39/42 435/4/4 4/25/25 242/52/55
f 437/271/343 436/39/42 242/52/55 33/284/356
f 100/443/572 439/125/143 438/135/153 109/444/573
f 69/359/454 440/99/107 439/125/143 100/443/572
f 7/358/453 441/5/5 440/99/107 69/359/454
f 8/357/452 442/6/6 441/5/5 7/358/453
f 443/41/44 442/6/6 8/357/452 251/355/450
f 444/277/349 443/41/44 251/355/450 35/356/451
f 429/441/570 377/389/502 34/272/344 437/271/343
f 378/390/503 430/442/571 444/277/349 35/356/451
f 408/420/541 407/419/540 445/445/574 446/446/575
f 409/422/543 410/421/542 448/447/576 447/448/577
f 407/419/540 411/423/544 449/449/578 445/445/574
f 412/424/545 409/422/543 447/448/577 450/450/579
f 411/423/544 413/425/546 451/451/580 449/449/578
f 414/426/547 412/424/545 450/450/579 452/452/581
f 413/425/546 415/427/548 453/453/582 451/451/580
f 416/428/549 414/426/547 452/452/581 454/454/583
f 415/427/548 417/429/551 455/455/584 453/453/582
f 418/430/552 416/428/549 454/454/583 456/456/585
f 417/429/551 419/431/555 457/457/586 455/455/584
f 420/432/556 418/430/552 456/456/585 458/458/587
f 419/431/555 421/433/559 459/459/588 457/457/586
f 422/434/560 420/432/556 458/458/587 460/460/589
f 421/433/559 423/435/563 461/461/590 459/459/588
f 424/436/564 422/434/560 460/460/589 462/462/591
f 423/435/563 425/437/566 463/463/592 461/461/590
f 426/438/567 424/436/564 462/462/591 464/464/593
f 425/437/566 427/439/568 465/465/594 463/463/592
f 428/440/569 426/438/567 464/464/593 466/466/595
f 427/439/568 429/441/570 467/467/596 465/465/594
f 430/442/571 428/440/569 466/466/595 468/468/597
f 429/441/570 437/271/343 33/284/356 467/467/596
f 444/277/349 430/442/571 468/468/597 36/278/350
f 446/446/575 445/445/574 469/469/598 470/470/599
f 447/448/577 448/447/576 472/471/600 471/472/601
f 445/445/574 449/449/578 473/473/602 469/469/598
f 450/450/579 447/448/577 471/472/601 474/474/603
f 449/449/578 451/451/580 475/475/604 473/473/602
f 452/452/581 450/450/579 474/474/603 476/476/605
f 451/451/580 453/453/582 477/477/606 475/475/604
f 454/454/583 452/452/581 476/476/605 478/478/607
f 453/453/582 455/455/584 479/479/608 477/477/606
f 456/456/585 454/454/583 478/478/607 480/480/609
f 455/455/584 457/457/586 481/481/610 479/479/608
f 458/458/587 456/456/585 480/480/609 482/482/611
f 457/457/586 459/459/588 483/483/612 481/481/610
f 460/460/589 458/458/587 482/482/611 484/484/613
f 459/459/588 461/461/590 485/485/614 483/483/612
f 462/462/591 460/460/589 484/484/613 486/486/615
f 461/461/590 463/463/592 487/487/616 485/485/614
f 464/464/593 462/462/591 486/486/615 488/488/617
f 463/463/592 465/465/594 489/489/618 487/487/616
f 466/466/595 464/464/593 488/488/617 490/490/619
f 465/465/594 467/467/596 491/491/620 489/489/618
f 468/468/597 466/466/595 490/490/619 492/492/621
f 467/467/596 33/284/356 43/283/355 491/491/620
f 36/278/350 468/468/597 492/492/621 44/279/351
f 45/282/354 47/1786/353 494/1785/622 493/494/623
f 47/281/353 46/280/352 495/495/624 494/493/622
f 493/494/623 494/1785/622 497/1784/625 496/497/626
f 494/493/622 495/495/624 498/498/627 497/496/625
f 496/497/626 497/1784/625 500/1783/628 499/500/629
f 497/496/625 498/498/627 501/501/630 500/499/628
f 499/500/629 500/1783/628 503/1782/631 502/503/632
f 500/499/628 501/501/630 504/504/633 503/502/631
f 502/503/632 503/1782/631 909/505/634 910/506/635
f 503/502/631 504/504/633 908/507/636 909/1773/634
f 505/508/637 506/509/638 509/1781/639 508/511/640
f 506/1774/638 507/512/641 510/513/642 509/510/639
f 508/511/640 509/1781/639 512/1780/643 511/515/644
f 509/510/639 510/513/642 513/516/645 512/514/643
f 511/515/644 512/1780/643 1648/517/646 1649/518/647
f 512/514/643 513/516/645 1647/519/648 1648/1695/646
f 514/520/649 515/521/650 518/1779/651 517/523/652
f 515/1696/650 516/524/653 519/525/654 518/522/651
f 517/523/652 518/1779/651 521/1778/655 520/527/656
f 518/522/651 519/525/654 522/528/657 521/526/655
f 520/527/656 521/1778/655 524/1737/658 523/530/659
f 521/526/655 522/528/657 525/531/660 524/529/658
f 43/283/355 45/282/354 493/494/623 526/532/661
f 46/280/352 44/279/351 527/533/662 495/495/624
f 526/532/661 493/494/623 496/497/626 528/534/663
f 495/495/624 527/533/662 529/535/664 498/498/627
f 528/534/663 496/497/626 499/500/629 530/536/665
f 498/498/627 529/535/664 531/537/666 501/501/630
f 530/536/665 499/500/629 502/503/632 532/538/667
f 501/501/630 531/537/666 533/539/668 504/504/633
f 532/538/667 502/503/632 910/506/635 911/540/669
f 504/504/633 533/539/668 907/541/670 908/507/636
f 534/542/671 505/508/637 508/511/640 536/543/672
f 507/512/641 535/544/673 537/545/674 510/513/642
f 536/543/672 508/511/640 511/515/644 538/546/675
f 510/513/642 537/545/674 539/547/676 513/516/645
f 538/546/675 511/515/644 1649/518/647 1650/548/677
f 513/516/645 539/547/676 1646/549/678 1647/519/648
f 540/550/679 514/520/649 517/523/652 542/551/680
f 516/524/653 541/552/681 543/553/682 519/525/654
f 542/551/680 517/523/652 520/527/656 544/554/683
f 519/525/654 543/553/682 545/555/684 522/528/657
f 544/554/683 520/527/656 523/530/659 546/556/685
f 522/528/657 545/555/684 547/557/686 525/531/660
f 544/554/683 546/556/685 549/558/687 548/559/688
f 547/557/686 545/555/684 550/560/689 551/561/690
f 542/551/680 544/554/683 548/559/688 552/562/691
f 545/555/684 543/553/682 553/563/692 550/560/689
f 540/550/679 542/551/680 552/562/691 554/564/693
f 543/553/682 541/552/681 555/565/694 553/563/692
f 538/546/675 1650/548/677 1651/566/695 556/567/696
f 1645/568/697 1646/549/678 539/547/676 557/569/698
f 536/543/672 538/546/675 556/567/696 558/570/699
f 539/547/676 537/545/674 559/571/700 557/569/698
f 534/542/671 536/543/672 558/570/699 560/572/701
f 537/545/674 535/544/673 561/573/702 559/571/700
f 532/538/667 911/540/669 912/574/703 562/575/704
f 906/576/705 907/541/670 533/539/668 563/577/706
f 530/536/665 532/538/667 562/575/704 564/578/707
f 533/539/668 531/537/666 565/579/708 563/577/706
f 528/534/663 530/536/665 564/578/707 566/580/709
f 531/537/666 529/535/664 567/581/710 565/579/708
f 526/532/661 528/534/663 566/580/709 568/582/711
f 529/535/664 527/533/662 569/583/712 567/581/710
f 568/582/711 491/491/620 43/283/355 526/532/661
f 492/492/621 569/583/712 527/533/662 44/279/351
f 470/470/713 469/469/714 570/584/715 571/585/716
f 471/472/717 472/471/718 573/586/719 572/587/720
f 469/469/714 473/473/721 574/588/722 570/584/715
f 474/474/723 471/472/717 572/587/720 575/589/724
f 473/473/721 475/475/725 576/590/726 574/588/722
f 476/476/727 474/474/723 575/589/724 577/591/728
f 475/475/725 477/477/729 578/592/730 576/590/726
f 478/478/731 476/476/727 577/591/728 579/593/732
f 477/477/729 479/479/608 580/594/733 578/592/730
f 480/480/609 478/478/731 579/593/732 581/595/734
f 479/479/608 481/481/610 582/596/735 580/594/733
f 482/482/611 480/480/609 581/595/734 583/597/736
f 481/481/610 483/483/612 584/598/737 582/596/735
f 484/484/613 482/482/611 583/597/736 585/599/738
f 483/483/612 485/485/614 586/600/739 584/598/737
f 486/486/615 484/484/613 585/599/738 587/601/740
f 485/485/614 487/487/616 588/602/741 586/600/739
f 488/488/617 486/486/615 587/601/740 589/603/742
f 487/487/616 489/489/618 590/604/743 588/602/741
f 490/490/619 488/488/617 589/603/742 591/605/744
f 489/489/618 491/491/620 568/582/711 590/604/743
f 492/492/621 490/490/619 591/605/744 569/583/712
f 571/585/716 570/584/715 592/606/745 593/607/746
f 572/587/720 573/586/719 595/608/747 594/609/748
f 570/584/715 574/588/722 596/610/749 592/606/745
f 575/589/724 572/587/720 594/609/748 597/611/750
f 574/588/722 576/590/726 598/612/751 596/610/749
f 577/591/728 575/589/724 597/611/750 599/613/752
f 576/590/726 578/592/730 600/614/753 598/612/751
f 579/593/732 577/591/728 599/613/752 601/615/754
f 578/592/730 580/594/733 602/616/755 600/614/753
f 581/595/734 579/593/732 601/615/754 603/617/756
f 580/594/733 582/596/735 604/618/757 602/616/755
f 583/597/736 581/595/734 603/617/756 605/619/758
f 582/596/735 584/598/737 606/620/759 604/618/757
f 585/599/738 583/597/736 605/619/758 607/621/760
f 584/598/737 586/600/739 608/622/761 606/620/759
f 587/601/740 585/599/738 607/621/760 609/623/762
f 586/600/739 588/602/741 610/624/763 608/622/761
f 589/603/742 587/601/740 609/623/762 611/625/764
f 588/602/741 590/604/743 612/626/765 610/624/763
f 591/605/744 589/603/742 611/625/764 613/627/766
f 590/604/743 568/582/711 566/580/709 612/626/765
f 569/583/712 591/605/744 613/627/766 567/581/710
f 593/607/746 592/606/745 614/628/767 615/629/768
f 594/609/748 595/608/747 617/630/769 616/631/770
f 592/606/745 596/610/749 618/632/771 614/628/767
f 597/611/750 594/609/748 616/631/770 619/633/772
f 596/610/749 598/612/751 620/634/773 618/632/771
f 599/613/752 597/611/750 619/633/772 621/635/774
f 598/612/751 600/614/753 622/636/775 620/634/773
f 601/615/754 599/613/752 621/635/774 623/637/776
f 600/614/753 602/616/755 624/638/777 622/636/775
f 603/617/756 601/615/754 623/637/776 625/639/778
f 602/616/755 604/618/757 626/640/779 624/638/777
f 605/619/758 603/617/756 625/639/778 627/641/780
f 604/618/757 606/620/759 628/642/781 626/640/779
f 607/621/760 605/619/758 627/641/780 629/643/782
f 606/620/759 608/622/761 630/644/783 628/642/781
f 609/623/762 607/621/760 629/643/782 631/645/784
f 608/622/761 610/624/763 632/646/785 630/644/783
f 611/625/764 609/623/762 631/645/784 633/647/786
f 610/624/763 612/626/765 634/648/787 632/646/785
f 613/627/766 611/625/764 633/647/786 635/649/788
f 612/626/765 566/580/709 564/578/707 634/648/787
f 567/581/710 613/627/766 635/649/788 565/579/708
f 615/629/768 614/628/767 636/650/789 637/651/790
f 616/631/770 617/630/769 639/652/791 638/653/792
f 614/628/767 618/632/771 640/654/793 636/650/789
f 619/633/772 616/631/770 638/653/792 641/655/794
f 618/632/771 620/634/773 642/656/795 640/654/793
f 621/635/774 619/633/772 641/655/794 643/657/796
f 620/634/773 622/636/775 644/658/797 642/656/795
f 623/637/776 621/635/774 643/657/796 645/659/798
f 622/636/775 624/638/777 646/660/799 644/658/797
f 625/639/778 623/637/776 645/659/798 647/661/800
f 624/638/777 626/640/779 648/662/801 646/660/799
f 627/641/780 625/639/778 647/661/800 649/663/802
f 626/640/779 628/642/781 650/664/803 648/662/801
f 629/643/782 627/641/780 649/663/802 651/665/804
f 628/642/781 630/644/783 652/666/805 650/664/803
f 631/645/784 629/643/782 651/665/804 653/667/806
f 630/644/783 632/646/785 654/668/807 652/666/805
f 633/647/786 631/645/784 653/667/806 655/669/808
f 632/646/785 634/648/787 656/670/809 654/668/807
f 635/649/788 633/647/786 655/669/808 657/671/810
f 634/648/787 564/578/707 562/575/704 656/670/809
f 565/579/708 635/649/788 657/671/810 563/577/706
f 637/651/790 636/650/789 922/672/811 923/673/812
f 638/653/792 639/652/791 895/674/813 896/675/814
f 636/650/789 640/654/793 921/676/815 922/672/811
f 641/655/794 638/653/792 896/675/814 897/677/816
f 640/654/793 642/656/795 920/678/817 921/676/815
f 643/657/796 641/655/794 897/677/816 898/679/818
f 642/656/795 644/658/797 919/680/819 920/678/817
f 645/659/798 643/657/796 898/679/818 899/681/820
f 644/658/797 646/660/799 918/682/821 919/680/819
f 647/661/800 645/659/798 899/681/820 900/683/822
f 646/660/799 648/662/801 917/684/823 918/682/821
f 649/663/802 647/661/800 900/683/822 901/685/824
f 648/662/801 650/664/803 916/686/825 917/684/823
f 651/665/804 649/663/802 901/685/824 902/687/826
f 650/664/803 652/666/805 915/688/827 916/686/825
f 653/667/806 651/665/804 902/687/826 903/689/828
f 652/666/805 654/668/807 914/690/829 915/688/827
f 655/669/808 653/667/806 903/689/828 904/691/830
f 654/668/807 656/670/809 913/692/831 914/690/829
f 657/671/810 655/669/808 904/691/830 905/693/832
f 656/670/809 562/575/704 912/574/703 913/692/831
f 563/577/706 657/671/810 905/693/832 906/576/705
f 470/470/713 571/585/716 748/694/833 749/695/834
f 753/696/835 754/697/836 680/698/837 681/699/838
f 678/700/839 679/701/840 683/702/841 682/703/842
f 681/699/838 680/698/837 684/704/843 685/705/844
f 682/703/842 683/702/841 687/706/845 686/707/846
f 685/705/844 684/704/843 688/708/847 689/709/848
f 686/707/846 687/706/845 691/710/849 690/711/850
f 689/709/848 688/708/847 692/712/851 693/713/852
f 690/711/850 691/710/849 695/714/853 694/715/854
f 693/713/852 692/712/851 696/716/855 697/717/856
f 694/715/854 695/714/853 52/208/241 56/207/242
f 697/717/856 696/716/855 58/211/246 54/210/245
f 446/446/575 470/470/599 749/695/857 750/718/858
f 754/697/859 755/719/860 699/720/861 680/698/862
f 698/721/863 678/700/864 682/703/865 700/722/866
f 680/698/862 699/720/861 701/723/867 684/704/868
f 700/722/866 682/703/865 686/707/869 702/724/870
f 684/704/868 701/723/867 703/725/871 688/708/872
f 702/724/870 686/707/869 690/711/873 704/726/874
f 688/708/872 703/725/871 705/727/875 692/712/876
f 704/726/874 690/711/873 694/715/877 706/728/878
f 692/712/876 705/727/875 707/729/879 696/716/880
f 706/728/878 694/715/877 56/207/239 60/205/235
f 696/716/880 707/729/879 62/212/250 58/211/249
f 408/420/541 446/446/575 750/718/858 751/730/881
f 755/719/860 756/731/882 709/732/883 699/720/861
f 708/733/884 698/721/863 700/722/866 710/734/885
f 699/720/861 709/732/883 711/735/886 701/723/867
f 710/734/885 700/722/866 702/724/870 712/736/887
f 701/723/867 711/735/886 713/737/888 703/725/871
f 712/736/887 702/724/870 704/726/874 714/738/889
f 703/725/871 713/737/888 715/739/890 705/727/875
f 714/738/889 704/726/874 706/728/878 716/740/891
f 705/727/875 715/739/890 717/741/892 707/729/879
f 716/740/891 706/728/878 60/205/235 325/206/238
f 707/729/879 717/741/892 331/213/253 62/212/250
f 405/417/538 408/420/541 751/730/881 752/742/893
f 756/731/882 757/743/894 719/744/895 709/732/883
f 718/745/896 708/733/884 710/734/885 720/746/897
f 709/732/883 719/744/895 721/747/898 711/735/886
f 720/746/897 710/734/885 712/736/887 722/748/899
f 711/735/886 721/747/898 723/749/900 713/737/888
f 722/748/899 712/736/887 714/738/889 724/750/901
f 713/737/888 723/749/900 725/751/902 715/739/890
f 724/750/901 714/738/889 716/740/891 726/752/903
f 715/739/890 725/751/902 727/753/904 717/741/892
f 716/740/891 325/206/238 64/204/233 726/752/903
f 331/213/253 717/741/892 727/753/904 66/214/254
f 726/752/903 64/204/233 125/203/231 728/754/905
f 66/214/254 727/753/904 729/755/906 127/215/256
f 728/754/905 125/203/231 129/202/229 730/756/907
f 127/215/256 729/755/906 731/757/908 131/216/258
f 730/756/907 129/202/229 133/201/227 732/758/909
f 131/216/258 731/757/908 733/759/910 135/217/260
f 732/758/909 133/201/227 137/200/225 734/760/911
f 135/217/260 733/759/910 735/761/912 139/218/262
f 734/760/911 137/200/225 141/199/223 736/762/913
f 139/218/262 735/761/912 737/763/914 143/219/264
f 736/762/913 141/199/223 152/198/221 738/764/915
f 143/219/264 737/763/914 739/765/916 154/220/266
f 738/764/915 152/198/221 156/197/219 740/766/917
f 154/220/266 739/765/916 741/767/918 158/221/268
f 740/766/917 156/197/219 160/195/215 742/768/919
f 158/221/268 741/767/918 743/769/920 162/222/270
f 742/768/919 160/195/215 164/196/218 744/770/921
f 162/222/270 743/769/920 745/771/922 166/223/272
f 744/770/921 164/196/218 404/416/537 746/772/923
f 166/223/272 745/771/922 747/773/924 403/415/535
f 749/695/834 748/694/833 679/701/840 678/700/839
f 750/718/858 749/695/857 678/700/864 698/721/863
f 751/730/881 750/718/858 698/721/863 708/733/884
f 752/742/893 751/730/881 708/733/884 718/745/896
f 573/586/719 472/471/718 754/697/836 753/696/835
f 472/471/600 448/447/576 755/719/860 754/697/859
f 448/447/576 410/421/542 756/731/882 755/719/860
f 410/421/542 406/418/539 757/743/894 756/731/882
f 746/772/923 404/416/537 405/417/538 752/742/893
f 403/415/535 747/773/924 757/743/894 406/418/539
f 744/770/921 746/772/923 752/742/893 718/745/896
f 747/773/924 745/771/922 719/744/895 757/743/894
f 720/746/897 742/768/919 744/770/921 718/745/896
f 743/769/920 721/747/898 719/744/895 745/771/922
f 728/754/905 730/756/907 724/750/901 726/752/903
f 731/757/908 729/755/906 727/753/904 725/751/902
f 722/748/899 724/750/901 730/756/907 732/758/909
f 725/751/902 723/749/900 733/759/910 731/757/908
f 722/748/899 732/758/909 734/760/911 736/762/913
f 733/759/910 723/749/900 737/763/914 735/761/912
f 738/764/915 720/746/897 722/748/899 736/762/913
f 721/747/898 739/765/916 737/763/914 723/749/900
f 720/746/897 738/764/915 740/766/917 742/768/919
f 739/765/916 721/747/898 743/769/920 741/767/918
f 53/209/243 52/208/241 695/714/853 758/774/925
f 54/210/245 53/1777/244 758/1776/926 697/717/856
f 695/714/853 691/710/849 759/775/927 758/774/925
f 693/713/852 697/717/856 758/1776/926 759/1775/928
f 759/775/927 691/710/849 687/706/845 760/776/929
f 693/713/852 759/1775/928 760/1772/930 689/709/848
f 801/777/931 802/778/932 762/779/933 761/780/934
f 553/563/692 555/565/694 805/781/935 806/782/936
f 802/778/932 803/783/937 765/784/938 762/779/933
f 550/560/689 553/563/692 806/782/936 807/785/939
f 803/783/937 804/786/940 767/787/941 765/784/938
f 551/561/690 550/560/689 807/785/939 808/788/942
f 761/780/934 762/779/933 770/789/943 769/790/944
f 764/791/945 763/792/946 771/793/947 772/794/948
f 769/790/944 1602/795/949 1603/796/950 761/780/934
f 1567/797/951 1568/798/952 771/793/947 763/792/946
f 762/779/933 765/784/938 773/799/953 770/789/943
f 766/800/954 764/791/945 772/794/948 774/801/955
f 765/784/938 767/787/941 775/802/956 773/799/953
f 768/803/957 766/800/954 774/801/955 776/804/958
f 769/790/944 770/789/943 778/805/959 777/806/960
f 772/794/948 771/793/947 779/807/961 780/808/962
f 1601/809/963 1602/795/949 769/790/944 777/806/960
f 771/793/947 1568/798/952 1569/810/964 779/807/961
f 770/789/943 773/799/953 781/811/965 778/805/959
f 774/801/955 772/794/948 780/808/962 782/812/966
f 773/799/953 775/802/956 783/813/967 781/811/965
f 776/804/958 774/801/955 782/812/966 784/814/968
f 777/806/960 778/805/959 786/815/969 785/816/970
f 780/808/962 779/807/961 787/817/971 788/818/972
f 1600/819/973 1601/809/963 777/806/960 785/816/970
f 779/807/961 1569/810/964 1570/820/974 787/817/971
f 778/805/959 781/811/965 789/821/975 786/815/969
f 782/812/966 780/808/962 788/818/972 790/822/976
f 781/811/965 783/813/967 791/823/977 789/821/975
f 784/814/968 782/812/966 790/822/976 792/824/978
f 785/816/970 786/815/969 794/825/979 793/826/980
f 788/818/972 787/817/971 795/827/981 796/828/982
f 1599/829/983 1600/819/973 785/816/970 793/826/980
f 787/817/971 1570/820/974 1571/830/984 795/827/981
f 786/815/969 789/821/975 797/831/985 794/825/979
f 790/822/976 788/818/972 796/828/982 798/832/986
f 789/821/975 791/823/977 799/833/987 797/831/985
f 792/824/978 790/822/976 798/832/986 800/834/988
f 554/564/693 552/562/691 802/778/932 801/777/931
f 552/562/691 548/559/688 803/783/937 802/778/932
f 548/559/688 549/558/687 804/786/940 803/783/937
f 806/782/936 805/781/935 763/792/946 764/791/945
f 807/785/939 806/782/936 764/791/945 766/800/954
f 808/788/942 807/785/939 766/800/954 768/803/957
f 1596/835/989 1597/836/990 809/837/991 810/838/992
f 1573/839/993 1574/840/994 812/841/995 811/842/996
f 1597/836/990 1598/843/997 813/844/998 809/837/991
f 1572/845/999 1573/839/993 811/842/996 814/846/1000
f 793/826/980 813/844/998 1598/843/997 1599/829/983
f 814/846/1000 795/827/981 1571/830/984 1572/845/999
f 793/826/980 794/825/979 815/847/1001 813/844/998
f 796/828/982 795/827/981 814/846/1000 816/848/1002
f 817/849/1003 815/847/1001 794/825/979 797/831/985
f 816/848/1002 818/850/1004 798/832/986 796/828/982
f 819/851/1005 817/849/1003 797/831/985 799/833/987
f 818/850/1004 820/852/1006 800/834/988 798/832/986
f 810/838/992 809/837/991 821/853/1007 822/854/1008
f 811/842/996 812/841/995 824/855/1009 823/856/1010
f 809/837/991 813/844/998 815/847/1001 821/853/1007
f 814/846/1000 811/842/996 823/856/1010 816/848/1002
f 822/854/1008 821/853/1007 825/857/1011 826/858/1012
f 823/856/1010 824/855/1009 828/859/1013 827/860/1014
f 821/853/1007 815/847/1001 817/849/1003 825/857/1011
f 816/848/1002 823/856/1010 827/860/1014 818/850/1004
f 826/858/1012 825/857/1011 829/861/1015 830/862/1016
f 827/860/1014 828/859/1013 832/863/1017 831/864/1018
f 825/857/1011 817/849/1003 819/851/1005 829/861/1015
f 818/850/1004 827/860/1014 831/864/1018 820/852/1006
f 748/694/833 571/585/716 593/607/746 833/865/1019
f 573/586/719 753/696/835 834/866/1020 595/608/747
f 683/702/841 679/701/840 835/867/1021 836/868/1022
f 681/699/838 685/705/844 838/869/1023 837/870/1024
f 687/706/845 683/702/841 836/868/1022 839/871/1025
f 685/705/844 689/709/848 840/872/1026 838/869/1023
f 679/701/840 748/694/833 833/865/1019 835/867/1021
f 753/696/835 681/699/838 837/870/1024 834/866/1020
f 833/865/1019 593/607/746 615/629/768 841/873/1027
f 595/608/747 834/866/1020 842/874/1028 617/630/769
f 836/868/1022 835/867/1021 843/875/1029 844/876/1030
f 837/870/1024 838/869/1023 846/877/1031 845/878/1032
f 835/867/1021 833/865/1019 841/873/1027 843/875/1029
f 834/866/1020 837/870/1024 845/878/1032 842/874/1028
f 841/873/1027 615/629/768 637/651/790 847/879/1033
f 617/630/769 842/874/1028 848/880/1034 639/652/791
f 844/876/1030 843/875/1029 849/881/1035 850/882/1036
f 845/878/1032 846/877/1031 852/883/1037 851/884/1038
f 843/875/1029 841/873/1027 847/879/1033 849/881/1035
f 842/874/1028 845/878/1032 851/884/1038 848/880/1034
f 847/879/1033 637/651/790 923/673/812 924/885/1039
f 639/652/791 848/880/1034 894/886/1040 895/674/813
f 850/882/1036 849/881/1035 925/887/1041 926/888/1042
f 851/884/1038 852/883/1037 892/889/1043 893/890/1044
f 849/881/1035 847/879/1033 924/885/1039 925/887/1041
f 848/880/1034 851/884/1038 893/890/1044 894/886/1040
f 1595/891/1045 1596/835/989 810/838/992 859/892/1046
f 1574/840/994 1575/893/1047 860/894/1048 812/841/995
f 1593/895/1049 1594/896/1050 861/897/1051 862/898/1052
f 1576/899/1053 1577/900/1054 864/901/1055 863/902/1056
f 1594/896/1050 1595/891/1045 859/892/1046 861/897/1051
f 1575/893/1047 1576/899/1053 863/902/1056 860/894/1048
f 859/892/1046 810/838/992 822/854/1008 865/903/1057
f 812/841/995 860/894/1048 866/904/1058 824/855/1009
f 862/898/1052 861/897/1051 867/905/1059 868/906/1060
f 863/902/1056 864/901/1055 870/907/1061 869/908/1062
f 861/897/1051 859/892/1046 865/903/1057 867/905/1059
f 860/894/1048 863/902/1056 869/908/1062 866/904/1058
f 865/903/1057 822/854/1008 826/858/1012 871/909/1063
f 824/855/1009 866/904/1058 872/910/1064 828/859/1013
f 867/905/1059 865/903/1057 871/909/1063 873/911/1065
f 866/904/1058 869/908/1062 874/912/1066 872/910/1064
f 871/909/1063 826/858/1012 830/862/1016 875/913/1067
f 828/859/1013 872/910/1064 876/914/1068 832/863/1017
f 873/911/1065 871/909/1063 875/913/1067 877/915/1069
f 872/910/1064 874/912/1066 878/916/1070 876/914/1068
f 839/871/1025 836/868/1022 844/876/1030 879/917/1071
f 838/869/1023 840/872/1026 880/918/1072 846/877/1031
f 879/917/1071 844/876/1030 850/882/1036 881/919/1073
f 846/877/1031 880/918/1072 882/920/1074 852/883/1037
f 881/919/1073 850/882/1036 926/888/1042 927/921/1075
f 852/883/1037 882/920/1074 891/922/1076 892/889/1043
f 1592/923/1077 1593/895/1049 862/898/1052 885/924/1078
f 1577/900/1054 1578/925/1079 886/926/1080 864/901/1055
f 885/924/1078 862/898/1052 868/906/1060 887/927/1081
f 864/901/1055 886/926/1080 888/928/1082 870/907/1061
f 868/906/1060 867/905/1059 873/911/1065 889/929/1083
f 869/908/1062 870/907/1061 890/930/1084 874/912/1066
f 892/889/1043 891/922/1076 884/931/1085 858/932/1086
f 893/890/1044 892/889/1043 858/932/1086 857/933/1087
f 894/886/1040 893/890/1044 857/933/1087 854/934/1088
f 895/674/813 894/886/1040 854/934/1088 661/935/1089
f 896/675/814 895/674/813 661/935/1089 660/936/1090
f 897/677/816 896/675/814 660/936/1090 663/937/1091
f 898/679/818 897/677/816 663/937/1091 665/938/1092
f 899/681/820 898/679/818 665/938/1092 667/939/1093
f 900/683/822 899/681/820 667/939/1093 669/940/1094
f 901/685/824 900/683/822 669/940/1094 671/941/1095
f 902/687/826 901/685/824 671/941/1095 673/942/1096
f 905/693/832 904/691/830 675/943/1097 677/944/1098
f 906/576/705 905/693/832 677/944/1098 561/573/702
f 535/544/673 907/541/670 906/576/705 561/573/702
f 908/507/636 907/541/670 535/544/673 507/512/641
f 909/1773/634 908/507/636 507/512/641 506/1774/638
f 910/506/635 909/505/634 506/509/638 505/508/637
f 911/540/669 910/506/635 505/508/637 534/542/671
f 912/574/703 911/540/669 534/542/671 560/572/701
f 913/692/831 912/574/703 560/572/701 676/945/1099
f 914/690/829 913/692/831 676/945/1099 674/946/1100
f 917/684/823 916/686/825 672/947/1101 670/948/1102
f 918/682/821 917/684/823 670/948/1102 668/949/1103
f 919/680/819 918/682/821 668/949/1103 666/950/1104
f 920/678/817 919/680/819 666/950/1104 664/951/1105
f 921/676/815 920/678/817 664/951/1105 662/952/1106
f 922/672/811 921/676/815 662/952/1106 658/953/1107
f 923/673/812 922/672/811 658/953/1107 659/954/1108
f 924/885/1039 923/673/812 659/954/1108 853/955/1109
f 925/887/1041 924/885/1039 853/955/1109 855/956/1110
f 926/888/1042 925/887/1041 855/956/1110 856/957/1111
f 927/921/1075 926/888/1042 856/957/1111 883/958/1112
f 868/906/1060 889/929/1083 928/959/1113 887/927/1081
f 890/930/1084 870/907/1061 888/928/1082 929/960/1114
f 881/919/1073 927/921/1075 931/961/1115 930/962/1116
f 891/922/1076 882/920/1074 932/963/1117 933/964/1118
f 879/917/1071 881/919/1073 930/962/1116 934/965/1119
f 882/920/1074 880/918/1072 935/966/1120 932/963/1117
f 839/871/1025 879/917/1071 934/965/1119 936/967/1121
f 880/918/1072 840/872/1026 937/968/1122 935/966/1120
f 930/962/1116 931/961/1115 939/969/1123 938/970/1124
f 933/964/1118 932/963/1117 940/971/1125 941/972/1126
f 934/965/1119 930/962/1116 938/970/1124 942/973/1127
f 932/963/1117 935/966/1120 943/974/1128 940/971/1125
f 936/967/1121 934/965/1119 942/973/1127 944/975/1129
f 935/966/1120 937/968/1122 945/976/1130 943/974/1128
f 760/776/929 687/706/845 839/871/1025 946/977/1131
f 689/709/848 760/1772/930 946/1771/1132 840/872/1026
f 946/977/1131 839/871/1025 936/967/1121 947/978/1133
f 840/872/1026 946/1771/1132 947/1770/1134 937/968/1122
f 947/978/1133 936/967/1121 944/975/1129 948/979/1135
f 937/968/1122 947/1770/1134 948/1769/1135 945/976/1130
f 948/979/1135 944/975/1129 949/980/1136 950/981/1137
f 945/976/1130 948/1769/1135 950/1768/1137 951/982/1138
f 950/981/1137 949/980/1136 952/983/1139 953/984/1140
f 951/982/1138 950/1768/1137 953/1767/1141 954/985/1142
f 953/984/1140 952/983/1139 955/986/1143 956/987/1144
f 954/985/1142 953/1767/1141 956/1766/1145 957/988/1146
f 944/975/1129 942/973/1127 958/989/1147 949/980/1136
f 943/974/1128 945/976/1130 951/982/1138 959/990/1148
f 949/980/1136 958/989/1147 960/991/1149 952/983/1139
f 959/990/1148 951/982/1138 954/985/1142 961/992/1150
f 942/973/1127 938/970/1124 962/993/1151 958/989/1147
f 940/971/1125 943/974/1128 959/990/1148 963/994/1152
f 956/987/1144 955/986/1143 964/995/1153 965/996/1154
f 957/988/1146 956/1766/1145 965/1765/1155 966/997/1156
f 965/996/1154 964/995/1153 967/998/1157 968/999/1158
f 966/997/1156 965/1765/1155 968/1764/1159 969/1000/1160
f 968/999/1158 967/998/1157 970/1001/1161 971/1002/1162
f 969/1000/1160 968/1764/1159 971/1763/1163 972/1003/1164
f 971/1002/1162 970/1001/1161 973/1004/1165 974/1005/1166
f 972/1003/1164 971/1763/1163 974/1762/1167 975/1006/1168
f 938/970/1124 939/969/1123 976/1007/1169 962/993/1151
f 941/972/1126 940/971/1125 963/994/1152 977/1008/1170
f 958/989/1147 962/993/1151 978/1009/1171 960/991/1149
f 963/994/1152 959/990/1148 961/992/1150 979/1010/1172
f 952/983/1139 960/991/1149 980/1011/1173 955/986/1143
f 961/992/1150 954/985/1142 957/988/1146 981/1012/1174
f 967/998/1157 964/995/1153 955/986/1143 980/1011/1173
f 966/997/1156 969/1000/1160 981/1012/1174 957/988/1146
f 960/991/1149 978/1009/1171 982/1013/1175 980/1011/1173
f 979/1010/1172 961/992/1150 981/1012/1174 983/1014/1176
f 980/1011/1173 982/1013/1175 970/1001/1161 967/998/1157
f 983/1014/1176 981/1012/1174 969/1000/1160 972/1003/1164
f 962/993/1151 976/1007/1169 984/1015/1177 978/1009/1171
f 977/1008/1170 963/994/1152 979/1010/1172 985/1016/1178
f 978/1009/1171 984/1015/1177 986/1017/1179 982/1013/1175
f 985/1016/1178 979/1010/1172 983/1014/1176 987/1018/1180
f 982/1013/1175 986/1017/1179 973/1004/1165 970/1001/1161
f 987/1018/1180 983/1014/1176 972/1003/1164 975/1006/1168
f 974/1005/1166 973/1004/1165 986/1017/1179 988/1019/1181
f 975/1006/1168 974/1762/1167 988/1761/1182 987/1018/1180
f 988/1019/1181 986/1017/1179 984/1015/1177 989/1020/1183
f 987/1018/1180 988/1761/1182 989/1760/1184 985/1016/1178
f 989/1020/1183 984/1015/1177 976/1007/1169 990/1021/1185
f 985/1016/1178 989/1760/1184 990/1759/1186 977/1008/1170
f 990/1021/1185 976/1007/1169 939/969/1123 991/1022/1187
f 977/1008/1170 990/1759/1186 991/1758/1188 941/972/1126
f 991/1022/1187 939/969/1123 931/961/1115 992/1023/1189
f 941/972/1126 991/1758/1188 992/1757/1190 933/964/1118
f 992/1023/1189 931/961/1115 927/921/1075 993/1024/1191
f 933/964/1118 992/1757/1190 993/1756/1191 891/922/1076
f 993/1024/1191 927/921/1075 883/958/1112 994/1025/1192
f 891/922/1076 993/1756/1191 994/1755/1192 884/931/1085
f 994/1025/1192 883/958/1112 995/1026/1193 996/1027/1194
f 884/931/1085 994/1755/1192 996/1754/1195 997/1028/1196
f 996/1027/1194 995/1026/1193 998/1029/1197 999/1030/1198
f 997/1028/1196 996/1754/1195 999/1753/1199 1000/1031/1200
f 999/1030/1198 998/1029/1197 1001/1032/1201 1002/1033/1202
f 1000/1031/1200 999/1753/1199 1002/1752/1203 1003/1034/1204
f 1002/1033/1202 1001/1032/1201 1004/1035/1205 1005/1036/1206
f 1003/1034/1204 1002/1752/1203 1005/1751/1207 1006/1037/1208
f 1005/1036/1206 1004/1035/1205 1007/1038/1209 1008/1039/1210
f 1006/1037/1208 1005/1751/1207 1008/1750/1211 1009/1040/1212
f 1008/1039/1210 1007/1038/1209 1010/1041/1213 1011/1042/1214
f 1009/1040/1212 1008/1750/1211 1011/1749/1215 1012/1043/1216
f 1591/1044/1217 1592/923/1077 885/924/1078 1013/1045/1218
f 886/926/1080 1578/925/1079 1579/1046/1219 1014/1047/1220
f 885/924/1078 887/927/1081 1015/1048/1221 1013/1045/1218
f 888/928/1082 886/926/1080 1014/1047/1220 1016/1049/1222
f 887/927/1081 928/959/1113 1017/1050/1223 1015/1048/1221
f 929/960/1114 888/928/1082 1016/1049/1222 1018/1051/1224
f 1590/1052/1225 1591/1044/1217 1013/1045/1218 1019/1053/1226
f 1014/1047/1220 1579/1046/1219 1580/1054/1227 1020/1055/1228
f 1013/1045/1218 1015/1048/1221 1021/1056/1229 1019/1053/1226
f 1016/1049/1222 1014/1047/1220 1020/1055/1228 1022/1057/1230
f 1015/1048/1221 1017/1050/1223 1023/1058/1231 1021/1056/1229
f 1018/1051/1224 1016/1049/1222 1022/1057/1230 1024/1059/1232
f 1589/1060/1233 1590/1052/1225 1019/1053/1226 1025/1061/1234
f 1020/1055/1228 1580/1054/1227 1581/1062/1235 1026/1063/1236
f 1019/1053/1226 1021/1056/1229 1027/1064/1237 1025/1061/1234
f 1022/1057/1230 1020/1055/1228 1026/1063/1236 1028/1065/1238
f 1021/1056/1229 1023/1058/1231 1029/1066/1239 1027/1064/1237
f 1024/1059/1232 1022/1057/1230 1028/1065/1238 1030/1067/1240
f 1588/1068/1241 1589/1060/1233 1025/1061/1234 1031/1069/1242
f 1026/1063/1236 1581/1062/1235 1582/1070/1243 1032/1071/1244
f 1025/1061/1234 1027/1064/1237 1033/1072/1245 1031/1069/1242
f 1028/1065/1238 1026/1063/1236 1032/1071/1244 1034/1073/1246
f 1027/1064/1237 1029/1066/1239 1035/1074/1247 1033/1072/1245
f 1030/1067/1240 1028/1065/1238 1034/1073/1246 1036/1075/1248
f 1587/1076/1249 1588/1068/1241 1031/1069/1242 1037/1077/1250
f 1032/1071/1244 1582/1070/1243 1583/1078/1251 1038/1079/1252
f 1031/1069/1242 1033/1072/1245 1039/1080/1253 1037/1077/1250
f 1034/1073/1246 1032/1071/1244 1038/1079/1252 1040/1081/1254
f 1033/1072/1245 1035/1074/1247 1041/1082/1255 1039/1080/1253
f 1036/1075/1248 1034/1073/1246 1040/1081/1254 1042/1083/1256
f 1586/1084/1257 1587/1076/1249 1037/1077/1250 1043/1085/1258
f 1038/1079/1252 1583/1078/1251 1584/1086/1259 1044/1087/1260
f 1037/1077/1250 1039/1080/1253 1045/1088/1261 1043/1085/1258
f 1040/1081/1254 1038/1079/1252 1044/1087/1260 1046/1089/1262
f 1039/1080/1253 1041/1082/1255 1047/1090/1263 1045/1088/1261
f 1042/1083/1256 1040/1081/1254 1046/1089/1262 1048/1091/1264
f 1585/1092/1265 1586/1084/1257 1043/1085/1258 1049/1698/1266
f 1584/1086/1259 1585/1697/1267 1049/1093/1268 1044/1087/1260
f 1049/1698/1266 1043/1085/1258 1045/1088/1261 1050/1094/1269
f 1044/1087/1260 1049/1093/1268 1050/1748/1270 1046/1089/1262
f 1050/1094/1269 1045/1088/1261 1047/1090/1263 1051/1095/1271
f 1046/1089/1262 1050/1748/1270 1051/1747/1272 1048/1091/1264
f 1051/1095/1271 1047/1090/1263 1041/1082/1255 1052/1096/1273
f 1048/1091/1264 1051/1747/1272 1052/1746/1274 1042/1083/1256
f 1052/1096/1273 1041/1082/1255 1035/1074/1247 1053/1097/1275
f 1042/1083/1256 1052/1746/1274 1053/1745/1276 1036/1075/1248
f 1053/1097/1275 1035/1074/1247 1029/1066/1239 1054/1098/1277
f 1036/1075/1248 1053/1745/1276 1054/1744/1278 1030/1067/1240
f 1054/1098/1277 1029/1066/1239 1023/1058/1231 1055/1099/1279
f 1030/1067/1240 1054/1744/1278 1055/1743/1280 1024/1059/1232
f 1055/1099/1279 1023/1058/1231 1017/1050/1223 1056/1100/1281
f 1024/1059/1232 1055/1743/1280 1056/1742/1282 1018/1051/1224
f 1056/1100/1281 1017/1050/1223 928/959/1113 1057/1101/1283
f 1018/1051/1224 1056/1742/1282 1057/1741/1284 929/960/1114
f 1057/1101/1283 928/959/1113 889/929/1083 1058/1102/1285
f 929/960/1114 1057/1741/1284 1058/1740/1285 890/930/1084
f 1058/1102/1285 889/929/1083 873/911/1065 1059/1103/1286
f 890/930/1084 1058/1740/1285 1059/1739/1286 874/912/1066
f 1059/1103/1286 873/911/1065 877/915/1069 1060/1104/1287
f 874/912/1066 1059/1739/1286 1060/1738/1287 878/916/1070
f 1060/1104/1287 877/915/1069 1061/1105/1288 1062/1106/1289
f 878/916/1070 1060/1738/1287 1062/1736/1290 1063/1107/1291
f 523/530/659 524/1737/658 1065/1724/1292 1064/1109/1293
f 524/529/658 525/531/660 1066/1110/1294 1065/1108/1295
f 1062/1106/1289 1061/1105/1288 1067/1111/1296 1068/1112/1297
f 1063/1107/1291 1062/1736/1290 1068/1735/1298 1069/1113/1299
f 1068/1112/1297 1067/1111/1296 1070/1114/1300 1071/1115/1301
f 1069/1113/1299 1068/1735/1298 1071/1734/1302 1072/1116/1303
f 1071/1115/1301 1070/1114/1300 1073/1117/1304 1074/1118/1305
f 1072/1116/1303 1071/1734/1302 1074/1733/1306 1075/1119/1307
f 1074/1118/1305 1073/1117/1304 1076/1120/1308 1077/1121/1309
f 1075/1119/1307 1074/1733/1306 1077/1732/1310 1078/1122/1311
f 1077/1121/1309 1076/1120/1308 1079/1123/1312 1080/1124/1313
f 1078/1122/1311 1077/1732/1310 1080/1731/1314 1081/1125/1315
f 1080/1124/1313 1079/1123/1312 1082/1126/1316 1083/1127/1317
f 1081/1125/1315 1080/1731/1314 1083/1730/1318 1084/1128/1319
f 1083/1127/1317 1082/1126/1316 1085/1129/1320 1086/1130/1321
f 1084/1128/1319 1083/1730/1318 1086/1729/1322 1087/1131/1323
f 1086/1130/1321 1085/1129/1320 1088/1132/1324 1089/1133/1325
f 1087/1131/1323 1086/1729/1322 1089/1728/1326 1090/1134/1327
f 1089/1133/1325 1088/1132/1324 1091/1135/1328 1092/1136/1329
f 1090/1134/1327 1089/1728/1326 1092/1727/1330 1093/1137/1331
f 1092/1136/1329 1091/1135/1328 1094/1138/1332 1095/1139/1333
f 1093/1137/1331 1092/1727/1330 1095/1726/1334 1096/1140/1335
f 1095/1139/1333 1094/1138/1332 1097/1141/1336 1098/1142/1337
f 1096/1140/1335 1095/1726/1334 1098/1725/1338 1099/1143/1339
f 1098/1142/1337 1097/1141/1336 1100/1144/1340 1101/1145/1341
f 1099/1143/1339 1098/1725/1338 1101/1699/1342 1102/1146/1343
f 546/556/685 523/530/659 1064/1109/1293 1103/1147/1344
f 525/531/660 547/557/686 1104/1148/1345 1066/1110/1294
f 549/558/687 546/556/685 1103/1147/1344 1105/1149/1346
f 547/557/686 551/561/690 1106/1150/1347 1104/1148/1345
f 804/786/940 549/558/687 1105/1149/1346 1107/1151/1348
f 551/561/690 808/788/942 1108/1152/1349 1106/1150/1347
f 775/802/956 767/787/941 1109/1153/1350 1110/1154/1351
f 768/803/957 776/804/958 1112/1155/1352 1111/1156/1353
f 783/813/967 775/802/956 1110/1154/1351 1113/1157/1354
f 776/804/958 784/814/968 1114/1158/1355 1112/1155/1352
f 791/823/977 783/813/967 1113/1157/1354 1115/1159/1356
f 784/814/968 792/824/978 1116/1160/1357 1114/1158/1355
f 799/833/987 791/823/977 1115/1159/1356 1117/1161/1358
f 792/824/978 800/834/988 1118/1162/1359 1116/1160/1357
f 767/787/941 804/786/940 1107/1151/1348 1109/1153/1350
f 808/788/942 768/803/957 1111/1156/1353 1108/1152/1349
f 819/851/1005 799/833/987 1117/1161/1358 1119/1163/1360
f 800/834/988 820/852/1006 1120/1164/1361 1118/1162/1359
f 830/862/1016 829/861/1015 1121/1165/1362 1122/1166/1363
f 831/864/1018 832/863/1017 1124/1167/1364 1123/1168/1365
f 829/861/1015 819/851/1005 1119/1163/1360 1121/1165/1362
f 820/852/1006 831/864/1018 1123/1168/1365 1120/1164/1361
f 875/913/1067 830/862/1016 1122/1166/1363 1125/1169/1366
f 832/863/1017 876/914/1068 1126/1170/1367 1124/1167/1364
f 877/915/1069 875/913/1067 1125/1169/1366 1061/1105/1288
f 876/914/1068 878/916/1070 1063/1107/1291 1126/1170/1367
f 1064/1109/1293 1065/1724/1368 1128/1723/1369 1127/1172/1370
f 1065/1108/1371 1066/1110/1294 1129/1173/1372 1128/1171/1373
f 1103/1147/1344 1064/1109/1293 1127/1172/1370 1130/1174/1374
f 1066/1110/1294 1104/1148/1345 1131/1175/1375 1129/1173/1372
f 1105/1149/1346 1103/1147/1344 1130/1174/1374 1132/1176/1376
f 1104/1148/1345 1106/1150/1347 1133/1177/1377 1131/1175/1375
f 1107/1151/1348 1105/1149/1346 1132/1176/1376 1134/1178/1378
f 1106/1150/1347 1108/1152/1349 1135/1179/1379 1133/1177/1377
f 1110/1154/1351 1109/1153/1350 1136/1180/1380 1137/1181/1381
f 1111/1156/1353 1112/1155/1352 1139/1182/1382 1138/1183/1383
f 1113/1157/1354 1110/1154/1351 1137/1181/1381 1140/1184/1384
f 1112/1155/1352 1114/1158/1355 1141/1185/1385 1139/1182/1382
f 1115/1159/1356 1113/1157/1354 1140/1184/1384 1142/1186/1386
f 1114/1158/1355 1116/1160/1357 1143/1187/1387 1141/1185/1385
f 1117/1161/1358 1115/1159/1356 1142/1186/1386 1144/1188/1388
f 1116/1160/1357 1118/1162/1359 1145/1189/1389 1143/1187/1387
f 1109/1153/1350 1107/1151/1348 1134/1178/1378 1136/1180/1380
f 1108/1152/1349 1111/1156/1353 1138/1183/1383 1135/1179/1379
f 1119/1163/1360 1117/1161/1358 1144/1188/1388 1146/1190/1390
f 1118/1162/1359 1120/1164/1361 1147/1191/1391 1145/1189/1389
f 1122/1166/1363 1121/1165/1362 1148/1192/1392 1149/1193/1393
f 1123/1168/1365 1124/1167/1364 1151/1194/1394 1150/1195/1395
f 1121/1165/1362 1119/1163/1360 1146/1190/1390 1148/1192/1392
f 1120/1164/1361 1123/1168/1365 1150/1195/1395 1147/1191/1391
f 1125/1169/1366 1122/1166/1363 1149/1193/1393 1152/1196/1396
f 1124/1167/1364 1126/1170/1367 1153/1197/1397 1151/1194/1394
f 1061/1105/1288 1125/1169/1366 1152/1196/1396 1067/1111/1296
f 1126/1170/1367 1063/1107/1291 1069/1113/1299 1153/1197/1397
f 1070/1114/1300 1067/1111/1296 1152/1196/1396 1154/1198/1398
f 1069/1113/1299 1072/1116/1303 1155/1199/1399 1153/1197/1397
f 1073/1117/1304 1070/1114/1300 1154/1198/1398 1156/1200/1400
f 1072/1116/1303 1075/1119/1307 1157/1201/1401 1155/1199/1399
f 1076/1120/1308 1073/1117/1304 1156/1200/1400 1158/1202/1402
f 1075/1119/1307 1078/1122/1311 1159/1203/1403 1157/1201/1401
f 1079/1123/1312 1076/1120/1308 1158/1202/1402 1160/1204/1404
f 1078/1122/1311 1081/1125/1315 1161/1205/1405 1159/1203/1403
f 1082/1126/1316 1079/1123/1312 1160/1204/1404 1162/1206/1406
f 1081/1125/1315 1084/1128/1319 1163/1207/1407 1161/1205/1405
f 1085/1129/1320 1082/1126/1316 1162/1206/1406 1164/1208/1408
f 1084/1128/1319 1087/1131/1323 1165/1209/1409 1163/1207/1407
f 1088/1132/1324 1085/1129/1320 1164/1208/1408 1166/1210/1410
f 1087/1131/1323 1090/1134/1327 1167/1211/1411 1165/1209/1409
f 1091/1135/1328 1088/1132/1324 1166/1210/1410 1168/1212/1412
f 1090/1134/1327 1093/1137/1331 1169/1213/1413 1167/1211/1411
f 1094/1138/1332 1091/1135/1328 1168/1212/1412 1170/1214/1414
f 1093/1137/1331 1096/1140/1335 1171/1215/1415 1169/1213/1413
f 1097/1141/1336 1094/1138/1332 1170/1214/1414 1172/1216/1416
f 1096/1140/1335 1099/1143/1339 1173/1217/1417 1171/1215/1415
f 1100/1144/1340 1097/1141/1336 1172/1216/1416 1174/1218/1418
f 1099/1143/1339 1102/1146/1343 1175/1219/1419 1173/1217/1417
f 1154/1198/1398 1152/1196/1396 1149/1193/1393 1176/1220/1420
f 1153/1197/1397 1155/1199/1399 1177/1221/1421 1151/1194/1394
f 1156/1200/1400 1154/1198/1398 1176/1220/1420 1178/1222/1422
f 1155/1199/1399 1157/1201/1401 1179/1223/1423 1177/1221/1421
f 1158/1202/1402 1156/1200/1400 1178/1222/1422 1180/1224/1424
f 1157/1201/1401 1159/1203/1403 1181/1225/1425 1179/1223/1423
f 1160/1204/1404 1158/1202/1402 1180/1224/1424 1182/1226/1426
f 1159/1203/1403 1161/1205/1405 1183/1227/1427 1181/1225/1425
f 1162/1206/1406 1160/1204/1404 1182/1226/1426 1184/1228/1428
f 1161/1205/1405 1163/1207/1407 1185/1229/1429 1183/1227/1427
f 1164/1208/1408 1162/1206/1406 1184/1228/1428 1186/1230/1430
f 1163/1207/1407 1165/1209/1409 1187/1231/1431 1185/1229/1429
f 1166/1210/1410 1164/1208/1408 1186/1230/1430 1188/1232/1432
f 1165/1209/1409 1167/1211/1411 1189/1233/1433 1187/1231/1431
f 1168/1212/1412 1166/1210/1410 1188/1232/1432 1190/1234/1434
f 1167/1211/1411 1169/1213/1413 1191/1235/1435 1189/1233/1433
f 1170/1214/1414 1168/1212/1412 1190/1234/1434 1192/1236/1436
f 1169/1213/1413 1171/1215/1415 1193/1237/1437 1191/1235/1435
f 1172/1216/1416 1170/1214/1414 1192/1236/1436 1194/1238/1438
f 1171/1215/1415 1173/1217/1417 1195/1239/1439 1193/1237/1437
f 1174/1218/1418 1172/1216/1416 1194/1238/1438 1196/1240/1440
f 1173/1217/1417 1175/1219/1419 1197/1241/1441 1195/1239/1439
f 1176/1220/1420 1149/1193/1393 1148/1192/1392 1198/1242/1442
f 1151/1194/1394 1177/1221/1421 1199/1243/1443 1150/1195/1395
f 1178/1222/1422 1176/1220/1420 1198/1242/1442 1200/1244/1444
f 1177/1221/1421 1179/1223/1423 1201/1245/1445 1199/1243/1443
f 1180/1224/1424 1178/1222/1422 1200/1244/1444 1202/1246/1446
f 1179/1223/1423 1181/1225/1425 1203/1247/1447 1201/1245/1445
f 1182/1226/1426 1180/1224/1424 1202/1246/1446 1204/1248/1448
f 1181/1225/1425 1183/1227/1427 1205/1249/1449 1203/1247/1447
f 1184/1228/1428 1182/1226/1426 1204/1248/1448 1206/1250/1450
f 1183/1227/1427 1185/1229/1429 1207/1251/1451 1205/1249/1449
f 1186/1230/1430 1184/1228/1428 1206/1250/1450 1208/1252/1452
f 1185/1229/1429 1187/1231/1431 1209/1253/1453 1207/1251/1451
f 1188/1232/1432 1186/1230/1430 1208/1252/1452 1210/1254/1454
f 1187/1231/1431 1189/1233/1433 1211/1255/1455 1209/1253/1453
f 1190/1234/1434 1188/1232/1432 1210/1254/1454 1212/1256/1456
f 1189/1233/1433 1191/1235/1435 1213/1257/1457 1211/1255/1455
f 1192/1236/1436 1190/1234/1434 1212/1256/1456 1214/1258/1458
f 1191/1235/1435 1193/1237/1437 1215/1259/1459 1213/1257/1457
f 1194/1238/1438 1192/1236/1436 1214/1258/1458 1216/1260/1460
f 1193/1237/1437 1195/1239/1439 1217/1261/1461 1215/1259/1459
f 1196/1240/1440 1194/1238/1438 1216/1260/1460 1218/1262/1462
f 1195/1239/1439 1197/1241/1441 1219/1263/1463 1217/1261/1461
f 1198/1242/1442 1148/1192/1392 1146/1190/1390 1220/1264/1464
f 1150/1195/1395 1199/1243/1443 1221/1265/1465 1147/1191/1391
f 1200/1244/1444 1198/1242/1442 1220/1264/1464 1222/1266/1466
f 1199/1243/1443 1201/1245/1445 1223/1267/1467 1221/1265/1465
f 1202/1246/1446 1200/1244/1444 1222/1266/1466 1224/1268/1468
f 1201/1245/1445 1203/1247/1447 1225/1269/1469 1223/1267/1467
f 1204/1248/1448 1202/1246/1446 1224/1268/1468 1226/1270/1470
f 1203/1247/1447 1205/1249/1449 1227/1271/1471 1225/1269/1469
f 1206/1250/1450 1204/1248/1448 1226/1270/1470 1228/1272/1472
f 1205/1249/1449 1207/1251/1451 1229/1273/1473 1227/1271/1471
f 1208/1252/1452 1206/1250/1450 1228/1272/1472 1230/1274/1474
f 1207/1251/1451 1209/1253/1453 1231/1275/1475 1229/1273/1473
f 1210/1254/1454 1208/1252/1452 1230/1274/1474 1232/1276/1476
f 1209/1253/1453 1211/1255/1455 1233/1277/1477 1231/1275/1475
f 1212/1256/1456 1210/1254/1454 1232/1276/1476 1234/1278/1478
f 1211/1255/1455 1213/1257/1457 1235/1279/1479 1233/1277/1477
f 1214/1258/1458 1212/1256/1456 1234/1278/1478 1236/1280/1480
f 1213/1257/1457 1215/1259/1459 1237/1281/1481 1235/1279/1479
f 1216/1260/1460 1214/1258/1458 1236/1280/1480 1238/1282/1482
f 1215/1259/1459 1217/1261/1461 1239/1283/1483 1237/1281/1481
f 1218/1262/1462 1216/1260/1460 1238/1282/1482 1240/1284/1484
f 1217/1261/1461 1219/1263/1463 1241/1285/1485 1239/1283/1483
f 1220/1264/1464 1146/1190/1390 1144/1188/1388 1242/1286/1486
f 1147/1191/1391 1221/1265/1465 1243/1287/1487 1145/1189/1389
f 1222/1266/1466 1220/1264/1464 1242/1286/1486 1244/1288/1488
f 1221/1265/1465 1223/1267/1467 1245/1289/1489 1243/1287/1487
f 1224/1268/1468 1222/1266/1466 1244/1288/1488 1246/1290/1490
f 1223/1267/1467 1225/1269/1469 1247/1291/1491 1245/1289/1489
f 1226/1270/1470 1224/1268/1468 1246/1290/1490 1248/1292/1492
f 1225/1269/1469 1227/1271/1471 1249/1293/1493 1247/1291/1491
f 1228/1272/1472 1226/1270/1470 1248/1292/1492 1250/1294/1494
f 1227/1271/1471 1229/1273/1473 1251/1295/1495 1249/1293/1493
f 1230/1274/1474 1228/1272/1472 1250/1294/1494 1252/1296/1496
f 1229/1273/1473 1231/1275/1475 1253/1297/1497 1251/1295/1495
f 1232/1276/1476 1230/1274/1474 1252/1296/1496 1254/1298/1498
f 1231/1275/1475 1233/1277/1477 1255/1299/1499 1253/1297/1497
f 1234/1278/1478 1232/1276/1476 1254/1298/1498 1256/1300/1500
f 1233/1277/1477 1235/1279/1479 1257/1301/1501 1255/1299/1499
f 1236/1280/1480 1234/1278/1478 1256/1300/1500 1258/1302/1502
f 1235/1279/1479 1237/1281/1481 1259/1303/1503 1257/1301/1501
f 1238/1282/1482 1236/1280/1480 1258/1302/1502 1260/1304/1504
f 1237/1281/1481 1239/1283/1483 1261/1305/1505 1259/1303/1503
f 1240/1284/1484 1238/1282/1482 1260/1304/1504 1262/1306/1506
f 1239/1283/1483 1241/1285/1485 1263/1307/1507 1261/1305/1505
f 1242/1286/1486 1144/1188/1388 1142/1186/1386 1264/1308/1508
f 1145/1189/1389 1243/1287/1487 1265/1309/1509 1143/1187/1387
f 1244/1288/1488 1242/1286/1486 1264/1308/1508 1266/1310/1510
f 1243/1287/1487 1245/1289/1489 1267/1311/1511 1265/1309/1509
f 1246/1290/1490 1244/1288/1488 1266/1310/1510 1268/1312/1512
f 1245/1289/1489 1247/1291/1491 1269/1313/1513 1267/1311/1511
f 1248/1292/1492 1246/1290/1490 1268/1312/1512 1270/1314/1514
f 1247/1291/1491 1249/1293/1493 1271/1315/1515 1269/1313/1513
f 1250/1294/1494 1248/1292/1492 1270/1314/1514 1272/1316/1516
f 1249/1293/1493 1251/1295/1495 1273/1317/1517 1271/1315/1515
f 1252/1296/1496 1250/1294/1494 1272/1316/1516 1274/1318/1518
f 1251/1295/1495 1253/1297/1497 1275/1319/1519 1273/1317/1517
f 1254/1298/1498 1252/1296/1496 1274/1318/1518 1276/1320/1520
f 1253/1297/1497 1255/1299/1499 1277/1321/1521 1275/1319/1519
f 1256/1300/1500 1254/1298/1498 1276/1320/1520 1278/1322/1522
f 1255/1299/1499 1257/1301/1501 1279/1323/1523 1277/1321/1521
f 1258/1302/1502 1256/1300/1500 1278/1322/1522 1280/1324/1524
f 1257/1301/1501 1259/1303/1503 1281/1325/1525 1279/1323/1523
f 1260/1304/1504 1258/1302/1502 1280/1324/1524 1282/1326/1526
f 1259/1303/1503 1261/1305/1505 1283/1327/1527 1281/1325/1525
f 1262/1306/1506 1260/1304/1504 1282/1326/1526 1284/1328/1528
f 1261/1305/1505 1263/1307/1507 1285/1329/1529 1283/1327/1527
f 1264/1308/1508 1142/1186/1386 1140/1184/1384 1286/1330/1530
f 1143/1187/1387 1265/1309/1509 1287/1331/1531 1141/1185/1385
f 1266/1310/1510 1264/1308/1508 1286/1330/1530 1288/1332/1532
f 1265/1309/1509 1267/1311/1511 1289/1333/1533 1287/1331/1531
f 1268/1312/1512 1266/1310/1510 1288/1332/1532 1290/1334/1534
f 1267/1311/1511 1269/1313/1513 1291/1335/1535 1289/1333/1533
f 1270/1314/1514 1268/1312/1512 1290/1334/1534 1292/1336/1536
f 1269/1313/1513 1271/1315/1515 1293/1337/1537 1291/1335/1535
f 1272/1316/1516 1270/1314/1514 1292/1336/1536 1294/1338/1538
f 1271/1315/1515 1273/1317/1517 1295/1339/1539 1293/1337/1537
f 1274/1318/1518 1272/1316/1516 1294/1338/1538 1296/1340/1540
f 1273/1317/1517 1275/1319/1519 1297/1341/1541 1295/1339/1539
f 1276/1320/1520 1274/1318/1518 1296/1340/1540 1298/1342/1542
f 1275/1319/1519 1277/1321/1521 1299/1343/1543 1297/1341/1541
f 1278/1322/1522 1276/1320/1520 1298/1342/1542 1300/1344/1544
f 1277/1321/1521 1279/1323/1523 1301/1345/1545 1299/1343/1543
f 1280/1324/1524 1278/1322/1522 1300/1344/1544 1302/1346/1546
f 1279/1323/1523 1281/1325/1525 1303/1347/1547 1301/1345/1545
f 1282/1326/1526 1280/1324/1524 1302/1346/1546 1304/1348/1548
f 1281/1325/1525 1283/1327/1527 1305/1349/1549 1303/1347/1547
f 1284/1328/1528 1282/1326/1526 1304/1348/1548 1306/1350/1550
f 1283/1327/1527 1285/1329/1529 1307/1351/1551 1305/1349/1549
f 1286/1330/1530 1140/1184/1384 1137/1181/1381 1308/1352/1552
f 1141/1185/1385 1287/1331/1531 1309/1353/1553 1139/1182/1382
f 1288/1332/1532 1286/1330/1530 1308/1352/1552 1310/1354/1554
f 1287/1331/1531 1289/1333/1533 1311/1355/1555 1309/1353/1553
f 1290/1334/1534 1288/1332/1532 1310/1354/1554 1312/1356/1556
f 1289/1333/1533 1291/1335/1535 1313/1357/1557 1311/1355/1555
f 1292/1336/1536 1290/1334/1534 1312/1356/1556 1314/1358/1558
f 1291/1335/1535 1293/1337/1537 1315/1359/1559 1313/1357/1557
f 1294/1338/1538 1292/1336/1536 1314/1358/1558 1316/1360/1560
f 1293/1337/1537 1295/1339/1539 1317/1361/1561 1315/1359/1559
f 1296/1340/1540 1294/1338/1538 1316/1360/1560 1318/1362/1562
f 1295/1339/1539 1297/1341/1541 1319/1363/1563 1317/1361/1561
f 1298/1342/1542 1296/1340/1540 1318/1362/1562 1320/1364/1564
f 1297/1341/1541 1299/1343/1543 1321/1365/1565 1319/1363/1563
f 1300/1344/1544 1298/1342/1542 1320/1364/1564 1322/1366/1566
f 1299/1343/1543 1301/1345/1545 1323/1367/1567 1321/1365/1565
f 1302/1346/1546 1300/1344/1544 1322/1366/1566 1324/1368/1568
f 1301/1345/1545 1303/1347/1547 1325/1369/1569 1323/1367/1567
f 1304/1348/1548 1302/1346/1546 1324/1368/1568 1326/1370/1570
f 1303/1347/1547 1305/1349/1549 1327/1371/1571 1325/1369/1569
f 1306/1350/1550 1304/1348/1548 1326/1370/1570 1328/1372/1572
f 1305/1349/1549 1307/1351/1551 1329/1373/1573 1327/1371/1571
f 1308/1352/1552 1137/1181/1381 1136/1180/1380 1330/1374/1574
f 1139/1182/1382 1309/1353/1553 1331/1375/1575 1138/1183/1383
f 1310/1354/1554 1308/1352/1552 1330/1374/1574 1332/1376/1576
f 1309/1353/1553 1311/1355/1555 1333/1377/1577 1331/1375/1575
f 1312/1356/1556 1310/1354/1554 1332/1376/1576 1334/1378/1578
f 1311/1355/1555 1313/1357/1557 1335/1379/1579 1333/1377/1577
f 1314/1358/1558 1312/1356/1556 1334/1378/1578 1336/1380/1580
f 1313/1357/1557 1315/1359/1559 1337/1381/1581 1335/1379/1579
f 1316/1360/1560 1314/1358/1558 1336/1380/1580 1338/1382/1582
f 1315/1359/1559 1317/1361/1561 1339/1383/1583 1337/1381/1581
f 1318/1362/1562 1316/1360/1560 1338/1382/1582 1340/1384/1584
f 1317/1361/1561 1319/1363/1563 1341/1385/1585 1339/1383/1583
f 1320/1364/1564 1318/1362/1562 1340/1384/1584 1342/1386/1586
f 1319/1363/1563 1321/1365/1565 1343/1387/1587 1341/1385/1585
f 1322/1366/1566 1320/1364/1564 1342/1386/1586 1344/1388/1588
f 1321/1365/1565 1323/1367/1567 1345/1389/1589 1343/1387/1587
f 1324/1368/1568 1322/1366/1566 1344/1388/1588 1346/1390/1590
f 1323/1367/1567 1325/1369/1569 1347/1391/1591 1345/1389/1589
f 1326/1370/1570 1324/1368/1568 1346/1390/1590 1348/1392/1592
f 1325/1369/1569 1327/1371/1571 1349/1393/1593 1347/1391/1591
f 1328/1372/1572 1326/1370/1570 1348/1392/1592 1350/1394/1594
f 1327/1371/1571 1329/1373/1573 1351/1395/1595 1349/1393/1593
f 1330/1374/1574 1136/1180/1380 1134/1178/1378 1352/1396/1596
f 1138/1183/1383 1331/1375/1575 1353/1397/1597 1135/1179/1379
f 1332/1376/1576 1330/1374/1574 1352/1396/1596 1354/1398/1598
f 1331/1375/1575 1333/1377/1577 1355/1399/1599 1353/1397/1597
f 1334/1378/1578 1332/1376/1576 1354/1398/1598 1356/1400/1600
f 1333/1377/1577 1335/1379/1579 1357/1401/1601 1355/1399/1599
f 1336/1380/1580 1334/1378/1578 1356/1400/1600 1358/1402/1602
f 1335/1379/1579 1337/1381/1581 1359/1403/1603 1357/1401/1601
f 1338/1382/1582 1336/1380/1580 1358/1402/1602 1360/1404/1604
f 1337/1381/1581 1339/1383/1583 1361/1405/1605 1359/1403/1603
f 1340/1384/1584 1338/1382/1582 1360/1404/1604 1362/1406/1606
f 1339/1383/1583 1341/1385/1585 1363/1407/1607 1361/1405/1605
f 1342/1386/1586 1340/1384/1584 1362/1406/1606 1364/1408/1608
f 1341/1385/1585 1343/1387/1587 1365/1409/1609 1363/1407/1607
f 1344/1388/1588 1342/1386/1586 1364/1408/1608 1366/1410/1610
f 1343/1387/1587 1345/1389/1589 1367/1411/1611 1365/1409/1609
f 1346/1390/1590 1344/1388/1588 1366/1410/1610 1368/1412/1612
f 1345/1389/1589 1347/1391/1591 1369/1413/1613 1367/1411/1611
f 1348/1392/1592 1346/1390/1590 1368/1412/1612 1370/1414/1614
f 1347/1391/1591 1349/1393/1593 1371/1415/1615 1369/1413/1613
f 1350/1394/1594 1348/1392/1592 1370/1414/1614 1372/1416/1616
f 1349/1393/1593 1351/1395/1595 1373/1417/1617 1371/1415/1615
f 1352/1396/1596 1134/1178/1378 1132/1176/1376 1374/1418/1618
f 1135/1179/1379 1353/1397/1597 1375/1419/1619 1133/1177/1377
f 1354/1398/1598 1352/1396/1596 1374/1418/1618 1376/1420/1620
f 1353/1397/1597 1355/1399/1599 1377/1421/1621 1375/1419/1619
f 1356/1400/1600 1354/1398/1598 1376/1420/1620 1378/1422/1622
f 1355/1399/1599 1357/1401/1601 1379/1423/1623 1377/1421/1621
f 1358/1402/1602 1356/1400/1600 1378/1422/1622 1380/1424/1624
f 1357/1401/1601 1359/1403/1603 1381/1425/1625 1379/1423/1623
f 1360/1404/1604 1358/1402/1602 1380/1424/1624 1382/1426/1626
f 1359/1403/1603 1361/1405/1605 1383/1427/1627 1381/1425/1625
f 1362/1406/1606 1360/1404/1604 1382/1426/1626 1384/1428/1628
f 1361/1405/1605 1363/1407/1607 1385/1429/1629 1383/1427/1627
f 1364/1408/1608 1362/1406/1606 1384/1428/1628 1386/1430/1630
f 1363/1407/1607 1365/1409/1609 1387/1431/1631 1385/1429/1629
f 1366/1410/1610 1364/1408/1608 1386/1430/1630 1388/1432/1632
f 1365/1409/1609 1367/1411/1611 1389/1433/1633 1387/1431/1631
f 1368/1412/1612 1366/1410/1610 1388/1432/1632 1390/1434/1634
f 1367/1411/1611 1369/1413/1613 1391/1435/1635 1389/1433/1633
f 1370/1414/1614 1368/1412/1612 1390/1434/1634 1392/1436/1636
f 1369/1413/1613 1371/1415/1615 1393/1437/1637 1391/1435/1635
f 1372/1416/1616 1370/1414/1614 1392/1436/1636 1394/1438/1638
f 1371/1415/1615 1373/1417/1617 1395/1439/1639 1393/1437/1637
f 1374/1418/1618 1132/1176/1376 1130/1174/1374 1396/1440/1640
f 1133/1177/1377 1375/1419/1619 1397/1441/1641 1131/1175/1375
f 1376/1420/1620 1374/1418/1618 1396/1440/1640 1398/1442/1642
f 1375/1419/1619 1377/1421/1621 1399/1443/1643 1397/1441/1641
f 1378/1422/1622 1376/1420/1620 1398/1442/1642 1400/1444/1644
f 1377/1421/1621 1379/1423/1623 1401/1445/1645 1399/1443/1643
f 1380/1424/1624 1378/1422/1622 1400/1444/1644 1402/1446/1646
f 1379/1423/1623 1381/1425/1625 1403/1447/1647 1401/1445/1645
f 1382/1426/1626 1380/1424/1624 1402/1446/1646 1404/1448/1648
f 1381/1425/1625 1383/1427/1627 1405/1449/1649 1403/1447/1647
f 1384/1428/1628 1382/1426/1626 1404/1448/1648 1406/1450/1650
f 1383/1427/1627 1385/1429/1629 1407/1451/1651 1405/1449/1649
f 1386/1430/1630 1384/1428/1628 1406/1450/1650 1408/1452/1652
f 1385/1429/1629 1387/1431/1631 1409/1453/1653 1407/1451/1651
f 1388/1432/1632 1386/1430/1630 1408/1452/1652 1410/1454/1654
f 1387/1431/1631 1389/1433/1633 1411/1455/1655 1409/1453/1653
f 1390/1434/1634 1388/1432/1632 1410/1454/1654 1412/1456/1656
f 1389/1433/1633 1391/1435/1635 1413/1457/1657 1411/1455/1655
f 1392/1436/1636 1390/1434/1634 1412/1456/1656 1414/1458/1658
f 1391/1435/1635 1393/1437/1637 1415/1459/1659 1413/1457/1657
f 1394/1438/1638 1392/1436/1636 1414/1458/1658 1416/1460/1660
f 1393/1437/1637 1395/1439/1639 1417/1461/1661 1415/1459/1659
f 1396/1440/1640 1130/1174/1374 1127/1172/1370 1418/1462/1662
f 1131/1175/1375 1397/1441/1641 1419/1463/1663 1129/1173/1372
f 1398/1442/1642 1396/1440/1640 1418/1462/1662 1420/1464/1664
f 1397/1441/1641 1399/1443/1643 1421/1465/1665 1419/1463/1663
f 1400/1444/1644 1398/1442/1642 1420/1464/1664 1422/1466/1666
f 1399/1443/1643 1401/1445/1645 1423/1467/1667 1421/1465/1665
f 1402/1446/1646 1400/1444/1644 1422/1466/1666 1424/1468/1668
f 1401/1445/1645 1403/1447/1647 1425/1469/1669 1423/1467/1667
f 1404/1448/1648 1402/1446/1646 1424/1468/1668 1426/1470/1670
f 1403/1447/1647 1405/1449/1649 1427/1471/1671 1425/1469/1669
f 1406/1450/1650 1404/1448/1648 1426/1470/1670 1428/1472/1672
f 1405/1449/1649 1407/1451/1651 1429/1473/1673 1427/1471/1671
f 1408/1452/1652 1406/1450/1650 1428/1472/1672 1430/1474/1674
f 1407/1451/1651 1409/1453/1653 1431/1475/1675 1429/1473/1673
f 1410/1454/1654 1408/1452/1652 1430/1474/1674 1432/1476/1676
f 1409/1453/1653 1411/1455/1655 1433/1477/1677 1431/1475/1675
f 1412/1456/1656 1410/1454/1654 1432/1476/1676 1434/1478/1678
f 1411/1455/1655 1413/1457/1657 1435/1479/1679 1433/1477/1677
f 1414/1458/1658 1412/1456/1656 1434/1478/1678 1436/1480/1680
f 1413/1457/1657 1415/1459/1659 1437/1481/1681 1435/1479/1679
f 1416/1460/1660 1414/1458/1658 1436/1480/1680 1438/1482/1682
f 1415/1459/1659 1417/1461/1661 1439/1483/1683 1437/1481/1681
f 1127/1172/1370 1128/1723/1684 1440/1722/1685 1418/1462/1662
f 1128/1171/1686 1129/1173/1372 1419/1463/1663 1440/1484/1687
f 1418/1462/1662 1440/1722/1688 1441/1721/1689 1420/1464/1664
f 1440/1484/1690 1419/1463/1663 1421/1465/1665 1441/1485/1691
f 1420/1464/1664 1441/1721/1689 1442/1720/1692 1422/1466/1666
f 1441/1485/1691 1421/1465/1665 1423/1467/1667 1442/1486/1693
f 1422/1466/1666 1442/1720/1692 1443/1719/1694 1424/1468/1668
f 1442/1486/1693 1423/1467/1667 1425/1469/1669 1443/1487/1695
f 1424/1468/1668 1443/1719/1694 1444/1718/1696 1426/1470/1670
f 1443/1487/1695 1425/1469/1669 1427/1471/1671 1444/1488/1697
f 1426/1470/1670 1444/1718/1696 1445/1717/1698 1428/1472/1672
f 1444/1488/1697 1427/1471/1671 1429/1473/1673 1445/1489/1699
f 1428/1472/1672 1445/1717/1698 1446/1716/1700 1430/1474/1674
f 1445/1489/1699 1429/1473/1673 1431/1475/1675 1446/1490/1701
f 1430/1474/1674 1446/1716/1700 1447/1715/1702 1432/1476/1676
f 1446/1490/1701 1431/1475/1675 1433/1477/1677 1447/1491/1703
f 1432/1476/1676 1447/1715/1702 1448/1714/1704 1434/1478/1678
f 1447/1491/1703 1433/1477/1677 1435/1479/1679 1448/1492/1705
f 1434/1478/1678 1448/1714/1704 1449/1713/1706 1436/1480/1680
f 1448/1492/1705 1435/1479/1679 1437/1481/1681 1449/1493/1707
f 1436/1480/1680 1449/1713/1706 1450/1712/1708 1438/1482/1682
f 1449/1493/1707 1437/1481/1681 1439/1483/1683 1450/1494/1709
f 1438/1482/1682 1450/1712/1708 1451/1711/1710 1416/1460/1660
f 1450/1494/1709 1439/1483/1683 1417/1461/1661 1451/1495/1711
f 1416/1460/1660 1451/1711/1710 1452/1710/1712 1394/1438/1638
f 1451/1495/1711 1417/1461/1661 1395/1439/1639 1452/1496/1713
f 1394/1438/1638 1452/1710/1712 1453/1709/1714 1372/1416/1616
f 1452/1496/1713 1395/1439/1639 1373/1417/1617 1453/1497/1715
f 1372/1416/1616 1453/1709/1714 1454/1708/1716 1350/1394/1594
f 1453/1497/1715 1373/1417/1617 1351/1395/1595 1454/1498/1717
f 1350/1394/1594 1454/1708/1716 1455/1707/1718 1328/1372/1572
f 1454/1498/1717 1351/1395/1595 1329/1373/1573 1455/1499/1719
f 1328/1372/1572 1455/1707/1718 1456/1706/1720 1306/1350/1550
f 1455/1499/1719 1329/1373/1573 1307/1351/1551 1456/1500/1721
f 1306/1350/1550 1456/1706/1720 1457/1705/1722 1284/1328/1528
f 1456/1500/1721 1307/1351/1551 1285/1329/1529 1457/1501/1723
f 1284/1328/1528 1457/1705/1722 1458/1704/1724 1262/1306/1506
f 1457/1501/1723 1285/1329/1529 1263/1307/1507 1458/1502/1725
f 1262/1306/1506 1458/1704/1724 1459/1703/1726 1240/1284/1484
f 1458/1502/1725 1263/1307/1507 1241/1285/1485 1459/1503/1727
f 1240/1284/1484 1459/1703/1726 1460/1702/1728 1218/1262/1462
f 1459/1503/1727 1241/1285/1485 1219/1263/1463 1460/1504/1729
f 1218/1262/1462 1460/1702/1728 1461/1701/1730 1196/1240/1440
f 1460/1504/1729 1219/1263/1463 1197/1241/1441 1461/1505/1731
f 1196/1240/1440 1461/1701/1730 1462/1700/1732 1174/1218/1418
f 1461/1505/1731 1197/1241/1441 1175/1219/1419 1462/1506/1733
f 1101/1699/1342 1462/1506/1733 1175/1219/1419 1102/1146/1343
f 1462/1700/1732 1101/1145/1341 1100/1144/1340 1174/1218/1418
f 674/946/1100 676/945/1099 1464/1507/1734 1463/1508/1735
f 677/944/1098 675/943/1097 1465/1509/1736 1466/1510/1737
f 1463/1508/1735 1464/1507/1734 1468/1511/1738 1467/1512/1739
f 1466/1510/1737 1465/1509/1736 1469/1513/1740 1470/1514/1741
f 1467/1512/1739 1468/1511/1738 1472/1515/1742 1471/1516/1743
f 1470/1514/1741 1469/1513/1740 1473/1517/1744 1474/1518/1745
f 1471/1516/1743 1472/1515/1742 1476/1519/1746 1475/1520/1747
f 1474/1518/1745 1473/1517/1744 1477/1521/1748 1478/1522/1749
f 1475/1520/1747 1476/1519/1746 1480/1523/1750 1479/1524/1751
f 1478/1522/1749 1477/1521/1748 1481/1525/1752 1482/1526/1753
f 1479/1524/1751 1480/1523/1750 1484/1527/1754 1483/1528/1755
f 1482/1526/1753 1481/1525/1752 1485/1529/1756 1486/1530/1757
f 1483/1528/1755 1484/1527/1754 1488/1531/1758 1487/1532/1759
f 1486/1530/1757 1485/1529/1756 1489/1533/1760 1490/1534/1761
f 1487/1532/1759 1488/1531/1758 1492/1535/1762 1491/1536/1763
f 1490/1534/1761 1489/1533/1760 1493/1537/1764 1494/1538/1765
f 1491/1536/1763 1492/1535/1762 1496/1539/1766 1495/1540/1767
f 1494/1538/1765 1493/1537/1764 1497/1541/1768 1498/1542/1769
f 1495/1540/1767 1496/1539/1766 1500/1543/1770 1499/1544/1771
f 1498/1542/1769 1497/1541/1768 1501/1545/1772 1502/1546/1773
f 1499/1544/1771 1500/1543/1770 1504/1547/1774 1503/1548/1775
f 1502/1546/1773 1501/1545/1772 1505/1549/1776 1506/1550/1777
f 1503/1548/1775 1504/1547/1774 1508/1551/1778 1507/1552/1779
f 1506/1550/1777 1505/1549/1776 1509/1553/1780 1510/1554/1781
f 1507/1552/1779 1508/1551/1778 1512/1555/1782 1511/1556/1783
f 1510/1554/1781 1509/1553/1780 1513/1557/1784 1514/1558/1785
f 1511/1556/1783 1512/1555/1782 1516/1559/1786 1515/1560/1787
f 1514/1558/1785 1513/1557/1784 1517/1561/1788 1518/1562/1789
f 1515/1560/1787 1516/1559/1786 1520/1563/1790 1519/1564/1791
f 1518/1562/1789 1517/1561/1788 1521/1565/1792 1522/1566/1793
f 1519/1564/1791 1520/1563/1790 1524/1567/1794 1523/1568/1795
f 1522/1566/1793 1521/1565/1792 1525/1569/1796 1526/1570/1797
f 1523/1568/1795 1524/1567/1794 554/564/693 801/777/931
f 1526/1570/1797 1525/1569/1796 805/781/935 555/565/694
f 902/687/826 673/942/1096 1527/1571/1798 903/689/828
f 672/947/1101 916/686/825 915/688/827 1528/1572/1799
f 903/689/828 1527/1571/1798 1530/1573/1800 1529/1574/1801
f 1528/1572/1799 915/688/827 1531/1575/1802 1532/1576/1803
f 914/690/829 674/946/1100 1531/1575/1802 915/688/827
f 675/943/1097 904/691/830 903/689/828 1529/1574/1801
f 1529/1574/1801 1530/1573/1800 1534/1577/1804 1533/1578/1805
f 1532/1576/1803 1531/1575/1802 1535/1579/1806 1536/1580/1807
f 1531/1575/1802 674/946/1100 1463/1508/1735 1535/1579/1806
f 675/943/1097 1529/1574/1801 1533/1578/1805 1465/1509/1736
f 1533/1578/1805 1534/1577/1804 1538/1581/1808 1537/1582/1809
f 1536/1580/1807 1535/1579/1806 1539/1583/1810 1540/1584/1811
f 1535/1579/1806 1463/1508/1735 1467/1512/1739 1539/1583/1810
f 1465/1509/1736 1533/1578/1805 1537/1582/1809 1469/1513/1740
f 1537/1582/1809 1538/1581/1808 1542/1585/1812 1541/1586/1813
f 1540/1584/1811 1539/1583/1810 1543/1587/1814 1544/1588/1815
f 1539/1583/1810 1467/1512/1739 1471/1516/1743 1543/1587/1814
f 1469/1513/1740 1537/1582/1809 1541/1586/1813 1473/1517/1744
f 1541/1586/1813 1542/1585/1812 1546/1589/1816 1545/1590/1817
f 1544/1588/1815 1543/1587/1814 1547/1591/1818 1548/1592/1819
f 1543/1587/1814 1471/1516/1743 1475/1520/1747 1547/1591/1818
f 1473/1517/1744 1541/1586/1813 1545/1590/1817 1477/1521/1748
f 1545/1590/1817 1546/1589/1816 1489/1533/1760 1485/1529/1756
f 1548/1592/1819 1547/1591/1818 1483/1528/1755 1487/1532/1759
f 1547/1591/1818 1475/1520/1747 1479/1524/1751 1483/1528/1755
f 1477/1521/1748 1545/1590/1817 1485/1529/1756 1481/1525/1752
f 801/777/931 761/780/934 1549/1593/1820 1523/1568/1795
f 763/792/946 805/781/935 1525/1569/1796 1550/1594/1821
f 761/780/934 1603/796/950 1604/1595/1822 1549/1593/1820
f 1566/1596/1823 1567/797/951 763/792/946 1550/1594/1821
f 1523/1568/1795 1549/1593/1820 1551/1597/1824 1519/1564/1791
f 1550/1594/1821 1525/1569/1796 1521/1565/1792 1552/1598/1825
f 1549/1593/1820 1604/1595/1822 1605/1599/1826 1551/1597/1824
f 1565/1600/1827 1566/1596/1823 1550/1594/1821 1552/1598/1825
f 1519/1564/1791 1551/1597/1824 1553/1601/1828 1515/1560/1787
f 1552/1598/1825 1521/1565/1792 1517/1561/1788 1554/1602/1829
f 1551/1597/1824 1605/1599/1826 1606/1603/1830 1553/1601/1828
f 1564/1604/1831 1565/1600/1827 1552/1598/1825 1554/1602/1829
f 1515/1560/1787 1553/1601/1828 1555/1605/1832 1511/1556/1783
f 1554/1602/1829 1517/1561/1788 1513/1557/1784 1556/1606/1833
f 1553/1601/1828 1606/1603/1830 1607/1607/1834 1555/1605/1832
f 1563/1608/1835 1564/1604/1831 1554/1602/1829 1556/1606/1833
f 1511/1556/1783 1555/1605/1832 1557/1609/1836 1507/1552/1779
f 1556/1606/1833 1513/1557/1784 1509/1553/1780 1558/1610/1837
f 1555/1605/1832 1607/1607/1834 1608/1611/1838 1557/1609/1836
f 1562/1612/1839 1563/1608/1835 1556/1606/1833 1558/1610/1837
f 1507/1552/1779 1557/1609/1836 1559/1613/1840 1503/1548/1775
f 1558/1610/1837 1509/1553/1780 1505/1549/1776 1560/1614/1841
f 1557/1609/1836 1608/1611/1838 1609/1615/1842 1559/1613/1840
f 1561/1616/1843 1562/1612/1839 1558/1610/1837 1560/1614/1841
f 1503/1548/1775 1559/1613/1840 1495/1540/1767 1499/1544/1771
f 1560/1614/1841 1505/1549/1776 1501/1545/1772 1497/1541/1768
f 1559/1613/1840 1609/1615/1842 1491/1536/1763 1495/1540/1767
f 1493/1537/1764 1561/1616/1843 1560/1614/1841 1497/1541/1768
f 1546/1589/1816 1561/1616/1843 1493/1537/1764 1489/1533/1760
f 1542/1585/1812 1562/1612/1839 1561/1616/1843 1546/1589/1816
f 1538/1581/1808 1563/1608/1835 1562/1612/1839 1542/1585/1812
f 1534/1577/1804 1564/1604/1831 1563/1608/1835 1538/1581/1808
f 1530/1573/1800 1565/1600/1827 1564/1604/1831 1534/1577/1804
f 1527/1571/1798 1566/1596/1823 1565/1600/1827 1530/1573/1800
f 673/942/1096 1567/797/951 1566/1596/1823 1527/1571/1798
f 671/941/1095 1568/798/952 1567/797/951 673/942/1096
f 1569/810/964 1568/798/952 671/941/1095 669/940/1094
f 1570/820/974 1569/810/964 669/940/1094 667/939/1093
f 1571/830/984 1570/820/974 667/939/1093 665/938/1092
f 1572/845/999 1571/830/984 665/938/1092 663/937/1091
f 663/937/1091 660/936/1090 1573/839/993 1572/845/999
f 660/936/1090 661/935/1089 1574/840/994 1573/839/993
f 661/935/1089 854/934/1088 1575/893/1047 1574/840/994
f 854/934/1088 857/933/1087 1576/899/1053 1575/893/1047
f 857/933/1087 858/932/1086 1577/900/1054 1576/899/1053
f 858/932/1086 884/931/1085 1578/925/1079 1577/900/1054
f 1579/1046/1219 1578/925/1079 884/931/1085 997/1028/1196
f 1580/1054/1227 1579/1046/1219 997/1028/1196 1000/1031/1200
f 1581/1062/1235 1580/1054/1227 1000/1031/1200 1003/1034/1204
f 1582/1070/1243 1581/1062/1235 1003/1034/1204 1006/1037/1208
f 1583/1078/1251 1582/1070/1243 1006/1037/1208 1009/1040/1212
f 1584/1086/1259 1583/1078/1251 1009/1040/1212 1012/1043/1216
f 1012/1043/1216 1011/1749/1215 1585/1697/1267 1584/1086/1259
f 1011/1042/1214 1010/1041/1213 1586/1084/1257 1585/1092/1265
f 1007/1038/1209 1587/1076/1249 1586/1084/1257 1010/1041/1213
f 1004/1035/1205 1588/1068/1241 1587/1076/1249 1007/1038/1209
f 1001/1032/1201 1589/1060/1233 1588/1068/1241 1004/1035/1205
f 998/1029/1197 1590/1052/1225 1589/1060/1233 1001/1032/1201
f 995/1026/1193 1591/1044/1217 1590/1052/1225 998/1029/1197
f 883/958/1112 1592/923/1077 1591/1044/1217 995/1026/1193
f 883/958/1112 856/957/1111 1593/895/1049 1592/923/1077
f 856/957/1111 855/956/1110 1594/896/1050 1593/895/1049
f 855/956/1110 853/955/1109 1595/891/1045 1594/896/1050
f 853/955/1109 659/954/1108 1596/835/989 1595/891/1045
f 659/954/1108 658/953/1107 1597/836/990 1596/835/989
f 658/953/1107 662/952/1106 1598/843/997 1597/836/990
f 1599/829/983 1598/843/997 662/952/1106 664/951/1105
f 666/950/1104 1600/819/973 1599/829/983 664/951/1105
f 668/949/1103 1601/809/963 1600/819/973 666/950/1104
f 670/948/1102 1602/795/949 1601/809/963 668/949/1103
f 1603/796/950 1602/795/949 670/948/1102 672/947/1101
f 1604/1595/1822 1603/796/950 672/947/1101 1528/1572/1799
f 1605/1599/1826 1604/1595/1822 1528/1572/1799 1532/1576/1803
f 1606/1603/1830 1605/1599/1826 1532/1576/1803 1536/1580/1807
f 1607/1607/1834 1606/1603/1830 1536/1580/1807 1540/1584/1811
f 1608/1611/1838 1607/1607/1834 1540/1584/1811 1544/1588/1815
f 1609/1615/1842 1608/1611/1838 1544/1588/1815 1548/1592/1819
f 1491/1536/1763 1609/1615/1842 1548/1592/1819 1487/1532/1759
f 676/945/1099 560/572/701 1610/1617/1844 1464/1507/1734
f 561/573/702 677/944/1098 1466/1510/1737 1611/1618/1845
f 560/572/701 558/570/699 1612/1619/1846 1610/1617/1844
f 559/571/700 561/573/702 1611/1618/1845 1613/1620/1847
f 558/570/699 556/567/696 1614/1621/1848 1612/1619/1846
f 557/569/698 559/571/700 1613/1620/1847 1615/1622/1849
f 556/567/696 1651/566/695 1652/1623/1850 1614/1621/1848
f 1644/1624/1851 1645/568/697 557/569/698 1615/1622/1849
f 1464/1507/1734 1610/1617/1844 1616/1625/1852 1468/1511/1738
f 1611/1618/1845 1466/1510/1737 1470/1514/1741 1617/1626/1853
f 1610/1617/1844 1612/1619/1846 1618/1627/1854 1616/1625/1852
f 1613/1620/1847 1611/1618/1845 1617/1626/1853 1619/1628/1855
f 1612/1619/1846 1614/1621/1848 1620/1629/1856 1618/1627/1854
f 1615/1622/1849 1613/1620/1847 1619/1628/1855 1621/1630/1857
f 1614/1621/1848 1652/1623/1850 1653/1631/1858 1620/1629/1856
f 1643/1632/1859 1644/1624/1851 1615/1622/1849 1621/1630/1857
f 1468/1511/1738 1616/1625/1852 1622/1633/1860 1472/1515/1742
f 1617/1626/1853 1470/1514/1741 1474/1518/1745 1623/1634/1861
f 1616/1625/1852 1618/1627/1854 1624/1635/1862 1622/1633/1860
f 1619/1628/1855 1617/1626/1853 1623/1634/1861 1625/1636/1863
f 1618/1627/1854 1620/1629/1856 1626/1637/1864 1624/1635/1862
f 1621/1630/1857 1619/1628/1855 1625/1636/1863 1627/1638/1865
f 1620/1629/1856 1653/1631/1858 1654/1639/1866 1626/1637/1864
f 1642/1640/1867 1643/1632/1859 1621/1630/1857 1627/1638/1865
f 1472/1515/1742 1622/1633/1860 1628/1641/1868 1476/1519/1746
f 1623/1634/1861 1474/1518/1745 1478/1522/1749 1629/1642/1869
f 1622/1633/1860 1624/1635/1862 1630/1643/1870 1628/1641/1868
f 1625/1636/1863 1623/1634/1861 1629/1642/1869 1631/1644/1871
f 1624/1635/1862 1626/1637/1864 1632/1645/1872 1630/1643/1870
f 1627/1638/1865 1625/1636/1863 1631/1644/1871 1633/1646/1873
f 1626/1637/1864 1654/1639/1866 1655/1647/1874 1632/1645/1872
f 1641/1648/1875 1642/1640/1867 1627/1638/1865 1633/1646/1873
f 1476/1519/1746 1628/1641/1868 1634/1649/1876 1480/1523/1750
f 1629/1642/1869 1478/1522/1749 1482/1526/1753 1635/1650/1877
f 1628/1641/1868 1630/1643/1870 1636/1651/1878 1634/1649/1876
f 1631/1644/1871 1629/1642/1869 1635/1650/1877 1637/1652/1879
f 1630/1643/1870 1632/1645/1872 1638/1653/1880 1636/1651/1878
f 1633/1646/1873 1631/1644/1871 1637/1652/1879 1639/1654/1881
f 1632/1645/1872 1655/1647/1874 1656/1655/1882 1638/1653/1880
f 1640/1656/1883 1641/1648/1875 1633/1646/1873 1639/1654/1881
f 1480/1523/1750 1634/1649/1876 1488/1531/1758 1484/1527/1754
f 1635/1650/1877 1482/1526/1753 1486/1530/1757 1490/1534/1761
f 1634/1649/1876 1636/1651/1878 1492/1535/1762 1488/1531/1758
f 1637/1652/1879 1635/1650/1877 1490/1534/1761 1494/1538/1765
f 1636/1651/1878 1638/1653/1880 1496/1539/1766 1492/1535/1762
f 1639/1654/1881 1637/1652/1879 1494/1538/1765 1498/1542/1769
f 1638/1653/1880 1656/1655/1882 1500/1543/1770 1496/1539/1766
f 1502/1546/1773 1640/1656/1883 1639/1654/1881 1498/1542/1769
f 1510/1554/1781 1640/1656/1883 1502/1546/1773 1506/1550/1777
f 1514/1558/1785 1641/1648/1875 1640/1656/1883 1510/1554/1781
f 1518/1562/1789 1642/1640/1867 1641/1648/1875 1514/1558/1785
f 1522/1566/1793 1643/1632/1859 1642/1640/1867 1518/1562/1789
f 1526/1570/1797 1644/1624/1851 1643/1632/1859 1522/1566/1793
f 555/565/694 1645/568/697 1644/1624/1851 1526/1570/1797
f 541/552/681 1646/549/678 1645/568/697 555/565/694
f 1647/519/648 1646/549/678 541/552/681 516/524/653
f 1648/1695/646 1647/519/648 516/524/653 515/1696/650
f 1649/518/647 1648/517/646 515/521/650 514/520/649
f 1650/548/677 1649/518/647 514/520/649 540/550/679
f 1651/566/695 1650/548/677 540/550/679 554/564/693
f 1652/1623/1850 1651/566/695 554/564/693 1524/1567/1794
f 1653/1631/1858 1652/1623/1850 1524/1567/1794 1520/1563/1790
f 1654/1639/1866 1653/1631/1858 1520/1563/1790 1516/1559/1786
f 1655/1647/1874 1654/1639/1866 1516/1559/1786 1512/1555/1782
f 1656/1655/1882 1655/1647/1874 1512/1555/1782 1508/1551/1778
f 1500/1543/1770 1656/1655/1882 1508/1551/1778 1504/1547/1774
s 14
f 260/289/363 258/1824/362 336/353/1884 1657/1657/1885
s 15
f 259/287/365 261/290/368 1658/1658/1886 337/354/1887
s 14
f 262/291/369 260/289/363 1657/1657/1885 1659/1659/1888
s 15
f 261/290/368 263/292/372 1660/1660/1889 1658/1658/1886
s 14
f 264/293/373 262/291/369 1659/1659/1888 1661/1661/1890
s 15
f 263/292/372 265/294/376 1662/1662/1891 1660/1660/1889
s 14
f 266/295/377 264/293/373 1661/1661/1890 1663/1663/1892
s 15
f 265/294/376 267/296/380 1664/1664/1893 1662/1662/1891
s 14
f 268/297/381 266/295/377 1663/1663/1892 1665/1665/1894
s 15
f 267/296/380 269/298/384 1666/1666/1895 1664/1664/1893
s 14
f 270/299/385 268/297/381 1665/1665/1894 1667/1667/1896
s 15
f 269/298/384 271/300/388 1668/1668/1897 1666/1666/1895
s 14
f 272/301/389 270/299/385 1667/1667/1896 278/307/1898
s 15
f 271/300/388 273/1814/392 280/310/1899 1668/1668/1897
s 14
f 1657/1657/1885 336/353/1884 318/347/1900 1669/1669/1901
s 15
f 337/354/1887 1658/1658/1886 1670/1670/1902 319/348/1903
s 14
f 1659/1659/1888 1657/1657/1885 1669/1669/1901 1671/1671/1904
s 15
f 1658/1658/1886 1660/1660/1889 1672/1672/1905 1670/1670/1902
s 14
f 1661/1661/1890 1659/1659/1888 1671/1671/1904 1673/1673/1906
s 15
f 1660/1660/1889 1662/1662/1891 1674/1674/1907 1672/1672/1905
s 14
f 1663/1663/1892 1661/1661/1890 1673/1673/1906 1675/1675/1908
s 15
f 1662/1662/1891 1664/1664/1893 1676/1676/1909 1674/1674/1907
s 14
f 1665/1665/1894 1663/1663/1892 1675/1675/1908 1677/1677/1910
s 15
f 1664/1664/1893 1666/1666/1895 1678/1678/1911 1676/1676/1909
s 14
f 278/307/1898 1667/1667/1896 1665/1665/1894 1677/1677/1910
s 15
f 1668/1668/1897 280/310/1899 1678/1678/1911 1666/1666/1895
s 14
f 318/347/1900 312/341/1912 1671/1671/1904 1669/1669/1901
s 15
f 313/342/1913 319/348/1903 1670/1670/1902 1672/1672/1905
s 14
f 1671/1671/1904 312/341/1912 302/331/1914 1673/1673/1906
s 15
f 313/342/1913 1672/1672/1905 1674/1674/1907 304/334/1915
s 14
f 284/313/1916 278/307/1898 1677/1677/1910 1675/1675/1908
s 15
f 280/310/1899 286/316/1917 1676/1676/1909 1678/1678/1911
s 14
f 284/313/1916 1675/1675/1908 1673/1673/1906 290/319/1918
s 15
f 1676/1676/1909 286/316/1917 292/322/1919 1674/1674/1907
s 14
f 302/331/1914 296/325/1920 290/319/1918 1673/1673/1906
s 15
f 298/1810/1921 304/334/1915 1674/1674/1907 292/322/1919
s 1
f 102/127/145 101/126/144 1679/1679/1922 1680/1680/1923
f 103/128/146 102/1694/145 1680/1693/1923 1681/1681/1924
f 101/126/144 104/129/147 1682/1682/1925 1679/1679/1922
f 105/130/148 103/128/146 1681/1681/1924 1683/1683/1926
f 104/129/147 106/131/149 1684/1684/1927 1682/1682/1925
f 107/132/150 105/130/148 1683/1683/1926 1685/1685/1928
f 438/135/153 107/132/150 1685/1685/1928 1686/1686/1929
f 106/131/149 431/133/151 1687/1687/1930 1684/1684/1927
f 431/133/151 108/134/152 1688/1688/1931 1687/1687/1930
f 109/444/573 438/135/153 1686/1686/1929 1689/1689/1932
f 1690/1690/1933 99/124/142 68/98/106 84/366/1934
f 100/443/572 1691/1691/1935 85/360/1936 69/359/454
f 1690/1690/1933 1688/1688/1931 108/134/152 99/124/142
f 1689/1689/1932 1691/1691/1935 100/443/572 109/444/573
f 84/366/1934 111/365/1937 1688/1688/1931 1690/1690/1933
f 112/361/1938 85/360/1936 1691/1691/1935 1689/1689/1932
f 123/364/1939 194/1692/1940 1680/1680/1923 1679/1679/1922
f 194/363/1940 122/362/1941 1681/1681/1924 1680/1693/1923
f 123/364/1939 1679/1679/1922 1682/1682/1925 1684/1684/1927
f 1681/1681/1924 122/362/1941 1685/1685/1928 1683/1683/1926
f 1684/1684/1927 1687/1687/1930 1688/1688/1931 123/364/1939
f 1686/1686/1929 1685/1685/1928 122/362/1941 1689/1689/1932
f 123/364/1939 1688/1688/1931 111/365/1937
f 1689/1689/1932 122/362/1941 112/361/1938
g default
v 4.834858 0.188542 -0.486826
v 4.112775 0.188542 -1.903992
v 2.988106 0.188542 -3.028661
v 1.570940 0.188542 -3.750743
v -0.000000 0.188542 -3.999555
v -1.570940 0.188542 -3.750742
v -2.988106 0.188542 -3.028660
v -4.112774 0.188542 -1.903991
v -4.834856 0.188542 -0.486826
v -5.083668 0.188542 1.084114
v -4.834856 0.188542 2.655054
v -4.112774 0.188542 4.072220
v -2.988105 0.188542 5.196888
v -1.570940 0.188542 5.918969
v -0.000000 0.188542 6.167782
v 1.570939 0.188542 5.918969
v 2.988105 0.188542 5.196887
v 4.112773 0.188542 4.072219
v 4.834855 0.188542 2.655053
v 5.083667 0.188542 1.084114
v 5.112608 10.302119 -0.577069
v 4.349042 10.302119 -2.075648
v 3.159764 10.302119 -3.264927
v 1.661188 10.302119 -4.028491
v 0.000000 10.302119 -4.291602
v -1.661188 10.302119 -4.028490
v -3.159763 10.302119 -3.264926
v -4.349041 10.302119 -2.075647
v -5.112606 10.302119 -0.577069
v -5.375712 10.302119 1.084114
v -5.112606 10.302119 2.745298
v -4.349040 10.302119 4.243893
v -3.159762 10.302119 5.433169
v -1.661188 10.302119 6.196716
v -0.000000 10.302119 6.459827
v 1.661188 10.302119 6.196716
v 3.159762 10.302119 5.433168
v 4.349039 10.302119 4.243892
v 5.112604 10.302119 2.745297
v 5.375711 10.302119 1.084114
v -0.000000 0.188542 1.084114
v 4.764204 10.601830 -0.463866
v 4.052672 10.601830 -1.860323
v 2.944439 10.601830 -2.968558
v 1.547984 10.601830 -3.680087
v -0.000000 10.601830 -3.925268
v -1.547985 10.601830 -3.680087
v -2.944437 10.601830 -2.968556
v -4.052670 10.601830 -1.860322
v -4.764202 10.601830 -0.463866
v -5.009379 10.601830 1.084114
v -4.764202 10.601830 2.632094
v -4.052670 10.601830 4.028566
v -2.944437 10.601830 5.136799
v -1.547984 10.601830 5.848312
v -0.000000 10.601830 6.093493
v 1.547984 10.601830 5.848312
v 2.944436 10.601830 5.136798
v 4.052670 10.601830 4.028565
v 4.764200 10.601830 2.632093
v 5.009378 10.601830 1.084114
v 4.311279 10.802036 -0.316703
v 3.667391 10.802036 -1.580400
v 2.664516 10.802036 -2.583278
v 1.400820 10.802036 -3.227162
v -0.000000 10.802036 -3.449035
v -1.400821 10.802036 -3.227162
v -2.664515 10.802036 -2.583275
v -3.667390 10.802036 -1.580400
v -4.311277 10.802036 -0.316703
v -4.533145 10.802036 1.084114
v -4.311277 10.802036 2.484930
v -3.667389 10.802036 3.748641
v -2.664514 10.802036 4.751517
v -1.400820 10.802036 5.395388
v -0.000000 10.802036 5.617260
v 1.400820 10.802036 5.395388
v 2.664513 10.802036 4.751516
v 3.667389 10.802036 3.748640
v 4.311275 10.802036 2.484929
v 4.533145 10.802036 1.084114
v 3.794577 10.601830 -0.148817
v 3.227859 10.601830 -1.261063
v 2.345177 10.601830 -2.143745
v 1.232933 10.601830 -2.710461
v -0.000000 10.601830 -2.905743
v -1.232934 10.601830 -2.710461
v -2.345176 10.601830 -2.143744
v -3.227858 10.601830 -1.261062
v -3.794576 10.601830 -0.148817
v -3.989854 10.601830 1.084114
v -3.794576 10.601830 2.317043
v -3.227857 10.601830 3.429301
v -2.345175 10.601830 4.311983
v -1.232934 10.601830 4.878686
v -0.000000 10.601830 5.073967
v 1.232933 10.601830 4.878686
v 2.345175 10.601830 4.311982
v 3.227856 10.601830 3.429300
v 3.794575 10.601830 2.317042
v 3.989853 10.601830 1.084114
v 3.556404 10.302119 -0.071430
v 3.025256 10.302119 -1.113863
v 2.197977 10.302119 -1.941143
v 1.155546 10.302119 -2.472289
v -0.000000 10.302119 -2.655313
v -1.155547 10.302119 -2.472288
v -2.197976 10.302119 -1.941142
v -3.025255 10.302119 -1.113863
v -3.556402 10.302119 -0.071430
v -3.739423 10.302119 1.084114
v -3.556402 10.302119 2.239656
v -3.025255 10.302119 3.282101
v -2.197976 10.302119 4.109379
v -1.155546 10.302119 4.640512
v -0.000000 10.302119 4.823536
v 1.155546 10.302119 4.640512
v 2.197975 10.302119 4.109378
v 3.025254 10.302119 3.282100
v 3.556401 10.302119 2.239655
v 3.739422 10.302119 1.084114
v 3.774832 9.686505 -0.142402
v 3.211062 9.686505 -1.248859
v 2.332973 9.686505 -2.126949
v 1.226517 9.686505 -2.690716
v -0.000000 9.686505 -2.884981
v -1.226518 9.686505 -2.690715
v -2.332972 9.686505 -2.126947
v -3.211061 9.686505 -1.248859
v -3.774831 9.686505 -0.142402
v -3.969092 9.686505 1.084114
v -3.774831 9.686505 2.310627
v -3.211061 9.686505 3.417098
v -2.332972 9.686505 4.295187
v -1.226518 9.686505 4.858940
v -0.000000 9.686505 5.053205
v 1.226517 9.686505 4.858940
v 2.332971 9.686505 4.295185
v 3.211060 9.686505 3.417096
v 3.774829 9.686505 2.310626
v 3.969091 9.686505 1.084114
v 3.159762 9.816092 5.433168
v 1.661188 9.816092 6.196716
v -0.000000 9.816092 6.459827
v -1.661188 9.816092 6.196716
v -3.159762 9.816092 5.433169
v -4.349040 9.816092 4.243892
v -5.112606 9.816092 2.745298
v -5.375712 9.816092 1.084114
v -5.112606 9.816092 -0.577069
v -4.349041 9.816092 -2.075647
v -3.159763 9.816092 -3.264926
v -1.661188 9.816092 -4.028490
v -0.000000 9.816092 -4.291602
v 1.661188 9.816092 -4.028491
v 3.159764 9.816092 -3.264927
v 4.349043 9.816092 -2.075648
v 5.112608 9.816092 -0.577069
v 5.375711 9.816092 1.084114
v 5.112604 9.816092 2.745297
v 4.349039 9.816092 4.243891
v 2.988103 9.367604 5.196899
v 1.570941 9.367604 5.918966
v -0.000000 9.367604 6.167783
v -1.570941 9.367604 5.918966
v -2.988104 9.367604 5.196900
v -4.112772 9.367604 4.072232
v -4.834856 9.367604 2.655051
v -5.083668 9.367604 1.084114
v -4.834856 9.367604 -0.486823
v -4.112772 9.367604 -1.903988
v -2.988104 9.367604 -3.028657
v -1.570942 9.367604 -3.750741
v -0.000000 9.367604 -3.999557
v 1.570941 9.367604 -3.750741
v 2.988105 9.367604 -3.028659
v 4.112774 9.367604 -1.903989
v 4.834858 9.367604 -0.486823
v 5.083668 9.367604 1.084114
v 4.834854 9.367604 2.655050
v 4.112771 9.367604 4.072231
v 4.221660 9.287422 -0.287584
v 3.591157 9.287422 -1.525013
v 2.609128 9.287422 -2.507043
v 1.371701 9.287422 -3.137543
v -0.000000 9.287422 -3.354804
v -1.371702 9.287422 -3.137543
v -2.609127 9.287422 -2.507041
v -3.591155 9.287422 -1.525013
v -4.221658 9.287422 -0.287584
v -4.438915 9.287422 1.084114
v -4.221658 9.287422 2.455811
v -3.591155 9.287422 3.693254
v -2.609126 9.287422 4.675282
v -1.371701 9.287422 5.305768
v -0.000000 9.287422 5.523028
v 1.371701 9.287422 5.305768
v 2.609126 9.287422 4.675281
v 3.591154 9.287422 3.693253
v 4.221657 9.287422 2.455809
v 4.438913 9.287422 1.084114
v 4.221660 0.485493 -0.287584
v 3.591157 0.485493 -1.525013
v -0.000000 0.485492 1.084114
v 2.609128 0.485493 -2.507043
v 1.371701 0.485493 -3.137543
v -0.000000 0.485493 -3.354804
v -1.371702 0.485493 -3.137543
v -2.609127 0.485493 -2.507041
v -3.591155 0.485493 -1.525013
v -4.221658 0.485493 -0.287584
v -4.438915 0.485493 1.084114
v -4.221658 0.485493 2.455811
v -3.591155 0.485493 3.693254
v -2.609126 0.485493 4.675282
v -1.371701 0.485493 5.305768
v -0.000000 0.485493 5.523028
v 1.371701 0.485493 5.305768
v 2.609126 0.485493 4.675281
v 3.591154 0.485493 3.693253
v 4.221657 0.485493 2.455809
v 4.438913 0.485493 1.084114
v -0.000000 8.756853 6.386950
v -1.638667 8.756853 6.127406
v -3.116927 8.756853 5.374209
v -4.290082 8.756853 4.201054
v -5.043295 8.756853 2.722778
v -5.302835 8.756853 1.084114
v -5.043295 8.756853 -0.554550
v -4.290082 8.756853 -2.032811
v -3.116927 8.756853 -3.205968
v -1.638668 8.756853 -3.959180
v -0.000000 8.756853 -4.218724
v 1.638667 8.756853 -3.959181
v 3.116929 8.756853 -3.205969
v 4.290084 8.756853 -2.032813
v 5.043298 8.756853 -0.554550
v 5.302835 8.756853 1.084114
v 5.043294 8.756853 2.722777
v 4.290081 8.756853 4.201053
v 3.116926 8.756853 5.374208
v 1.638667 8.756853 6.127406
v -0.000000 8.145041 7.228114
v -1.898601 8.145041 6.927400
v -3.611351 8.145041 6.054728
v -4.970598 8.145041 4.695480
v -5.843290 8.145041 2.982712
v -6.144000 8.145041 1.084114
v -5.843290 8.145041 -0.814483
v -4.970598 8.145041 -2.527235
v -3.611351 8.145041 -3.886484
v -1.898602 8.145041 -4.759175
v 0.000000 8.145041 -5.059888
v 1.898602 8.145041 -4.759175
v 3.611353 8.145041 -3.886485
v 4.970601 8.145041 -2.527236
v 5.843293 8.145041 -0.814483
v 6.143999 8.145041 1.084114
v 5.843288 8.145041 2.982710
v 4.970597 8.145041 4.695479
v 3.611350 8.145041 6.054727
v 1.898601 8.145041 6.927400
v -0.000000 7.532136 7.718945
v -2.050277 7.532136 7.394207
v -3.899853 7.532136 6.451818
v -5.367688 7.532136 4.983985
v -6.310097 7.532136 3.134387
v -6.634830 7.532136 1.084114
v -6.310097 7.532136 -0.966158
v -5.367688 7.532136 -2.815737
v -3.899854 7.532136 -4.283574
v -2.050277 7.532136 -5.225981
v 0.000000 7.532136 -5.550719
v 2.050277 7.532136 -5.225982
v 3.899855 7.532136 -4.283575
v 5.367691 7.532136 -2.815739
v 6.310101 7.532136 -0.966158
v 6.634829 7.532136 1.084114
v 6.310095 7.532136 3.134385
v 5.367688 7.532136 4.983982
v 3.899853 7.532136 6.451815
v 2.050276 7.532136 7.394207
v -0.000000 6.917530 8.144363
v -2.181737 6.917530 7.798806
v -4.149908 6.917530 6.795987
v -5.711859 6.917530 5.234040
v -6.714694 6.917530 3.265847
v -7.060249 6.917530 1.084114
v -6.714694 6.917530 -1.097618
v -5.711859 6.917530 -3.065792
v -4.149909 6.917530 -4.627744
v -2.181738 6.917530 -5.630579
v 0.000000 6.917530 -5.976138
v 2.181738 6.917530 -5.630579
v 4.149911 6.917530 -4.627745
v 5.711861 6.917530 -3.065794
v 6.714698 6.917530 -1.097618
v 7.060248 6.917530 1.084114
v 6.714692 6.917530 3.265846
v 5.711858 6.917530 5.234037
v 4.149907 6.917530 6.795986
v 2.181737 6.917530 7.798806
v -0.000000 6.301709 8.434113
v -2.271274 6.301709 8.074373
v -4.320217 6.301709 7.030398
v -5.946270 6.301709 5.404350
v -6.990262 6.301709 3.355385
v -7.349996 6.301709 1.084114
v -6.990262 6.301709 -1.187156
v -5.946270 6.301709 -3.236102
v -4.320217 6.301709 -4.862157
v -2.271275 6.301709 -5.906144
v 0.000000 6.301709 -6.265886
v 2.271275 6.301709 -5.906147
v 4.320220 6.301709 -4.862158
v 5.946273 6.301709 -3.236104
v 6.990267 6.301709 -1.187156
v 7.349995 6.301709 1.084114
v 6.990260 6.301709 3.355383
v 5.946270 6.301709 5.404346
v 4.320216 6.301709 7.030396
v 2.271275 6.301709 8.074373
v 0.000000 5.685088 8.573231
v -2.314265 5.685088 8.206684
v -4.401991 5.685088 7.142950
v -6.058820 5.685088 5.486122
v -7.122571 5.685088 3.398376
v -7.489115 5.685088 1.084114
v -7.122571 5.685088 -1.230148
v -6.058820 5.685088 -3.317874
v -4.401991 5.685088 -4.974708
v -2.314266 5.685088 -6.038457
v 0.000000 5.685088 -6.405006
v 2.314266 5.685088 -6.038458
v 4.401993 5.685088 -4.974709
v 6.058825 5.685088 -3.317877
v 7.122577 5.685088 -1.230148
v 7.489114 5.685088 1.084114
v 7.122570 5.685088 3.398376
v 6.058821 5.685088 5.486118
v 4.401990 5.685088 7.142946
v 2.314265 5.685088 8.206684
v 0.000000 5.067435 8.651849
v -2.338559 5.067435 8.281456
v -4.448203 5.067435 7.206550
v -6.122426 5.067435 5.532330
v -7.197344 5.067435 3.422671
v -7.567735 5.067435 1.084114
v -7.197344 5.067435 -1.254443
v -6.122426 5.067435 -3.364086
v -4.448203 5.067435 -5.038312
v -2.338560 5.067435 -6.113227
v 0.000000 5.067435 -6.483624
v 2.338560 5.067435 -6.113228
v 4.448205 5.067435 -5.038313
v 6.122428 5.067435 -3.364088
v 7.197347 5.067435 -1.254443
v 7.567734 5.067435 1.084114
v 7.197340 5.067435 3.422670
v 6.122425 5.067435 5.532327
v 4.448202 5.067435 7.206549
v 2.338559 5.067435 8.281456
v 0.000000 4.450331 8.682046
v -2.347891 4.450331 8.310177
v -4.465953 4.450331 7.230982
v -6.146855 4.450331 5.550079
v -7.226064 4.450331 3.432003
v -7.597932 4.450331 1.084114
v -7.226064 4.450331 -1.263775
v -6.146855 4.450331 -3.381837
v -4.465953 4.450331 -5.062741
v -2.347892 4.450331 -6.141947
v 0.000000 4.450331 -6.513822
v 2.347892 4.450331 -6.141950
v 4.465955 4.450331 -5.062743
v 6.146859 4.450331 -3.381840
v 7.226068 4.450331 -1.263775
v 7.597931 4.450331 1.084114
v 7.226060 4.450331 3.432001
v 6.146854 4.450331 5.550076
v 4.465953 4.450331 7.230979
v 2.347891 4.450331 8.310177
v 0.000000 3.832463 8.702225
v -2.354125 3.832463 8.329363
v -4.477810 3.832463 7.247301
v -6.163179 3.832463 5.561938
v -7.245251 3.832463 3.438237
v -7.618109 3.832463 1.084114
v -7.245251 3.832463 -1.270010
v -6.163179 3.832463 -3.393696
v -4.477813 3.832463 -5.079066
v -2.354127 3.832463 -6.161137
v 0.000000 3.832463 -6.533998
v 2.354127 3.832463 -6.161138
v 4.477815 3.832463 -5.079067
v 6.163182 3.832463 -3.393700
v 7.245257 3.832463 -1.270010
v 7.618108 3.832463 1.084114
v 7.245249 3.832463 3.438236
v 6.163179 3.832463 5.561935
v 4.477813 3.832463 7.247299
v 2.354126 3.832463 8.329363
v 0.000000 3.216302 8.617641
v -2.327988 3.216302 8.248919
v -4.428094 3.216302 7.178871
v -6.094749 3.216302 5.512220
v -7.164807 3.216302 3.412099
v -7.533528 3.216302 1.084114
v -7.164807 3.216302 -1.243872
v -6.094749 3.216302 -3.343980
v -4.428094 3.216302 -5.010636
v -2.327989 3.216302 -6.080693
v 0.000000 3.216302 -6.449415
v 2.327989 3.216302 -6.080694
v 4.428097 3.216302 -5.010636
v 6.094753 3.216302 -3.343981
v 7.164812 3.216302 -1.243872
v 7.533527 3.216302 1.084114
v 7.164806 3.216302 3.412097
v 6.094748 3.216302 5.512217
v 4.428094 3.216302 7.178870
v 2.327988 3.216302 8.248919
v -0.000000 2.602118 8.428234
v -2.269457 2.602118 8.068783
v -4.316763 2.602118 7.025637
v -5.941514 2.602118 5.400886
v -6.984670 2.602118 3.353572
v -7.344117 2.602118 1.084114
v -6.984670 2.602118 -1.185342
v -5.941514 2.602118 -3.232649
v -4.316763 2.602118 -4.857400
v -2.269459 2.602118 -5.900557
v 0.000000 2.602118 -6.260008
v 2.269459 2.602118 -5.900558
v 4.316765 2.602118 -4.857404
v 5.941520 2.602118 -3.232650
v 6.984674 2.602118 -1.185342
v 7.344116 2.602118 1.084114
v 6.984669 2.602118 3.353568
v 5.941513 2.602118 5.400883
v 4.316763 2.602118 7.025636
v 2.269458 2.602118 8.068783
v 0.000000 1.986413 8.128243
v -2.176755 1.986413 7.783475
v -4.140434 1.986413 6.782938
v -5.698819 1.986413 5.224557
v -6.699363 1.986413 3.260869
v -7.044128 1.986413 1.084114
v -6.699363 1.986413 -1.092641
v -5.698819 1.986413 -3.056319
v -4.140434 1.986413 -4.614706
v -2.176756 1.986413 -5.615249
v 0.000000 1.986413 -5.960016
v 2.176756 1.986413 -5.615251
v 4.140437 1.986413 -4.614707
v 5.698822 1.986413 -3.056320
v 6.699367 1.986413 -1.092641
v 7.044127 1.986413 1.084114
v 6.699361 1.986413 3.260865
v 5.698818 1.986413 5.224552
v 4.140433 1.986413 6.782936
v 2.176755 1.986413 7.783475
v -0.000000 1.380006 7.503702
v -1.983761 1.380006 7.189502
v -3.773338 1.380006 6.277672
v -5.193554 1.380006 4.857459
v -6.105390 1.380006 3.067875
v -6.419587 1.380006 1.084114
v -6.105390 1.380006 -0.899647
v -5.193554 1.380006 -2.689224
v -3.773338 1.380006 -4.109441
v -1.983762 1.380006 -5.021276
v 0.000000 1.380006 -5.335474
v 1.983762 1.380006 -5.021276
v 3.773340 1.380006 -4.109442
v 5.193557 1.380006 -2.689226
v 6.105392 1.380006 -0.899647
v 6.419585 1.380006 1.084114
v 6.105388 1.380006 3.067872
v 5.193553 1.380006 4.857454
v 3.773338 1.380006 6.277669
v 1.983761 1.380006 7.189502
v -0.000000 0.800479 6.167783
v -1.570940 0.800479 5.918968
v -2.988105 0.800479 5.196889
v -4.112774 0.800479 4.072222
v -4.834856 0.800479 2.655053
v -5.083668 0.800479 1.084114
v -4.834856 0.800479 -0.486826
v -4.112774 0.800479 -1.903991
v -2.988105 0.800479 -3.028660
v -1.570940 0.800479 -3.750742
v -0.000000 0.800479 -3.999555
v 1.570940 0.800479 -3.750743
v 2.988106 0.800479 -3.028661
v 4.112775 0.800479 -1.903992
v 4.834858 0.800479 -0.486826
v 5.083667 0.800479 1.084114
v 4.834855 0.800479 2.655052
v 4.112772 0.800479 4.072220
v 2.988104 0.800479 5.196887
v 1.570939 0.800479 5.918968
v -4.438915 1.072288 1.084114
v -4.221658 1.072288 -0.287584
v -3.591155 1.072288 -1.525013
v -2.609127 1.072288 -2.507041
v -1.371702 1.072288 -3.137543
v -0.000000 1.072288 -3.354804
v 1.371701 1.072288 -3.137543
v 2.609128 1.072288 -2.507043
v 3.591157 1.072288 -1.525013
v 4.221660 1.072288 -0.287584
v 4.438913 1.072288 1.084114
v 4.221657 1.072288 2.455809
v 3.591154 1.072288 3.693253
v 2.609126 1.072288 4.675282
v 1.371701 1.072288 5.305768
v -0.000000 1.072288 5.523028
v -1.371701 1.072288 5.305768
v -2.609126 1.072288 4.675282
v -3.591155 1.072288 3.693254
v -4.221658 1.072288 2.455811
v -6.112033 1.691494 1.084114
v -5.812888 1.691494 -0.804605
v -4.944736 1.691494 -2.508447
v -3.592559 1.691494 -3.860621
v -1.888724 1.691494 -4.728773
v 0.000000 1.691494 -5.027924
v 1.888723 1.691494 -4.728774
v 3.592562 1.691494 -3.860624
v 4.944738 1.691494 -2.508447
v 5.812890 1.691494 -0.804605
v 6.112032 1.691494 1.084114
v 5.812887 1.691494 2.972830
v 4.944734 1.691494 4.676692
v 3.592560 1.691494 6.028866
v 1.888723 1.691494 6.896996
v -0.000000 1.691494 7.196147
v -1.888723 1.691494 6.896996
v -3.592559 1.691494 6.028867
v -4.944735 1.691494 4.676692
v -5.812888 1.691494 2.972831
v -6.439307 2.283820 1.084114
v -6.124146 2.283820 -0.905739
v -5.209508 2.283820 -2.700814
v -3.784927 2.283820 -4.125393
v -1.989858 2.283820 -5.040030
v 0.000000 2.283820 -5.355200
v 1.989857 2.283820 -5.040030
v 3.784929 2.283820 -4.125396
v 5.209510 2.283820 -2.700814
v 6.124149 2.283820 -0.905739
v 6.439307 2.283820 1.084114
v 6.124144 2.283820 3.073962
v 5.209507 2.283820 4.869060
v 3.784927 2.283820 6.293639
v 1.989857 2.283820 7.208254
v -0.000000 2.283820 7.523423
v -1.989857 2.283820 7.208254
v -3.784927 2.283820 6.293641
v -5.209507 2.283820 4.869061
v -6.124146 2.283820 3.073965
v -6.879251 2.866848 1.084115
v -6.542554 2.866848 -1.041687
v -5.565425 2.866848 -2.959404
v -4.043518 2.866848 -4.481310
v -2.125807 2.866848 -5.458438
v 0.000000 2.866848 -5.795144
v 2.125806 2.866848 -5.458440
v 4.043519 2.866848 -4.481314
v 5.565431 2.866848 -2.959404
v 6.542558 2.866848 -1.041687
v 6.879250 2.866848 1.084115
v 6.542553 2.866848 3.209911
v 5.565424 2.866848 5.127651
v 4.043517 2.866848 6.649564
v 2.125806 2.866848 7.626664
v -0.000000 2.866848 7.963366
v -2.125806 2.866848 7.626664
v -4.043517 2.866848 6.649565
v -5.565424 2.866848 5.127655
v -6.542554 2.866848 3.209912
v -6.963824 3.451397 1.084115
v -6.622988 3.451397 -1.067822
v -5.633848 3.451397 -3.009115
v -4.093229 3.451397 -4.549733
v -2.151942 3.451397 -5.538872
v 0.000000 3.451397 -5.879715
v 2.151941 3.451397 -5.538873
v 4.093232 3.451397 -4.549736
v 5.633849 3.451397 -3.009115
v 6.622994 3.451397 -1.067822
v 6.963823 3.451397 1.084115
v 6.622986 3.451397 3.236046
v 5.633847 3.451397 5.177363
v 4.093228 3.451397 6.717982
v 2.151941 3.451397 7.707097
v -0.000000 3.451397 8.047938
v -2.151941 3.451397 7.707097
v -4.093229 3.451397 6.717984
v -5.633847 3.451397 5.177364
v -6.622988 3.451397 3.236048
v -7.139426 4.033968 1.084115
v -6.789994 4.033968 -1.122086
v -5.775912 4.033968 -3.112331
v -4.196445 4.033968 -4.691798
v -2.206206 4.033968 -5.705877
v 0.000000 4.033968 -6.055316
v 2.206206 4.033968 -5.705878
v 4.196447 4.033968 -4.691800
v 5.775915 4.033968 -3.112331
v 6.789999 4.033968 -1.122086
v 7.139425 4.033968 1.084115
v 6.789992 4.033968 3.290310
v 5.775910 4.033968 5.280579
v 4.196445 4.033968 6.860048
v 2.206205 4.033968 7.874102
v -0.000000 4.033968 8.223539
v -2.206205 4.033968 7.874102
v -4.196445 4.033968 6.860049
v -5.775911 4.033968 5.280581
v -6.789994 4.033968 3.290311
v -7.073808 4.614834 1.084115
v -6.727589 4.614834 -1.101809
v -5.722824 4.614834 -3.073760
v -4.157873 4.614834 -4.638709
v -2.185928 4.614834 -5.643473
v 0.000000 4.614834 -5.989698
v 2.185927 4.614834 -5.643474
v 4.157875 4.614834 -4.638712
v 5.722826 4.614834 -3.073760
v 6.727592 4.614834 -1.101809
v 7.073807 4.614834 1.084115
v 6.727587 4.614834 3.270033
v 5.722822 4.614834 5.242009
v 4.157873 4.614834 6.806959
v 2.185927 4.614834 7.811697
v -0.000000 4.614834 8.157922
v -2.185926 4.614834 7.811697
v -4.157873 4.614834 6.806961
v -5.722823 4.614834 5.242013
v -6.727589 4.614834 3.270034
v -7.012292 5.196462 1.084115
v -6.669084 5.196462 -1.082801
v -5.673062 5.196462 -3.037607
v -4.121720 5.196462 -4.588947
v -2.166920 5.196462 -5.584968
v 0.000000 5.196462 -5.928184
v 2.166919 5.196462 -5.584969
v 4.121722 5.196462 -4.588951
v 5.673064 5.196462 -3.037607
v 6.669090 5.196462 -1.082801
v 7.012291 5.196462 1.084115
v 6.669082 5.196462 3.251025
v 5.673061 5.196462 5.205853
v 4.121720 5.196462 6.757196
v 2.166919 5.196462 7.753194
v -0.000000 5.196462 8.096407
v -2.166919 5.196462 7.753194
v -4.121720 5.196462 6.757200
v -5.673061 5.196462 5.205853
v -6.669084 5.196462 3.251026
v -6.972032 5.777542 1.084115
v -6.630799 5.777542 -1.070360
v -5.640491 5.777542 -3.013942
v -4.098055 5.777542 -4.556374
v -2.154478 5.777542 -5.546683
v 0.000000 5.777542 -5.887924
v 2.154478 5.777542 -5.546683
v 4.098058 5.777542 -4.556379
v 5.640492 5.777542 -3.013942
v 6.630801 5.777542 -1.070360
v 6.972031 5.777542 1.084115
v 6.630796 5.777542 3.238585
v 5.640488 5.777542 5.182190
v 4.098054 5.777542 6.724624
v 2.154477 5.777542 7.714908
v -0.000000 5.777542 8.056147
v -2.154478 5.777542 7.714908
v -4.098054 5.777542 6.724626
v -5.640489 5.777542 5.182190
v -6.630799 5.777542 3.238585
v -6.672482 6.359653 1.084115
v -6.345905 6.359653 -0.977792
v -5.398148 6.359653 -2.837868
v -3.921982 6.359653 -4.314034
v -2.061912 6.359653 -5.261788
v 0.000000 6.359653 -5.588372
v 2.061912 6.359653 -5.261789
v 3.921985 6.359653 -4.314036
v 5.398151 6.359653 -2.837868
v 6.345907 6.359653 -0.977792
v 6.672481 6.359653 1.084115
v 6.345902 6.359653 3.146017
v 5.398147 6.359653 5.006118
v 3.921981 6.359653 6.482278
v 2.061911 6.359653 7.430013
v -0.000000 6.359653 7.756595
v -2.061911 6.359653 7.430013
v -3.921981 6.359653 6.482282
v -5.398147 6.359653 5.006118
v -6.345905 6.359653 3.146019
v -6.358309 6.942566 1.084115
v -6.047112 6.942566 -0.880709
v -5.143977 6.942566 -2.653204
v -3.737317 6.942566 -4.059861
v -1.964828 6.942566 -4.962993
v 0.000000 6.942566 -5.274199
v 1.964827 6.942566 -4.962993
v 3.737319 6.942566 -4.059865
v 5.143980 6.942566 -2.653204
v 6.047113 6.942566 -0.880709
v 6.358308 6.942566 1.084115
v 6.047108 6.942566 3.048933
v 5.143976 6.942566 4.821450
v 3.737316 6.942566 6.228110
v 1.964826 6.942566 7.131219
v -0.000000 6.942566 7.442423
v -1.964826 6.942566 7.131219
v -3.737317 6.942566 6.228112
v -5.143977 6.942566 4.821450
v -6.047112 6.942566 3.048935
v -5.959496 7.526692 1.084115
v -5.667816 7.526692 -0.757468
v -4.821330 7.526692 -2.418787
v -3.502900 7.526692 -3.737215
v -1.841588 7.526692 -4.583699
v -0.000000 7.526692 -4.875385
v 1.841587 7.526692 -4.583699
v 3.502902 7.526692 -3.737218
v 4.821333 7.526692 -2.418787
v 5.667819 7.526692 -0.757468
v 5.959495 7.526692 1.084115
v 5.667814 7.526692 2.925693
v 4.821328 7.526692 4.587033
v 3.502900 7.526692 5.905461
v 1.841586 7.526692 6.751925
v -0.000000 7.526692 7.043608
v -1.841586 7.526692 6.751925
v -3.502900 7.526692 5.905462
v -4.821330 7.526692 4.587033
v -5.667816 7.526692 2.925695
v -5.326138 8.112520 1.084114
v -5.065458 8.112520 -0.561751
v -4.308934 8.112520 -2.046510
v -3.130623 8.112520 -3.224820
v -1.645869 8.112520 -3.981343
v -0.000000 8.112520 -4.242029
v 1.645868 8.112520 -3.981343
v 3.130625 8.112520 -3.224822
v 4.308936 8.112520 -2.046510
v 5.065460 8.112520 -0.561751
v 5.326137 8.112520 1.084114
v 5.065457 8.112520 2.729976
v 4.308932 8.112520 4.214753
v 3.130623 8.112520 5.393062
v 1.645868 8.112520 6.149568
v -0.000000 8.112520 6.410252
v -1.645869 8.112520 6.149568
v -3.130623 8.112520 5.393064
v -4.308934 8.112520 4.214753
v -5.065458 8.112520 2.729978
v -4.867788 8.699440 1.084114
v -4.629541 8.699440 -0.420114
v -3.938121 8.699440 -1.777098
v -2.861212 8.699440 -2.854007
v -1.504231 8.699440 -3.545425
v -0.000000 8.699440 -3.783678
v 1.504230 8.699440 -3.545425
v 2.861213 8.699440 -2.854009
v 3.938123 8.699440 -1.777098
v 4.629542 8.699440 -0.420114
v 4.867787 8.699440 1.084114
v 4.629539 8.699440 2.588338
v 3.938119 8.699440 3.945341
v 2.861211 8.699440 5.022247
v 1.504230 8.699440 5.713650
v -0.000000 8.699440 5.951901
v -1.504230 8.699440 5.713650
v -2.861212 8.699440 5.022249
v -3.938120 8.699440 3.945341
v -4.629541 8.699440 2.588339
vt 0.237170 0.799001
vt 0.251102 0.799870
vt 0.251114 0.804285
vt 0.237109 0.803412
vt 0.264762 0.800575
vt 0.264931 0.805002
vt 0.278287 0.805159
vt 0.018454 0.795590
vt 0.017624 0.799956
vt 0.030216 0.797477
vt 0.029558 0.801896
vt 0.042825 0.798089
vt 0.042513 0.802494
vt 0.056015 0.797978
vt 0.055922 0.802384
vt 0.069533 0.797564
vt 0.069553 0.801971
vt 0.083236 0.797071
vt 0.083306 0.801479
vt 0.097049 0.796609
vt 0.097131 0.801019
vt 0.110930 0.796237
vt 0.111005 0.800647
vt 0.124858 0.795980
vt 0.124915 0.800392
vt 0.138824 0.795856
vt 0.138856 0.800268
vt 0.152820 0.795871
vt 0.152825 0.800283
vt 0.166843 0.796032
vt 0.166820 0.800445
vt 0.180891 0.796343
vt 0.180842 0.800754
vt 0.194960 0.796804
vt 0.194888 0.801214
vt 0.209043 0.797412
vt 0.208957 0.801821
vt 0.223125 0.798155
vt 0.223038 0.802564
vt 0.230338 0.886485
vt 0.242944 0.887428
vt 0.242393 0.890849
vt 0.229918 0.889894
vt 0.255195 0.888609
vt 0.254455 0.892008
vt 0.265989 0.893561
vt 0.024096 0.889666
vt 0.025655 0.892931
vt 0.035906 0.887331
vt 0.036888 0.890664
vt 0.047941 0.886165
vt 0.048612 0.889579
vt 0.060357 0.885476
vt 0.060814 0.888899
vt 0.073075 0.884971
vt 0.073384 0.888379
vt 0.085996 0.884554
vt 0.086203 0.887943
vt 0.099048 0.884203
vt 0.099180 0.887577
vt 0.112181 0.883925
vt 0.112254 0.887289
vt 0.125361 0.883736
vt 0.125385 0.887094
vt 0.138568 0.883649
vt 0.138548 0.887004
vt 0.151786 0.883675
vt 0.151725 0.887029
vt 0.165002 0.883823
vt 0.164900 0.887179
vt 0.178203 0.884099
vt 0.178056 0.887458
vt 0.191370 0.884503
vt 0.191175 0.887869
vt 0.204478 0.885035
vt 0.204225 0.888412
vt 0.217487 0.885695
vt 0.217162 0.889087
vt 0.241819 0.894586
vt 0.229471 0.893613
vt 0.253692 0.895724
vt 0.264896 0.897133
vt 0.027464 0.896335
vt 0.037951 0.894303
vt 0.049296 0.893320
vt 0.061270 0.892646
vt 0.073691 0.892101
vt 0.086405 0.891637
vt 0.099304 0.891249
vt 0.112317 0.890947
vt 0.125397 0.890743
vt 0.138512 0.890648
vt 0.151644 0.890672
vt 0.164773 0.890823
vt 0.177882 0.891107
vt 0.190949 0.891527
vt 0.203941 0.892085
vt 0.216807 0.892780
vt 0.241245 0.898800
vt 0.229006 0.897794
vt 0.252950 0.899927
vt 0.263826 0.901177
vt 0.029347 0.899964
vt 0.038997 0.898430
vt 0.049945 0.897560
vt 0.061703 0.896877
vt 0.073984 0.896291
vt 0.086599 0.895786
vt 0.099421 0.895367
vt 0.112370 0.895044
vt 0.125393 0.894826
vt 0.138458 0.894723
vt 0.151539 0.894745
vt 0.164619 0.894898
vt 0.177677 0.895187
vt 0.190691 0.895620
vt 0.203624 0.896198
vt 0.216423 0.896923
vt 0.240953 0.901682
vt 0.228752 0.900642
vt 0.252602 0.902820
vt 0.263363 0.903987
vt 0.030175 0.902337
vt 0.039492 0.901262
vt 0.050271 0.900465
vt 0.061937 0.899768
vt 0.074156 0.899146
vt 0.086721 0.898608
vt 0.099502 0.898163
vt 0.112413 0.897822
vt 0.125402 0.897593
vt 0.138433 0.897485
vt 0.151482 0.897504
vt 0.164530 0.897658
vt 0.177556 0.897952
vt 0.190537 0.898394
vt 0.203438 0.898989
vt 0.216204 0.899739
vt 0.240653 0.906552
vt 0.228438 0.905443
vt 0.252355 0.907739
vt 0.263245 0.908835
vt 0.030033 0.906381
vt 0.039620 0.906063
vt 0.050467 0.905387
vt 0.062138 0.904657
vt 0.074337 0.903969
vt 0.086869 0.903370
vt 0.099607 0.902879
vt 0.112472 0.902506
vt 0.125412 0.902257
vt 0.138393 0.902137
vt 0.151392 0.902151
vt 0.164390 0.902306
vt 0.177367 0.902608
vt 0.190303 0.903066
vt 0.203164 0.903688
vt 0.215901 0.904481
vt 0.165090 0.880347
vt 0.178337 0.880618
vt 0.151830 0.880199
vt 0.138569 0.880172
vt 0.125317 0.880257
vt 0.112086 0.880442
vt 0.098893 0.880711
vt 0.085761 0.881051
vt 0.072729 0.881454
vt 0.059854 0.881948
vt 0.047216 0.882649
vt 0.034916 0.883884
vt 0.022988 0.886153
vt 0.255977 0.885102
vt 0.243522 0.883898
vt 0.230768 0.882962
vt 0.217813 0.882186
vt 0.204726 0.881540
vt 0.191556 0.881017
vt 0.165201 0.876538
vt 0.178500 0.876807
vt 0.151894 0.876392
vt 0.138586 0.876365
vt 0.125284 0.876448
vt 0.111997 0.876628
vt 0.098734 0.876891
vt 0.085512 0.877220
vt 0.072353 0.877611
vt 0.059296 0.878095
vt 0.046410 0.878801
vt 0.033845 0.880065
vt 0.022103 0.882266
vt 0.256896 0.881270
vt 0.244203 0.880046
vt 0.231275 0.879115
vt 0.218195 0.878351
vt 0.205017 0.877715
vt 0.191777 0.877200
vt 0.240512 0.911068
vt 0.228215 0.909891
vt 0.252398 0.912319
vt 0.263674 0.913392
vt 0.028855 0.910315
vt 0.039170 0.910539
vt 0.050326 0.909962
vt 0.062137 0.909195
vt 0.074393 0.908447
vt 0.086935 0.907794
vt 0.099659 0.907263
vt 0.112495 0.906863
vt 0.125398 0.906597
vt 0.138338 0.906466
vt 0.151293 0.906476
vt 0.164247 0.906630
vt 0.177183 0.906936
vt 0.190084 0.907406
vt 0.202920 0.908049
vt 0.215651 0.908877
vt 0.240460 0.916381
vt 0.228020 0.915132
vt 0.252640 0.917709
vt 0.264468 0.918785
vt 0.027206 0.915214
vt 0.038307 0.915849
vt 0.049957 0.915348
vt 0.062030 0.914537
vt 0.074408 0.913726
vt 0.086996 0.913020
vt 0.099722 0.912450
vt 0.112534 0.912024
vt 0.125399 0.911740
vt 0.138292 0.911599
vt 0.151197 0.911603
vt 0.164100 0.911756
vt 0.176990 0.912066
vt 0.189851 0.912545
vt 0.202664 0.913207
vt 0.215401 0.914067
vt 0.138601 0.871733
vt 0.151967 0.871760
vt 0.125239 0.871815
vt 0.111883 0.871994
vt 0.098535 0.872254
vt 0.085199 0.872576
vt 0.071881 0.872956
vt 0.058595 0.873424
vt 0.045385 0.874106
vt 0.032406 0.875315
vt 0.020168 0.877617
vt 0.258066 0.876599
vt 0.245057 0.875373
vt 0.231904 0.874448
vt 0.218666 0.873695
vt 0.205372 0.873068
vt 0.192043 0.872560
vt 0.178694 0.872171
vt 0.165332 0.871905
vt 0.138681 0.864362
vt 0.152133 0.864387
vt 0.125227 0.864447
vt 0.111768 0.864629
vt 0.098295 0.864891
vt 0.084792 0.865214
vt 0.071240 0.865586
vt 0.057612 0.866027
vt 0.043886 0.866634
vt 0.030091 0.867691
vt 0.016362 0.870018
vt 0.259952 0.869200
vt 0.246427 0.867983
vt 0.232925 0.867066
vt 0.219442 0.866316
vt 0.205971 0.865693
vt 0.192506 0.865185
vt 0.179045 0.864797
vt 0.165588 0.864531
vt 0.138705 0.858771
vt 0.152218 0.858795
vt 0.125188 0.858860
vt 0.111660 0.859047
vt 0.098103 0.859317
vt 0.084494 0.859648
vt 0.070793 0.860024
vt 0.056946 0.860453
vt 0.042884 0.861008
vt 0.028537 0.861941
vt 0.013892 0.864009
vt 0.261230 0.863608
vt 0.247347 0.862406
vt 0.233606 0.861489
vt 0.219956 0.860736
vt 0.206362 0.860108
vt 0.192802 0.859597
vt 0.179262 0.859206
vt 0.165736 0.858939
vt 0.138721 0.853443
vt 0.152289 0.853464
vt 0.125149 0.853535
vt 0.111561 0.853730
vt 0.097935 0.854010
vt 0.084240 0.854352
vt 0.070423 0.854737
vt 0.056406 0.855159
vt 0.042082 0.855664
vt 0.027300 0.856446
vt 0.011887 0.858120
vt 0.262314 0.858290
vt 0.248135 0.857107
vt 0.234194 0.856189
vt 0.220404 0.855428
vt 0.206705 0.854791
vt 0.193061 0.854274
vt 0.179452 0.853878
vt 0.165864 0.853609
vt 0.138726 0.848580
vt 0.152342 0.848600
vt 0.125108 0.848677
vt 0.111471 0.848879
vt 0.097792 0.849169
vt 0.084031 0.849524
vt 0.070130 0.849920
vt 0.055994 0.850339
vt 0.041487 0.850798
vt 0.026409 0.851425
vt 0.010472 0.852643
vt 0.263171 0.853442
vt 0.248767 0.852283
vt 0.234674 0.851362
vt 0.220773 0.850590
vt 0.206989 0.849943
vt 0.193276 0.849418
vt 0.179607 0.849017
vt 0.165966 0.848745
vt 0.138726 0.844054
vt 0.152383 0.844072
vt 0.125067 0.844155
vt 0.111389 0.844364
vt 0.097666 0.844664
vt 0.083857 0.845033
vt 0.069895 0.845441
vt 0.055679 0.845860
vt 0.041053 0.846277
vt 0.025789 0.846745
vt 0.009574 0.847488
vt 0.263851 0.848932
vt 0.249283 0.847800
vt 0.235073 0.846874
vt 0.221084 0.846091
vt 0.207230 0.845433
vt 0.193458 0.844900
vt 0.179738 0.844494
vt 0.166051 0.844218
vt 0.138724 0.839594
vt 0.152420 0.839611
vt 0.125027 0.839699
vt 0.111313 0.839915
vt 0.097554 0.840226
vt 0.083707 0.840608
vt 0.069704 0.841029
vt 0.055437 0.841449
vt 0.040743 0.841824
vt 0.025378 0.842124
vt 0.009011 0.842381
vt 0.264409 0.844488
vt 0.249722 0.843386
vt 0.235424 0.842456
vt 0.221364 0.841661
vt 0.207451 0.840991
vt 0.193626 0.840449
vt 0.179859 0.840037
vt 0.166128 0.839758
vt 0.138721 0.835167
vt 0.152453 0.835183
vt 0.124990 0.835275
vt 0.111243 0.835499
vt 0.097454 0.835820
vt 0.083579 0.836216
vt 0.069552 0.836651
vt 0.055264 0.837072
vt 0.040550 0.837405
vt 0.025162 0.837536
vt 0.008755 0.837305
vt 0.264850 0.840074
vt 0.250091 0.839006
vt 0.235731 0.838073
vt 0.221617 0.837266
vt 0.207653 0.836584
vt 0.193782 0.836032
vt 0.179972 0.835614
vt 0.166200 0.835331
vt 0.138716 0.830736
vt 0.152483 0.830752
vt 0.124953 0.830849
vt 0.111177 0.831079
vt 0.097363 0.831410
vt 0.083472 0.831819
vt 0.069436 0.832267
vt 0.055156 0.832691
vt 0.040471 0.832985
vt 0.025138 0.832951
vt 0.008763 0.832233
vt 0.265176 0.835655
vt 0.250392 0.834623
vt 0.235998 0.833688
vt 0.221844 0.832868
vt 0.207839 0.832174
vt 0.193927 0.831613
vt 0.180076 0.831188
vt 0.166266 0.830901
vt 0.138710 0.826280
vt 0.152510 0.826294
vt 0.124916 0.826395
vt 0.111115 0.826632
vt 0.097282 0.826973
vt 0.083382 0.827394
vt 0.069355 0.827855
vt 0.055109 0.828280
vt 0.040501 0.828537
vt 0.025305 0.828353
vt 0.009145 0.827168
vt 0.265392 0.831205
vt 0.250629 0.830211
vt 0.236226 0.829275
vt 0.222048 0.828444
vt 0.208010 0.827738
vt 0.194062 0.827167
vt 0.180175 0.826736
vt 0.166328 0.826445
vt 0.138704 0.821678
vt 0.152537 0.821692
vt 0.124881 0.821797
vt 0.111056 0.822039
vt 0.097209 0.822389
vt 0.083309 0.822822
vt 0.069306 0.823293
vt 0.055123 0.823720
vt 0.040641 0.823942
vt 0.025676 0.823623
vt 0.009921 0.822007
vt 0.265501 0.826605
vt 0.250808 0.825651
vt 0.236424 0.824716
vt 0.222236 0.823874
vt 0.208173 0.823157
vt 0.194194 0.822577
vt 0.180272 0.822140
vt 0.166390 0.821845
vt 0.138699 0.816782
vt 0.152565 0.816796
vt 0.124848 0.816903
vt 0.111001 0.817150
vt 0.097143 0.817508
vt 0.083251 0.817951
vt 0.069289 0.818432
vt 0.055201 0.818859
vt 0.040905 0.819048
vt 0.026281 0.818610
vt 0.011139 0.816622
vt 0.265496 0.821701
vt 0.250932 0.820791
vt 0.236596 0.819860
vt 0.222413 0.819009
vt 0.208333 0.818282
vt 0.194326 0.817693
vt 0.180370 0.817249
vt 0.166453 0.816950
vt 0.138714 0.810588
vt 0.152620 0.810602
vt 0.124828 0.810711
vt 0.110956 0.810963
vt 0.097091 0.811328
vt 0.083220 0.811781
vt 0.069328 0.812270
vt 0.055393 0.812693
vt 0.041395 0.812845
vt 0.027332 0.812303
vt 0.013327 0.810061
vt 0.265348 0.815472
vt 0.251018 0.814625
vt 0.236782 0.813705
vt 0.222626 0.812850
vt 0.208538 0.812112
vt 0.194502 0.811514
vt 0.180508 0.811062
vt 0.166550 0.810759
vt 0.077476 0.983231
vt 0.089676 0.982542
vt 0.090030 0.986760
vt 0.077933 0.987439
vt 0.065325 0.984121
vt 0.065927 0.988314
vt 0.053355 0.985333
vt 0.054174 0.989503
vt 0.041867 0.987133
vt 0.042991 0.991263
vt 0.031530 0.989944
vt 0.032840 0.993986
vt 0.245543 0.987019
vt 0.244622 0.991154
vt 0.233998 0.985380
vt 0.233349 0.989556
vt 0.222227 0.984172
vt 0.221759 0.988374
vt 0.210347 0.983244
vt 0.210005 0.987461
vt 0.198411 0.982522
vt 0.198162 0.986748
vt 0.186438 0.981968
vt 0.186266 0.986199
vt 0.174437 0.981566
vt 0.174333 0.985799
vt 0.162412 0.981306
vt 0.162370 0.985541
vt 0.150360 0.981183
vt 0.150379 0.985418
vt 0.138282 0.981194
vt 0.138361 0.985428
vt 0.126175 0.981335
vt 0.126315 0.985567
vt 0.114038 0.981605
vt 0.114241 0.985834
vt 0.101870 0.982006
vt 0.102143 0.986230
vt 0.076426 0.970614
vt 0.088968 0.969900
vt 0.063745 0.971515
vt 0.050880 0.972691
vt 0.037796 0.974388
vt 0.024519 0.977405
vt 0.248871 0.974704
vt 0.236388 0.972946
vt 0.224021 0.971650
vt 0.211740 0.970656
vt 0.199508 0.969887
vt 0.187298 0.969303
vt 0.175092 0.968882
vt 0.162877 0.968611
vt 0.150645 0.968483
vt 0.138390 0.968494
vt 0.126106 0.968640
vt 0.113784 0.968922
vt 0.101411 0.969340
vt 0.076005 0.965818
vt 0.088647 0.965084
vt 0.063177 0.966737
vt 0.050070 0.967912
vt 0.036568 0.969545
vt 0.022614 0.972199
vt 0.249915 0.969975
vt 0.237137 0.968194
vt 0.224579 0.966866
vt 0.212162 0.965846
vt 0.199826 0.965059
vt 0.187530 0.964462
vt 0.175248 0.964034
vt 0.162962 0.963759
vt 0.150663 0.963630
vt 0.138344 0.963642
vt 0.125995 0.963792
vt 0.113609 0.964080
vt 0.101168 0.964509
vt 0.075614 0.960657
vt 0.088343 0.959902
vt 0.062665 0.961594
vt 0.049364 0.962757
vt 0.035514 0.964265
vt 0.020808 0.966456
vt 0.250906 0.964872
vt 0.237873 0.963081
vt 0.225144 0.961725
vt 0.212603 0.960676
vt 0.200167 0.959867
vt 0.187785 0.959256
vt 0.175424 0.958819
vt 0.163066 0.958540
vt 0.150696 0.958409
vt 0.138308 0.958422
vt 0.125894 0.958576
vt 0.113442 0.958871
vt 0.100935 0.959311
vt 0.075325 0.956465
vt 0.088107 0.955694
vt 0.062308 0.957414
vt 0.048903 0.958562
vt 0.034874 0.959955
vt 0.019924 0.961695
vt 0.251590 0.960716
vt 0.238398 0.958928
vt 0.225559 0.957551
vt 0.212932 0.956480
vt 0.200425 0.955653
vt 0.187977 0.955030
vt 0.175556 0.954586
vt 0.163139 0.954303
vt 0.150714 0.954172
vt 0.138272 0.954185
vt 0.125806 0.954342
vt 0.113304 0.954642
vt 0.100748 0.955090
vt 0.075072 0.952150
vt 0.087892 0.951365
vt 0.062014 0.953109
vt 0.048552 0.954235
vt 0.034423 0.955488
vt 0.019187 0.956757
vt 0.252179 0.956425
vt 0.238875 0.954651
vt 0.225952 0.953257
vt 0.213255 0.952165
vt 0.200683 0.951321
vt 0.188174 0.950687
vt 0.175694 0.950235
vt 0.163219 0.949948
vt 0.150738 0.949815
vt 0.138243 0.949829
vt 0.125725 0.949987
vt 0.113175 0.950293
vt 0.100574 0.950749
vt 0.074863 0.947998
vt 0.087705 0.947202
vt 0.061792 0.948963
vt 0.048324 0.950064
vt 0.034186 0.951181
vt 0.019003 0.951985
vt 0.252636 0.952287
vt 0.239271 0.950536
vt 0.226296 0.949129
vt 0.213547 0.948019
vt 0.200921 0.947160
vt 0.188359 0.946515
vt 0.175824 0.946056
vt 0.163296 0.945765
vt 0.150763 0.945630
vt 0.138217 0.945644
vt 0.125652 0.945804
vt 0.113057 0.946114
vt 0.100419 0.946577
vt 0.074692 0.943840
vt 0.087542 0.943036
vt 0.061636 0.944808
vt 0.048208 0.945878
vt 0.034140 0.946854
vt 0.019059 0.947219
vt 0.252981 0.948133
vt 0.239604 0.946412
vt 0.226605 0.944998
vt 0.213820 0.943873
vt 0.201152 0.943000
vt 0.188541 0.942345
vt 0.175955 0.941880
vt 0.163375 0.941585
vt 0.150791 0.941448
vt 0.138197 0.941461
vt 0.125586 0.941623
vt 0.112951 0.941935
vt 0.100278 0.942403
vt 0.074557 0.939693
vt 0.087400 0.938884
vt 0.061539 0.940657
vt 0.048197 0.941696
vt 0.034276 0.942541
vt 0.019331 0.942493
vt 0.253212 0.943977
vt 0.239872 0.942294
vt 0.226878 0.940879
vt 0.214074 0.939743
vt 0.201371 0.938860
vt 0.188717 0.938196
vt 0.176084 0.937724
vt 0.163455 0.937426
vt 0.150822 0.937287
vt 0.138180 0.937300
vt 0.125525 0.937462
vt 0.112852 0.937776
vt 0.100151 0.938247
vt 0.074451 0.935037
vt 0.087272 0.934229
vt 0.061505 0.935993
vt 0.048308 0.936992
vt 0.034641 0.937710
vt 0.020215 0.937271
vt 0.253351 0.939302
vt 0.240109 0.937669
vt 0.227152 0.936261
vt 0.214345 0.935118
vt 0.201614 0.934225
vt 0.188919 0.933553
vt 0.176236 0.933076
vt 0.163554 0.932773
vt 0.150868 0.932631
vt 0.138175 0.932643
vt 0.125474 0.932805
vt 0.112761 0.933119
vt 0.100031 0.933591
vt 0.074387 0.930317
vt 0.087170 0.929517
vt 0.061539 0.931256
vt 0.048540 0.932214
vt 0.035225 0.932822
vt 0.021393 0.932087
vt 0.253358 0.934547
vt 0.240274 0.932973
vt 0.227388 0.931580
vt 0.214598 0.930437
vt 0.201851 0.929540
vt 0.189120 0.928863
vt 0.176391 0.928381
vt 0.163659 0.928075
vt 0.150922 0.927931
vt 0.138179 0.927940
vt 0.125432 0.928100
vt 0.112682 0.928413
vt 0.099929 0.928882
vt 0.074360 0.925266
vt 0.087089 0.924482
vt 0.061644 0.926177
vt 0.048902 0.927090
vt 0.036046 0.927616
vt 0.022974 0.926702
vt 0.253233 0.929441
vt 0.240379 0.927937
vt 0.227603 0.926572
vt 0.214851 0.925439
vt 0.202098 0.924544
vt 0.189335 0.923865
vt 0.176562 0.923381
vt 0.163779 0.923072
vt 0.150989 0.922925
vt 0.138195 0.922931
vt 0.125401 0.923088
vt 0.112615 0.923395
vt 0.099842 0.923858
vt 0.074390 0.919096
vt 0.087042 0.918347
vt 0.061855 0.919961
vt 0.049470 0.920818
vt 0.037255 0.921302
vt 0.025297 0.920430
vt 0.252950 0.923178
vt 0.240444 0.921768
vt 0.227842 0.920458
vt 0.215157 0.919353
vt 0.202410 0.918471
vt 0.189618 0.917797
vt 0.176796 0.917313
vt 0.163955 0.917002
vt 0.151103 0.916851
vt 0.138249 0.916853
vt 0.125402 0.917002
vt 0.112573 0.917299
vt 0.099780 0.917746
vt 0.277844 0.800719
vt 0.289876 0.799654
vt 0.290508 0.804050
vt 0.278582 0.893083
vt 0.276957 0.896180
vt 0.275135 0.899402
vt 0.273349 0.902857
vt 0.272576 0.905172
vt 0.279799 0.889682
vt 0.267004 0.890284
vt 0.280768 0.885851
vt 0.268029 0.886872
vt 0.272939 0.909353
vt 0.274188 0.913511
vt 0.275820 0.918695
vt 0.282726 0.881421
vt 0.269205 0.883081
vt 0.286695 0.874410
vt 0.270780 0.878428
vt 0.289470 0.868781
vt 0.273450 0.871053
vt 0.291852 0.863219
vt 0.275295 0.865432
vt 0.293662 0.857975
vt 0.276850 0.860045
vt 0.294955 0.852967
vt 0.278055 0.855102
vt 0.295922 0.847956
vt 0.278982 0.850474
vt 0.296589 0.842929
vt 0.279709 0.845889
vt 0.297002 0.837869
vt 0.280244 0.841322
vt 0.297047 0.832757
vt 0.280590 0.836744
vt 0.296708 0.827484
vt 0.280743 0.832136
vt 0.295941 0.821915
vt 0.280696 0.827378
vt 0.294291 0.814990
vt 0.280422 0.822320
vt 0.279776 0.815919
vt 0.266586 0.992782
vt 0.265125 0.996777
vt 0.255306 0.993447
vt 0.274073 0.981512
vt 0.256604 0.989360
vt 0.276354 0.976592
vt 0.261470 0.977272
vt 0.278624 0.971161
vt 0.262996 0.972526
vt 0.279900 0.966531
vt 0.264403 0.967357
vt 0.281054 0.961717
vt 0.265339 0.963109
vt 0.281647 0.956964
vt 0.266103 0.958699
vt 0.281988 0.952182
vt 0.266643 0.954423
vt 0.282106 0.947410
vt 0.266992 0.950114
vt 0.281654 0.942022
vt 0.267148 0.945807
vt 0.280860 0.936625
vt 0.267099 0.940953
vt 0.279630 0.930956
vt 0.266814 0.936026
vt 0.277607 0.924244
vt 0.266275 0.930758
vt 0.265361 0.924328
vt 0.431545 0.960903
vt 0.414285 0.975267
vt 0.377570 0.913595
vt 0.393430 0.983594
vt 0.349257 0.979547
vt 0.330262 0.967570
vt 0.315898 0.950309
vt 0.307571 0.929454
vt 0.306096 0.907047
vt 0.311618 0.885281
vt 0.323595 0.866286
vt 0.340856 0.851922
vt 0.361711 0.843595
vt 0.384118 0.842121
vt 0.405884 0.847642
vt 0.424879 0.859620
vt 0.439243 0.876880
vt 0.447570 0.897735
vt 0.449044 0.920142
vt 0.443523 0.941909
vt 0.371023 0.985069
vt 0.330262 0.967570
vt 0.558410 0.985273
vt 0.536365 0.988765
vt 0.536365 0.917423
vt 0.578298 0.975140
vt 0.594081 0.959357
vt 0.604214 0.939469
vt 0.607706 0.917423
vt 0.604214 0.895378
vt 0.594081 0.875490
vt 0.578298 0.859707
vt 0.558410 0.849574
vt 0.536365 0.846082
vt 0.514319 0.849574
vt 0.494431 0.859707
vt 0.478648 0.875490
vt 0.468515 0.895378
vt 0.465023 0.917423
vt 0.468515 0.939469
vt 0.478648 0.959357
vt 0.494431 0.975140
vt 0.514319 0.985273
vn 0.951057 -0.000000 -0.309016
vn 0.809017 -0.000000 -0.587785
vn 0.507182 -0.779091 -0.368489
vn 0.596228 -0.779091 -0.193726
vn 0.587785 0.000000 -0.809017
vn 0.368489 -0.779090 -0.507182
vn 0.309017 -0.000000 -0.951057
vn 0.193726 -0.779090 -0.596228
vn -0.000000 -0.000000 -1.000000
vn -0.000000 -0.779091 -0.626912
vn -0.309017 0.000000 -0.951057
vn -0.193727 -0.779090 -0.596228
vn -0.587786 0.000000 -0.809017
vn -0.368490 -0.779090 -0.507182
vn -0.809017 0.000000 -0.587785
vn -0.507182 -0.779090 -0.368489
vn -0.951056 0.000000 -0.309017
vn -0.596228 -0.779090 -0.193726
vn -1.000000 0.000000 -0.000000
vn -0.626912 -0.779090 0.000000
vn -0.951057 -0.000000 0.309017
vn -0.596228 -0.779090 0.193726
vn -0.809017 -0.000001 0.587785
vn -0.507182 -0.779091 0.368489
vn -0.587785 -0.000001 0.809017
vn -0.368488 -0.779091 0.507182
vn -0.309017 -0.000000 0.951057
vn -0.193726 -0.779090 0.596229
vn -0.000000 -0.966035 0.258411
vn -0.000000 -0.779091 0.626911
vn 0.079853 -0.966035 0.245763
vn 0.193726 -0.779090 0.596228
vn 0.151890 -0.966035 0.209059
vn 0.368489 -0.779090 0.507182
vn 0.209059 -0.966035 0.151890
vn 0.507182 -0.779090 0.368489
vn 0.245763 -0.966035 0.079853
vn 0.596229 -0.779090 0.193726
vn 0.258410 -0.966035 0.000000
vn 0.626912 -0.779090 0.000001
vn 0.000000 -1.000000 0.000000
vn 0.000000 -1.000000 0.000000
vn 0.000000 -1.000000 0.000000
vn 0.000000 -1.000000 0.000000
vn 0.000000 -1.000000 0.000000
vn 0.000000 -1.000000 0.000000
vn 0.000000 -1.000000 0.000000
vn 0.000000 -1.000000 0.000000
vn 0.000000 -1.000000 0.000000
vn 0.000000 -1.000000 0.000000
vn 0.000000 -1.000000 0.000000
vn 0.000000 -1.000000 0.000000
vn 0.000000 -1.000000 0.000000
vn 0.000000 -1.000000 0.000000
vn 0.000000 -1.000000 -0.000000
vn -0.268059 0.959457 0.087098
vn -0.000000 1.000000 0.000000
vn 0.000000 1.000000 -0.000000
vn -0.000000 1.000000 0.000000
vn -0.000000 1.000000 0.000000
vn 0.000000 1.000000 0.000000
vn 0.000000 1.000000 0.000000
vn 0.000000 1.000000 0.000000
vn 0.000000 1.000000 0.000000
vn 0.000000 1.000000 0.000000
vn 0.000000 1.000000 0.000000
vn 0.000000 1.000000 -0.000000
vn 0.000000 1.000000 -0.000000
vn 0.000000 1.000000 -0.000000
vn 0.087096 0.959458 -0.268058
vn 0.000000 0.959457 -0.281854
vn -0.087096 0.959458 -0.268058
vn -0.165669 0.959457 -0.228025
vn -0.228025 0.959457 -0.165669
vn -0.268058 0.959458 -0.087097
vn -0.281854 0.959458 -0.000000
vn 0.872588 0.397753 -0.283521
vn 0.742267 0.397753 -0.539289
vn 0.425609 0.850434 -0.309223
vn 0.500333 0.850434 -0.162568
vn 0.539289 0.397753 -0.742267
vn 0.309223 0.850434 -0.425608
vn 0.283522 0.397753 -0.872587
vn 0.162569 0.850434 -0.500333
vn -0.000000 0.397752 -0.917493
vn -0.000000 0.850434 -0.526082
vn -0.283522 0.397752 -0.872587
vn -0.162569 0.850434 -0.500333
vn -0.539289 0.397753 -0.742267
vn -0.309223 0.850434 -0.425608
vn -0.742267 0.397753 -0.539289
vn -0.425609 0.850434 -0.309223
vn -0.872587 0.397753 -0.283521
vn -0.500333 0.850434 -0.162568
vn -0.917493 0.397753 -0.000000
vn -0.526081 0.850434 -0.000000
vn -0.872587 0.397753 0.283520
vn -0.500333 0.850435 0.162568
vn -0.742268 0.397753 0.539287
vn -0.425609 0.850435 0.309221
vn -0.539286 0.397753 0.742269
vn -0.309221 0.850435 0.425609
vn -0.283518 0.397754 0.872588
vn -0.162566 0.850435 0.500333
vn 0.000000 0.397753 0.917493
vn 0.000000 0.850435 0.526081
vn 0.283518 0.397753 0.872588
vn 0.162566 0.850434 0.500333
vn 0.539286 0.397753 0.742269
vn 0.309221 0.850435 0.425609
vn 0.742268 0.397753 0.539287
vn 0.425609 0.850435 0.309221
vn 0.872588 0.397753 0.283520
vn 0.500333 0.850435 0.162568
vn 0.917493 0.397752 0.000001
vn 0.526081 0.850434 0.000001
vn 0.047627 0.998266 -0.034604
vn 0.055989 0.998266 -0.018192
vn 0.034603 0.998266 -0.047628
vn 0.018192 0.998266 -0.055989
vn 0.000000 0.998266 -0.058871
vn -0.018192 0.998266 -0.055988
vn -0.034603 0.998266 -0.047627
vn -0.047627 0.998266 -0.034603
vn -0.055989 0.998266 -0.018192
vn -0.058871 0.998266 0.000000
vn -0.055989 0.998266 0.018192
vn -0.047628 0.998266 0.034603
vn -0.034604 0.998266 0.047628
vn -0.018191 0.998266 0.055989
vn 0.000000 0.998266 0.058871
vn 0.018191 0.998266 0.055988
vn 0.034604 0.998266 0.047628
vn 0.047628 0.998266 0.034603
vn 0.055989 0.998266 0.018192
vn 0.058871 0.998266 0.000000
vn -0.409412 0.862498 0.297455
vn -0.481293 0.862498 0.156381
vn -0.297455 0.862498 0.409412
vn -0.156382 0.862497 0.481293
vn 0.000000 0.862498 0.506061
vn 0.156383 0.862497 0.481293
vn 0.297456 0.862497 0.409413
vn 0.409412 0.862497 0.297456
vn 0.481293 0.862498 0.156382
vn 0.506061 0.862498 0.000000
vn 0.481293 0.862498 -0.156381
vn 0.409412 0.862498 -0.297454
vn 0.297453 0.862498 -0.409412
vn 0.156380 0.862497 -0.481294
vn 0.000000 0.862498 -0.506061
vn -0.156380 0.862497 -0.481294
vn -0.297453 0.862498 -0.409412
vn -0.409412 0.862498 -0.297454
vn -0.481293 0.862497 -0.156381
vn -0.506061 0.862498 -0.000000
vn -0.808633 0.030816 0.587506
vn -0.950605 0.030816 0.308870
vn -0.587507 0.030816 0.808632
vn -0.308872 0.030816 0.950604
vn 0.000000 0.030816 0.999525
vn 0.308872 0.030816 0.950604
vn 0.587507 0.030817 0.808632
vn 0.808633 0.030817 0.587506
vn 0.950605 0.030817 0.308871
vn 0.999525 0.030817 -0.000000
vn 0.950605 0.030817 -0.308870
vn 0.808634 0.030816 -0.587504
vn 0.587503 0.030817 -0.808635
vn 0.308866 0.030817 -0.950606
vn 0.000000 0.030817 -0.999525
vn -0.308867 0.030817 -0.950606
vn -0.587503 0.030817 -0.808635
vn -0.808635 0.030817 -0.587504
vn -0.950605 0.030817 -0.308870
vn -0.999525 0.030817 -0.000001
vn -0.757985 -0.349540 0.550709
vn -0.891065 -0.349540 0.289525
vn -0.550709 -0.349540 0.757985
vn -0.289526 -0.349540 0.891065
vn 0.000000 -0.349539 0.936922
vn 0.289526 -0.349539 0.891065
vn 0.550709 -0.349540 0.757985
vn 0.757985 -0.349540 0.550709
vn 0.891065 -0.349540 0.289525
vn 0.936921 -0.349540 0.000000
vn 0.891065 -0.349540 -0.289524
vn 0.757987 -0.349541 -0.550707
vn 0.550706 -0.349541 -0.757987
vn 0.289522 -0.349540 -0.891066
vn 0.000000 -0.349539 -0.936922
vn -0.289522 -0.349539 -0.891066
vn -0.550706 -0.349540 -0.757987
vn -0.757987 -0.349540 -0.550706
vn -0.891065 -0.349540 -0.289524
vn -0.936921 -0.349540 -0.000001
vn 0.296066 -0.286443 0.911206
vn 0.563153 -0.286443 0.775119
vn 0.000000 -0.286443 0.958097
vn -0.296065 -0.286443 0.911206
vn -0.563153 -0.286443 0.775119
vn -0.775118 -0.286443 0.563154
vn -0.911205 -0.286442 0.296068
vn -0.958098 -0.286442 -0.000000
vn -0.911205 -0.286442 -0.296069
vn -0.775117 -0.286442 -0.563156
vn -0.563156 -0.286443 -0.775117
vn -0.296070 -0.286442 -0.911204
vn -0.000000 -0.286442 -0.958097
vn 0.296070 -0.286442 -0.911204
vn 0.563156 -0.286442 -0.775117
vn 0.775117 -0.286442 -0.563156
vn 0.911205 -0.286442 -0.296068
vn 0.958098 -0.286442 0.000001
vn 0.911205 -0.286443 0.296068
vn 0.775118 -0.286443 0.563154
vn 0.308139 -0.075228 0.948363
vn 0.586117 -0.075228 0.806727
vn 0.000000 -0.075228 0.997166
vn -0.308138 -0.075228 0.948363
vn -0.586117 -0.075228 0.806727
vn -0.806726 -0.075228 0.586118
vn -0.948362 -0.075227 0.308141
vn -0.997166 -0.075227 -0.000000
vn -0.948361 -0.075227 -0.308142
vn -0.806724 -0.075227 -0.586120
vn -0.586121 -0.075227 -0.806724
vn -0.308143 -0.075227 -0.948361
vn -0.000000 -0.075228 -0.997166
vn 0.308143 -0.075227 -0.948361
vn 0.586120 -0.075227 -0.806724
vn 0.806724 -0.075227 -0.586120
vn 0.948362 -0.075227 -0.308141
vn 0.997166 -0.075227 0.000001
vn 0.948362 -0.075227 0.308141
vn 0.806726 -0.075228 0.586118
vn -0.615712 -0.762152 0.200057
vn -0.523756 -0.762152 0.380531
vn -0.605683 -0.662949 0.440054
vn -0.712022 -0.662949 0.231350
vn -0.461069 -0.758177 0.461068
vn -0.474356 -0.635679 0.609014
vn -0.296024 -0.758177 0.580980
vn -0.296024 -0.758177 0.580980
vn -0.296024 -0.758177 0.580980
vn -0.296024 -0.758177 0.580980
vn -0.102005 -0.758177 0.644021
vn -0.102005 -0.758177 0.644021
vn -0.102005 -0.758177 0.644021
vn -0.102005 -0.758177 0.644021
vn 0.102005 -0.758177 0.644021
vn 0.102005 -0.758177 0.644021
vn 0.102005 -0.758177 0.644021
vn 0.102005 -0.758177 0.644021
vn 0.296025 -0.758177 0.580979
vn 0.296025 -0.758177 0.580980
vn 0.296025 -0.758177 0.580979
vn 0.296025 -0.758177 0.580979
vn 0.461068 -0.758176 0.461069
vn 0.461068 -0.758176 0.461069
vn 0.461068 -0.758176 0.461069
vn 0.461068 -0.758176 0.461069
vn 0.580980 -0.758177 0.296025
vn 0.580980 -0.758177 0.296025
vn 0.580980 -0.758177 0.296025
vn 0.580980 -0.758177 0.296025
vn 0.644021 -0.758177 0.102004
vn 0.644021 -0.758177 0.102004
vn 0.644021 -0.758177 0.102004
vn 0.644021 -0.758177 0.102004
vn 0.644020 -0.758177 -0.102004
vn 0.644020 -0.758177 -0.102004
vn 0.644020 -0.758177 -0.102004
vn 0.644020 -0.758177 -0.102004
vn 0.580981 -0.758177 -0.296022
vn 0.580981 -0.758177 -0.296022
vn 0.580981 -0.758177 -0.296022
vn 0.580981 -0.758177 -0.296022
vn 0.461068 -0.758178 -0.461068
vn 0.380528 -0.762153 -0.523756
vn 0.440051 -0.662950 -0.605684
vn 0.609015 -0.635680 -0.474354
vn 0.200054 -0.762153 -0.615712
vn 0.231347 -0.662949 -0.712023
vn 0.000000 -0.762153 -0.647397
vn -0.000000 -0.662949 -0.748664
vn -0.200055 -0.762153 -0.615712
vn -0.231348 -0.662949 -0.712023
vn -0.380528 -0.762153 -0.523757
vn -0.440051 -0.662950 -0.605683
vn -0.523756 -0.762153 -0.380529
vn -0.605683 -0.662950 -0.440052
vn -0.615712 -0.762152 -0.200056
vn -0.712022 -0.662949 -0.231350
vn -0.647398 -0.762152 -0.000001
vn -0.748664 -0.662949 -0.000001
vn -0.644773 -0.604001 0.468455
vn -0.757976 -0.604001 0.246281
vn -0.468455 -0.604001 0.644773
vn -0.249662 -0.589294 0.768376
vn -0.246283 -0.604001 0.757976
vn 0.000000 -0.589295 0.807918
vn 0.000000 -0.604002 0.796983
vn 0.249662 -0.589294 0.768376
vn 0.246283 -0.604001 0.757976
vn 0.474883 -0.589294 0.653620
vn 0.468456 -0.604001 0.644773
vn 0.653620 -0.589294 0.474883
vn 0.644773 -0.604001 0.468456
vn 0.768376 -0.589294 0.249662
vn 0.757976 -0.604001 0.246282
vn 0.807919 -0.589294 0.000000
vn 0.796984 -0.604001 -0.000000
vn 0.768376 -0.589294 -0.249660
vn 0.757977 -0.604001 -0.246281
vn 0.644774 -0.604002 -0.468453
vn 0.468452 -0.604002 -0.644774
vn 0.246279 -0.604001 -0.757977
vn 0.000000 -0.604001 -0.796983
vn -0.246279 -0.604001 -0.757977
vn -0.468452 -0.604002 -0.644775
vn -0.644774 -0.604002 -0.468453
vn -0.757976 -0.604001 -0.246281
vn -0.796984 -0.604001 -0.000001
vn -0.227389 0.677142 0.699838
vn 0.000000 0.677143 0.735851
vn -0.432520 0.677144 0.595317
vn -0.595317 0.677143 0.432521
vn -0.699837 0.677143 0.227390
vn -0.735851 0.677143 -0.000000
vn -0.699836 0.677143 -0.227391
vn -0.595316 0.677143 -0.432523
vn -0.432523 0.677143 -0.595316
vn -0.227392 0.677143 -0.699836
vn -0.000000 0.677143 -0.735851
vn 0.227392 0.677143 -0.699836
vn 0.432523 0.677143 -0.595316
vn 0.595316 0.677143 -0.432523
vn 0.699836 0.677143 -0.227391
vn 0.735852 0.677143 0.000001
vn 0.699837 0.677143 0.227391
vn 0.595317 0.677143 0.432521
vn 0.432520 0.677144 0.595317
vn 0.227389 0.677143 0.699837
vn -0.212982 0.724542 0.655498
vn 0.000000 0.724542 0.689231
vn -0.405118 0.724542 0.557601
vn -0.557600 0.724542 0.405118
vn -0.655498 0.724542 0.212984
vn -0.689231 0.724542 0.000000
vn -0.655498 0.724542 -0.212985
vn -0.557600 0.724542 -0.405120
vn -0.405120 0.724542 -0.557599
vn -0.212985 0.724542 -0.655497
vn -0.000000 0.724542 -0.689231
vn 0.212985 0.724542 -0.655498
vn 0.405120 0.724542 -0.557599
vn 0.557599 0.724542 -0.405120
vn 0.655498 0.724542 -0.212984
vn 0.689231 0.724542 0.000001
vn 0.655498 0.724542 0.212984
vn 0.557600 0.724542 0.405119
vn 0.405118 0.724542 0.557601
vn 0.212982 0.724542 0.655498
vn -0.248243 0.595525 0.764019
vn -0.000000 0.595526 0.803336
vn -0.472187 0.595525 0.649915
vn -0.649914 0.595525 0.472188
vn -0.764019 0.595525 0.248244
vn -0.803337 0.595525 0.000000
vn -0.764018 0.595525 -0.248245
vn -0.649913 0.595525 -0.472189
vn -0.472190 0.595525 -0.649913
vn -0.248246 0.595525 -0.764019
vn -0.000000 0.595525 -0.803337
vn 0.248245 0.595525 -0.764018
vn 0.472190 0.595525 -0.649913
vn 0.649913 0.595525 -0.472190
vn 0.764019 0.595525 -0.248245
vn 0.803337 0.595525 0.000001
vn 0.764019 0.595525 0.248244
vn 0.649914 0.595525 0.472188
vn 0.472188 0.595525 0.649914
vn 0.248243 0.595525 0.764019
vn -0.268131 0.497094 0.825229
vn -0.000000 0.497095 0.867696
vn -0.510017 0.497094 0.701983
vn -0.701982 0.497094 0.510018
vn -0.825229 0.497094 0.268132
vn -0.867697 0.497094 0.000000
vn -0.825228 0.497094 -0.268133
vn -0.701981 0.497094 -0.510019
vn -0.510020 0.497094 -0.701981
vn -0.268134 0.497094 -0.825228
vn -0.000000 0.497094 -0.867697
vn 0.268134 0.497094 -0.825228
vn 0.510019 0.497094 -0.701981
vn 0.701981 0.497094 -0.510019
vn 0.825229 0.497094 -0.268133
vn 0.867697 0.497094 0.000001
vn 0.825229 0.497094 0.268133
vn 0.701982 0.497094 0.510018
vn 0.510017 0.497094 0.701983
vn 0.268131 0.497095 0.825229
vn -0.292369 0.323776 0.899827
vn 0.000000 0.323776 0.946134
vn -0.556121 0.323777 0.765440
vn -0.765439 0.323776 0.556122
vn -0.899827 0.323775 0.292371
vn -0.946134 0.323775 -0.000000
vn -0.899827 0.323776 -0.292372
vn -0.765438 0.323776 -0.556123
vn -0.556124 0.323777 -0.765438
vn -0.292372 0.323777 -0.899826
vn -0.000000 0.323777 -0.946134
vn 0.292372 0.323777 -0.899826
vn 0.556123 0.323777 -0.765438
vn 0.765438 0.323777 -0.556123
vn 0.899827 0.323776 -0.292371
vn 0.946134 0.323775 0.000001
vn 0.899827 0.323776 0.292371
vn 0.765439 0.323776 0.556122
vn 0.556121 0.323776 0.765440
vn 0.292370 0.323776 0.899827
vn -0.304379 0.172572 0.936789
vn 0.000000 0.172571 0.984997
vn -0.578964 0.172572 0.796881
vn -0.796880 0.172572 0.578966
vn -0.936788 0.172572 0.304380
vn -0.984997 0.172572 -0.000000
vn -0.936788 0.172572 -0.304381
vn -0.796879 0.172573 -0.578966
vn -0.578967 0.172573 -0.796879
vn -0.304382 0.172573 -0.936787
vn -0.000000 0.172572 -0.984997
vn 0.304382 0.172572 -0.936788
vn 0.578966 0.172573 -0.796879
vn 0.796879 0.172572 -0.578967
vn 0.936788 0.172572 -0.304380
vn 0.984997 0.172572 0.000001
vn 0.936788 0.172572 0.304380
vn 0.796880 0.172572 0.578965
vn 0.578965 0.172572 0.796880
vn 0.304379 0.172572 0.936788
vn -0.307835 0.087309 0.947425
vn -0.000000 0.087309 0.996181
vn -0.585539 0.087309 0.805929
vn -0.805929 0.087309 0.585539
vn -0.947425 0.087310 0.307836
vn -0.996181 0.087310 -0.000000
vn -0.947425 0.087310 -0.307837
vn -0.805928 0.087310 -0.585540
vn -0.585541 0.087309 -0.805927
vn -0.307838 0.087309 -0.947424
vn -0.000000 0.087309 -0.996181
vn 0.307837 0.087310 -0.947424
vn 0.585541 0.087310 -0.805928
vn 0.805928 0.087310 -0.585541
vn 0.947425 0.087310 -0.307836
vn 0.996181 0.087310 0.000001
vn 0.947425 0.087308 0.307836
vn 0.805929 0.087308 0.585539
vn 0.585539 0.087309 0.805929
vn 0.307835 0.087310 0.947425
vn -0.308759 0.040708 0.950269
vn -0.000000 0.040709 0.999171
vn -0.587296 0.040708 0.808348
vn -0.808347 0.040708 0.587297
vn -0.950268 0.040709 0.308760
vn -0.999171 0.040709 -0.000000
vn -0.950268 0.040709 -0.308761
vn -0.808346 0.040710 -0.587298
vn -0.587298 0.040710 -0.808346
vn -0.308762 0.040710 -0.950268
vn -0.000000 0.040709 -0.999171
vn 0.308761 0.040710 -0.950268
vn 0.587298 0.040710 -0.808346
vn 0.808346 0.040711 -0.587298
vn 0.950268 0.040710 -0.308760
vn 0.999171 0.040710 0.000002
vn 0.950268 0.040709 0.308760
vn 0.808347 0.040709 0.587297
vn 0.587297 0.040708 0.808347
vn 0.308759 0.040709 0.950269
vn -0.308605 -0.051505 0.949795
vn 0.000000 -0.051503 0.998673
vn -0.587003 -0.051506 0.807945
vn -0.807944 -0.051505 0.587004
vn -0.949795 -0.051503 0.308606
vn -0.998673 -0.051502 -0.000000
vn -0.949794 -0.051503 -0.308607
vn -0.807944 -0.051503 -0.587005
vn -0.587006 -0.051503 -0.807943
vn -0.308607 -0.051502 -0.949794
vn -0.000000 -0.051503 -0.998673
vn 0.308607 -0.051503 -0.949794
vn 0.587005 -0.051504 -0.807943
vn 0.807943 -0.051503 -0.587005
vn 0.949795 -0.051503 -0.308606
vn 0.998673 -0.051502 0.000002
vn 0.949794 -0.051502 0.308607
vn 0.807945 -0.051503 0.587004
vn 0.587004 -0.051505 0.807944
vn 0.308606 -0.051504 0.949795
vn -0.301795 -0.214922 0.928832
vn 0.000000 -0.214922 0.976631
vn -0.574048 -0.214923 0.790112
vn -0.790112 -0.214923 0.574049
vn -0.928832 -0.214922 0.301795
vn -0.976631 -0.214922 0.000000
vn -0.928831 -0.214922 -0.301796
vn -0.790111 -0.214923 -0.574049
vn -0.574049 -0.214923 -0.790111
vn -0.301796 -0.214922 -0.928831
vn -0.000000 -0.214921 -0.976631
vn 0.301796 -0.214921 -0.928832
vn 0.574049 -0.214922 -0.790111
vn 0.790111 -0.214922 -0.574049
vn 0.928832 -0.214923 -0.301795
vn 0.976631 -0.214922 0.000001
vn 0.928831 -0.214922 0.301796
vn 0.790112 -0.214924 0.574048
vn 0.574048 -0.214923 0.790112
vn 0.301795 -0.214922 0.928832
vn -0.287590 -0.365880 0.885113
vn -0.000000 -0.365880 0.930662
vn -0.547028 -0.365880 0.752922
vn -0.752922 -0.365880 0.547029
vn -0.885112 -0.365880 0.287590
vn -0.930662 -0.365881 0.000000
vn -0.885112 -0.365880 -0.287591
vn -0.752921 -0.365880 -0.547030
vn -0.547030 -0.365880 -0.752921
vn -0.287591 -0.365880 -0.885112
vn -0.000000 -0.365880 -0.930662
vn 0.287591 -0.365880 -0.885112
vn 0.547029 -0.365880 -0.752922
vn 0.752921 -0.365880 -0.547029
vn 0.885112 -0.365881 -0.287589
vn 0.930662 -0.365881 0.000001
vn 0.885112 -0.365881 0.287590
vn 0.752922 -0.365881 0.547028
vn 0.547028 -0.365881 0.752922
vn 0.287590 -0.365880 0.885112
vn -0.249386 -0.590509 0.767532
vn 0.000000 -0.590509 0.807031
vn -0.474360 -0.590509 0.652903
vn -0.652902 -0.590509 0.474361
vn -0.767533 -0.590508 0.249386
vn -0.807032 -0.590508 -0.000000
vn -0.767533 -0.590508 -0.249387
vn -0.652903 -0.590508 -0.474361
vn -0.474362 -0.590508 -0.652902
vn -0.249387 -0.590509 -0.767532
vn -0.000000 -0.590509 -0.807031
vn 0.249386 -0.590509 -0.767532
vn 0.474361 -0.590509 -0.652902
vn 0.652902 -0.590509 -0.474361
vn 0.767533 -0.590509 -0.249386
vn 0.807031 -0.590509 0.000001
vn 0.767532 -0.590509 0.249386
vn 0.652902 -0.590509 0.474360
vn 0.474360 -0.590510 0.652902
vn 0.249386 -0.590509 0.767532
vn -0.167410 -0.840539 0.515236
vn 0.000000 -0.840539 0.541752
vn -0.318433 -0.840539 0.438286
vn -0.438286 -0.840539 0.318433
vn -0.515236 -0.840539 0.167410
vn -0.541752 -0.840539 -0.000000
vn -0.515236 -0.840539 -0.167411
vn -0.438286 -0.840539 -0.318434
vn -0.318434 -0.840539 -0.438286
vn -0.167411 -0.840539 -0.515236
vn -0.000000 -0.840539 -0.541752
vn 0.167410 -0.840539 -0.515236
vn 0.318433 -0.840539 -0.438286
vn 0.438286 -0.840539 -0.318434
vn 0.515237 -0.840539 -0.167410
vn 0.541752 -0.840539 0.000001
vn 0.515236 -0.840539 0.167410
vn 0.438286 -0.840539 0.318433
vn 0.318433 -0.840539 0.438286
vn 0.167410 -0.840539 0.515236
vn 0.537043 0.839256 0.085060
vn 0.538996 0.842308 0.000000
vn 0.987688 0.000000 0.156435
vn 0.987688 0.000000 0.156435
vn 0.484473 0.839256 0.246852
vn 0.484473 0.839256 0.246852
vn 0.891006 0.000000 0.453991
vn 0.891006 0.000000 0.453991
vn 0.384480 0.839256 0.384480
vn 0.384480 0.839256 0.384480
vn 0.707107 0.000000 0.707107
vn 0.707107 0.000000 0.707107
vn 0.246852 0.839256 0.484473
vn 0.246852 0.839255 0.484473
vn 0.453992 0.000000 0.891006
vn 0.453992 0.000000 0.891006
vn 0.000000 0.842309 0.538995
vn 0.085061 0.839256 0.537043
vn 0.156438 0.000000 0.987688
vn 0.156438 0.000000 0.987688
vn -0.166560 0.842308 0.512616
vn -0.156438 0.000000 0.987688
vn -0.156438 0.000000 0.987688
vn -0.316814 0.842308 0.436057
vn -0.453990 0.000000 0.891007
vn -0.587785 0.000000 0.809017
vn -0.436057 0.842308 0.316814
vn -0.809017 0.000000 0.587786
vn -0.512616 0.842308 0.166559
vn -0.538996 0.842308 -0.000001
vn -0.512616 0.842308 -0.166559
vn -0.436058 0.842309 -0.316812
vn -0.316812 0.842309 -0.436057
vn -0.166557 0.842308 -0.512617
vn 0.000000 0.842309 -0.538996
vn 0.166557 0.842308 -0.512617
vn 0.316812 0.842309 -0.436058
vn 0.587782 0.000000 -0.809019
vn 0.436058 0.842309 -0.316812
vn 0.809019 0.000000 -0.587783
vn 0.512616 0.842308 -0.166559
vn 0.891008 0.000000 -0.453988
vn 0.987688 0.000000 -0.156435
vn 0.987688 0.000000 -0.156435
vn 0.532316 0.828688 0.172960
vn 0.559711 0.828688 0.000000
vn 0.452815 0.828688 0.328990
vn 0.328990 0.828688 0.452815
vn 0.172961 0.828688 0.532316
vn 0.000000 0.828688 0.559711
vn -0.172961 0.828688 0.532316
vn -0.328990 0.828688 0.452815
vn -0.452815 0.828688 0.328990
vn -0.532316 0.828688 0.172960
vn -0.559711 0.828688 -0.000001
vn -0.532316 0.828688 -0.172960
vn -0.452816 0.828688 -0.328988
vn -0.328988 0.828688 -0.452816
vn -0.172958 0.828689 -0.532316
vn -0.000000 0.828688 -0.559711
vn 0.172958 0.828689 -0.532316
vn 0.328988 0.828688 -0.452816
vn 0.452816 0.828688 -0.328988
vn 0.532316 0.828688 -0.172960
vn 0.793330 0.551527 0.257770
vn 0.834157 0.551528 0.000000
vn 0.674847 0.551526 0.490306
vn 0.490306 0.551526 0.674847
vn 0.257771 0.551527 0.793330
vn 0.000000 0.551528 0.834156
vn -0.257770 0.551527 0.793330
vn -0.490306 0.551527 0.674847
vn -0.674847 0.551527 0.490306
vn -0.793330 0.551528 0.257769
vn -0.834157 0.551527 -0.000001
vn -0.793331 0.551527 -0.257768
vn -0.674849 0.551527 -0.490303
vn -0.490302 0.551529 -0.674848
vn -0.257766 0.551528 -0.793331
vn -0.000000 0.551528 -0.834156
vn 0.257766 0.551528 -0.793331
vn 0.490302 0.551529 -0.674848
vn 0.674848 0.551528 -0.490303
vn 0.793331 0.551527 -0.257769
vn 0.873148 0.396390 0.283704
vn 0.918082 0.396390 -0.000000
vn 0.742744 0.396389 0.539636
vn 0.539636 0.396389 0.742744
vn 0.283706 0.396389 0.873147
vn 0.000000 0.396390 0.918082
vn -0.283705 0.396390 0.873148
vn -0.539636 0.396389 0.742744
vn -0.742744 0.396390 0.539635
vn -0.873148 0.396391 0.283703
vn -0.918082 0.396391 -0.000001
vn -0.873148 0.396390 -0.283703
vn -0.742746 0.396390 -0.539633
vn -0.539632 0.396390 -0.742746
vn -0.283700 0.396390 -0.873149
vn -0.000000 0.396390 -0.918082
vn 0.283700 0.396390 -0.873149
vn 0.539632 0.396390 -0.742746
vn 0.742746 0.396390 -0.539633
vn 0.873148 0.396390 -0.283703
vn 0.927795 0.219812 0.301460
vn 0.975542 0.219811 -0.000000
vn 0.789230 0.219813 0.573409
vn 0.573410 0.219813 0.789230
vn 0.301462 0.219811 0.927795
vn 0.000000 0.219810 0.975543
vn -0.301461 0.219811 0.927796
vn -0.573410 0.219812 0.789230
vn -0.789230 0.219812 0.573410
vn -0.927796 0.219812 0.301459
vn -0.975542 0.219812 -0.000002
vn -0.927796 0.219812 -0.301459
vn -0.789232 0.219812 -0.573407
vn -0.573407 0.219812 -0.789232
vn -0.301456 0.219810 -0.927797
vn 0.000000 0.219811 -0.975543
vn 0.301456 0.219810 -0.927797
vn 0.573407 0.219812 -0.789232
vn 0.789232 0.219812 -0.573407
vn 0.927796 0.219811 -0.301459
vn 0.947068 0.091485 0.307722
vn 0.995806 0.091486 -0.000000
vn 0.805624 0.091484 0.585321
vn 0.585321 0.091484 0.805624
vn 0.307724 0.091485 0.947067
vn 0.000000 0.091486 0.995806
vn -0.307723 0.091485 0.947068
vn -0.585321 0.091484 0.805624
vn -0.805624 0.091483 0.585321
vn -0.947068 0.091484 0.307722
vn -0.995806 0.091485 -0.000001
vn -0.947068 0.091485 -0.307721
vn -0.805626 0.091484 -0.585318
vn -0.585318 0.091484 -0.805626
vn -0.307718 0.091485 -0.947069
vn 0.000000 0.091486 -0.995806
vn 0.307718 0.091485 -0.947069
vn 0.585317 0.091485 -0.805627
vn 0.805626 0.091484 -0.585318
vn 0.947068 0.091485 -0.307721
vn 0.945414 -0.108767 0.307185
vn 0.994067 -0.108768 0.000000
vn 0.804217 -0.108766 0.584299
vn 0.584299 -0.108766 0.804217
vn 0.307186 -0.108767 0.945414
vn 0.000000 -0.108768 0.994067
vn -0.307185 -0.108767 0.945414
vn -0.584298 -0.108766 0.804217
vn -0.804217 -0.108766 0.584299
vn -0.945414 -0.108767 0.307184
vn -0.994067 -0.108768 -0.000001
vn -0.945414 -0.108768 -0.307184
vn -0.804219 -0.108767 -0.584296
vn -0.584295 -0.108766 -0.804219
vn -0.307181 -0.108767 -0.945415
vn -0.000000 -0.108767 -0.994067
vn 0.307180 -0.108766 -0.945415
vn 0.584295 -0.108766 -0.804220
vn 0.804219 -0.108766 -0.584296
vn 0.945414 -0.108767 -0.307184
vn 0.947415 -0.087418 0.307835
vn 0.996172 -0.087420 -0.000000
vn 0.805920 -0.087417 0.585536
vn 0.585536 -0.087417 0.805920
vn 0.307836 -0.087418 0.947415
vn 0.000000 -0.087419 0.996172
vn -0.307835 -0.087418 0.947415
vn -0.585535 -0.087416 0.805920
vn -0.805920 -0.087416 0.585536
vn -0.947416 -0.087418 0.307834
vn -0.996172 -0.087420 -0.000002
vn -0.947416 -0.087419 -0.307834
vn -0.805922 -0.087417 -0.585532
vn -0.585533 -0.087417 -0.805922
vn -0.307831 -0.087418 -0.947417
vn -0.000000 -0.087419 -0.996172
vn 0.307830 -0.087418 -0.947417
vn 0.585532 -0.087418 -0.805922
vn 0.805922 -0.087418 -0.585532
vn 0.947416 -0.087418 -0.307834
vn 0.915011 -0.272700 0.297305
vn 0.962099 -0.272699 -0.000000
vn 0.778354 -0.272701 0.565508
vn 0.565508 -0.272701 0.778354
vn 0.297307 -0.272700 0.915010
vn 0.000000 -0.272699 0.962099
vn -0.297306 -0.272700 0.915011
vn -0.565508 -0.272700 0.778354
vn -0.778354 -0.272701 0.565508
vn -0.915011 -0.272700 0.297305
vn -0.962099 -0.272699 -0.000001
vn -0.915011 -0.272699 -0.297304
vn -0.778356 -0.272700 -0.565506
vn -0.565504 -0.272701 -0.778356
vn -0.297302 -0.272701 -0.915011
vn -0.000000 -0.272700 -0.962099
vn 0.297301 -0.272701 -0.915012
vn 0.565504 -0.272701 -0.778356
vn 0.778356 -0.272700 -0.565506
vn 0.915011 -0.272699 -0.297305
vn 0.841736 -0.465490 0.273497
vn 0.885054 -0.465489 -0.000000
vn 0.716023 -0.465490 0.520222
vn 0.520222 -0.465490 0.716023
vn 0.273499 -0.465490 0.841735
vn 0.000000 -0.465491 0.885053
vn -0.273498 -0.465490 0.841735
vn -0.520221 -0.465490 0.716023
vn -0.716024 -0.465490 0.520221
vn -0.841736 -0.465489 0.273496
vn -0.885054 -0.465489 -0.000001
vn -0.841736 -0.465489 -0.273496
vn -0.716025 -0.465490 -0.520219
vn -0.520218 -0.465490 -0.716025
vn -0.273494 -0.465490 -0.841737
vn -0.000000 -0.465490 -0.885053
vn 0.273493 -0.465490 -0.841737
vn 0.520218 -0.465490 -0.716025
vn 0.716024 -0.465490 -0.520220
vn 0.841736 -0.465489 -0.273496
vn 0.813658 -0.517753 0.264374
vn 0.855530 -0.517753 0.000000
vn 0.692138 -0.517752 0.502869
vn 0.502869 -0.517753 0.692138
vn 0.264375 -0.517753 0.813657
vn 0.000000 -0.517753 0.855530
vn -0.264374 -0.517753 0.813657
vn -0.502868 -0.517753 0.692138
vn -0.692138 -0.517753 0.502868
vn -0.813658 -0.517753 0.264373
vn -0.855530 -0.517753 -0.000001
vn -0.813658 -0.517753 -0.264373
vn -0.692140 -0.517753 -0.502866
vn -0.502865 -0.517753 -0.692141
vn -0.264371 -0.517752 -0.813659
vn 0.000000 -0.517753 -0.855530
vn 0.264370 -0.517753 -0.813659
vn 0.502865 -0.517753 -0.692140
vn 0.692140 -0.517753 -0.502866
vn 0.813658 -0.517753 -0.264373
vn 0.720873 -0.652288 0.234227
vn 0.757971 -0.652288 -0.000000
vn 0.613211 -0.652288 0.445525
vn 0.445525 -0.652287 0.613212
vn 0.234228 -0.652287 0.720874
vn -0.000000 -0.652288 0.757971
vn -0.234227 -0.652288 0.720873
vn -0.445525 -0.652288 0.613212
vn -0.613212 -0.652288 0.445524
vn -0.720873 -0.652288 0.234226
vn -0.757971 -0.652288 -0.000001
vn -0.720874 -0.652288 -0.234226
vn -0.613213 -0.652289 -0.445522
vn -0.445522 -0.652289 -0.613213
vn -0.234223 -0.652288 -0.720874
vn 0.000000 -0.652288 -0.757971
vn 0.234223 -0.652288 -0.720874
vn 0.445522 -0.652289 -0.613213
vn 0.613212 -0.652289 -0.445523
vn 0.720873 -0.652288 -0.234226
vn 0.690027 -0.688182 0.224204
vn 0.725537 -0.688183 -0.000000
vn 0.586972 -0.688182 0.426461
vn 0.426461 -0.688182 0.586972
vn 0.224205 -0.688182 0.690027
vn -0.000000 -0.688182 0.725538
vn -0.224205 -0.688182 0.690028
vn -0.426461 -0.688182 0.586972
vn -0.586972 -0.688183 0.426461
vn -0.690027 -0.688183 0.224203
vn -0.725537 -0.688183 -0.000001
vn -0.690028 -0.688182 -0.224203
vn -0.586973 -0.688183 -0.426459
vn -0.426458 -0.688183 -0.586973
vn -0.224201 -0.688182 -0.690028
vn 0.000000 -0.688183 -0.725538
vn 0.224201 -0.688182 -0.690028
vn 0.426458 -0.688184 -0.586973
vn 0.586973 -0.688183 -0.426458
vn 0.690027 -0.688182 -0.224203
s 1
g Bowl
usemtl lambert2SG
f 1692/1841/1942 1693/1842/1943 2187/1843/1944 2188/1844/1945
f 1693/1842/1943 1694/1845/1946 2186/1846/1947 2187/1843/1944
f 1694/1845/1946 1695/2590/1948 2185/1847/1949 2186/1846/1947
f 1695/2590/1948 1696/2591/1950 2184/2592/1951 2185/1847/1949
f 1696/1848/1950 1697/1850/1952 2183/1851/1953 2184/1849/1951
f 1697/1850/1952 1698/1852/1954 2182/1853/1955 2183/1851/1953
f 1698/1852/1954 1699/1854/1956 2181/1855/1957 2182/1853/1955
f 1699/1854/1956 1700/1856/1958 2180/1857/1959 2181/1855/1957
f 1700/1856/1958 1701/1858/1960 2179/1859/1961 2180/1857/1959
f 1701/1858/1960 1702/1860/1962 2178/1861/1963 2179/1859/1961
f 1702/1860/1962 1703/1862/1964 2177/1863/1965 2178/1861/1963
f 1703/1862/1964 1704/1864/1966 2176/1865/1967 2177/1863/1965
f 1704/1864/1966 1705/1866/1968 2175/1867/1969 2176/1865/1967
f 1705/1866/1968 1706/1868/1970 2174/1869/1971 2175/1867/1969
f 1706/1868/1970 1707/1870/1972 2193/1871/1973 2174/1869/1971
f 1707/1870/1972 1708/1872/1974 2192/1873/1975 2193/1871/1973
f 1708/1872/1974 1709/1874/1976 2191/1875/1977 2192/1873/1975
f 1709/1874/1976 1710/1876/1978 2190/1877/1979 2191/1875/1977
f 1710/1876/1978 1711/1878/1980 2189/1879/1981 2190/1877/1979
f 1711/1878/1980 1692/1841/1942 2188/1844/1945 2189/1879/1981
f 1693/2682/1982 1692/2683/1983 1732/2684/1984
f 1694/2685/1985 1693/2682/1982 1732/2684/1984
f 1695/2686/1986 1694/2685/1985 1732/2684/1984
f 1696/2687/1987 1695/2686/1986 1732/2684/1984
f 1697/2688/1988 1696/2687/1987 1732/2684/1984
f 1698/2689/1989 1697/2688/1988 1732/2684/1984
f 1699/2690/1990 1698/2689/1989 1732/2684/1984
f 1700/2691/1991 1699/2690/1990 1732/2684/1984
f 1701/2692/1992 1700/2691/1991 1732/2684/1984
f 1702/2693/1993 1701/2692/1992 1732/2684/1984
f 1703/2694/1994 1702/2693/1993 1732/2684/1984
f 1704/2695/1995 1703/2694/1994 1732/2684/1984
f 1705/2696/1996 1704/2695/1995 1732/2684/1984
f 1706/2697/1970 1705/2696/1996 1732/2684/1984
f 1707/2698/1972 1706/2697/1970 1732/2684/1984
f 1708/2699/1974 1707/2698/1972 1732/2684/1984
f 1709/2700/1976 1708/2699/1974 1732/2684/1984
f 1710/2701/1978 1709/2700/1976 1732/2684/1984
f 1711/2702/1980 1710/2701/1978 1732/2684/1984
f 1692/2683/1983 1711/2702/1980 1732/2684/1984
s 3
f 1893/2660/1997 1894/2661/1998 1895/2662/1999
f 1894/2661/1998 1896/2663/2000 1895/2662/1999
f 1896/2663/2000 1897/2680/2001 1895/2662/1999
f 1897/2680/2001 1898/2664/2002 1895/2662/1999
f 1898/2664/2002 1899/2681/2003 1895/2662/1999
f 1899/2665/2003 1900/2666/2004 1895/2662/1999
f 1900/2666/2004 1901/2667/2005 1895/2662/1999
f 1901/2667/2005 1902/2668/2006 1895/2662/1999
f 1902/2668/2006 1903/2669/2007 1895/2662/1999
f 1903/2669/2007 1904/2670/2008 1895/2662/1999
f 1904/2670/2008 1905/2671/2009 1895/2662/1999
f 1905/2671/2009 1906/2672/2010 1895/2662/1999
f 1906/2672/2010 1907/2673/2011 1895/2662/1999
f 1907/2673/2011 1908/2674/2012 1895/2662/1999
f 1908/2674/2012 1909/2675/2013 1895/2662/1999
f 1909/2675/2013 1910/2676/2014 1895/2662/1999
f 1910/2676/2014 1911/2677/2015 1895/2662/1999
f 1911/2677/2015 1912/2678/2016 1895/2662/1999
f 1912/2678/2016 1913/2679/2017 1895/2662/1999
f 1913/2679/2017 1893/2660/1997 1895/2662/1999
s 1
f 1712/1880/2018 1713/1881/2019 1734/1882/2020 1733/1883/2021
f 1713/1881/2019 1714/1884/2022 1735/1885/2023 1734/1882/2020
f 1714/1884/2022 1715/2599/2024 1736/1886/2025 1735/1885/2023
f 1715/2599/2024 1716/2593/2026 1737/2594/2027 1736/1886/2025
f 1716/1887/2026 1717/1889/2028 1738/1890/2029 1737/1888/2027
f 1717/1889/2028 1718/1891/2030 1739/1892/2031 1738/1890/2029
f 1718/1891/2030 1719/1893/2032 1740/1894/2033 1739/1892/2031
f 1719/1893/2032 1720/1895/2034 1741/1896/2035 1740/1894/2033
f 1720/1895/2034 1721/1897/2036 1742/1898/2037 1741/1896/2035
f 1721/1897/2036 1722/1899/2038 1743/1900/2039 1742/1898/2037
f 1722/1899/2038 1723/1901/2040 1744/1902/2041 1743/1900/2039
f 1723/1901/2040 1724/1903/2042 1745/1904/2043 1744/1902/2041
f 1724/1903/2042 1725/1905/2044 1746/1906/2045 1745/1904/2043
f 1725/1905/2044 1726/1907/2046 1747/1908/2047 1746/1906/2045
f 1726/1907/2046 1727/1909/2048 1748/1910/2049 1747/1908/2047
f 1727/1909/2048 1728/1911/2050 1749/1912/2051 1748/1910/2049
f 1728/1911/2050 1729/1913/2052 1750/1914/2053 1749/1912/2051
f 1729/1913/2052 1730/1915/2054 1751/1916/2055 1750/1914/2053
f 1730/1915/2054 1731/1917/2056 1752/1918/2057 1751/1916/2055
f 1731/1917/2056 1712/1880/2018 1733/1883/2021 1752/1918/2057
f 1733/1883/2021 1734/1882/2020 1754/1919/2058 1753/1920/2059
f 1734/1882/2020 1735/1885/2023 1755/1921/2060 1754/1919/2058
f 1735/1885/2023 1736/1886/2025 1756/1922/2061 1755/1921/2060
f 1736/1886/2025 1737/2594/2027 1757/2595/2062 1756/1922/2061
f 1737/1888/2027 1738/1890/2029 1758/1924/2063 1757/1923/2062
f 1738/1890/2029 1739/1892/2031 1759/1925/2064 1758/1924/2063
f 1739/1892/2031 1740/1894/2033 1760/1926/2065 1759/1925/2064
f 1740/1894/2033 1741/1896/2035 1761/1927/2066 1760/1926/2065
f 1741/1896/2035 1742/1898/2037 1762/1928/2067 1761/1927/2066
f 1742/1898/2037 1743/1900/2039 1763/1929/2068 1762/1928/2067
f 1743/1900/2039 1744/1902/2041 1764/1930/2069 1763/1929/2068
f 1744/1902/2041 1745/1904/2043 1765/1931/2070 1764/1930/2069
f 1745/1904/2043 1746/1906/2045 1766/1932/2071 1765/1931/2070
f 1746/1906/2045 1747/1908/2047 1767/1933/2072 1766/1932/2071
f 1747/1908/2047 1748/1910/2049 1768/1934/2073 1767/1933/2072
f 1748/1910/2049 1749/1912/2051 1769/1935/2074 1768/1934/2073
f 1749/1912/2051 1750/1914/2053 1770/1936/2075 1769/1935/2074
f 1750/1914/2053 1751/1916/2055 1771/1937/2076 1770/1936/2075
f 1751/1916/2055 1752/1918/2057 1772/1938/2077 1771/1937/2076
f 1752/1918/2057 1733/1883/2021 1753/1920/2059 1772/1938/2077
f 1753/1920/2059 1754/1919/2058 1774/1939/2078 1773/1940/2079
f 1754/1919/2058 1755/1921/2060 1775/1941/2080 1774/1939/2078
f 1755/1921/2060 1756/1922/2061 1776/1942/2081 1775/1941/2080
f 1756/1922/2061 1757/2595/2062 1777/2596/2082 1776/1942/2081
f 1757/1923/2062 1758/1924/2063 1778/1944/2083 1777/1943/2082
f 1758/1924/2063 1759/1925/2064 1779/1945/2084 1778/1944/2083
f 1759/1925/2064 1760/1926/2065 1780/1946/2085 1779/1945/2084
f 1760/1926/2065 1761/1927/2066 1781/1947/2086 1780/1946/2085
f 1761/1927/2066 1762/1928/2067 1782/1948/2087 1781/1947/2086
f 1762/1928/2067 1763/1929/2068 1783/1949/2088 1782/1948/2087
f 1763/1929/2068 1764/1930/2069 1784/1950/2089 1783/1949/2088
f 1764/1930/2069 1765/1931/2070 1785/1951/2090 1784/1950/2089
f 1765/1931/2070 1766/1932/2071 1786/1952/2091 1785/1951/2090
f 1766/1932/2071 1767/1933/2072 1787/1953/2092 1786/1952/2091
f 1767/1933/2072 1768/1934/2073 1788/1954/2093 1787/1953/2092
f 1768/1934/2073 1769/1935/2074 1789/1955/2094 1788/1954/2093
f 1769/1935/2074 1770/1936/2075 1790/1956/2095 1789/1955/2094
f 1770/1936/2075 1771/1937/2076 1791/1957/2096 1790/1956/2095
f 1771/1937/2076 1772/1938/2077 1792/1958/2097 1791/1957/2096
f 1772/1938/2077 1753/1920/2059 1773/1940/2079 1792/1958/2097
f 1773/1940/2079 1774/1939/2078 1794/1959/2098 1793/1960/2099
f 1774/1939/2078 1775/1941/2080 1795/1961/2100 1794/1959/2098
f 1775/1941/2080 1776/1942/2081 1796/1962/2101 1795/1961/2100
f 1776/1942/2081 1777/2596/2082 1797/2597/2102 1796/1962/2101
f 1777/1943/2082 1778/1944/2083 1798/1964/2103 1797/1963/2102
f 1778/1944/2083 1779/1945/2084 1799/1965/2104 1798/1964/2103
f 1779/1945/2084 1780/1946/2085 1800/1966/2105 1799/1965/2104
f 1780/1946/2085 1781/1947/2086 1801/1967/2106 1800/1966/2105
f 1781/1947/2086 1782/1948/2087 1802/1968/2107 1801/1967/2106
f 1782/1948/2087 1783/1949/2088 1803/1969/2108 1802/1968/2107
f 1783/1949/2088 1784/1950/2089 1804/1970/2109 1803/1969/2108
f 1784/1950/2089 1785/1951/2090 1805/1971/2110 1804/1970/2109
f 1785/1951/2090 1786/1952/2091 1806/1972/2111 1805/1971/2110
f 1786/1952/2091 1787/1953/2092 1807/1973/2112 1806/1972/2111
f 1787/1953/2092 1788/1954/2093 1808/1974/2113 1807/1973/2112
f 1788/1954/2093 1789/1955/2094 1809/1975/2114 1808/1974/2113
f 1789/1955/2094 1790/1956/2095 1810/1976/2115 1809/1975/2114
f 1790/1956/2095 1791/1957/2096 1811/1977/2116 1810/1976/2115
f 1791/1957/2096 1792/1958/2097 1812/1978/2117 1811/1977/2116
f 1792/1958/2097 1773/1940/2079 1793/1960/2099 1812/1978/2117
f 1793/1960/2099 1794/1959/2098 1814/1979/2118 1813/1980/2119
f 1794/1959/2098 1795/1961/2100 1815/1981/2120 1814/1979/2118
f 1795/1961/2100 1796/1962/2101 1816/1982/2121 1815/1981/2120
f 1796/1962/2101 1797/2597/2102 1817/2602/2122 1816/1982/2121
f 1797/1963/2102 1798/1964/2103 1818/1984/2123 1817/1983/2122
f 1798/1964/2103 1799/1965/2104 1819/1985/2124 1818/1984/2123
f 1799/1965/2104 1800/1966/2105 1820/1986/2125 1819/1985/2124
f 1800/1966/2105 1801/1967/2106 1821/1987/2126 1820/1986/2125
f 1801/1967/2106 1802/1968/2107 1822/1988/2127 1821/1987/2126
f 1802/1968/2107 1803/1969/2108 1823/1989/2128 1822/1988/2127
f 1803/1969/2108 1804/1970/2109 1824/1990/2129 1823/1989/2128
f 1804/1970/2109 1805/1971/2110 1825/1991/2130 1824/1990/2129
f 1805/1971/2110 1806/1972/2111 1826/1992/2131 1825/1991/2130
f 1806/1972/2111 1807/1973/2112 1827/1993/2132 1826/1992/2131
f 1807/1973/2112 1808/1974/2113 1828/1994/2133 1827/1993/2132
f 1808/1974/2113 1809/1975/2114 1829/1995/2134 1828/1994/2133
f 1809/1975/2114 1810/1976/2115 1830/1996/2135 1829/1995/2134
f 1810/1976/2115 1811/1977/2116 1831/1997/2136 1830/1996/2135
f 1811/1977/2116 1812/1978/2117 1832/1998/2137 1831/1997/2136
f 1812/1978/2117 1793/1960/2099 1813/1980/2119 1832/1998/2137
f 1834/1999/2138 1833/2000/2139 1728/1911/2050 1727/1909/2048
f 1835/2001/2140 1834/1999/2138 1727/1909/2048 1726/1907/2046
f 1836/2002/2141 1835/2001/2140 1726/1907/2046 1725/1905/2044
f 1837/2003/2142 1836/2002/2141 1725/1905/2044 1724/1903/2042
f 1838/2004/2143 1837/2003/2142 1724/1903/2042 1723/1901/2040
f 1839/2005/2144 1838/2004/2143 1723/1901/2040 1722/1899/2038
f 1840/2006/2145 1839/2005/2144 1722/1899/2038 1721/1897/2036
f 1841/2007/2146 1840/2006/2145 1721/1897/2036 1720/1895/2034
f 1842/2008/2147 1841/2007/2146 1720/1895/2034 1719/1893/2032
f 1843/2009/2148 1842/2008/2147 1719/1893/2032 1718/1891/2030
f 1844/2010/2149 1843/2009/2148 1718/1891/2030 1717/1889/2028
f 1845/2011/2150 1844/2010/2149 1717/1889/2028 1716/1887/2026
f 1846/2601/2151 1845/2598/2150 1716/2593/2026 1715/2599/2024
f 1847/2012/2152 1846/2601/2151 1715/2599/2024 1714/1884/2022
f 1848/2013/2153 1847/2012/2152 1714/1884/2022 1713/1881/2019
f 1849/2014/2154 1848/2013/2153 1713/1881/2019 1712/1880/2018
f 1850/2015/2155 1849/2014/2154 1712/1880/2018 1731/1917/2056
f 1851/2016/2156 1850/2015/2155 1731/1917/2056 1730/1915/2054
f 1852/2017/2157 1851/2016/2156 1730/1915/2054 1729/1913/2052
f 1833/2000/2139 1852/2017/2157 1729/1913/2052 1728/1911/2050
f 1854/2018/2158 1853/2019/2159 1833/2000/2139 1834/1999/2138
f 1855/2020/2160 1854/2018/2158 1834/1999/2138 1835/2001/2140
f 1856/2021/2161 1855/2020/2160 1835/2001/2140 1836/2002/2141
f 1857/2022/2162 1856/2021/2161 1836/2002/2141 1837/2003/2142
f 1858/2023/2163 1857/2022/2162 1837/2003/2142 1838/2004/2143
f 1859/2024/2164 1858/2023/2163 1838/2004/2143 1839/2005/2144
f 1860/2025/2165 1859/2024/2164 1839/2005/2144 1840/2006/2145
f 1861/2026/2166 1860/2025/2165 1840/2006/2145 1841/2007/2146
f 1862/2027/2167 1861/2026/2166 1841/2007/2146 1842/2008/2147
f 1863/2028/2168 1862/2027/2167 1842/2008/2147 1843/2009/2148
f 1864/2029/2169 1863/2028/2168 1843/2009/2148 1844/2010/2149
f 1865/2030/2170 1864/2029/2169 1844/2010/2149 1845/2011/2150
f 1866/2606/2171 1865/2600/2170 1845/2598/2150 1846/2601/2151
f 1867/2031/2172 1866/2606/2171 1846/2601/2151 1847/2012/2152
f 1868/2032/2173 1867/2031/2172 1847/2012/2152 1848/2013/2153
f 1869/2033/2174 1868/2032/2173 1848/2013/2153 1849/2014/2154
f 1870/2034/2175 1869/2033/2174 1849/2014/2154 1850/2015/2155
f 1871/2035/2176 1870/2034/2175 1850/2015/2155 1851/2016/2156
f 1872/2036/2177 1871/2035/2176 1851/2016/2156 1852/2017/2157
f 1853/2019/2159 1872/2036/2177 1852/2017/2157 1833/2000/2139
s 3
f 1813/1980/2178 1814/1979/2179 1874/2037/2180 1873/2038/2181
f 1814/1979/2179 1815/1981/2182 1875/2039/2183 1874/2037/2180
s off
f 1815/1981/2184 1816/1982/2185 1876/2040/2186 1875/2039/2187
f 1816/1982/2188 1817/2602/2189 1877/2603/2190 1876/2040/2191
f 1817/1983/2192 1818/1984/2193 1878/2042/2194 1877/2041/2195
f 1818/1984/2196 1819/1985/2197 1879/2043/2198 1878/2042/2199
f 1819/1985/2200 1820/1986/2201 1880/2044/2202 1879/2043/2203
f 1820/1986/2204 1821/1987/2205 1881/2045/2206 1880/2044/2207
f 1821/1987/2208 1822/1988/2209 1882/2046/2210 1881/2045/2211
f 1822/1988/2212 1823/1989/2213 1883/2047/2214 1882/2046/2215
f 1823/1989/2216 1824/1990/2217 1884/2048/2218 1883/2047/2219
s 3
f 1824/1990/2220 1825/1991/2221 1885/2049/2222 1884/2048/2223
f 1825/1991/2221 1826/1992/2224 1886/2050/2225 1885/2049/2222
f 1826/1992/2224 1827/1993/2226 1887/2051/2227 1886/2050/2225
f 1827/1993/2226 1828/1994/2228 1888/2052/2229 1887/2051/2227
f 1828/1994/2228 1829/1995/2230 1889/2053/2231 1888/2052/2229
f 1829/1995/2230 1830/1996/2232 1890/2054/2233 1889/2053/2231
f 1830/1996/2232 1831/1997/2234 1891/2055/2235 1890/2054/2233
f 1831/1997/2234 1832/1998/2236 1892/2056/2237 1891/2055/2235
f 1832/1998/2236 1813/1980/2178 1873/2038/2181 1892/2056/2237
f 1873/2038/2181 1874/2037/2180 2462/2057/2238 2463/2058/2239
f 1874/2037/2180 1875/2039/2183 2461/2059/2240 2462/2057/2238
f 1875/2039/2183 1876/2040/2241 2460/2060/2242 2461/2059/2240
f 1876/2040/2241 1877/2603/2243 2459/2604/2244 2460/2060/2242
f 1877/2041/2243 1878/2042/2245 2458/2062/2246 2459/2061/2244
f 1878/2042/2245 1879/2043/2247 2457/2063/2248 2458/2062/2246
f 1879/2043/2247 1880/2044/2249 2456/2064/2250 2457/2063/2248
f 1880/2044/2249 1881/2045/2251 2455/2065/2252 2456/2064/2250
f 1881/2045/2251 1882/2046/2253 2454/2066/2254 2455/2065/2252
f 1882/2046/2253 1883/2047/2255 2473/2067/2256 2454/2066/2254
f 1883/2047/2255 1884/2048/2223 2472/2068/2257 2473/2067/2256
f 1884/2048/2223 1885/2049/2222 2471/2069/2258 2472/2068/2257
f 1885/2049/2222 1886/2050/2225 2470/2070/2259 2471/2069/2258
f 1886/2050/2225 1887/2051/2227 2469/2071/2260 2470/2070/2259
f 1887/2051/2227 1888/2052/2229 2468/2072/2261 2469/2071/2260
f 1888/2052/2229 1889/2053/2231 2467/2073/2262 2468/2072/2261
f 1889/2053/2231 1890/2054/2233 2466/2074/2263 2467/2073/2262
f 1890/2054/2233 1891/2055/2235 2465/2075/2264 2466/2074/2263
f 1891/2055/2235 1892/2056/2237 2464/2076/2265 2465/2075/2264
f 1892/2056/2237 1873/2038/2181 2463/2058/2239 2464/2076/2265
s 1
f 1915/2077/2266 1914/2078/2267 1855/2020/2160 1856/2021/2161
f 1916/2079/2268 1915/2077/2266 1856/2021/2161 1857/2022/2162
f 1917/2080/2269 1916/2079/2268 1857/2022/2162 1858/2023/2163
f 1918/2081/2270 1917/2080/2269 1858/2023/2163 1859/2024/2164
f 1919/2082/2271 1918/2081/2270 1859/2024/2164 1860/2025/2165
f 1920/2083/2272 1919/2082/2271 1860/2025/2165 1861/2026/2166
f 1921/2084/2273 1920/2083/2272 1861/2026/2166 1862/2027/2167
f 1922/2085/2274 1921/2084/2273 1862/2027/2167 1863/2028/2168
f 1923/2086/2275 1922/2085/2274 1863/2028/2168 1864/2029/2169
f 1924/2087/2276 1923/2086/2275 1864/2029/2169 1865/2030/2170
f 1925/2608/2277 1924/2605/2276 1865/2600/2170 1866/2606/2171
f 1926/2088/2278 1925/2608/2277 1866/2606/2171 1867/2031/2172
f 1927/2089/2279 1926/2088/2278 1867/2031/2172 1868/2032/2173
f 1928/2090/2280 1927/2089/2279 1868/2032/2173 1869/2033/2174
f 1929/2091/2281 1928/2090/2280 1869/2033/2174 1870/2034/2175
f 1930/2092/2282 1929/2091/2281 1870/2034/2175 1871/2035/2176
f 1931/2093/2283 1930/2092/2282 1871/2035/2176 1872/2036/2177
f 1932/2094/2284 1931/2093/2283 1872/2036/2177 1853/2019/2159
f 1933/2095/2285 1932/2094/2284 1853/2019/2159 1854/2018/2158
f 1914/2078/2267 1933/2095/2285 1854/2018/2158 1855/2020/2160
f 1935/2096/2286 1934/2097/2287 1914/2078/2267 1915/2077/2266
f 1936/2098/2288 1935/2096/2286 1915/2077/2266 1916/2079/2268
f 1937/2099/2289 1936/2098/2288 1916/2079/2268 1917/2080/2269
f 1938/2100/2290 1937/2099/2289 1917/2080/2269 1918/2081/2270
f 1939/2101/2291 1938/2100/2290 1918/2081/2270 1919/2082/2271
f 1940/2102/2292 1939/2101/2291 1919/2082/2271 1920/2083/2272
f 1941/2103/2293 1940/2102/2292 1920/2083/2272 1921/2084/2273
f 1942/2104/2294 1941/2103/2293 1921/2084/2273 1922/2085/2274
f 1943/2105/2295 1942/2104/2294 1922/2085/2274 1923/2086/2275
f 1944/2106/2296 1943/2105/2295 1923/2086/2275 1924/2087/2276
f 1945/2610/2297 1944/2607/2296 1924/2605/2276 1925/2608/2277
f 1946/2107/2298 1945/2610/2297 1925/2608/2277 1926/2088/2278
f 1947/2108/2299 1946/2107/2298 1926/2088/2278 1927/2089/2279
f 1948/2109/2300 1947/2108/2299 1927/2089/2279 1928/2090/2280
f 1949/2110/2301 1948/2109/2300 1928/2090/2280 1929/2091/2281
f 1950/2111/2302 1949/2110/2301 1929/2091/2281 1930/2092/2282
f 1951/2112/2303 1950/2111/2302 1930/2092/2282 1931/2093/2283
f 1952/2113/2304 1951/2112/2303 1931/2093/2283 1932/2094/2284
f 1953/2114/2305 1952/2113/2304 1932/2094/2284 1933/2095/2285
f 1934/2097/2287 1953/2114/2305 1933/2095/2285 1914/2078/2267
f 1955/2115/2306 1954/2116/2307 1934/2097/2287 1935/2096/2286
f 1956/2117/2308 1955/2115/2306 1935/2096/2286 1936/2098/2288
f 1957/2118/2309 1956/2117/2308 1936/2098/2288 1937/2099/2289
f 1958/2119/2310 1957/2118/2309 1937/2099/2289 1938/2100/2290
f 1959/2120/2311 1958/2119/2310 1938/2100/2290 1939/2101/2291
f 1960/2121/2312 1959/2120/2311 1939/2101/2291 1940/2102/2292
f 1961/2122/2313 1960/2121/2312 1940/2102/2292 1941/2103/2293
f 1962/2123/2314 1961/2122/2313 1941/2103/2293 1942/2104/2294
f 1963/2124/2315 1962/2123/2314 1942/2104/2294 1943/2105/2295
f 1964/2125/2316 1963/2124/2315 1943/2105/2295 1944/2106/2296
f 1965/2612/2317 1964/2609/2316 1944/2607/2296 1945/2610/2297
f 1966/2126/2318 1965/2612/2317 1945/2610/2297 1946/2107/2298
f 1967/2127/2319 1966/2126/2318 1946/2107/2298 1947/2108/2299
f 1968/2128/2320 1967/2127/2319 1947/2108/2299 1948/2109/2300
f 1969/2129/2321 1968/2128/2320 1948/2109/2300 1949/2110/2301
f 1970/2130/2322 1969/2129/2321 1949/2110/2301 1950/2111/2302
f 1971/2131/2323 1970/2130/2322 1950/2111/2302 1951/2112/2303
f 1972/2132/2324 1971/2131/2323 1951/2112/2303 1952/2113/2304
f 1973/2133/2325 1972/2132/2324 1952/2113/2304 1953/2114/2305
f 1954/2116/2307 1973/2133/2325 1953/2114/2305 1934/2097/2287
f 1975/2134/2326 1974/2135/2327 1954/2116/2307 1955/2115/2306
f 1976/2136/2328 1975/2134/2326 1955/2115/2306 1956/2117/2308
f 1977/2137/2329 1976/2136/2328 1956/2117/2308 1957/2118/2309
f 1978/2138/2330 1977/2137/2329 1957/2118/2309 1958/2119/2310
f 1979/2139/2331 1978/2138/2330 1958/2119/2310 1959/2120/2311
f 1980/2140/2332 1979/2139/2331 1959/2120/2311 1960/2121/2312
f 1981/2141/2333 1980/2140/2332 1960/2121/2312 1961/2122/2313
f 1982/2142/2334 1981/2141/2333 1961/2122/2313 1962/2123/2314
f 1983/2143/2335 1982/2142/2334 1962/2123/2314 1963/2124/2315
f 1984/2144/2336 1983/2143/2335 1963/2124/2315 1964/2125/2316
f 1985/2614/2337 1984/2611/2336 1964/2609/2316 1965/2612/2317
f 1986/2145/2338 1985/2614/2337 1965/2612/2317 1966/2126/2318
f 1987/2146/2339 1986/2145/2338 1966/2126/2318 1967/2127/2319
f 1988/2147/2340 1987/2146/2339 1967/2127/2319 1968/2128/2320
f 1989/2148/2341 1988/2147/2340 1968/2128/2320 1969/2129/2321
f 1990/2149/2342 1989/2148/2341 1969/2129/2321 1970/2130/2322
f 1991/2150/2343 1990/2149/2342 1970/2130/2322 1971/2131/2323
f 1992/2151/2344 1991/2150/2343 1971/2131/2323 1972/2132/2324
f 1993/2152/2345 1992/2151/2344 1972/2132/2324 1973/2133/2325
f 1974/2135/2327 1993/2152/2345 1973/2133/2325 1954/2116/2307
f 1995/2153/2346 1994/2154/2347 1974/2135/2327 1975/2134/2326
f 1996/2155/2348 1995/2153/2346 1975/2134/2326 1976/2136/2328
f 1997/2156/2349 1996/2155/2348 1976/2136/2328 1977/2137/2329
f 1998/2157/2350 1997/2156/2349 1977/2137/2329 1978/2138/2330
f 1999/2158/2351 1998/2157/2350 1978/2138/2330 1979/2139/2331
f 2000/2159/2352 1999/2158/2351 1979/2139/2331 1980/2140/2332
f 2001/2160/2353 2000/2159/2352 1980/2140/2332 1981/2141/2333
f 2002/2161/2354 2001/2160/2353 1981/2141/2333 1982/2142/2334
f 2003/2162/2355 2002/2161/2354 1982/2142/2334 1983/2143/2335
f 2004/2163/2356 2003/2162/2355 1983/2143/2335 1984/2144/2336
f 2005/2616/2357 2004/2613/2356 1984/2611/2336 1985/2614/2337
f 2006/2164/2358 2005/2616/2357 1985/2614/2337 1986/2145/2338
f 2007/2165/2359 2006/2164/2358 1986/2145/2338 1987/2146/2339
f 2008/2166/2360 2007/2165/2359 1987/2146/2339 1988/2147/2340
f 2009/2167/2361 2008/2166/2360 1988/2147/2340 1989/2148/2341
f 2010/2168/2362 2009/2167/2361 1989/2148/2341 1990/2149/2342
f 2011/2169/2363 2010/2168/2362 1990/2149/2342 1991/2150/2343
f 2012/2170/2364 2011/2169/2363 1991/2150/2343 1992/2151/2344
f 2013/2171/2365 2012/2170/2364 1992/2151/2344 1993/2152/2345
f 1994/2154/2347 2013/2171/2365 1993/2152/2345 1974/2135/2327
f 2015/2172/2366 2014/2173/2367 1994/2154/2347 1995/2153/2346
f 2016/2174/2368 2015/2172/2366 1995/2153/2346 1996/2155/2348
f 2017/2175/2369 2016/2174/2368 1996/2155/2348 1997/2156/2349
f 2018/2176/2370 2017/2175/2369 1997/2156/2349 1998/2157/2350
f 2019/2177/2371 2018/2176/2370 1998/2157/2350 1999/2158/2351
f 2020/2178/2372 2019/2177/2371 1999/2158/2351 2000/2159/2352
f 2021/2179/2373 2020/2178/2372 2000/2159/2352 2001/2160/2353
f 2022/2180/2374 2021/2179/2373 2001/2160/2353 2002/2161/2354
f 2023/2181/2375 2022/2180/2374 2002/2161/2354 2003/2162/2355
f 2024/2182/2376 2023/2181/2375 2003/2162/2355 2004/2163/2356
f 2025/2618/2377 2024/2615/2376 2004/2613/2356 2005/2616/2357
f 2026/2183/2378 2025/2618/2377 2005/2616/2357 2006/2164/2358
f 2027/2184/2379 2026/2183/2378 2006/2164/2358 2007/2165/2359
f 2028/2185/2380 2027/2184/2379 2007/2165/2359 2008/2166/2360
f 2029/2186/2381 2028/2185/2380 2008/2166/2360 2009/2167/2361
f 2030/2187/2382 2029/2186/2381 2009/2167/2361 2010/2168/2362
f 2031/2188/2383 2030/2187/2382 2010/2168/2362 2011/2169/2363
f 2032/2189/2384 2031/2188/2383 2011/2169/2363 2012/2170/2364
f 2033/2190/2385 2032/2189/2384 2012/2170/2364 2013/2171/2365
f 2014/2173/2367 2033/2190/2385 2013/2171/2365 1994/2154/2347
f 2035/2191/2386 2034/2192/2387 2014/2173/2367 2015/2172/2366
f 2036/2193/2388 2035/2191/2386 2015/2172/2366 2016/2174/2368
f 2037/2194/2389 2036/2193/2388 2016/2174/2368 2017/2175/2369
f 2038/2195/2390 2037/2194/2389 2017/2175/2369 2018/2176/2370
f 2039/2196/2391 2038/2195/2390 2018/2176/2370 2019/2177/2371
f 2040/2197/2392 2039/2196/2391 2019/2177/2371 2020/2178/2372
f 2041/2198/2393 2040/2197/2392 2020/2178/2372 2021/2179/2373
f 2042/2199/2394 2041/2198/2393 2021/2179/2373 2022/2180/2374
f 2043/2200/2395 2042/2199/2394 2022/2180/2374 2023/2181/2375
f 2044/2201/2396 2043/2200/2395 2023/2181/2375 2024/2182/2376
f 2045/2620/2397 2044/2617/2396 2024/2615/2376 2025/2618/2377
f 2046/2202/2398 2045/2620/2397 2025/2618/2377 2026/2183/2378
f 2047/2203/2399 2046/2202/2398 2026/2183/2378 2027/2184/2379
f 2048/2204/2400 2047/2203/2399 2027/2184/2379 2028/2185/2380
f 2049/2205/2401 2048/2204/2400 2028/2185/2380 2029/2186/2381
f 2050/2206/2402 2049/2205/2401 2029/2186/2381 2030/2187/2382
f 2051/2207/2403 2050/2206/2402 2030/2187/2382 2031/2188/2383
f 2052/2208/2404 2051/2207/2403 2031/2188/2383 2032/2189/2384
f 2053/2209/2405 2052/2208/2404 2032/2189/2384 2033/2190/2385
f 2034/2192/2387 2053/2209/2405 2033/2190/2385 2014/2173/2367
f 2055/2210/2406 2054/2211/2407 2034/2192/2387 2035/2191/2386
f 2056/2212/2408 2055/2210/2406 2035/2191/2386 2036/2193/2388
f 2057/2213/2409 2056/2212/2408 2036/2193/2388 2037/2194/2389
f 2058/2214/2410 2057/2213/2409 2037/2194/2389 2038/2195/2390
f 2059/2215/2411 2058/2214/2410 2038/2195/2390 2039/2196/2391
f 2060/2216/2412 2059/2215/2411 2039/2196/2391 2040/2197/2392
f 2061/2217/2413 2060/2216/2412 2040/2197/2392 2041/2198/2393
f 2062/2218/2414 2061/2217/2413 2041/2198/2393 2042/2199/2394
f 2063/2219/2415 2062/2218/2414 2042/2199/2394 2043/2200/2395
f 2064/2220/2416 2063/2219/2415 2043/2200/2395 2044/2201/2396
f 2065/2622/2417 2064/2619/2416 2044/2617/2396 2045/2620/2397
f 2066/2221/2418 2065/2622/2417 2045/2620/2397 2046/2202/2398
f 2067/2222/2419 2066/2221/2418 2046/2202/2398 2047/2203/2399
f 2068/2223/2420 2067/2222/2419 2047/2203/2399 2048/2204/2400
f 2069/2224/2421 2068/2223/2420 2048/2204/2400 2049/2205/2401
f 2070/2225/2422 2069/2224/2421 2049/2205/2401 2050/2206/2402
f 2071/2226/2423 2070/2225/2422 2050/2206/2402 2051/2207/2403
f 2072/2227/2424 2071/2226/2423 2051/2207/2403 2052/2208/2404
f 2073/2228/2425 2072/2227/2424 2052/2208/2404 2053/2209/2405
f 2054/2211/2407 2073/2228/2425 2053/2209/2405 2034/2192/2387
f 2075/2229/2426 2074/2230/2427 2054/2211/2407 2055/2210/2406
f 2076/2231/2428 2075/2229/2426 2055/2210/2406 2056/2212/2408
f 2077/2232/2429 2076/2231/2428 2056/2212/2408 2057/2213/2409
f 2078/2233/2430 2077/2232/2429 2057/2213/2409 2058/2214/2410
f 2079/2234/2431 2078/2233/2430 2058/2214/2410 2059/2215/2411
f 2080/2235/2432 2079/2234/2431 2059/2215/2411 2060/2216/2412
f 2081/2236/2433 2080/2235/2432 2060/2216/2412 2061/2217/2413
f 2082/2237/2434 2081/2236/2433 2061/2217/2413 2062/2218/2414
f 2083/2238/2435 2082/2237/2434 2062/2218/2414 2063/2219/2415
f 2084/2239/2436 2083/2238/2435 2063/2219/2415 2064/2220/2416
f 2085/2624/2437 2084/2621/2436 2064/2619/2416 2065/2622/2417
f 2086/2240/2438 2085/2624/2437 2065/2622/2417 2066/2221/2418
f 2087/2241/2439 2086/2240/2438 2066/2221/2418 2067/2222/2419
f 2088/2242/2440 2087/2241/2439 2067/2222/2419 2068/2223/2420
f 2089/2243/2441 2088/2242/2440 2068/2223/2420 2069/2224/2421
f 2090/2244/2442 2089/2243/2441 2069/2224/2421 2070/2225/2422
f 2091/2245/2443 2090/2244/2442 2070/2225/2422 2071/2226/2423
f 2092/2246/2444 2091/2245/2443 2071/2226/2423 2072/2227/2424
f 2093/2247/2445 2092/2246/2444 2072/2227/2424 2073/2228/2425
f 2074/2230/2427 2093/2247/2445 2073/2228/2425 2054/2211/2407
f 2095/2248/2446 2094/2249/2447 2074/2230/2427 2075/2229/2426
f 2096/2250/2448 2095/2248/2446 2075/2229/2426 2076/2231/2428
f 2097/2251/2449 2096/2250/2448 2076/2231/2428 2077/2232/2429
f 2098/2252/2450 2097/2251/2449 2077/2232/2429 2078/2233/2430
f 2099/2253/2451 2098/2252/2450 2078/2233/2430 2079/2234/2431
f 2100/2254/2452 2099/2253/2451 2079/2234/2431 2080/2235/2432
f 2101/2255/2453 2100/2254/2452 2080/2235/2432 2081/2236/2433
f 2102/2256/2454 2101/2255/2453 2081/2236/2433 2082/2237/2434
f 2103/2257/2455 2102/2256/2454 2082/2237/2434 2083/2238/2435
f 2104/2258/2456 2103/2257/2455 2083/2238/2435 2084/2239/2436
f 2105/2626/2457 2104/2623/2456 2084/2621/2436 2085/2624/2437
f 2106/2259/2458 2105/2626/2457 2085/2624/2437 2086/2240/2438
f 2107/2260/2459 2106/2259/2458 2086/2240/2438 2087/2241/2439
f 2108/2261/2460 2107/2260/2459 2087/2241/2439 2088/2242/2440
f 2109/2262/2461 2108/2261/2460 2088/2242/2440 2089/2243/2441
f 2110/2263/2462 2109/2262/2461 2089/2243/2441 2090/2244/2442
f 2111/2264/2463 2110/2263/2462 2090/2244/2442 2091/2245/2443
f 2112/2265/2464 2111/2264/2463 2091/2245/2443 2092/2246/2444
f 2113/2266/2465 2112/2265/2464 2092/2246/2444 2093/2247/2445
f 2094/2249/2447 2113/2266/2465 2093/2247/2445 2074/2230/2427
f 2115/2267/2466 2114/2268/2467 2094/2249/2447 2095/2248/2446
f 2116/2269/2468 2115/2267/2466 2095/2248/2446 2096/2250/2448
f 2117/2270/2469 2116/2269/2468 2096/2250/2448 2097/2251/2449
f 2118/2271/2470 2117/2270/2469 2097/2251/2449 2098/2252/2450
f 2119/2272/2471 2118/2271/2470 2098/2252/2450 2099/2253/2451
f 2120/2273/2472 2119/2272/2471 2099/2253/2451 2100/2254/2452
f 2121/2274/2473 2120/2273/2472 2100/2254/2452 2101/2255/2453
f 2122/2275/2474 2121/2274/2473 2101/2255/2453 2102/2256/2454
f 2123/2276/2475 2122/2275/2474 2102/2256/2454 2103/2257/2455
f 2124/2277/2476 2123/2276/2475 2103/2257/2455 2104/2258/2456
f 2125/2628/2477 2124/2625/2476 2104/2623/2456 2105/2626/2457
f 2126/2278/2478 2125/2628/2477 2105/2626/2457 2106/2259/2458
f 2127/2279/2479 2126/2278/2478 2106/2259/2458 2107/2260/2459
f 2128/2280/2480 2127/2279/2479 2107/2260/2459 2108/2261/2460
f 2129/2281/2481 2128/2280/2480 2108/2261/2460 2109/2262/2461
f 2130/2282/2482 2129/2281/2481 2109/2262/2461 2110/2263/2462
f 2131/2283/2483 2130/2282/2482 2110/2263/2462 2111/2264/2463
f 2132/2284/2484 2131/2283/2483 2111/2264/2463 2112/2265/2464
f 2133/2285/2485 2132/2284/2484 2112/2265/2464 2113/2266/2465
f 2114/2268/2467 2133/2285/2485 2113/2266/2465 2094/2249/2447
f 2135/2286/2486 2134/2287/2487 2114/2268/2467 2115/2267/2466
f 2136/2288/2488 2135/2286/2486 2115/2267/2466 2116/2269/2468
f 2137/2289/2489 2136/2288/2488 2116/2269/2468 2117/2270/2469
f 2138/2290/2490 2137/2289/2489 2117/2270/2469 2118/2271/2470
f 2139/2291/2491 2138/2290/2490 2118/2271/2470 2119/2272/2471
f 2140/2292/2492 2139/2291/2491 2119/2272/2471 2120/2273/2472
f 2141/2293/2493 2140/2292/2492 2120/2273/2472 2121/2274/2473
f 2142/2294/2494 2141/2293/2493 2121/2274/2473 2122/2275/2474
f 2143/2295/2495 2142/2294/2494 2122/2275/2474 2123/2276/2475
f 2144/2296/2496 2143/2295/2495 2123/2276/2475 2124/2277/2476
f 2145/2630/2497 2144/2627/2496 2124/2625/2476 2125/2628/2477
f 2146/2297/2498 2145/2630/2497 2125/2628/2477 2126/2278/2478
f 2147/2298/2499 2146/2297/2498 2126/2278/2478 2127/2279/2479
f 2148/2299/2500 2147/2298/2499 2127/2279/2479 2128/2280/2480
f 2149/2300/2501 2148/2299/2500 2128/2280/2480 2129/2281/2481
f 2150/2301/2502 2149/2300/2501 2129/2281/2481 2130/2282/2482
f 2151/2302/2503 2150/2301/2502 2130/2282/2482 2131/2283/2483
f 2152/2303/2504 2151/2302/2503 2131/2283/2483 2132/2284/2484
f 2153/2304/2505 2152/2303/2504 2132/2284/2484 2133/2285/2485
f 2134/2287/2487 2153/2304/2505 2133/2285/2485 2114/2268/2467
f 2155/2305/2506 2154/2306/2507 2134/2287/2487 2135/2286/2486
f 2156/2307/2508 2155/2305/2506 2135/2286/2486 2136/2288/2488
f 2157/2308/2509 2156/2307/2508 2136/2288/2488 2137/2289/2489
f 2158/2309/2510 2157/2308/2509 2137/2289/2489 2138/2290/2490
f 2159/2310/2511 2158/2309/2510 2138/2290/2490 2139/2291/2491
f 2160/2311/2512 2159/2310/2511 2139/2291/2491 2140/2292/2492
f 2161/2312/2513 2160/2311/2512 2140/2292/2492 2141/2293/2493
f 2162/2313/2514 2161/2312/2513 2141/2293/2493 2142/2294/2494
f 2163/2314/2515 2162/2313/2514 2142/2294/2494 2143/2295/2495
f 2164/2315/2516 2163/2314/2515 2143/2295/2495 2144/2296/2496
f 2165/2631/2517 2164/2629/2516 2144/2627/2496 2145/2630/2497
f 2166/2316/2518 2165/2631/2517 2145/2630/2497 2146/2297/2498
f 2167/2317/2519 2166/2316/2518 2146/2297/2498 2147/2298/2499
f 2168/2318/2520 2167/2317/2519 2147/2298/2499 2148/2299/2500
f 2169/2319/2521 2168/2318/2520 2148/2299/2500 2149/2300/2501
f 2170/2320/2522 2169/2319/2521 2149/2300/2501 2150/2301/2502
f 2171/2321/2523 2170/2320/2522 2150/2301/2502 2151/2302/2503
f 2172/2322/2524 2171/2321/2523 2151/2302/2503 2152/2303/2504
f 2173/2323/2525 2172/2322/2524 2152/2303/2504 2153/2304/2505
f 2154/2306/2507 2173/2323/2525 2153/2304/2505 2134/2287/2487
f 2175/1867/1969 2174/1869/1971 2154/2306/2507 2155/2305/2506
f 2176/1865/1967 2175/1867/1969 2155/2305/2506 2156/2307/2508
f 2177/1863/1965 2176/1865/1967 2156/2307/2508 2157/2308/2509
f 2178/1861/1963 2177/1863/1965 2157/2308/2509 2158/2309/2510
f 2179/1859/1961 2178/1861/1963 2158/2309/2510 2159/2310/2511
f 2180/1857/1959 2179/1859/1961 2159/2310/2511 2160/2311/2512
f 2181/1855/1957 2180/1857/1959 2160/2311/2512 2161/2312/2513
f 2182/1853/1955 2181/1855/1957 2161/2312/2513 2162/2313/2514
f 2183/1851/1953 2182/1853/1955 2162/2313/2514 2163/2314/2515
f 2184/1849/1951 2183/1851/1953 2163/2314/2515 2164/2315/2516
f 2185/1847/1949 2184/2592/1951 2164/2629/2516 2165/2631/2517
f 2186/1846/1947 2185/1847/1949 2165/2631/2517 2166/2316/2518
f 2187/1843/1944 2186/1846/1947 2166/2316/2518 2167/2317/2519
f 2188/1844/1945 2187/1843/1944 2167/2317/2519 2168/2318/2520
f 2189/1879/1981 2188/1844/1945 2168/2318/2520 2169/2319/2521
f 2190/1877/1979 2189/1879/1981 2169/2319/2521 2170/2320/2522
f 2191/1875/1977 2190/1877/1979 2170/2320/2522 2171/2321/2523
f 2192/1873/1975 2191/1875/1977 2171/2321/2523 2172/2322/2524
f 2193/1871/1973 2192/1873/1975 2172/2322/2524 2173/2323/2525
f 2174/1869/1971 2193/1871/1973 2173/2323/2525 2154/2306/2507
s 3
f 2195/2324/2526 2194/2325/2527 1903/2326/2528 1902/2327/2529
f 2196/2328/2530 2195/2324/2531 1902/2327/2532 1901/2329/2533
f 2197/2330/2534 2196/2328/2535 1901/2329/2536 1900/2331/2537
f 2198/2332/2538 2197/2330/2539 1900/2331/2540 1899/2333/2541
f 2199/2334/2542 2198/2332/2543 1899/2333/2544 1898/2335/2545
f 2200/2636/2546 2199/2632/2542 1898/2633/2547 1897/2634/2548
f 2201/2336/2549 2200/2636/2546 1897/2634/2550 1896/2337/2551
f 2202/2338/2552 2201/2336/2549 1896/2337/2551 1894/2339/2553
f 2203/2340/2554 2202/2338/2552 1894/2339/2553 1893/2341/1997
f 2204/2342/2555 2203/2340/2554 1893/2341/1997 1913/2343/2017
f 2205/2344/2556 2204/2342/2555 1913/2343/2017 1912/2345/2016
f 2206/2346/2557 2205/2344/2556 1912/2345/2016 1911/2347/2015
f 2207/2348/2558 2206/2346/2557 1911/2347/2015 1910/2349/2014
f 2208/2350/2559 2207/2348/2558 1910/2349/2014 1909/2351/2013
f 2209/2352/2560 2208/2350/2559 1909/2351/2013 1908/2353/2012
f 2210/2354/2561 2209/2352/2560 1908/2353/2012 1907/2355/2011
f 2211/2356/2562 2210/2354/2561 1907/2355/2011 1906/2357/2563
f 2212/2358/2564 2211/2356/2562 1906/2357/2563 1905/2359/2565
f 2213/2360/2566 2212/2358/2564 1905/2359/2565 1904/2361/2567
f 2194/2325/2527 2213/2360/2566 1904/2361/2568 1903/2326/2569
f 2215/2362/2570 2214/2363/2571 2194/2325/2527 2195/2324/2526
f 2216/2364/2572 2215/2362/2570 2195/2324/2531 2196/2328/2530
f 2217/2365/2573 2216/2364/2572 2196/2328/2535 2197/2330/2534
f 2218/2366/2574 2217/2365/2573 2197/2330/2539 2198/2332/2538
f 2219/2367/2575 2218/2366/2574 2198/2332/2543 2199/2334/2542
f 2220/2638/2576 2219/2635/2575 2199/2632/2542 2200/2636/2546
f 2221/2368/2577 2220/2638/2576 2200/2636/2546 2201/2336/2549
f 2222/2369/2578 2221/2368/2577 2201/2336/2549 2202/2338/2552
f 2223/2370/2579 2222/2369/2578 2202/2338/2552 2203/2340/2554
f 2224/2371/2580 2223/2370/2579 2203/2340/2554 2204/2342/2555
f 2225/2372/2581 2224/2371/2580 2204/2342/2555 2205/2344/2556
f 2226/2373/2582 2225/2372/2581 2205/2344/2556 2206/2346/2557
f 2227/2374/2583 2226/2373/2582 2206/2346/2557 2207/2348/2558
f 2228/2375/2584 2227/2374/2583 2207/2348/2558 2208/2350/2559
f 2229/2376/2585 2228/2375/2584 2208/2350/2559 2209/2352/2560
f 2230/2377/2586 2229/2376/2585 2209/2352/2560 2210/2354/2561
f 2231/2378/2587 2230/2377/2586 2210/2354/2561 2211/2356/2562
f 2232/2379/2588 2231/2378/2587 2211/2356/2562 2212/2358/2564
f 2233/2380/2589 2232/2379/2588 2212/2358/2564 2213/2360/2566
f 2214/2363/2571 2233/2380/2589 2213/2360/2566 2194/2325/2527
f 2235/2381/2590 2234/2382/2591 2214/2363/2571 2215/2362/2570
f 2236/2383/2592 2235/2381/2590 2215/2362/2570 2216/2364/2572
f 2237/2384/2593 2236/2383/2592 2216/2364/2572 2217/2365/2573
f 2238/2385/2594 2237/2384/2593 2217/2365/2573 2218/2366/2574
f 2239/2386/2595 2238/2385/2594 2218/2366/2574 2219/2367/2575
f 2240/2640/2596 2239/2637/2595 2219/2635/2575 2220/2638/2576
f 2241/2387/2597 2240/2640/2596 2220/2638/2576 2221/2368/2577
f 2242/2388/2598 2241/2387/2597 2221/2368/2577 2222/2369/2578
f 2243/2389/2599 2242/2388/2598 2222/2369/2578 2223/2370/2579
f 2244/2390/2600 2243/2389/2599 2223/2370/2579 2224/2371/2580
f 2245/2391/2601 2244/2390/2600 2224/2371/2580 2225/2372/2581
f 2246/2392/2602 2245/2391/2601 2225/2372/2581 2226/2373/2582
f 2247/2393/2603 2246/2392/2602 2226/2373/2582 2227/2374/2583
f 2248/2394/2604 2247/2393/2603 2227/2374/2583 2228/2375/2584
f 2249/2395/2605 2248/2394/2604 2228/2375/2584 2229/2376/2585
f 2250/2396/2606 2249/2395/2605 2229/2376/2585 2230/2377/2586
f 2251/2397/2607 2250/2396/2606 2230/2377/2586 2231/2378/2587
f 2252/2398/2608 2251/2397/2607 2231/2378/2587 2232/2379/2588
f 2253/2399/2609 2252/2398/2608 2232/2379/2588 2233/2380/2589
f 2234/2382/2591 2253/2399/2609 2233/2380/2589 2214/2363/2571
f 2255/2400/2610 2254/2401/2611 2234/2382/2591 2235/2381/2590
f 2256/2402/2612 2255/2400/2610 2235/2381/2590 2236/2383/2592
f 2257/2403/2613 2256/2402/2612 2236/2383/2592 2237/2384/2593
f 2258/2404/2614 2257/2403/2613 2237/2384/2593 2238/2385/2594
f 2259/2405/2615 2258/2404/2614 2238/2385/2594 2239/2386/2595
f 2260/2642/2616 2259/2639/2615 2239/2637/2595 2240/2640/2596
f 2261/2406/2617 2260/2642/2616 2240/2640/2596 2241/2387/2597
f 2262/2407/2618 2261/2406/2617 2241/2387/2597 2242/2388/2598
f 2263/2408/2619 2262/2407/2618 2242/2388/2598 2243/2389/2599
f 2264/2409/2620 2263/2408/2619 2243/2389/2599 2244/2390/2600
f 2265/2410/2621 2264/2409/2620 2244/2390/2600 2245/2391/2601
f 2266/2411/2622 2265/2410/2621 2245/2391/2601 2246/2392/2602
f 2267/2412/2623 2266/2411/2622 2246/2392/2602 2247/2393/2603
f 2268/2413/2624 2267/2412/2623 2247/2393/2603 2248/2394/2604
f 2269/2414/2625 2268/2413/2624 2248/2394/2604 2249/2395/2605
f 2270/2415/2626 2269/2414/2625 2249/2395/2605 2250/2396/2606
f 2271/2416/2627 2270/2415/2626 2250/2396/2606 2251/2397/2607
f 2272/2417/2628 2271/2416/2627 2251/2397/2607 2252/2398/2608
f 2273/2418/2629 2272/2417/2628 2252/2398/2608 2253/2399/2609
f 2254/2401/2611 2273/2418/2629 2253/2399/2609 2234/2382/2591
f 2275/2419/2630 2274/2420/2631 2254/2401/2611 2255/2400/2610
f 2276/2421/2632 2275/2419/2630 2255/2400/2610 2256/2402/2612
f 2277/2422/2633 2276/2421/2632 2256/2402/2612 2257/2403/2613
f 2278/2423/2634 2277/2422/2633 2257/2403/2613 2258/2404/2614
f 2279/2424/2635 2278/2423/2634 2258/2404/2614 2259/2405/2615
f 2280/2644/2636 2279/2641/2635 2259/2639/2615 2260/2642/2616
f 2281/2425/2637 2280/2644/2636 2260/2642/2616 2261/2406/2617
f 2282/2426/2638 2281/2425/2637 2261/2406/2617 2262/2407/2618
f 2283/2427/2639 2282/2426/2638 2262/2407/2618 2263/2408/2619
f 2284/2428/2640 2283/2427/2639 2263/2408/2619 2264/2409/2620
f 2285/2429/2641 2284/2428/2640 2264/2409/2620 2265/2410/2621
f 2286/2430/2642 2285/2429/2641 2265/2410/2621 2266/2411/2622
f 2287/2431/2643 2286/2430/2642 2266/2411/2622 2267/2412/2623
f 2288/2432/2644 2287/2431/2643 2267/2412/2623 2268/2413/2624
f 2289/2433/2645 2288/2432/2644 2268/2413/2624 2269/2414/2625
f 2290/2434/2646 2289/2433/2645 2269/2414/2625 2270/2415/2626
f 2291/2435/2647 2290/2434/2646 2270/2415/2626 2271/2416/2627
f 2292/2436/2648 2291/2435/2647 2271/2416/2627 2272/2417/2628
f 2293/2437/2649 2292/2436/2648 2272/2417/2628 2273/2418/2629
f 2274/2420/2631 2293/2437/2649 2273/2418/2629 2254/2401/2611
f 2295/2438/2650 2294/2439/2651 2274/2420/2631 2275/2419/2630
f 2296/2440/2652 2295/2438/2650 2275/2419/2630 2276/2421/2632
f 2297/2441/2653 2296/2440/2652 2276/2421/2632 2277/2422/2633
f 2298/2442/2654 2297/2441/2653 2277/2422/2633 2278/2423/2634
f 2299/2443/2655 2298/2442/2654 2278/2423/2634 2279/2424/2635
f 2300/2646/2656 2299/2643/2655 2279/2641/2635 2280/2644/2636
f 2301/2444/2657 2300/2646/2656 2280/2644/2636 2281/2425/2637
f 2302/2445/2658 2301/2444/2657 2281/2425/2637 2282/2426/2638
f 2303/2446/2659 2302/2445/2658 2282/2426/2638 2283/2427/2639
f 2304/2447/2660 2303/2446/2659 2283/2427/2639 2284/2428/2640
f 2305/2448/2661 2304/2447/2660 2284/2428/2640 2285/2429/2641
f 2306/2449/2662 2305/2448/2661 2285/2429/2641 2286/2430/2642
f 2307/2450/2663 2306/2449/2662 2286/2430/2642 2287/2431/2643
f 2308/2451/2664 2307/2450/2663 2287/2431/2643 2288/2432/2644
f 2309/2452/2665 2308/2451/2664 2288/2432/2644 2289/2433/2645
f 2310/2453/2666 2309/2452/2665 2289/2433/2645 2290/2434/2646
f 2311/2454/2667 2310/2453/2666 2290/2434/2646 2291/2435/2647
f 2312/2455/2668 2311/2454/2667 2291/2435/2647 2292/2436/2648
f 2313/2456/2669 2312/2455/2668 2292/2436/2648 2293/2437/2649
f 2294/2439/2651 2313/2456/2669 2293/2437/2649 2274/2420/2631
f 2315/2457/2670 2314/2458/2671 2294/2439/2651 2295/2438/2650
f 2316/2459/2672 2315/2457/2670 2295/2438/2650 2296/2440/2652
f 2317/2460/2673 2316/2459/2672 2296/2440/2652 2297/2441/2653
f 2318/2461/2674 2317/2460/2673 2297/2441/2653 2298/2442/2654
f 2319/2462/2675 2318/2461/2674 2298/2442/2654 2299/2443/2655
f 2320/2648/2676 2319/2645/2675 2299/2643/2655 2300/2646/2656
f 2321/2463/2677 2320/2648/2676 2300/2646/2656 2301/2444/2657
f 2322/2464/2678 2321/2463/2677 2301/2444/2657 2302/2445/2658
f 2323/2465/2679 2322/2464/2678 2302/2445/2658 2303/2446/2659
f 2324/2466/2680 2323/2465/2679 2303/2446/2659 2304/2447/2660
f 2325/2467/2681 2324/2466/2680 2304/2447/2660 2305/2448/2661
f 2326/2468/2682 2325/2467/2681 2305/2448/2661 2306/2449/2662
f 2327/2469/2683 2326/2468/2682 2306/2449/2662 2307/2450/2663
f 2328/2470/2684 2327/2469/2683 2307/2450/2663 2308/2451/2664
f 2329/2471/2685 2328/2470/2684 2308/2451/2664 2309/2452/2665
f 2330/2472/2686 2329/2471/2685 2309/2452/2665 2310/2453/2666
f 2331/2473/2687 2330/2472/2686 2310/2453/2666 2311/2454/2667
f 2332/2474/2688 2331/2473/2687 2311/2454/2667 2312/2455/2668
f 2333/2475/2689 2332/2474/2688 2312/2455/2668 2313/2456/2669
f 2314/2458/2671 2333/2475/2689 2313/2456/2669 2294/2439/2651
f 2335/2476/2690 2334/2477/2691 2314/2458/2671 2315/2457/2670
f 2336/2478/2692 2335/2476/2690 2315/2457/2670 2316/2459/2672
f 2337/2479/2693 2336/2478/2692 2316/2459/2672 2317/2460/2673
f 2338/2480/2694 2337/2479/2693 2317/2460/2673 2318/2461/2674
f 2339/2481/2695 2338/2480/2694 2318/2461/2674 2319/2462/2675
f 2340/2650/2696 2339/2647/2695 2319/2645/2675 2320/2648/2676
f 2341/2482/2697 2340/2650/2696 2320/2648/2676 2321/2463/2677
f 2342/2483/2698 2341/2482/2697 2321/2463/2677 2322/2464/2678
f 2343/2484/2699 2342/2483/2698 2322/2464/2678 2323/2465/2679
f 2344/2485/2700 2343/2484/2699 2323/2465/2679 2324/2466/2680
f 2345/2486/2701 2344/2485/2700 2324/2466/2680 2325/2467/2681
f 2346/2487/2702 2345/2486/2701 2325/2467/2681 2326/2468/2682
f 2347/2488/2703 2346/2487/2702 2326/2468/2682 2327/2469/2683
f 2348/2489/2704 2347/2488/2703 2327/2469/2683 2328/2470/2684
f 2349/2490/2705 2348/2489/2704 2328/2470/2684 2329/2471/2685
f 2350/2491/2706 2349/2490/2705 2329/2471/2685 2330/2472/2686
f 2351/2492/2707 2350/2491/2706 2330/2472/2686 2331/2473/2687
f 2352/2493/2708 2351/2492/2707 2331/2473/2687 2332/2474/2688
f 2353/2494/2709 2352/2493/2708 2332/2474/2688 2333/2475/2689
f 2334/2477/2691 2353/2494/2709 2333/2475/2689 2314/2458/2671
f 2355/2495/2710 2354/2496/2711 2334/2477/2691 2335/2476/2690
f 2356/2497/2712 2355/2495/2710 2335/2476/2690 2336/2478/2692
f 2357/2498/2713 2356/2497/2712 2336/2478/2692 2337/2479/2693
f 2358/2499/2714 2357/2498/2713 2337/2479/2693 2338/2480/2694
f 2359/2500/2715 2358/2499/2714 2338/2480/2694 2339/2481/2695
f 2360/2652/2716 2359/2649/2715 2339/2647/2695 2340/2650/2696
f 2361/2501/2717 2360/2652/2716 2340/2650/2696 2341/2482/2697
f 2362/2502/2718 2361/2501/2717 2341/2482/2697 2342/2483/2698
f 2363/2503/2719 2362/2502/2718 2342/2483/2698 2343/2484/2699
f 2364/2504/2720 2363/2503/2719 2343/2484/2699 2344/2485/2700
f 2365/2505/2721 2364/2504/2720 2344/2485/2700 2345/2486/2701
f 2366/2506/2722 2365/2505/2721 2345/2486/2701 2346/2487/2702
f 2367/2507/2723 2366/2506/2722 2346/2487/2702 2347/2488/2703
f 2368/2508/2724 2367/2507/2723 2347/2488/2703 2348/2489/2704
f 2369/2509/2725 2368/2508/2724 2348/2489/2704 2349/2490/2705
f 2370/2510/2726 2369/2509/2725 2349/2490/2705 2350/2491/2706
f 2371/2511/2727 2370/2510/2726 2350/2491/2706 2351/2492/2707
f 2372/2512/2728 2371/2511/2727 2351/2492/2707 2352/2493/2708
f 2373/2513/2729 2372/2512/2728 2352/2493/2708 2353/2494/2709
f 2354/2496/2711 2373/2513/2729 2353/2494/2709 2334/2477/2691
f 2375/2514/2730 2374/2515/2731 2354/2496/2711 2355/2495/2710
f 2376/2516/2732 2375/2514/2730 2355/2495/2710 2356/2497/2712
f 2377/2517/2733 2376/2516/2732 2356/2497/2712 2357/2498/2713
f 2378/2518/2734 2377/2517/2733 2357/2498/2713 2358/2499/2714
f 2379/2519/2735 2378/2518/2734 2358/2499/2714 2359/2500/2715
f 2380/2654/2736 2379/2651/2735 2359/2649/2715 2360/2652/2716
f 2381/2520/2737 2380/2654/2736 2360/2652/2716 2361/2501/2717
f 2382/2521/2738 2381/2520/2737 2361/2501/2717 2362/2502/2718
f 2383/2522/2739 2382/2521/2738 2362/2502/2718 2363/2503/2719
f 2384/2523/2740 2383/2522/2739 2363/2503/2719 2364/2504/2720
f 2385/2524/2741 2384/2523/2740 2364/2504/2720 2365/2505/2721
f 2386/2525/2742 2385/2524/2741 2365/2505/2721 2366/2506/2722
f 2387/2526/2743 2386/2525/2742 2366/2506/2722 2367/2507/2723
f 2388/2527/2744 2387/2526/2743 2367/2507/2723 2368/2508/2724
f 2389/2528/2745 2388/2527/2744 2368/2508/2724 2369/2509/2725
f 2390/2529/2746 2389/2528/2745 2369/2509/2725 2370/2510/2726
f 2391/2530/2747 2390/2529/2746 2370/2510/2726 2371/2511/2727
f 2392/2531/2748 2391/2530/2747 2371/2511/2727 2372/2512/2728
f 2393/2532/2749 2392/2531/2748 2372/2512/2728 2373/2513/2729
f 2374/2515/2731 2393/2532/2749 2373/2513/2729 2354/2496/2711
f 2395/2533/2750 2394/2534/2751 2374/2515/2731 2375/2514/2730
f 2396/2535/2752 2395/2533/2750 2375/2514/2730 2376/2516/2732
f 2397/2536/2753 2396/2535/2752 2376/2516/2732 2377/2517/2733
f 2398/2537/2754 2397/2536/2753 2377/2517/2733 2378/2518/2734
f 2399/2538/2755 2398/2537/2754 2378/2518/2734 2379/2519/2735
f 2400/2656/2756 2399/2653/2755 2379/2651/2735 2380/2654/2736
f 2401/2539/2757 2400/2656/2756 2380/2654/2736 2381/2520/2737
f 2402/2540/2758 2401/2539/2757 2381/2520/2737 2382/2521/2738
f 2403/2541/2759 2402/2540/2758 2382/2521/2738 2383/2522/2739
f 2404/2542/2760 2403/2541/2759 2383/2522/2739 2384/2523/2740
f 2405/2543/2761 2404/2542/2760 2384/2523/2740 2385/2524/2741
f 2406/2544/2762 2405/2543/2761 2385/2524/2741 2386/2525/2742
f 2407/2545/2763 2406/2544/2762 2386/2525/2742 2387/2526/2743
f 2408/2546/2764 2407/2545/2763 2387/2526/2743 2388/2527/2744
f 2409/2547/2765 2408/2546/2764 2388/2527/2744 2389/2528/2745
f 2410/2548/2766 2409/2547/2765 2389/2528/2745 2390/2529/2746
f 2411/2549/2767 2410/2548/2766 2390/2529/2746 2391/2530/2747
f 2412/2550/2768 2411/2549/2767 2391/2530/2747 2392/2531/2748
f 2413/2551/2769 2412/2550/2768 2392/2531/2748 2393/2532/2749
f 2394/2534/2751 2413/2551/2769 2393/2532/2749 2374/2515/2731
f 2415/2552/2770 2414/2553/2771 2394/2534/2751 2395/2533/2750
f 2416/2554/2772 2415/2552/2770 2395/2533/2750 2396/2535/2752
f 2417/2555/2773 2416/2554/2772 2396/2535/2752 2397/2536/2753
f 2418/2556/2774 2417/2555/2773 2397/2536/2753 2398/2537/2754
f 2419/2557/2775 2418/2556/2774 2398/2537/2754 2399/2538/2755
f 2420/2658/2776 2419/2655/2775 2399/2653/2755 2400/2656/2756
f 2421/2558/2777 2420/2658/2776 2400/2656/2756 2401/2539/2757
f 2422/2559/2778 2421/2558/2777 2401/2539/2757 2402/2540/2758
f 2423/2560/2779 2422/2559/2778 2402/2540/2758 2403/2541/2759
f 2424/2561/2780 2423/2560/2779 2403/2541/2759 2404/2542/2760
f 2425/2562/2781 2424/2561/2780 2404/2542/2760 2405/2543/2761
f 2426/2563/2782 2425/2562/2781 2405/2543/2761 2406/2544/2762
f 2427/2564/2783 2426/2563/2782 2406/2544/2762 2407/2545/2763
f 2428/2565/2784 2427/2564/2783 2407/2545/2763 2408/2546/2764
f 2429/2566/2785 2428/2565/2784 2408/2546/2764 2409/2547/2765
f 2430/2567/2786 2429/2566/2785 2409/2547/2765 2410/2548/2766
f 2431/2568/2787 2430/2567/2786 2410/2548/2766 2411/2549/2767
f 2432/2569/2788 2431/2568/2787 2411/2549/2767 2412/2550/2768
f 2433/2570/2789 2432/2569/2788 2412/2550/2768 2413/2551/2769
f 2414/2553/2771 2433/2570/2789 2413/2551/2769 2394/2534/2751
f 2435/2571/2790 2434/2572/2791 2414/2553/2771 2415/2552/2770
f 2436/2573/2792 2435/2571/2790 2415/2552/2770 2416/2554/2772
f 2437/2574/2793 2436/2573/2792 2416/2554/2772 2417/2555/2773
f 2438/2575/2794 2437/2574/2793 2417/2555/2773 2418/2556/2774
f 2439/2576/2795 2438/2575/2794 2418/2556/2774 2419/2557/2775
f 2440/2659/2796 2439/2657/2795 2419/2655/2775 2420/2658/2776
f 2441/2577/2797 2440/2659/2796 2420/2658/2776 2421/2558/2777
f 2442/2578/2798 2441/2577/2797 2421/2558/2777 2422/2559/2778
f 2443/2579/2799 2442/2578/2798 2422/2559/2778 2423/2560/2779
f 2444/2580/2800 2443/2579/2799 2423/2560/2779 2424/2561/2780
f 2445/2581/2801 2444/2580/2800 2424/2561/2780 2425/2562/2781
f 2446/2582/2802 2445/2581/2801 2425/2562/2781 2426/2563/2782
f 2447/2583/2803 2446/2582/2802 2426/2563/2782 2427/2564/2783
f 2448/2584/2804 2447/2583/2803 2427/2564/2783 2428/2565/2784
f 2449/2585/2805 2448/2584/2804 2428/2565/2784 2429/2566/2785
f 2450/2586/2806 2449/2585/2805 2429/2566/2785 2430/2567/2786
f 2451/2587/2807 2450/2586/2806 2430/2567/2786 2431/2568/2787
f 2452/2588/2808 2451/2587/2807 2431/2568/2787 2432/2569/2788
f 2453/2589/2809 2452/2588/2808 2432/2569/2788 2433/2570/2789
f 2434/2572/2791 2453/2589/2809 2433/2570/2789 2414/2553/2771
f 2455/2065/2252 2454/2066/2254 2434/2572/2791 2435/2571/2790
f 2456/2064/2250 2455/2065/2252 2435/2571/2790 2436/2573/2792
f 2457/2063/2248 2456/2064/2250 2436/2573/2792 2437/2574/2793
f 2458/2062/2246 2457/2063/2248 2437/2574/2793 2438/2575/2794
f 2459/2061/2244 2458/2062/2246 2438/2575/2794 2439/2576/2795
f 2460/2060/2242 2459/2604/2244 2439/2657/2795 2440/2659/2796
f 2461/2059/2240 2460/2060/2242 2440/2659/2796 2441/2577/2797
f 2462/2057/2238 2461/2059/2240 2441/2577/2797 2442/2578/2798
f 2463/2058/2239 2462/2057/2238 2442/2578/2798 2443/2579/2799
f 2464/2076/2265 2463/2058/2239 2443/2579/2799 2444/2580/2800
f 2465/2075/2264 2464/2076/2265 2444/2580/2800 2445/2581/2801
f 2466/2074/2263 2465/2075/2264 2445/2581/2801 2446/2582/2802
f 2467/2073/2262 2466/2074/2263 2446/2582/2802 2447/2583/2803
f 2468/2072/2261 2467/2073/2262 2447/2583/2803 2448/2584/2804
f 2469/2071/2260 2468/2072/2261 2448/2584/2804 2449/2585/2805
f 2470/2070/2259 2469/2071/2260 2449/2585/2805 2450/2586/2806
f 2471/2069/2258 2470/2070/2259 2450/2586/2806 2451/2587/2807
f 2472/2068/2257 2471/2069/2258 2451/2587/2807 2452/2588/2808
f 2473/2067/2256 2472/2068/2257 2452/2588/2808 2453/2589/2809
f 2454/2066/2254 2473/2067/2256 2453/2589/2809 2434/2572/2791
g default
v 1.736587 6.764796 3.724863
v 1.722215 7.437361 3.723263
v 1.319791 7.897951 3.722122
v 0.568708 7.937638 3.721844
v 0.006601 8.203377 3.721302
v -0.555505 7.937638 3.721844
v -1.306589 7.897950 3.722122
v -1.709012 7.437361 3.723263
v -1.723383 6.764795 3.724863
v -1.812412 6.121443 3.726456
v -1.875801 5.417108 3.726988
v -1.617429 4.836731 3.728424
v -1.215005 4.376141 3.729565
v -0.555505 4.222575 3.731213
v 0.006601 4.252548 3.731232
v 0.568707 4.222576 3.731213
v 1.228207 4.376141 3.729565
v 1.630631 4.836732 3.728424
v 1.889002 5.417108 3.726988
v 1.825614 6.121443 3.726456
v 1.736587 6.765510 4.013536
v 1.722215 7.438075 4.011938
v 1.319791 7.898666 4.010798
v 0.568708 7.912930 4.010229
v 0.006601 8.255273 4.009975
v -0.555505 7.912930 4.010229
v -1.306589 7.898666 4.010798
v -1.709012 7.438075 4.011938
v -1.723383 6.765509 4.013536
v -1.812412 6.122156 4.015129
v -1.875801 5.417823 4.015663
v -1.617429 4.837446 4.017099
v -1.215005 4.376856 4.018240
v -0.555505 4.223289 4.019888
v 0.006601 4.253263 4.019907
v 0.568707 4.223289 4.019888
v 1.228207 4.376856 4.018240
v 1.630631 4.837446 4.017099
v 1.889002 5.417823 4.015663
v 1.825614 6.122156 4.015129
v 0.006601 6.122156 4.015129
v 1.474292 6.681130 3.725079
v 1.462100 7.251724 3.723722
v 1.120690 7.642481 3.722755
v 0.483483 7.676151 3.722517
v 0.006601 7.361983 3.723013
v -0.470280 7.676151 3.722517
v -1.107487 7.642480 3.722755
v -1.448897 7.251724 3.723722
v -1.461089 6.681130 3.725079
v -1.536619 6.135320 3.726431
v -1.590397 5.537775 3.726883
v -1.371199 5.045393 3.728102
v -1.029789 4.654636 3.729069
v -0.470280 4.524353 3.730467
v 0.006601 4.549782 3.730482
v 0.483483 4.524354 3.730467
v 1.042992 4.654636 3.729069
v 1.384401 5.045393 3.728102
v 1.603599 5.537775 3.726883
v 1.549822 6.135320 3.726431
v -0.251576 7.397176 3.722975
v -0.290243 8.162681 3.721403
v -0.290243 8.177061 4.009956
v 0.264778 7.397176 3.722975
v 0.303446 8.162681 3.721403
v 0.303446 8.177061 4.009956
v 1.474292 6.680964 3.751898
v 1.462100 7.251558 3.750540
v 0.006601 6.135154 3.753248
v 1.120690 7.642315 3.749573
v 0.483483 7.675985 3.749336
v 0.264778 7.397010 3.749794
v 0.006601 7.361817 3.749830
v -0.251576 7.397010 3.749794
v -0.470280 7.675985 3.749336
v -1.107487 7.642314 3.749573
v -1.448897 7.251558 3.750540
v -1.461089 6.680964 3.751898
v -1.536619 6.135154 3.753248
v -1.590397 5.537609 3.753700
v -1.371199 5.045227 3.754919
v -1.029789 4.654469 3.755888
v -0.470280 4.524187 3.757284
v 0.006601 4.549616 3.757301
v 0.483483 4.524187 3.757284
v 1.042992 4.654469 3.755888
v 1.384401 5.045227 3.754919
v 1.603599 5.537609 3.753700
v 1.549822 6.135154 3.753248
v 0.006601 7.628078 3.678482
v -0.263804 7.639271 3.678490
v -0.497233 7.758847 3.678316
v -1.170454 7.723274 3.678566
v -1.531160 7.310432 3.679588
v -1.544041 6.707590 3.681023
v -1.623840 6.130931 3.682449
v -1.680658 5.499613 3.682928
v -1.449070 4.979403 3.684216
v -1.088365 4.566560 3.685238
v -0.497233 4.428914 3.686714
v 0.006601 4.455780 3.686731
v 0.510435 4.428915 3.686714
v 1.101567 4.566560 3.685238
v 1.462272 4.979403 3.684216
v 1.693859 5.499613 3.682928
v 1.637043 6.130931 3.682449
v 1.557244 6.707590 3.681023
v 1.544363 7.310432 3.679588
v 1.183657 7.723275 3.678566
v 0.510436 7.758847 3.678316
v 0.277007 7.639271 3.678490
v -0.526837 7.849678 3.678082
v -1.239614 7.812015 3.678347
v -1.621513 7.374915 3.679428
v -1.635152 6.736652 3.680946
v -1.719640 6.126111 3.682459
v -1.779795 5.457698 3.682964
v -1.534601 4.906922 3.684328
v -1.152701 4.469822 3.685410
v -0.526836 4.324089 3.686974
v 0.006601 4.352533 3.686993
v 0.540039 4.324089 3.686974
v 1.165904 4.469822 3.685410
v 1.547803 4.906922 3.684328
v 1.792997 5.457698 3.682964
v 1.732842 6.126111 3.682459
v 1.648355 6.736652 3.680946
v 1.634716 7.374915 3.679428
v 1.252817 7.812015 3.678347
v 0.540039 7.849678 3.678082
v 0.290439 7.905177 3.677944
v 0.006601 7.920345 3.677889
v -0.277236 7.905177 3.677944
v 1.053350 3.391306 1.966753
v 1.049443 3.383642 1.967003
v 1.043358 3.377560 1.967199
v 1.035690 3.373655 1.967325
v 1.027190 3.372310 1.967365
v 1.018690 3.373655 1.967325
v 1.011023 3.377560 1.967199
v 1.004937 3.383642 1.967003
v 1.001030 3.391306 1.966753
v 0.999684 3.399801 1.966482
v 1.001030 3.408297 1.966206
v 1.004937 3.415962 1.965961
v 1.011023 3.422043 1.965765
v 1.018690 3.425948 1.965639
v 1.027190 3.427294 1.965593
v 1.035690 3.425948 1.965639
v 1.043358 3.422043 1.965765
v 1.049443 3.415962 1.965961
v 1.053350 3.408297 1.966206
v 1.054697 3.399801 1.966482
v 1.078866 3.382812 1.960585
v 1.071149 3.367673 1.961073
v 1.059128 3.355659 1.961460
v 1.043981 3.347945 1.961706
v 1.027190 3.345287 1.961794
v 1.010400 3.347945 1.961706
v 0.995253 3.355659 1.961460
v 0.983232 3.367673 1.961073
v 0.975514 3.382812 1.960585
v 0.972855 3.399594 1.960047
v 0.975514 3.416376 1.959503
v 0.983232 3.431515 1.959015
v 0.995253 3.443530 1.958628
v 1.010400 3.451244 1.958380
v 1.027190 3.453902 1.958294
v 1.043981 3.451244 1.958380
v 1.059128 3.443530 1.958628
v 1.071149 3.431515 1.959015
v 1.078866 3.416376 1.959503
v 1.081526 3.399594 1.960047
v 1.103110 3.374599 1.950283
v 1.091771 3.352357 1.951000
v 1.074111 3.334707 1.951572
v 1.051858 3.323374 1.951937
v 1.027190 3.319469 1.952063
v 1.002523 3.323374 1.951937
v 0.980270 3.334707 1.951572
v 0.962609 3.352358 1.951000
v 0.951271 3.374599 1.950283
v 0.947364 3.399254 1.949490
v 0.951271 3.423909 1.948694
v 0.962609 3.446150 1.947977
v 0.980270 3.463801 1.947409
v 1.002523 3.475134 1.947044
v 1.027190 3.479039 1.946918
v 1.051858 3.475134 1.947044
v 1.074111 3.463801 1.947409
v 1.091771 3.446150 1.947977
v 1.103110 3.423909 1.948694
v 1.107017 3.399254 1.949490
v 1.125484 3.366869 1.936110
v 1.110804 3.338072 1.937037
v 1.087939 3.315219 1.937773
v 1.059128 3.300547 1.938246
v 1.027190 3.295491 1.938410
v 0.995253 3.300547 1.938246
v 0.966442 3.315220 1.937773
v 0.943577 3.338072 1.937037
v 0.928897 3.366869 1.936110
v 0.923838 3.398790 1.935080
v 0.928897 3.430711 1.934052
v 0.943577 3.459507 1.933125
v 0.966442 3.482360 1.932388
v 0.995253 3.497032 1.931915
v 1.027190 3.502088 1.931751
v 1.059128 3.497032 1.931915
v 1.087939 3.482360 1.932388
v 1.110804 3.459507 1.933125
v 1.125484 3.430711 1.934052
v 1.130542 3.398790 1.935080
v 1.145438 3.359812 1.918407
v 1.127777 3.325170 1.919523
v 1.100271 3.297678 1.920410
v 1.065611 3.280027 1.920979
v 1.027190 3.273945 1.921175
v 0.988769 3.280027 1.920979
v 0.954109 3.297678 1.920410
v 0.926603 3.325170 1.919523
v 0.908943 3.359812 1.918407
v 0.902858 3.398213 1.917170
v 0.908943 3.436614 1.915932
v 0.926603 3.471256 1.914816
v 0.954109 3.498748 1.913933
v 0.988769 3.516398 1.913361
v 1.027190 3.522481 1.913168
v 1.065611 3.516398 1.913361
v 1.100271 3.498748 1.913933
v 1.127777 3.471256 1.914816
v 1.145438 3.436614 1.915932
v 1.151523 3.398213 1.917170
v 1.162480 3.353601 1.897615
v 1.142274 3.313967 1.898895
v 1.110804 3.282512 1.899906
v 1.071149 3.262318 1.900560
v 1.027190 3.255359 1.900782
v 0.983232 3.262318 1.900560
v 0.943577 3.282513 1.899906
v 0.912106 3.313967 1.898895
v 0.891901 3.353601 1.897615
v 0.884939 3.397537 1.896202
v 0.891901 3.441472 1.894785
v 0.912106 3.481107 1.893507
v 0.943577 3.512561 1.892496
v 0.983232 3.532756 1.891842
v 1.027190 3.539715 1.891621
v 1.071149 3.532756 1.891842
v 1.110804 3.512561 1.892496
v 1.142274 3.481107 1.893507
v 1.162480 3.441472 1.894785
v 1.169442 3.397537 1.896202
v 1.176191 3.348391 1.874247
v 1.153938 3.304740 1.875654
v 1.119278 3.270098 1.876770
v 1.075603 3.247856 1.877487
v 1.027190 3.240192 1.877733
v 0.978777 3.247856 1.877487
v 0.935103 3.270098 1.876770
v 0.900443 3.304740 1.875654
v 0.878190 3.348391 1.874247
v 0.870522 3.396779 1.872688
v 0.878190 3.445167 1.871132
v 0.900443 3.488819 1.869722
v 0.935103 3.523460 1.868608
v 0.978777 3.545702 1.867887
v 1.027190 3.553366 1.867643
v 1.075603 3.545702 1.867887
v 1.119277 3.523460 1.868608
v 1.153937 3.488819 1.869722
v 1.176190 3.445167 1.871132
v 1.183858 3.396779 1.872688
v 1.186233 3.344309 1.848875
v 1.162480 3.297716 1.850372
v 1.125484 3.260739 1.851568
v 1.078866 3.236999 1.852333
v 1.027190 3.228818 1.852596
v 0.975514 3.236999 1.852333
v 0.928897 3.260739 1.851568
v 0.891901 3.297716 1.850372
v 0.868148 3.344309 1.848875
v 0.859964 3.395958 1.847212
v 0.868148 3.447607 1.845545
v 0.891901 3.494200 1.844044
v 0.928897 3.531177 1.842852
v 0.975514 3.554918 1.842087
v 1.027190 3.563098 1.841824
v 1.078866 3.554918 1.842087
v 1.125484 3.531177 1.842852
v 1.162480 3.494200 1.844044
v 1.186232 3.447607 1.845545
v 1.194417 3.395958 1.847212
v 1.192358 3.341456 1.822124
v 1.167691 3.293067 1.823685
v 1.129270 3.254666 1.824923
v 1.080857 3.230011 1.825716
v 1.027190 3.221516 1.825987
v 0.973524 3.230011 1.825716
v 0.925111 3.254667 1.824923
v 0.886690 3.293067 1.823685
v 0.862022 3.341456 1.822124
v 0.853522 3.395094 1.820396
v 0.862022 3.448732 1.818665
v 0.886690 3.497120 1.817106
v 0.925111 3.535521 1.815868
v 0.973524 3.560176 1.815077
v 1.027190 3.568672 1.814800
v 1.080857 3.560176 1.815077
v 1.129270 3.535521 1.815868
v 1.167691 3.497120 1.817106
v 1.192358 3.448732 1.818665
v 1.200858 3.395094 1.820396
v 1.194417 3.339900 1.794655
v 1.169442 3.290910 1.796230
v 1.130542 3.252030 1.797483
v 1.081526 3.227068 1.798288
v 1.027190 3.218466 1.798565
v 0.972855 3.227068 1.798288
v 0.923838 3.252030 1.797483
v 0.884939 3.290910 1.796230
v 0.859964 3.339900 1.794655
v 0.851358 3.394208 1.792904
v 0.859964 3.448515 1.791151
v 0.884939 3.497506 1.789576
v 0.923838 3.536386 1.788322
v 0.972855 3.561348 1.787516
v 1.027190 3.569950 1.787241
v 1.081526 3.561348 1.787516
v 1.130542 3.536386 1.788322
v 1.169442 3.497506 1.789576
v 1.194417 3.448515 1.791151
v 1.203023 3.394208 1.792904
v 1.192358 3.339684 1.767139
v 1.167691 3.291296 1.768698
v 1.129270 3.252895 1.769936
v 1.080857 3.228240 1.770731
v 1.027190 3.219744 1.771004
v 0.973524 3.228240 1.770731
v 0.925111 3.252895 1.769936
v 0.886690 3.291296 1.768698
v 0.862022 3.339684 1.767139
v 0.853522 3.393322 1.765409
v 0.862022 3.446960 1.763681
v 0.886690 3.495348 1.762123
v 0.925111 3.533749 1.760887
v 0.973524 3.558404 1.760090
v 1.027190 3.566900 1.759819
v 1.080857 3.558404 1.760090
v 1.129270 3.533749 1.760887
v 1.167691 3.495348 1.762123
v 1.192358 3.446960 1.763681
v 1.200858 3.393322 1.765409
v 1.186233 3.340809 1.740261
v 1.162480 3.294215 1.741760
v 1.125484 3.257238 1.742954
v 1.078866 3.233498 1.743719
v 1.027190 3.225318 1.743980
v 0.975514 3.233498 1.743719
v 0.928897 3.257238 1.742954
v 0.891901 3.294215 1.741760
v 0.868148 3.340809 1.740261
v 0.859964 3.392458 1.738596
v 0.868148 3.444107 1.736933
v 0.891901 3.490700 1.735432
v 0.928897 3.527677 1.734240
v 0.975514 3.551418 1.733475
v 1.027190 3.559598 1.733208
v 1.078866 3.551418 1.733475
v 1.125484 3.527677 1.734240
v 1.162480 3.490700 1.735432
v 1.186232 3.444107 1.736933
v 1.194417 3.392458 1.738596
v 1.176191 3.343249 1.714676
v 1.153938 3.299597 1.716085
v 1.119278 3.264955 1.717199
v 1.075603 3.242714 1.717918
v 1.027190 3.235050 1.718163
v 0.978777 3.242714 1.717918
v 0.935103 3.264955 1.717199
v 0.900443 3.299597 1.716085
v 0.878190 3.343249 1.714676
v 0.870522 3.391637 1.713120
v 0.878190 3.440025 1.711559
v 0.900443 3.483676 1.710154
v 0.935103 3.518318 1.709036
v 0.978777 3.540560 1.708321
v 1.027190 3.548223 1.708073
v 1.075603 3.540560 1.708321
v 1.119277 3.518318 1.709036
v 1.153937 3.483676 1.710154
v 1.176190 3.440025 1.711559
v 1.183858 3.391637 1.713120
v 1.162480 3.346944 1.691019
v 1.142274 3.307309 1.692301
v 1.110804 3.275854 1.693312
v 1.071149 3.255660 1.693964
v 1.027190 3.248701 1.694185
v 0.983232 3.255660 1.693964
v 0.943577 3.275854 1.693312
v 0.912106 3.307309 1.692301
v 0.891901 3.346944 1.691019
v 0.884939 3.390879 1.689604
v 0.891901 3.434814 1.688189
v 0.912106 3.474449 1.686911
v 0.943577 3.505903 1.685900
v 0.983232 3.526098 1.685246
v 1.027190 3.533057 1.685024
v 1.071149 3.526098 1.685246
v 1.110804 3.505903 1.685900
v 1.142274 3.474449 1.686911
v 1.162480 3.434814 1.688189
v 1.169442 3.390879 1.689604
v 1.145438 3.351802 1.669874
v 1.127777 3.317161 1.670990
v 1.100271 3.289668 1.671873
v 1.065611 3.272017 1.672445
v 1.027190 3.265935 1.672638
v 0.988769 3.272017 1.672445
v 0.954109 3.289668 1.671873
v 0.926603 3.317161 1.670990
v 0.908943 3.351802 1.669874
v 0.902858 3.390203 1.668636
v 0.908943 3.428604 1.667398
v 0.926603 3.463246 1.666283
v 0.954109 3.490738 1.665396
v 0.988769 3.508389 1.664827
v 1.027190 3.514471 1.664633
v 1.065611 3.508389 1.664827
v 1.100271 3.490738 1.665396
v 1.127777 3.463246 1.666283
v 1.145438 3.428604 1.667398
v 1.151523 3.390203 1.668636
v 1.125484 3.357705 1.651754
v 1.110804 3.328909 1.652683
v 1.087939 3.306056 1.653419
v 1.059128 3.291384 1.653889
v 1.027190 3.286328 1.654055
v 0.995253 3.291384 1.653889
v 0.966442 3.306056 1.653419
v 0.943577 3.328909 1.652683
v 0.928897 3.357705 1.651754
v 0.923838 3.389626 1.650726
v 0.928897 3.421547 1.649698
v 0.943577 3.450343 1.648769
v 0.966442 3.473196 1.648033
v 0.995253 3.487869 1.647558
v 1.027190 3.492924 1.647398
v 1.059128 3.487869 1.647558
v 1.087939 3.473196 1.648033
v 1.110804 3.450343 1.648769
v 1.125484 3.421547 1.649698
v 1.130542 3.389626 1.650726
v 1.103110 3.364507 1.637110
v 1.091771 3.342266 1.637827
v 1.074111 3.324614 1.638395
v 1.051858 3.313282 1.638760
v 1.027190 3.309377 1.638885
v 1.002523 3.313282 1.638760
v 0.980270 3.324614 1.638395
v 0.962609 3.342266 1.637827
v 0.951271 3.364507 1.637110
v 0.947364 3.389162 1.636314
v 0.951271 3.413817 1.635521
v 0.962609 3.436058 1.634804
v 0.980270 3.453709 1.634235
v 1.002523 3.465042 1.633869
v 1.027190 3.468947 1.633743
v 1.051858 3.465042 1.633869
v 1.074111 3.453709 1.634235
v 1.091771 3.436058 1.634804
v 1.103110 3.413817 1.635521
v 1.107017 3.389162 1.636314
v 1.078866 3.372040 1.626305
v 1.071149 3.356901 1.626791
v 1.059128 3.344886 1.627178
v 1.043981 3.337172 1.627428
v 1.027190 3.334515 1.627514
v 1.010400 3.337172 1.627428
v 0.995253 3.344886 1.627178
v 0.983232 3.356901 1.626791
v 0.975514 3.372040 1.626305
v 0.972855 3.388821 1.625761
v 0.975514 3.405603 1.625223
v 0.983232 3.420742 1.624731
v 0.995253 3.432757 1.624348
v 1.010400 3.440471 1.624098
v 1.027190 3.443129 1.624014
v 1.043981 3.440471 1.624098
v 1.059128 3.432757 1.624348
v 1.071149 3.420742 1.624731
v 1.078866 3.405603 1.625223
v 1.081526 3.388821 1.625761
v 1.053350 3.380119 1.619600
v 1.049443 3.372455 1.619844
v 1.043358 3.366373 1.620045
v 1.035690 3.362468 1.620167
v 1.027190 3.361122 1.620213
v 1.018690 3.362468 1.620167
v 1.011023 3.366373 1.620045
v 1.004937 3.372455 1.619844
v 1.001030 3.380119 1.619600
v 0.999684 3.388614 1.619324
v 1.001030 3.397110 1.619053
v 1.004937 3.404773 1.618803
v 1.011023 3.410856 1.618608
v 1.018690 3.414761 1.618483
v 1.027190 3.416106 1.618441
v 1.035690 3.414761 1.618483
v 1.043358 3.410856 1.618608
v 1.049443 3.404773 1.618803
v 1.053350 3.397110 1.619053
v 1.054697 3.388614 1.619324
v 1.027190 3.399871 1.968643
v 1.027190 3.388545 1.617163
v -2.384179 1.061477 2.066586
v -2.386133 1.061477 4.402220
v -2.384179 4.016947 2.066586
v -2.386133 4.016947 4.402220
v 2.287062 4.016947 2.070492
v 2.285108 4.016947 4.406124
v 2.287062 1.061477 2.070492
v 2.285108 1.061477 4.406124
v 1.862403 4.016947 2.070141
v 1.862403 1.061477 2.070141
v 1.860450 1.061477 4.405773
v 1.860450 4.016947 4.405773
v 1.437745 4.016947 2.069780
v 1.435792 1.061477 4.405418
v 1.435792 4.016947 4.405418
v 1.013087 4.016947 2.069426
v 1.011134 1.061477 4.405060
v 1.011134 4.016947 4.405060
v 0.588428 4.016947 2.069071
v 0.586475 1.061477 4.404703
v 0.586475 4.016947 4.404703
v 0.163770 4.016947 2.068720
v 0.161817 1.061477 4.404348
v 0.161817 4.016947 4.404348
v -0.260888 4.016947 2.068363
v -0.262841 1.061477 4.403997
v -0.262841 4.016947 4.403997
v -0.685547 4.016947 2.068007
v -0.687500 1.061477 4.403639
v -0.687500 4.016947 4.403639
v -1.110205 4.016947 2.067650
v -1.112158 1.061477 4.403284
v -1.112158 4.016947 4.403284
v -1.534863 4.016947 2.067295
v -1.536816 1.061477 4.402933
v -1.536816 4.016947 4.402933
v -1.959522 4.016947 2.066944
v -1.959522 1.066629 2.066944
v -1.961475 1.061477 4.402573
v -1.961475 4.016947 4.402573
v -2.384179 3.748268 2.066586
v -1.959522 3.748268 2.066944
v -1.534863 3.748268 2.067295
v -1.110205 3.748268 2.067650
v -0.685547 3.748268 2.068007
v -0.260888 3.748268 2.068363
v 0.163770 3.748268 2.068720
v 0.588428 3.748268 2.069071
v 1.013087 3.748268 2.069426
v 1.437745 3.748268 2.069780
v 1.862403 3.748268 2.070141
v 2.287062 3.748268 2.070492
v 2.285108 3.748268 4.406124
v 1.860450 3.748268 4.405773
v 1.435792 3.748268 4.405418
v 1.011134 3.748268 4.405060
v 0.586475 3.748268 4.404703
v 0.161817 3.748268 4.404348
v -0.262841 3.748268 4.403997
v -0.687500 3.748268 4.403639
v -1.112158 3.748268 4.403284
v -1.536816 3.748268 4.402933
v -1.961475 3.748268 4.402573
v -2.386133 3.748268 4.402220
v -2.384179 3.479589 2.066586
v -1.959522 3.479589 2.066944
v -0.260888 3.479589 2.068363
v 0.163770 3.479589 2.068720
v 1.862403 3.479589 2.070141
v 2.287062 3.479589 2.070492
v 2.285108 3.479589 4.406124
v 1.860450 3.479589 4.405773
v 1.435792 3.479589 4.405418
v 1.011134 3.479589 4.405060
v 0.586475 3.479589 4.404703
v 0.161817 3.479589 4.404348
v -0.262841 3.479589 4.403997
v -0.687500 3.479589 4.403639
v -1.112158 3.479589 4.403284
v -1.536816 3.479589 4.402933
v -1.961475 3.479589 4.402573
v -2.386133 3.479589 4.402220
v -2.384179 3.210909 2.066586
v -1.959522 3.210909 2.066944
v -0.260888 3.210909 2.068363
v 0.163770 3.210909 2.068720
v 1.862403 3.210909 2.070141
v 2.287062 3.210909 2.070492
v 2.285108 3.210909 4.406124
v 1.860450 3.210909 4.405773
v 1.435792 3.210909 4.405418
v 1.011134 3.210909 4.405060
v 0.586475 3.210909 4.404703
v 0.161817 3.210909 4.404348
v -0.262841 3.210909 4.403997
v -0.687500 3.210909 4.403639
v -1.112158 3.210909 4.403284
v -1.536816 3.210909 4.402933
v -1.961475 3.210909 4.402573
v -2.386133 3.210909 4.402220
v -2.384179 2.942230 2.066586
v -1.959522 2.942230 2.066944
v -1.534863 2.942230 2.067295
v -1.110205 2.942230 2.067650
v -0.685547 2.942230 2.068007
v -0.260888 2.942230 2.068363
v 0.163770 2.942230 2.068720
v 0.588428 2.942230 2.069071
v 1.013087 2.942230 2.069426
v 1.437745 2.942230 2.069780
v 1.862403 2.942230 2.070141
v 2.287062 2.942230 2.070492
v 2.285108 2.942230 4.406124
v 1.860450 2.942230 4.405773
v 1.435792 2.942230 4.405418
v 1.011134 2.942230 4.405060
v 0.586475 2.942230 4.404703
v 0.161817 2.942230 4.404348
v -0.262841 2.942230 4.403997
v -0.687500 2.942230 4.403639
v -1.112158 2.942230 4.403284
v -1.536816 2.942230 4.402933
v -1.961475 2.942230 4.402573
v -2.386133 2.942230 4.402220
v -2.384179 2.673551 2.066586
v -1.959522 2.673551 2.066944
v -1.534863 2.673551 2.067295
v -1.110205 2.673551 2.067650
v -0.685547 2.673551 2.068007
v -0.260888 2.673551 2.068363
v 0.163770 2.673551 2.068720
v 0.588428 2.673551 2.069071
v 1.013087 2.673551 2.069426
v 1.437745 2.673551 2.069780
v 1.862403 2.673551 2.070141
v 2.287062 2.673551 2.070492
v 2.285108 2.673551 4.406124
v 1.860450 2.673551 4.405773
v 1.435792 2.673551 4.405418
v 1.011134 2.673551 4.405060
v 0.586475 2.673551 4.404703
v 0.161817 2.673551 4.404348
v -0.262841 2.673551 4.403997
v -0.687500 2.673551 4.403639
v -1.112158 2.673551 4.403284
v -1.536816 2.673551 4.402933
v -1.961475 2.673551 4.402573
v -2.386133 2.673551 4.402220
v -2.384179 2.404872 2.066586
v -1.959522 2.404872 2.066944
v 1.862403 2.404872 2.070141
v 2.287062 2.404872 2.070492
v 2.285108 2.404872 4.406124
v 1.860450 2.404872 4.405773
v 1.435792 2.404872 4.405418
v 1.011134 2.404872 4.405060
v 0.586475 2.404872 4.404703
v 0.161817 2.404872 4.404348
v -0.262841 2.404872 4.403997
v -0.687500 2.404872 4.403639
v -1.112158 2.404872 4.403284
v -1.536816 2.404872 4.402933
v -1.961475 2.404872 4.402573
v -2.386133 2.404872 4.402220
v -2.384179 2.136193 2.066586
v -1.959522 2.136193 2.066944
v 1.862403 2.136193 2.070141
v 2.287062 2.136193 2.070492
v 2.285108 2.136193 4.406124
v 1.860450 2.136193 4.405773
v 1.435792 2.136193 4.405418
v 1.011134 2.136193 4.405060
v 0.586475 2.136193 4.404703
v 0.161817 2.136193 4.404348
v -0.262841 2.136193 4.403997
v -0.687500 2.136193 4.403639
v -1.112158 2.136193 4.403284
v -1.536816 2.136193 4.402933
v -1.961475 2.136193 4.402573
v -2.386133 2.136193 4.402220
v -2.384179 1.867514 2.066586
v -1.959522 1.867514 2.066944
v 1.862403 1.867514 2.070141
v 2.287062 1.867514 2.070492
v 2.285108 1.867514 4.406124
v 1.860450 1.867514 4.405773
v 1.435792 1.867514 4.405418
v 1.011134 1.867514 4.405060
v 0.586475 1.867514 4.404703
v 0.161817 1.867514 4.404348
v -0.262841 1.867514 4.403997
v -0.687500 1.867514 4.403639
v -1.112158 1.867514 4.403284
v -1.536816 1.867514 4.402933
v -1.961475 1.867514 4.402573
v -2.386133 1.867514 4.402220
v -2.384179 1.598835 2.066586
v -1.959522 1.598835 2.066944
v 1.862403 1.598835 2.070141
v 2.287062 1.598835 2.070492
v 2.285108 1.598835 4.406124
v 1.860450 1.598835 4.405773
v 1.435792 1.598835 4.405418
v 1.011134 1.598835 4.405060
v 0.586475 1.598835 4.404703
v 0.161817 1.598835 4.404348
v -0.262841 1.598835 4.403997
v -0.687500 1.598835 4.403639
v -1.112158 1.598835 4.403284
v -1.536816 1.598835 4.402933
v -1.961475 1.598835 4.402573
v -2.386133 1.598835 4.402220
v -2.384179 1.330156 2.066586
v -1.959522 1.330156 2.066944
v 1.862403 1.330156 2.070141
v 2.287062 1.330156 2.070492
v 2.285108 1.330156 4.406124
v 1.860450 1.330156 4.405773
v 1.435792 1.330156 4.405418
v 1.011134 1.330156 4.405060
v 0.586475 1.330156 4.404703
v 0.161817 1.330156 4.404348
v -0.262841 1.330156 4.403997
v -0.687500 1.330156 4.403639
v -1.112158 1.330156 4.403284
v -1.536816 1.330156 4.402933
v -1.961475 1.330156 4.402573
v -2.386133 1.330156 4.402220
v -1.959346 3.479589 1.961996
v -1.534688 3.479589 1.962347
v -1.959346 3.748268 1.961996
v -1.534688 3.748268 1.962347
v -1.110029 3.479589 1.962704
v -1.110029 3.748268 1.962704
v -0.685371 3.479589 1.963057
v -0.685371 3.748268 1.963057
v -0.260713 3.479589 1.963415
v -0.260713 3.748268 1.963415
v -1.959346 3.210909 1.961996
v -1.534688 3.210909 1.962347
v -1.110029 3.210909 1.962704
v -0.685371 3.210909 1.963057
v -0.260713 3.210909 1.963415
v -1.959346 2.942230 1.961996
v -1.534688 2.942230 1.962347
v -1.110029 2.942230 1.962704
v -0.685371 2.942230 1.963057
v -0.260713 2.942230 1.963415
v 0.163770 3.479589 1.963772
v 0.588428 3.479589 1.964123
v 0.163770 3.748268 1.963772
v 0.588428 3.748268 1.964123
v 1.013087 3.479589 1.964478
v 1.013087 3.748268 1.964478
v 1.437745 3.479589 1.964834
v 1.437745 3.748268 1.964834
v 1.862403 3.479589 1.965191
v 1.862403 3.748268 1.965191
v 0.163770 3.210909 1.963772
v 0.588428 3.210909 1.964123
v 1.013087 3.210909 1.964478
v 1.437745 3.210909 1.964834
v 1.862403 3.210909 1.965191
v 0.163770 2.942230 1.963772
v 0.588428 2.942230 1.964123
v 1.013087 2.942230 1.964478
v 1.437745 2.942230 1.964834
v 1.862403 2.942230 1.965191
v 2.285434 3.210909 4.016851
v 2.285434 2.942230 4.016851
v 2.285434 2.673551 4.016851
v 2.285434 2.404872 4.016851
v 2.285434 2.136193 4.016851
v 2.285434 1.867514 4.016851
v 2.285434 1.598835 4.016851
v 2.285434 1.330156 4.016851
v 2.285434 1.061477 4.016851
v 1.860779 1.058946 4.012245
v 1.436121 1.046890 4.011890
v 1.011463 1.049116 4.011534
v 0.587610 1.072367 4.011181
v 0.162952 1.064434 4.010824
v -0.263318 1.061477 4.010469
v -0.687976 1.061477 4.010113
v -1.111829 1.056824 4.009760
v -1.536487 1.045455 4.009403
v -1.961146 1.066629 4.009048
v -2.385807 1.061477 4.012949
v -2.385807 1.330156 4.012949
v -2.385807 1.598835 4.012949
v -2.385807 1.867514 4.012949
v -2.385807 2.136193 4.012949
v -2.385807 2.404872 4.012949
v -2.385807 2.673551 4.012949
v -2.385807 2.942230 4.012949
v -2.385807 3.210909 4.012949
v -2.385807 3.479589 4.012949
v -2.385807 3.748268 4.012949
v -2.385807 4.016947 4.012949
v -1.961149 4.016947 4.013302
v -1.536491 4.016947 4.013660
v -1.111832 4.016947 4.014011
v -0.687174 4.016947 4.014368
v -0.262516 4.016947 4.014725
v 0.162143 4.016947 4.015078
v 0.586801 4.016947 4.015432
v 1.011459 4.016947 4.015789
v 1.436117 4.016947 4.016146
v 1.860776 4.016947 4.016499
v 2.285434 4.016947 4.016851
v 2.285434 3.748268 4.016851
v 2.285434 3.479589 4.016851
v 2.285760 3.210909 3.627581
v 2.285760 2.942230 3.627581
v 2.285760 2.673551 3.627581
v 2.285760 2.404872 3.627581
v 2.285760 2.136193 3.627581
v 2.285760 1.867514 3.627581
v 2.285760 1.598835 3.627581
v 2.285760 1.330156 3.627581
v 2.285760 1.061477 3.627581
v 1.861102 1.082111 3.625702
v -1.960822 1.066629 3.622505
v -2.385482 1.061477 3.623676
v -2.385482 1.330156 3.623676
v -2.385482 1.598835 3.623676
v -2.385482 1.867514 3.623676
v -2.385482 2.136193 3.623676
v -2.385482 2.404872 3.623676
v -2.385482 2.673551 3.623676
v -2.385482 2.942230 3.623676
v -2.385482 3.210909 3.623676
v -2.385482 3.479589 3.623676
v -2.385482 3.748268 3.623676
v -2.385482 4.016947 3.623676
v -1.960824 4.016947 3.624029
v -1.536165 4.016947 3.624388
v -1.111507 4.016947 3.624741
v -0.686849 4.016947 3.625095
v -0.262190 4.016947 3.625452
v 0.162468 4.016947 3.625805
v 0.587126 4.016947 3.626163
v 1.011785 4.016947 3.626516
v 1.436443 4.016947 3.626873
v 1.861101 4.016947 3.627228
v 2.285760 4.016947 3.627581
v 2.285760 3.748268 3.627581
v 2.285760 3.479589 3.627581
v 2.286105 3.210909 3.214779
v 2.286105 2.942230 3.214779
v 2.286105 2.673551 3.214779
v 2.286105 2.404872 3.214779
v 2.286105 2.136193 3.214779
v 2.286105 1.867514 3.214779
v 2.286105 1.598835 3.214779
v 2.286105 1.330156 3.214779
v 2.286105 1.061477 3.214779
v 1.861446 1.076501 3.214424
v -1.960479 1.066629 3.211227
v -2.385136 1.061477 3.210873
v -2.385136 1.330156 3.210873
v -2.385136 1.598835 3.210873
v -2.385136 1.867514 3.210873
v -2.385136 2.136193 3.210873
v -2.385136 2.404872 3.210873
v -2.385136 2.673551 3.210873
v -2.385136 2.942230 3.210873
v -2.385136 3.210909 3.210873
v -2.385136 3.479589 3.210873
v -2.385136 3.748268 3.210873
v -2.385136 4.016947 3.210873
v -1.960479 4.016947 3.211227
v -1.535820 4.016947 3.211584
v -1.111162 4.016947 3.211939
v -0.686504 4.016947 3.212294
v -0.261845 4.016947 3.212648
v 0.162813 4.016947 3.213003
v 0.587471 4.016947 3.213358
v 1.012130 4.016947 3.213715
v 1.436788 4.016947 3.214069
v 1.861446 4.016947 3.214424
v 2.286105 4.016947 3.214779
v 2.286105 3.748268 3.214779
v 2.286105 3.479589 3.214779
v 2.286412 3.210909 2.847530
v 2.286412 2.942230 2.847530
v 2.286412 2.673551 2.847530
v 2.286412 2.404872 2.847530
v 2.286412 2.136193 2.847530
v 2.286412 1.867514 2.847530
v 2.286412 1.598835 2.847530
v 2.286412 1.330156 2.847530
v 2.286412 1.061477 2.847530
v 1.861753 1.071280 2.847176
v -1.960171 1.066629 2.843981
v -2.384830 1.061477 2.843624
v -2.384830 1.330156 2.843624
v -2.384830 1.598835 2.843624
v -2.384830 1.867514 2.843624
v -2.384830 2.136193 2.843624
v -2.384830 2.404872 2.843624
v -2.384830 2.673551 2.843624
v -2.384830 2.942230 2.843624
v -2.384830 3.210909 2.843624
v -2.384830 3.479589 2.843624
v -2.384830 3.748268 2.843624
v -2.384830 4.016947 2.843624
v -1.960172 4.016947 2.843981
v -1.535513 4.016947 2.844336
v -1.110855 4.016947 2.844690
v -0.686196 4.016947 2.845045
v -0.261538 4.016947 2.845400
v 0.163120 4.016947 2.845755
v 0.587778 4.016947 2.846111
v 1.012437 4.016947 2.846466
v 1.437095 4.016947 2.846821
v 1.861753 4.016947 2.847176
v 2.286412 4.016947 2.847530
v 2.286412 3.748268 2.847530
v 2.286412 3.479589 2.847530
v 2.286731 3.210909 2.466320
v 2.286731 2.942230 2.466320
v 2.286731 2.673551 2.466320
v 2.286731 2.404872 2.466320
v 2.286731 2.136193 2.466320
v 2.286731 1.867514 2.466320
v 2.286731 1.598835 2.466320
v 2.286731 1.330156 2.466318
v 2.286731 1.061477 2.466320
v 1.862072 1.042957 2.465963
v -1.959853 1.066629 2.462769
v -2.384511 1.061477 2.462414
v -2.384511 1.330156 2.462414
v -2.384511 1.598835 2.462414
v -2.384511 1.867514 2.462414
v -2.384511 2.136193 2.462414
v -2.384511 2.404872 2.462414
v -2.384511 2.673551 2.462414
v -2.384511 2.942230 2.462414
v -2.384511 3.210909 2.462414
v -2.384511 3.479589 2.462414
v -2.384511 3.748268 2.462414
v -2.384511 4.016947 2.462414
v -1.959853 4.016947 2.462769
v -1.535194 4.016947 2.463123
v -1.110536 4.016947 2.463478
v -0.685878 4.016947 2.463833
v -0.261219 4.016947 2.464190
v 0.163439 4.016947 2.464544
v 0.588097 4.016947 2.464899
v 1.012756 4.016947 2.465254
v 1.437414 4.016947 2.465609
v 1.862072 4.016947 2.465963
v 2.286731 4.016947 2.466320
v 2.286731 3.748268 2.466320
v 2.286731 3.479589 2.466320
v 1.437745 1.330156 3.997000
v 1.862403 1.330156 3.997358
v 1.013087 1.330156 3.996643
v 0.588428 1.330156 3.996288
v 0.163770 1.330156 3.995937
v -0.264111 1.330156 3.995579
v -0.688770 1.330156 3.995220
v -1.113428 1.330156 3.994865
v -1.538086 1.330156 3.994511
v -1.962745 1.330156 3.994160
v -1.962745 2.404872 3.994160
v -1.538086 2.404872 3.994511
v -1.962745 2.673551 3.994160
v -1.538086 2.673551 3.994511
v -1.113428 2.404872 3.994865
v -1.113428 2.673551 3.994865
v -0.688770 2.404872 3.995220
v -0.688770 2.673551 3.995220
v -0.264111 2.404872 3.995579
v -0.264111 2.673551 3.995579
v 0.163770 2.404872 3.995937
v 0.163770 2.673551 3.995937
v 0.588428 2.404872 3.996288
v 0.588428 2.673551 3.996288
v 1.013087 2.404872 3.996643
v 1.013087 2.673551 3.996643
v 1.437745 2.404872 3.997000
v 1.437745 2.673551 3.997000
v 1.862403 2.404872 3.997358
v 1.862403 2.673551 3.997358
v -1.962745 2.136193 3.994160
v -1.538086 2.136193 3.994511
v -1.113428 2.136193 3.994865
v -0.688770 2.136193 3.995220
v -0.264111 2.136193 3.995579
v 0.163770 2.136193 3.995937
v 0.588428 2.136193 3.996288
v 1.013087 2.136193 3.996643
v 1.437745 2.136193 3.997000
v 1.862403 2.136193 3.997358
v -1.962745 1.867514 3.994160
v -1.538086 1.867514 3.994511
v -1.113428 1.867514 3.994865
v -0.688770 1.867514 3.995220
v -0.264111 1.867514 3.995579
v 0.163770 1.867514 3.995937
v 0.588428 1.867514 3.996288
v 1.013087 1.867514 3.996643
v 1.437745 1.867514 3.997000
v 1.862403 1.867514 3.997358
v -1.962745 1.598835 3.994160
v -1.538086 1.598835 3.994511
v -1.113428 1.598835 3.994865
v -0.688770 1.598835 3.995220
v -0.264111 1.598835 3.995579
v 0.163770 1.598835 3.995937
v 0.588428 1.598835 3.996288
v 1.013087 1.598835 3.996643
v 1.437745 1.598835 3.997000
v 1.862403 1.598835 3.997358
v 1.862409 1.330156 2.465963
v 1.862409 1.598835 2.465965
v 1.862409 1.867514 2.465965
v 1.862409 2.136193 2.465965
v 1.862409 2.404872 2.465965
v 1.862409 2.673551 2.465965
v 1.437751 2.673551 2.465609
v 1.013092 2.673551 2.465254
v 0.588434 2.673551 2.464899
v 0.163776 2.673551 2.464544
v -0.261556 2.673551 2.464190
v -0.686214 2.673551 2.463833
v -1.110873 2.673551 2.463478
v -1.535531 2.673551 2.463123
v -1.960189 2.673551 2.462769
v -1.960189 2.404872 2.462769
v -1.960189 2.136193 2.462769
v -1.960189 1.867514 2.462769
v -1.960189 1.598835 2.462769
v -1.960189 1.330156 2.462769
v 1.862401 1.330156 2.847176
v 1.862401 1.598835 2.847176
v 1.862401 1.867514 2.847176
v 1.862401 2.136193 2.847176
v 1.862401 2.404872 2.847176
v 1.862401 2.673551 2.847176
v 1.437743 2.673551 2.846821
v 1.013085 2.673551 2.846466
v 0.588427 2.673551 2.846111
v 0.163768 2.673551 2.845757
v -0.262186 2.673551 2.845400
v -0.686845 2.673551 2.845045
v -1.111503 2.673551 2.844690
v -1.536161 2.673551 2.844334
v -1.960820 2.673551 2.843979
v -1.960820 2.404872 2.843979
v -1.960820 2.136193 2.843979
v -1.960820 1.867514 2.843979
v -1.960820 1.598835 2.843979
v -1.960820 1.330156 2.843979
v 1.862383 1.330156 3.214424
v 1.862383 1.598835 3.214424
v 1.862383 1.867514 3.214424
v 1.862383 2.136193 3.214424
v 1.862383 2.404872 3.214424
v 1.862383 2.673551 3.214424
v 1.437725 2.673551 3.214069
v 1.013067 2.673551 3.213715
v 0.588408 2.673551 3.213360
v 0.163750 2.673551 3.213003
v -0.262782 2.673551 3.212646
v -0.687440 2.673551 3.212292
v -1.112099 2.673551 3.211937
v -1.536757 2.673551 3.211582
v -1.961415 2.673551 3.211227
v -1.961415 2.404872 3.211227
v -1.961415 2.136193 3.211227
v -1.961415 1.867514 3.211227
v -1.961415 1.598835 3.211227
v -1.961415 1.330156 3.211227
v 1.862403 1.330156 3.608892
v 1.862403 1.598835 3.608892
v 1.862403 1.867514 3.608892
v 1.862403 2.136193 3.608892
v 1.862403 2.404872 3.608892
v 1.862403 2.673551 3.608892
v 1.437745 2.673551 3.608534
v 1.013087 2.673551 3.608177
v 0.588428 2.673551 3.607822
v 0.163770 2.673551 3.607471
v -0.263462 2.673551 3.607113
v -0.688120 2.673551 3.606756
v -1.112778 2.673551 3.606401
v -1.537437 2.673551 3.606045
v -1.962095 2.673551 3.605696
v -1.962095 2.404872 3.605696
v -1.962095 2.136193 3.605696
v -1.962095 1.867514 3.605696
v -1.962095 1.598835 3.605696
v -1.962095 1.330156 3.605696
v -1.046894 3.391306 1.966753
v -1.050801 3.383642 1.967003
v -1.056887 3.377560 1.967199
v -1.064555 3.373655 1.967325
v -1.073054 3.372310 1.967365
v -1.081554 3.373655 1.967325
v -1.089222 3.377560 1.967199
v -1.095307 3.383642 1.967003
v -1.099214 3.391306 1.966753
v -1.100561 3.399801 1.966482
v -1.099214 3.408297 1.966206
v -1.095307 3.415962 1.965961
v -1.089222 3.422043 1.965765
v -1.081554 3.425948 1.965639
v -1.073054 3.427294 1.965593
v -1.064555 3.425948 1.965639
v -1.056887 3.422043 1.965765
v -1.050801 3.415962 1.965961
v -1.046894 3.408297 1.966206
v -1.045548 3.399801 1.966482
v -1.021379 3.382812 1.960585
v -1.029096 3.367673 1.961073
v -1.041117 3.355659 1.961460
v -1.056264 3.347945 1.961706
v -1.073054 3.345287 1.961794
v -1.089845 3.347945 1.961706
v -1.104992 3.355659 1.961460
v -1.117013 3.367673 1.961073
v -1.124730 3.382812 1.960585
v -1.127390 3.399594 1.960047
v -1.124730 3.416376 1.959503
v -1.117013 3.431515 1.959015
v -1.104992 3.443530 1.958628
v -1.089845 3.451244 1.958380
v -1.073054 3.453902 1.958294
v -1.056264 3.451244 1.958380
v -1.041117 3.443530 1.958628
v -1.029096 3.431515 1.959015
v -1.021379 3.416376 1.959503
v -1.018719 3.399594 1.960047
v -0.997135 3.374599 1.950283
v -1.008474 3.352357 1.951000
v -1.026134 3.334707 1.951572
v -1.048387 3.323374 1.951937
v -1.073054 3.319469 1.952063
v -1.097722 3.323374 1.951937
v -1.119975 3.334707 1.951572
v -1.137635 3.352358 1.951000
v -1.148974 3.374599 1.950283
v -1.152881 3.399254 1.949490
v -1.148974 3.423909 1.948694
v -1.137635 3.446150 1.947977
v -1.119975 3.463801 1.947409
v -1.097722 3.475134 1.947044
v -1.073054 3.479039 1.946918
v -1.048387 3.475134 1.947044
v -1.026134 3.463801 1.947409
v -1.008474 3.446150 1.947977
v -0.997135 3.423909 1.948694
v -0.993228 3.399254 1.949490
v -0.974761 3.366869 1.936110
v -0.989441 3.338072 1.937037
v -1.012306 3.315219 1.937773
v -1.041117 3.300547 1.938246
v -1.073054 3.295491 1.938410
v -1.104992 3.300547 1.938246
v -1.133803 3.315220 1.937773
v -1.156668 3.338072 1.937037
v -1.171348 3.366869 1.936110
v -1.176406 3.398790 1.935080
v -1.171348 3.430711 1.934052
v -1.156668 3.459507 1.933125
v -1.133803 3.482360 1.932388
v -1.104992 3.497032 1.931915
v -1.073054 3.502088 1.931751
v -1.041117 3.497032 1.931915
v -1.012306 3.482360 1.932388
v -0.989441 3.459507 1.933125
v -0.974761 3.430711 1.934052
v -0.969703 3.398790 1.935080
v -0.954807 3.359812 1.918407
v -0.972467 3.325170 1.919523
v -0.999974 3.297678 1.920410
v -1.034634 3.280027 1.920979
v -1.073054 3.273945 1.921175
v -1.111475 3.280027 1.920979
v -1.146135 3.297678 1.920410
v -1.173642 3.325170 1.919523
v -1.191302 3.359812 1.918407
v -1.197387 3.398213 1.917170
v -1.191302 3.436614 1.915932
v -1.173642 3.471256 1.914816
v -1.146135 3.498748 1.913933
v -1.111475 3.516398 1.913361
v -1.073054 3.522481 1.913168
v -1.034634 3.516398 1.913361
v -0.999974 3.498748 1.913933
v -0.972467 3.471256 1.914816
v -0.954807 3.436614 1.915932
v -0.948722 3.398213 1.917170
v -0.937765 3.353601 1.897615
v -0.957970 3.313967 1.898895
v -0.989441 3.282512 1.899906
v -1.029096 3.262318 1.900560
v -1.073054 3.255359 1.900782
v -1.117013 3.262318 1.900560
v -1.156668 3.282513 1.899906
v -1.188138 3.313967 1.898895
v -1.208344 3.353601 1.897615
v -1.215306 3.397537 1.896202
v -1.208344 3.441472 1.894785
v -1.188138 3.481107 1.893507
v -1.156668 3.512561 1.892496
v -1.117013 3.532756 1.891842
v -1.073054 3.539715 1.891621
v -1.029096 3.532756 1.891842
v -0.989441 3.512561 1.892496
v -0.957970 3.481107 1.893507
v -0.937765 3.441472 1.894785
v -0.930803 3.397537 1.896202
v -0.924054 3.348391 1.874247
v -0.946307 3.304740 1.875654
v -0.980967 3.270098 1.876770
v -1.024641 3.247856 1.877487
v -1.073054 3.240192 1.877733
v -1.121468 3.247856 1.877487
v -1.165142 3.270098 1.876770
v -1.199802 3.304740 1.875654
v -1.222055 3.348391 1.874247
v -1.229723 3.396779 1.872688
v -1.222055 3.445167 1.871132
v -1.199802 3.488819 1.869722
v -1.165142 3.523460 1.868608
v -1.121468 3.545702 1.867887
v -1.073054 3.553366 1.867643
v -1.024641 3.545702 1.867887
v -0.980967 3.523460 1.868608
v -0.946307 3.488819 1.869722
v -0.924054 3.445167 1.871132
v -0.916386 3.396779 1.872688
v -0.914012 3.344309 1.848875
v -0.937765 3.297716 1.850372
v -0.974761 3.260739 1.851568
v -1.021379 3.236999 1.852333
v -1.073054 3.228818 1.852596
v -1.124730 3.236999 1.852333
v -1.171348 3.260739 1.851568
v -1.208344 3.297716 1.850372
v -1.232097 3.344309 1.848875
v -1.240281 3.395958 1.847212
v -1.232097 3.447607 1.845545
v -1.208344 3.494200 1.844044
v -1.171348 3.531177 1.842852
v -1.124730 3.554918 1.842087
v -1.073054 3.563098 1.841824
v -1.021379 3.554918 1.842087
v -0.974761 3.531177 1.842852
v -0.937765 3.494200 1.844044
v -0.914012 3.447607 1.845545
v -0.905828 3.395958 1.847212
v -0.907886 3.341456 1.822124
v -0.932554 3.293067 1.823685
v -0.970975 3.254666 1.824923
v -1.019388 3.230011 1.825716
v -1.073054 3.221516 1.825987
v -1.126721 3.230011 1.825716
v -1.175134 3.254667 1.824923
v -1.213555 3.293067 1.823685
v -1.238222 3.341456 1.822124
v -1.246722 3.395094 1.820396
v -1.238222 3.448732 1.818665
v -1.213555 3.497120 1.817106
v -1.175134 3.535521 1.815868
v -1.126721 3.560176 1.815077
v -1.073054 3.568672 1.814800
v -1.019388 3.560176 1.815077
v -0.970975 3.535521 1.815868
v -0.932554 3.497120 1.817106
v -0.907886 3.448732 1.818665
v -0.899387 3.395094 1.820396
v -0.905828 3.339900 1.794655
v -0.930803 3.290910 1.796230
v -0.969702 3.252030 1.797483
v -1.018719 3.227068 1.798288
v -1.073054 3.218466 1.798565
v -1.127390 3.227068 1.798288
v -1.176406 3.252030 1.797483
v -1.215306 3.290910 1.796230
v -1.240281 3.339900 1.794655
v -1.248887 3.394208 1.792904
v -1.240281 3.448515 1.791151
v -1.215306 3.497506 1.789576
v -1.176406 3.536386 1.788322
v -1.127390 3.561348 1.787516
v -1.073054 3.569950 1.787241
v -1.018719 3.561348 1.787516
v -0.969703 3.536386 1.788322
v -0.930803 3.497506 1.789576
v -0.905828 3.448515 1.791151
v -0.897222 3.394208 1.792904
v -0.907886 3.339684 1.767139
v -0.932554 3.291296 1.768698
v -0.970975 3.252895 1.769936
v -1.019388 3.228240 1.770731
v -1.073054 3.219744 1.771004
v -1.126721 3.228240 1.770731
v -1.175134 3.252895 1.769936
v -1.213555 3.291296 1.768698
v -1.238222 3.339684 1.767139
v -1.246722 3.393322 1.765409
v -1.238222 3.446960 1.763681
v -1.213555 3.495348 1.762123
v -1.175134 3.533749 1.760887
v -1.126721 3.558404 1.760090
v -1.073054 3.566900 1.759819
v -1.019388 3.558404 1.760090
v -0.970975 3.533749 1.760887
v -0.932554 3.495348 1.762123
v -0.907886 3.446960 1.763681
v -0.899387 3.393322 1.765409
v -0.914012 3.340809 1.740261
v -0.937765 3.294215 1.741760
v -0.974761 3.257238 1.742954
v -1.021379 3.233498 1.743719
v -1.073054 3.225318 1.743980
v -1.124730 3.233498 1.743719
v -1.171348 3.257238 1.742954
v -1.208344 3.294215 1.741760
v -1.232097 3.340809 1.740261
v -1.240281 3.392458 1.738596
v -1.232097 3.444107 1.736933
v -1.208344 3.490700 1.735432
v -1.171348 3.527677 1.734240
v -1.124730 3.551418 1.733475
v -1.073054 3.559598 1.733208
v -1.021379 3.551418 1.733475
v -0.974761 3.527677 1.734240
v -0.937765 3.490700 1.735432
v -0.914012 3.444107 1.736933
v -0.905828 3.392458 1.738596
v -0.924054 3.343249 1.714676
v -0.946307 3.299597 1.716085
v -0.980967 3.264955 1.717199
v -1.024641 3.242714 1.717918
v -1.073054 3.235050 1.718163
v -1.121468 3.242714 1.717918
v -1.165142 3.264955 1.717199
v -1.199802 3.299597 1.716085
v -1.222055 3.343249 1.714676
v -1.229723 3.391637 1.713120
v -1.222055 3.440025 1.711559
v -1.199802 3.483676 1.710154
v -1.165142 3.518318 1.709036
v -1.121468 3.540560 1.708321
v -1.073054 3.548223 1.708073
v -1.024641 3.540560 1.708321
v -0.980967 3.518318 1.709036
v -0.946307 3.483676 1.710154
v -0.924054 3.440025 1.711559
v -0.916386 3.391637 1.713120
v -0.937765 3.346944 1.691019
v -0.957970 3.307309 1.692301
v -0.989441 3.275854 1.693312
v -1.029096 3.255660 1.693964
v -1.073054 3.248701 1.694185
v -1.117013 3.255660 1.693964
v -1.156668 3.275854 1.693312
v -1.188138 3.307309 1.692301
v -1.208344 3.346944 1.691019
v -1.215306 3.390879 1.689604
v -1.208344 3.434814 1.688189
v -1.188138 3.474449 1.686911
v -1.156668 3.505903 1.685900
v -1.117013 3.526098 1.685246
v -1.073054 3.533057 1.685024
v -1.029096 3.526098 1.685246
v -0.989441 3.505903 1.685900
v -0.957970 3.474449 1.686911
v -0.937765 3.434814 1.688189
v -0.930803 3.390879 1.689604
v -0.954807 3.351802 1.669874
v -0.972467 3.317161 1.670990
v -0.999974 3.289668 1.671873
v -1.034634 3.272017 1.672445
v -1.073054 3.265935 1.672638
v -1.111475 3.272017 1.672445
v -1.146135 3.289668 1.671873
v -1.173642 3.317161 1.670990
v -1.191302 3.351802 1.669874
v -1.197387 3.390203 1.668636
v -1.191302 3.428604 1.667398
v -1.173642 3.463246 1.666283
v -1.146135 3.490738 1.665396
v -1.111475 3.508389 1.664827
v -1.073054 3.514471 1.664633
v -1.034634 3.508389 1.664827
v -0.999974 3.490738 1.665396
v -0.972467 3.463246 1.666283
v -0.954807 3.428604 1.667398
v -0.948722 3.390203 1.668636
v -0.974761 3.357705 1.651754
v -0.989441 3.328909 1.652683
v -1.012306 3.306056 1.653419
v -1.041117 3.291384 1.653889
v -1.073054 3.286328 1.654055
v -1.104992 3.291384 1.653889
v -1.133803 3.306056 1.653419
v -1.156668 3.328909 1.652683
v -1.171348 3.357705 1.651754
v -1.176406 3.389626 1.650726
v -1.171348 3.421547 1.649698
v -1.156668 3.450343 1.648769
v -1.133803 3.473196 1.648033
v -1.104992 3.487869 1.647558
v -1.073054 3.492924 1.647398
v -1.041117 3.487869 1.647558
v -1.012306 3.473196 1.648033
v -0.989441 3.450343 1.648769
v -0.974761 3.421547 1.649698
v -0.969703 3.389626 1.650726
v -0.997135 3.364507 1.637110
v -1.008474 3.342266 1.637827
v -1.026134 3.324614 1.638395
v -1.048387 3.313282 1.638760
v -1.073054 3.309377 1.638885
v -1.097722 3.313282 1.638760
v -1.119975 3.324614 1.638395
v -1.137635 3.342266 1.637827
v -1.148974 3.364507 1.637110
v -1.152881 3.389162 1.636314
v -1.148974 3.413817 1.635521
v -1.137635 3.436058 1.634804
v -1.119975 3.453709 1.634235
v -1.097722 3.465042 1.633869
v -1.073054 3.468947 1.633743
v -1.048387 3.465042 1.633869
v -1.026134 3.453709 1.634235
v -1.008474 3.436058 1.634804
v -0.997135 3.413817 1.635521
v -0.993228 3.389162 1.636314
v -1.021379 3.372040 1.626305
v -1.029096 3.356901 1.626791
v -1.041117 3.344886 1.627178
v -1.056264 3.337172 1.627428
v -1.073054 3.334515 1.627514
v -1.089845 3.337172 1.627428
v -1.104992 3.344886 1.627178
v -1.117013 3.356901 1.626791
v -1.124730 3.372040 1.626305
v -1.127390 3.388821 1.625761
v -1.124730 3.405603 1.625223
v -1.117013 3.420742 1.624731
v -1.104992 3.432757 1.624348
v -1.089845 3.440471 1.624098
v -1.073054 3.443129 1.624014
v -1.056264 3.440471 1.624098
v -1.041117 3.432757 1.624348
v -1.029096 3.420742 1.624731
v -1.021379 3.405603 1.625223
v -1.018719 3.388821 1.625761
v -1.046894 3.380119 1.619600
v -1.050801 3.372455 1.619844
v -1.056887 3.366373 1.620045
v -1.064555 3.362468 1.620167
v -1.073054 3.361122 1.620213
v -1.081554 3.362468 1.620167
v -1.089222 3.366373 1.620045
v -1.095307 3.372455 1.619844
v -1.099214 3.380119 1.619600
v -1.100561 3.388614 1.619324
v -1.099214 3.397110 1.619053
v -1.095307 3.404773 1.618803
v -1.089222 3.410856 1.618608
v -1.081554 3.414761 1.618483
v -1.073054 3.416106 1.618441
v -1.064555 3.414761 1.618483
v -1.056887 3.410856 1.618608
v -1.050801 3.404773 1.618803
v -1.046894 3.397110 1.619053
v -1.045548 3.388614 1.619324
v -1.073054 3.399871 1.968643
v -1.073054 3.388545 1.617163
v -2.245958 3.911423 4.399353
v 2.150050 3.907425 4.400457
v -2.245958 3.911423 3.793663
v 2.145585 3.911423 3.793663
v 1.746354 4.911423 4.399353
v 1.746354 4.911423 3.793663
v 1.746354 3.911423 3.793663
v 1.750819 3.907425 4.400457
v 1.347122 5.069573 4.399353
v 1.347122 5.069573 3.793663
v 1.347122 3.911423 3.793663
v 1.347122 3.911423 4.399353
v 0.947891 5.570538 4.399353
v 0.947891 5.570538 3.793663
v 0.947891 3.911423 3.793663
v 0.947891 3.911423 4.399353
v 0.548660 6.601096 4.399353
v 0.548660 6.601096 3.793663
v 0.548660 3.911423 3.793663
v 0.548660 3.911423 4.399353
v 0.149429 6.936126 4.399353
v 0.149429 6.936126 3.793663
v 0.149429 3.911423 3.793663
v 0.149429 3.911423 4.399353
v -0.249802 6.936126 4.399353
v -0.249802 6.936126 3.793663
v -0.249802 3.911423 3.793663
v -0.249802 3.911423 4.399353
v -0.649034 6.601096 4.399353
v -0.649034 6.601096 3.793663
v -0.649034 3.911423 3.793663
v -0.649034 3.911423 4.399353
v -1.048265 5.570538 4.399353
v -1.048265 5.570538 3.793663
v -1.048265 3.911423 3.793663
v -1.048265 3.911423 4.399353
v -1.447496 5.069573 4.399353
v -1.447496 5.069573 3.793663
v -1.447496 3.911423 3.793663
v -1.447496 3.911423 4.399353
v -1.846727 4.911423 4.399353
v -1.846727 4.911423 3.793663
v -1.898692 3.911423 3.793663
v -1.846727 3.911423 4.399353
v -2.245958 4.711827 4.399353
v -2.046363 4.911423 4.399353
v -2.245958 4.711827 3.793663
v -2.046363 4.911423 3.793663
v 1.945989 4.911423 4.399353
v 2.145585 4.711827 4.399353
v 1.945989 4.911423 3.793663
v 2.145585 4.711827 3.793663
v 1.949087 3.907425 4.400457
v -2.044995 3.911423 4.399353
v 1.944998 3.911423 3.793663
v -2.056803 3.911423 3.793663
vt 0.023448 0.922377
vt 0.022334 0.911187
vt 0.050576 0.898907
vt 0.030808 0.929686
vt 0.043483 0.929668
vt 0.052450 0.922992
vt 0.047389 0.923958
vt 0.062377 0.928652
vt 0.057618 0.923408
vt 0.074949 0.927313
vt 0.081116 0.919277
vt 0.080485 0.908060
vt 0.081148 0.897263
vt 0.081300 0.885474
vt 0.076205 0.876040
vt 0.068845 0.868731
vt 0.057562 0.866769
vt 0.048154 0.867776
vt 0.038668 0.867784
vt 0.027783 0.870938
vt 0.021616 0.878974
vt 0.018026 0.888875
vt 0.020004 0.900550
vt 0.112793 0.912424
vt 0.114933 0.925198
vt 0.110231 0.927839
vt 0.107134 0.913429
vt 0.122580 0.933185
vt 0.119979 0.937618
vt 0.137002 0.935587
vt 0.135239 0.941239
vt 0.143281 0.938651
vt 0.142218 0.943974
vt 0.148803 0.939298
vt 0.154254 0.938200
vt 0.155695 0.943444
vt 0.148979 0.944635
vt 0.160276 0.934619
vt 0.174405 0.930964
vt 0.177647 0.935290
vt 0.162499 0.940155
vt 0.181387 0.922404
vt 0.186291 0.924336
vt 0.182331 0.909397
vt 0.187915 0.909829
vt 0.182974 0.896230
vt 0.188497 0.896082
vt 0.182461 0.882341
vt 0.187818 0.880691
vt 0.176824 0.871632
vt 0.181109 0.868141
vt 0.168479 0.863847
vt 0.170920 0.859056
vt 0.156124 0.861101
vt 0.156757 0.855686
vt 0.145127 0.861687
vt 0.144952 0.856024
vt 0.134070 0.862129
vt 0.133016 0.856856
vt 0.121921 0.866231
vt 0.118799 0.861561
vt 0.114434 0.874979
vt 0.109747 0.872057
vt 0.109927 0.886057
vt 0.104615 0.885120
vt 0.110821 0.899657
vt 0.105262 0.900076
vt 0.114728 0.911685
vt 0.116548 0.923825
vt 0.123977 0.931562
vt 0.137677 0.933517
vt 0.142868 0.934028
vt 0.148601 0.933929
vt 0.154301 0.933534
vt 0.159421 0.932594
vt 0.172881 0.929476
vt 0.179651 0.921174
vt 0.180337 0.908889
vt 0.180959 0.896567
vt 0.180621 0.883399
vt 0.175232 0.873246
vt 0.167329 0.865763
vt 0.155537 0.863217
vt 0.145215 0.863885
vt 0.134835 0.864202
vt 0.123242 0.868019
vt 0.116199 0.876430
vt 0.111878 0.886902
vt 0.112847 0.899760
vt 0.119625 0.921229
vt 0.118389 0.910292
vt 0.118929 0.910203
vt 0.120058 0.921018
vt 0.126593 0.928396
vt 0.126788 0.927949
vt 0.138825 0.929686
vt 0.138691 0.929184
vt 0.148113 0.923274
vt 0.143417 0.924264
vt 0.143179 0.923810
vt 0.148087 0.922756
vt 0.157940 0.928834
vt 0.152830 0.923756
vt 0.153012 0.923272
vt 0.158027 0.928312
vt 0.170026 0.926544
vt 0.169797 0.926119
vt 0.176341 0.918870
vt 0.175891 0.918696
vt 0.176564 0.907975
vt 0.176019 0.907958
vt 0.177134 0.897190
vt 0.176597 0.897195
vt 0.177128 0.885412
vt 0.176655 0.885546
vt 0.172244 0.876304
vt 0.171843 0.876616
vt 0.165112 0.869388
vt 0.164875 0.869814
vt 0.154470 0.867248
vt 0.154426 0.867758
vt 0.145395 0.868055
vt 0.145418 0.868599
vt 0.136235 0.868162
vt 0.136324 0.868673
vt 0.125766 0.871425
vt 0.126036 0.871829
vt 0.119529 0.879216
vt 0.119965 0.879500
vt 0.115583 0.888505
vt 0.116071 0.888585
vt 0.116687 0.899929
vt 0.117217 0.899870
vt 0.153711 0.928525
vt 0.148371 0.928552
vt 0.158633 0.930742
vt 0.171420 0.928045
vt 0.178017 0.919986
vt 0.178483 0.908399
vt 0.179074 0.896897
vt 0.178890 0.884435
vt 0.173735 0.874794
vt 0.166211 0.867589
vt 0.154976 0.865228
vt 0.145303 0.865962
vt 0.135564 0.866175
vt 0.124518 0.869729
vt 0.117865 0.877835
vt 0.113717 0.887735
vt 0.114744 0.899867
vt 0.116524 0.910969
vt 0.118064 0.922496
vt 0.125320 0.930008
vt 0.138300 0.931625
vt 0.143018 0.929031
vt 0.268620 0.909800
vt 0.268686 0.921005
vt 0.239353 0.900585
vt 0.262157 0.929016
vt 0.249585 0.929901
vt 0.245263 0.934524
vt 0.240328 0.936082
vt 0.235321 0.935036
vt 0.230758 0.930869
vt 0.218172 0.931279
vt 0.211222 0.923962
vt 0.210674 0.912782
vt 0.208889 0.902153
vt 0.207506 0.890487
vt 0.211567 0.880607
vt 0.218096 0.872596
vt 0.229071 0.869472
vt 0.238499 0.869486
vt 0.247899 0.868503
vt 0.259014 0.870490
vt 0.265964 0.877808
vt 0.270556 0.887243
vt 0.269816 0.899018
vt 0.174177 0.821713
vt 0.173574 0.822439
vt 0.168435 0.821386
vt 0.169714 0.820217
vt 0.173285 0.823228
vt 0.167555 0.822773
vt 0.173376 0.824033
vt 0.167220 0.824374
vt 0.173910 0.824777
vt 0.167626 0.826140
vt 0.189204 0.824072
vt 0.189602 0.823269
vt 0.195404 0.823221
vt 0.195077 0.824959
vt 0.189588 0.822447
vt 0.195028 0.821650
vt 0.189219 0.821676
vt 0.194125 0.820312
vt 0.188556 0.820998
vt 0.192833 0.819221
vt 0.187658 0.820433
vt 0.191256 0.818366
vt 0.186579 0.819991
vt 0.189470 0.817726
vt 0.185365 0.819672
vt 0.187536 0.817280
vt 0.184058 0.819471
vt 0.185500 0.817008
vt 0.182692 0.819384
vt 0.183400 0.816893
vt 0.181298 0.819405
vt 0.181270 0.816925
vt 0.179909 0.819532
vt 0.179139 0.817098
vt 0.178552 0.819763
vt 0.177038 0.817410
vt 0.177262 0.820097
vt 0.175002 0.817866
vt 0.176074 0.820534
vt 0.173068 0.818476
vt 0.175029 0.821074
vt 0.171286 0.819254
vt 0.164360 0.819532
vt 0.166317 0.818163
vt 0.162757 0.821245
vt 0.161665 0.823381
vt 0.161340 0.826019
vt 0.200557 0.822162
vt 0.200760 0.824754
vt 0.199561 0.820034
vt 0.198025 0.818344
vt 0.196117 0.817037
vt 0.193948 0.816054
vt 0.191596 0.815344
vt 0.189114 0.814864
vt 0.186545 0.814580
vt 0.183920 0.814469
vt 0.181268 0.814515
vt 0.178613 0.814710
vt 0.175981 0.815052
vt 0.173399 0.815548
vt 0.170899 0.816214
vt 0.168521 0.817073
vt 0.161063 0.817143
vt 0.163633 0.815752
vt 0.158736 0.818940
vt 0.156770 0.821290
vt 0.155373 0.824413
vt 0.205144 0.820220
vt 0.206193 0.823409
vt 0.203403 0.817780
vt 0.201220 0.815939
vt 0.198743 0.814568
vt 0.196065 0.813569
vt 0.193247 0.812867
vt 0.190331 0.812406
vt 0.187347 0.812145
vt 0.184321 0.812055
vt 0.181272 0.812117
vt 0.178220 0.812322
vt 0.175183 0.812667
vt 0.172179 0.813159
vt 0.169234 0.813816
vt 0.166373 0.814665
vt 0.158411 0.814385
vt 0.161505 0.813099
vt 0.155434 0.816075
vt 0.152617 0.818354
vt 0.150050 0.821535
vt 0.209131 0.817542
vt 0.211184 0.821001
vt 0.206621 0.815033
vt 0.203830 0.813209
vt 0.200852 0.811892
vt 0.197745 0.810956
vt 0.194546 0.810316
vt 0.191282 0.809909
vt 0.187972 0.809692
vt 0.184633 0.809632
vt 0.181277 0.809713
vt 0.177917 0.809920
vt 0.174565 0.810252
vt 0.171233 0.810714
vt 0.167935 0.811321
vt 0.164687 0.812101
vt 0.156328 0.811368
vt 0.159847 0.810275
vt 0.152805 0.812811
vt 0.149244 0.814792
vt 0.145584 0.817648
vt 0.212478 0.814269
vt 0.215557 0.817661
vt 0.209248 0.811904
vt 0.205919 0.810236
vt 0.202518 0.809061
vt 0.199060 0.808248
vt 0.195557 0.807707
vt 0.192018 0.807378
vt 0.188454 0.807218
vt 0.184872 0.807197
vt 0.181279 0.807295
vt 0.177682 0.807500
vt 0.174088 0.807809
vt 0.170503 0.808223
vt 0.166932 0.808754
vt 0.163380 0.809426
vt 0.154762 0.808169
vt 0.158605 0.807331
vt 0.150817 0.809267
vt 0.146663 0.810781
vt 0.142099 0.813008
vt 0.215153 0.810526
vt 0.219173 0.813544
vt 0.211299 0.808486
vt 0.207527 0.807082
vt 0.203787 0.806117
vt 0.200053 0.805468
vt 0.196315 0.805055
vt 0.192568 0.804821
vt 0.188812 0.804728
vt 0.185048 0.804748
vt 0.181278 0.804864
vt 0.177505 0.805063
vt 0.173731 0.805341
vt 0.169957 0.805694
vt 0.166183 0.806132
vt 0.162403 0.806668
vt 0.153678 0.804847
vt 0.157745 0.804304
vt 0.149441 0.805537
vt 0.144873 0.806471
vt 0.139664 0.807854
vt 0.217128 0.806428
vt 0.221920 0.808812
vt 0.212786 0.804854
vt 0.208676 0.803796
vt 0.204685 0.803092
vt 0.200751 0.802639
vt 0.196845 0.802371
vt 0.192950 0.802243
vt 0.189058 0.802223
vt 0.185167 0.802288
vt 0.181274 0.802421
vt 0.177379 0.802612
vt 0.173481 0.802852
vt 0.169577 0.803137
vt 0.165662 0.803469
vt 0.161726 0.803854
vt 0.153055 0.801452
vt 0.157247 0.801224
vt 0.148657 0.801697
vt 0.143865 0.801989
vt 0.138306 0.802401
vt 0.218383 0.802079
vt 0.223716 0.803631
vt 0.213711 0.801076
vt 0.209380 0.800425
vt 0.205228 0.800015
vt 0.201169 0.799778
vt 0.197159 0.799668
vt 0.193174 0.799653
vt 0.189201 0.799710
vt 0.185234 0.799821
vt 0.181268 0.799970
vt 0.177302 0.800149
vt 0.173331 0.800348
vt 0.169352 0.800560
vt 0.165357 0.800778
vt 0.161331 0.801001
vt 0.152879 0.798025
vt 0.157099 0.798120
vt 0.148451 0.797815
vt 0.143625 0.797447
vt 0.138028 0.796853
vt 0.218899 0.797583
vt 0.224496 0.798177
vt 0.214073 0.797215
vt 0.209645 0.797005
vt 0.205425 0.796911
vt 0.201315 0.796902
vt 0.197265 0.796957
vt 0.193247 0.797060
vt 0.189245 0.797195
vt 0.185252 0.797350
vt 0.181262 0.797515
vt 0.177272 0.797680
vt 0.173278 0.797836
vt 0.169276 0.797970
vt 0.165258 0.798072
vt 0.161208 0.798128
vt 0.153143 0.794605
vt 0.157296 0.795015
vt 0.148813 0.793954
vt 0.144141 0.792951
vt 0.138808 0.791398
vt 0.218660 0.793042
vt 0.224218 0.792629
vt 0.213867 0.793333
vt 0.209469 0.793578
vt 0.205276 0.793806
vt 0.201193 0.794029
vt 0.197167 0.794251
vt 0.193171 0.794470
vt 0.189192 0.794682
vt 0.185222 0.794881
vt 0.181255 0.795060
vt 0.177289 0.795209
vt 0.173322 0.795320
vt 0.169350 0.795377
vt 0.165364 0.795362
vt 0.161354 0.795252
vt 0.153847 0.791233
vt 0.157839 0.791938
vt 0.149738 0.790176
vt 0.145396 0.788602
vt 0.140604 0.786218
vt 0.217651 0.788559
vt 0.222861 0.787177
vt 0.213084 0.789494
vt 0.208846 0.790182
vt 0.204778 0.790727
vt 0.200798 0.791177
vt 0.196861 0.791561
vt 0.192946 0.791893
vt 0.189042 0.792179
vt 0.185144 0.792418
vt 0.181249 0.792608
vt 0.177356 0.792742
vt 0.173465 0.792807
vt 0.169574 0.792787
vt 0.165679 0.792659
vt 0.161772 0.792391
vt 0.154997 0.787948
vt 0.158737 0.788913
vt 0.151225 0.786544
vt 0.147371 0.784504
vt 0.143352 0.781485
vt 0.215861 0.784249
vt 0.220425 0.782023
vt 0.211707 0.785763
vt 0.207763 0.786861
vt 0.203919 0.787699
vt 0.200121 0.788362
vt 0.196341 0.788898
vt 0.192566 0.789336
vt 0.188792 0.789690
vt 0.185018 0.789967
vt 0.181246 0.790166
vt 0.177476 0.790282
vt 0.173712 0.790302
vt 0.169955 0.790209
vt 0.166208 0.789975
vt 0.162470 0.789561
vt 0.156605 0.784794
vt 0.160006 0.785968
vt 0.153276 0.783125
vt 0.150046 0.780761
vt 0.146968 0.777368
vt 0.213281 0.780239
vt 0.216941 0.777383
vt 0.209719 0.782219
vt 0.206196 0.783663
vt 0.202677 0.784755
vt 0.199144 0.785605
vt 0.195591 0.786276
vt 0.192021 0.786807
vt 0.188435 0.787222
vt 0.184841 0.787530
vt 0.181245 0.787735
vt 0.177652 0.787833
vt 0.174069 0.787812
vt 0.170505 0.787651
vt 0.166967 0.787323
vt 0.163464 0.786782
vt 0.158695 0.781820
vt 0.161672 0.783138
vt 0.155903 0.779996
vt 0.153393 0.777487
vt 0.151341 0.774028
vt 0.209908 0.776677
vt 0.212475 0.773495
vt 0.207091 0.778955
vt 0.204113 0.780645
vt 0.201019 0.781932
vt 0.197837 0.782929
vt 0.194588 0.783709
vt 0.191291 0.784316
vt 0.187959 0.784778
vt 0.184607 0.785110
vt 0.181247 0.785318
vt 0.177891 0.785398
vt 0.174551 0.785338
vt 0.171241 0.785121
vt 0.167977 0.784714
vt 0.164779 0.784073
vt 0.161304 0.779091
vt 0.163781 0.780461
vt 0.159121 0.777249
vt 0.157381 0.774809
vt 0.156332 0.771620
vt 0.205754 0.773740
vt 0.207153 0.770617
vt 0.203789 0.776091
vt 0.201462 0.777887
vt 0.198892 0.779279
vt 0.196151 0.780365
vt 0.193290 0.781214
vt 0.190344 0.781871
vt 0.187341 0.782363
vt 0.184304 0.782708
vt 0.181251 0.782913
vt 0.178203 0.782975
vt 0.175176 0.782885
vt 0.172193 0.782624
vt 0.169277 0.782162
vt 0.166459 0.781460
vt 0.164499 0.776685
vt 0.166407 0.777992
vt 0.162964 0.774995
vt 0.161968 0.772867
vt 0.161765 0.770276
vt 0.200860 0.771650
vt 0.201185 0.769012
vt 0.199769 0.773785
vt 0.198164 0.775498
vt 0.196207 0.776867
vt 0.194004 0.777957
vt 0.191625 0.778816
vt 0.189125 0.779482
vt 0.186543 0.779978
vt 0.183911 0.780320
vt 0.181256 0.780515
vt 0.178604 0.780561
vt 0.175979 0.780450
vt 0.173410 0.780166
vt 0.170928 0.779686
vt 0.168576 0.778975
vt 0.168399 0.774718
vt 0.169691 0.775809
vt 0.167497 0.773380
vt 0.167121 0.771808
vt 0.167449 0.770071
vt 0.195306 0.770657
vt 0.194900 0.768890
vt 0.194971 0.772258
vt 0.194090 0.773645
vt 0.192811 0.774813
vt 0.191239 0.775776
vt 0.189456 0.776554
vt 0.187522 0.777164
vt 0.185486 0.777620
vt 0.183386 0.777932
vt 0.181254 0.778105
vt 0.179124 0.778137
vt 0.177024 0.778022
vt 0.174988 0.777750
vt 0.173054 0.777303
vt 0.171269 0.776664
vt 0.173306 0.773354
vt 0.173969 0.774032
vt 0.172936 0.772582
vt 0.172924 0.771761
vt 0.173322 0.770958
vt 0.189149 0.770997
vt 0.188616 0.770253
vt 0.189241 0.771802
vt 0.188951 0.772591
vt 0.188348 0.773317
vt 0.187496 0.773956
vt 0.186451 0.774496
vt 0.185263 0.774934
vt 0.183972 0.775267
vt 0.182616 0.775498
vt 0.181226 0.775625
vt 0.179833 0.775646
vt 0.178466 0.775559
vt 0.177159 0.775358
vt 0.175946 0.775038
vt 0.174867 0.774596
vt 0.181493 0.822280
vt 0.181032 0.772750
vt 0.231709 0.692555
vt 0.223199 0.692309
vt 0.223366 0.686532
vt 0.231875 0.686778
vt 0.175853 0.701881
vt 0.175637 0.710890
vt 0.165972 0.710658
vt 0.166188 0.701649
vt 0.009122 0.684119
vt 0.017860 0.684267
vt 0.017759 0.690198
vt 0.009021 0.690050
vt 0.080770 0.375535
vt 0.080569 0.384632
vt 0.070808 0.384415
vt 0.071010 0.375318
vt 0.073375 0.445022
vt 0.082687 0.445030
vt 0.082683 0.450921
vt 0.073370 0.450914
vt 0.165086 0.626044
vt 0.174691 0.626005
vt 0.174643 0.632082
vt 0.165038 0.632004
vt 0.069046 0.625154
vt 0.078650 0.625231
vt 0.078601 0.631308
vt 0.068997 0.631230
vt 0.178683 0.377957
vt 0.178394 0.387052
vt 0.168628 0.386752
vt 0.168926 0.377648
vt 0.166496 0.450989
vt 0.166501 0.445097
vt 0.175813 0.445105
vt 0.175808 0.450997
vt 0.079199 0.699561
vt 0.078982 0.708571
vt 0.069317 0.708339
vt 0.069533 0.699329
vt 0.073169 0.518449
vt 0.084863 0.518145
vt 0.084800 0.525956
vt 0.073107 0.525928
vt 0.157183 0.450982
vt 0.157188 0.445090
vt 0.088864 0.699793
vt 0.088648 0.708803
vt 0.096557 0.518234
vt 0.096494 0.525983
vt 0.147871 0.450974
vt 0.147875 0.445082
vt 0.098530 0.700025
vt 0.098313 0.709035
vt 0.108227 0.518900
vt 0.108188 0.526011
vt 0.138558 0.450967
vt 0.138563 0.445075
vt 0.108195 0.700257
vt 0.107979 0.709267
vt 0.119921 0.518709
vt 0.119882 0.526038
vt 0.129245 0.450959
vt 0.129250 0.445067
vt 0.117860 0.700489
vt 0.117644 0.709498
vt 0.131659 0.518655
vt 0.131664 0.526065
vt 0.119933 0.450951
vt 0.119938 0.445059
vt 0.127526 0.700721
vt 0.127310 0.709731
vt 0.143353 0.518683
vt 0.143358 0.526093
vt 0.110620 0.450944
vt 0.110625 0.445052
vt 0.137191 0.700953
vt 0.136975 0.709962
vt 0.155025 0.518582
vt 0.155052 0.526120
vt 0.101308 0.450936
vt 0.101312 0.445045
vt 0.146857 0.701185
vt 0.146641 0.710194
vt 0.166719 0.518296
vt 0.166745 0.526147
vt 0.091995 0.450929
vt 0.092000 0.445037
vt 0.156522 0.701417
vt 0.156306 0.710426
vt 0.178412 0.518906
vt 0.178439 0.526174
vt 0.164598 0.686693
vt 0.174202 0.686770
vt 0.174153 0.692847
vt 0.164549 0.692770
vt 0.154993 0.686616
vt 0.154944 0.692692
vt 0.145389 0.686538
vt 0.145340 0.692615
vt 0.135785 0.686461
vt 0.135736 0.692537
vt 0.126181 0.686383
vt 0.126132 0.692460
vt 0.116577 0.686306
vt 0.116528 0.692383
vt 0.106973 0.686229
vt 0.106924 0.692305
vt 0.097368 0.686151
vt 0.097319 0.692228
vt 0.087764 0.686074
vt 0.087715 0.692150
vt 0.078160 0.685996
vt 0.078111 0.692073
vt 0.068556 0.685919
vt 0.068507 0.691995
vt 0.010125 0.624808
vt 0.018863 0.624956
vt 0.018763 0.630887
vt 0.010025 0.630739
vt 0.166448 0.509909
vt 0.166453 0.504017
vt 0.175765 0.504025
vt 0.175761 0.509917
vt 0.157136 0.509902
vt 0.157140 0.504010
vt 0.147823 0.509894
vt 0.147828 0.504002
vt 0.138510 0.509887
vt 0.138515 0.503995
vt 0.129198 0.509879
vt 0.129203 0.503987
vt 0.119885 0.509872
vt 0.119890 0.503980
vt 0.110573 0.509864
vt 0.110577 0.503972
vt 0.101260 0.509856
vt 0.101265 0.503964
vt 0.091947 0.509849
vt 0.091952 0.503957
vt 0.082635 0.509841
vt 0.082640 0.503949
vt 0.073327 0.503942
vt 0.073322 0.509834
vt 0.233378 0.634792
vt 0.224868 0.634546
vt 0.225035 0.628770
vt 0.233544 0.629016
vt 0.164647 0.680616
vt 0.174251 0.680694
vt 0.148509 0.644995
vt 0.156048 0.645128
vt 0.155963 0.649898
vt 0.148425 0.649765
vt 0.140971 0.644862
vt 0.140886 0.649631
vt 0.133433 0.644728
vt 0.133348 0.649497
vt 0.125894 0.644594
vt 0.125810 0.649364
vt 0.116626 0.680229
vt 0.126230 0.680307
vt 0.109379 0.645737
vt 0.117529 0.645753
vt 0.117519 0.650909
vt 0.109369 0.650893
vt 0.101229 0.645721
vt 0.101219 0.650877
vt 0.093080 0.645705
vt 0.093070 0.650861
vt 0.084930 0.645689
vt 0.084920 0.650845
vt 0.068605 0.679842
vt 0.078209 0.679920
vt 0.018662 0.636818
vt 0.009924 0.636670
vt 0.166458 0.498125
vt 0.175770 0.498133
vt 0.157145 0.498118
vt 0.147832 0.498110
vt 0.138520 0.498103
vt 0.129207 0.498095
vt 0.119895 0.498088
vt 0.110582 0.498080
vt 0.101270 0.498073
vt 0.091957 0.498065
vt 0.082644 0.498058
vt 0.073332 0.498050
vt 0.233211 0.640569
vt 0.224701 0.640323
vt 0.164696 0.674540
vt 0.174300 0.674617
vt 0.148594 0.640226
vt 0.156132 0.640359
vt 0.141055 0.640092
vt 0.133517 0.639958
vt 0.125979 0.639825
vt 0.116675 0.674153
vt 0.126279 0.674230
vt 0.109389 0.640581
vt 0.117539 0.640597
vt 0.101240 0.640565
vt 0.093090 0.640549
vt 0.084940 0.640533
vt 0.068654 0.673766
vt 0.078258 0.673844
vt 0.018562 0.642749
vt 0.009824 0.642601
vt 0.166462 0.492233
vt 0.175775 0.492241
vt 0.157150 0.492226
vt 0.147837 0.492218
vt 0.138525 0.492211
vt 0.129212 0.492203
vt 0.119900 0.492196
vt 0.110587 0.492188
vt 0.101274 0.492180
vt 0.091962 0.492173
vt 0.082649 0.492165
vt 0.073337 0.492158
vt 0.233044 0.646345
vt 0.224534 0.646099
vt 0.164745 0.668463
vt 0.174349 0.668541
vt 0.148678 0.635456
vt 0.156217 0.635590
vt 0.141140 0.635323
vt 0.133602 0.635189
vt 0.126063 0.635055
vt 0.116724 0.668077
vt 0.126328 0.668154
vt 0.109399 0.635424
vt 0.117549 0.635441
vt 0.101250 0.635408
vt 0.093100 0.635392
vt 0.084950 0.635376
vt 0.068703 0.667690
vt 0.078307 0.667767
vt 0.018462 0.648680
vt 0.009724 0.648532
vt 0.166467 0.486341
vt 0.175780 0.486349
vt 0.157155 0.486334
vt 0.147842 0.486326
vt 0.138529 0.486319
vt 0.129217 0.486311
vt 0.119904 0.486304
vt 0.110592 0.486296
vt 0.101279 0.486288
vt 0.091967 0.486281
vt 0.082654 0.486273
vt 0.073341 0.486266
vt 0.232877 0.652121
vt 0.224367 0.651875
vt 0.164793 0.662387
vt 0.174398 0.662464
vt 0.155189 0.662310
vt 0.155140 0.668386
vt 0.145585 0.662232
vt 0.145536 0.668309
vt 0.135981 0.662155
vt 0.135932 0.668231
vt 0.126377 0.662077
vt 0.116773 0.662000
vt 0.107168 0.661923
vt 0.107119 0.667999
vt 0.097564 0.661845
vt 0.097515 0.667922
vt 0.087960 0.661768
vt 0.087911 0.667844
vt 0.078356 0.661690
vt 0.068752 0.661613
vt 0.018361 0.654611
vt 0.009623 0.654463
vt 0.166472 0.480449
vt 0.175785 0.480457
vt 0.157159 0.480442
vt 0.147847 0.480434
vt 0.138534 0.480427
vt 0.129222 0.480419
vt 0.119909 0.480412
vt 0.110596 0.480404
vt 0.101284 0.480397
vt 0.091971 0.480389
vt 0.082659 0.480381
vt 0.073346 0.480374
vt 0.232710 0.657897
vt 0.224200 0.657651
vt 0.164843 0.656310
vt 0.174447 0.656388
vt 0.166677 0.555741
vt 0.178370 0.555769
vt 0.178353 0.563167
vt 0.166659 0.563140
vt 0.154983 0.555714
vt 0.154966 0.563113
vt 0.143289 0.555688
vt 0.143272 0.563085
vt 0.131595 0.555660
vt 0.131578 0.563058
vt 0.119813 0.555632
vt 0.119795 0.563031
vt 0.108119 0.555605
vt 0.108102 0.563004
vt 0.096425 0.555577
vt 0.096408 0.562976
vt 0.084731 0.555551
vt 0.084714 0.562949
vt 0.073038 0.555523
vt 0.073020 0.562921
vt 0.068801 0.655536
vt 0.078405 0.655614
vt 0.018261 0.660542
vt 0.009523 0.660395
vt 0.166477 0.474557
vt 0.175789 0.474565
vt 0.157164 0.474550
vt 0.147852 0.474542
vt 0.138539 0.474535
vt 0.129226 0.474527
vt 0.119914 0.474520
vt 0.110601 0.474512
vt 0.101289 0.474504
vt 0.091976 0.474497
vt 0.082664 0.474489
vt 0.073351 0.474482
vt 0.232543 0.663674
vt 0.224033 0.663428
vt 0.164892 0.650234
vt 0.174496 0.650311
vt 0.166694 0.548343
vt 0.178387 0.548370
vt 0.155000 0.548315
vt 0.143306 0.548289
vt 0.131612 0.548260
vt 0.119830 0.548234
vt 0.108136 0.548206
vt 0.096442 0.548179
vt 0.084749 0.548151
vt 0.073055 0.548125
vt 0.068850 0.649460
vt 0.078454 0.649537
vt 0.018161 0.666474
vt 0.009423 0.666326
vt 0.166481 0.468665
vt 0.175794 0.468673
vt 0.157169 0.468658
vt 0.147856 0.468650
vt 0.138544 0.468643
vt 0.129231 0.468635
vt 0.119919 0.468628
vt 0.110606 0.468620
vt 0.101293 0.468613
vt 0.091981 0.468605
vt 0.082668 0.468598
vt 0.073356 0.468590
vt 0.232376 0.669450
vt 0.223866 0.669204
vt 0.164940 0.644157
vt 0.174545 0.644235
vt 0.166711 0.540944
vt 0.178405 0.540972
vt 0.155017 0.540917
vt 0.143323 0.540890
vt 0.131630 0.540863
vt 0.119847 0.540835
vt 0.108153 0.540808
vt 0.096459 0.540781
vt 0.084766 0.540753
vt 0.073072 0.540726
vt 0.068899 0.643383
vt 0.078503 0.643461
vt 0.018060 0.672405
vt 0.009322 0.672257
vt 0.166486 0.462773
vt 0.175799 0.462781
vt 0.157174 0.462766
vt 0.147861 0.462758
vt 0.138548 0.462751
vt 0.129236 0.462743
vt 0.119923 0.462736
vt 0.110611 0.462728
vt 0.101298 0.462721
vt 0.091986 0.462713
vt 0.082673 0.462705
vt 0.073360 0.462698
vt 0.232209 0.675226
vt 0.223700 0.674980
vt 0.164989 0.638081
vt 0.174594 0.638158
vt 0.166728 0.533546
vt 0.178422 0.533573
vt 0.155035 0.533519
vt 0.143341 0.533491
vt 0.131647 0.533464
vt 0.119864 0.533436
vt 0.108171 0.533409
vt 0.096477 0.533382
vt 0.084783 0.533355
vt 0.073089 0.533328
vt 0.068948 0.637307
vt 0.078552 0.637384
vt 0.017960 0.678336
vt 0.009222 0.678188
vt 0.166491 0.456881
vt 0.175804 0.456889
vt 0.157178 0.456874
vt 0.147866 0.456866
vt 0.138553 0.456859
vt 0.129241 0.456851
vt 0.119928 0.456843
vt 0.110616 0.456836
vt 0.101303 0.456828
vt 0.091990 0.456821
vt 0.082678 0.456813
vt 0.073365 0.456806
vt 0.232042 0.681002
vt 0.223533 0.680756
vt 0.141596 0.655994
vt 0.143508 0.655941
vt 0.143529 0.656688
vt 0.141617 0.656741
vt 0.146530 0.655860
vt 0.146551 0.656607
vt 0.149552 0.655779
vt 0.149573 0.656525
vt 0.152574 0.655697
vt 0.152595 0.656444
vt 0.155596 0.655616
vt 0.155617 0.656363
vt 0.157508 0.655564
vt 0.157528 0.656310
vt 0.139685 0.656047
vt 0.139705 0.656794
vt 0.159420 0.655511
vt 0.159440 0.656257
vt 0.134751 0.656186
vt 0.137773 0.656100
vt 0.137793 0.656846
vt 0.134772 0.656933
vt 0.131729 0.656272
vt 0.131750 0.657019
vt 0.128708 0.656358
vt 0.128728 0.657105
vt 0.125686 0.656444
vt 0.125707 0.657191
vt 0.161332 0.655458
vt 0.161352 0.656205
vt 0.101661 0.657699
vt 0.099674 0.657665
vt 0.099687 0.656889
vt 0.101674 0.656922
vt 0.096532 0.657616
vt 0.096545 0.656839
vt 0.093391 0.657566
vt 0.093404 0.656790
vt 0.090249 0.657516
vt 0.090262 0.656740
vt 0.087108 0.657467
vt 0.087121 0.656690
vt 0.085120 0.657434
vt 0.085133 0.656657
vt 0.103649 0.657732
vt 0.103662 0.656955
vt 0.083133 0.657400
vt 0.083146 0.656624
vt 0.108778 0.657820
vt 0.105636 0.657765
vt 0.105649 0.656989
vt 0.108791 0.657043
vt 0.111919 0.657875
vt 0.111932 0.657098
vt 0.115061 0.657930
vt 0.115074 0.657153
vt 0.118202 0.657985
vt 0.118215 0.657208
vt 0.081145 0.657367
vt 0.081158 0.656591
vt 0.052790 0.643328
vt 0.061383 0.643473
vt 0.061283 0.649405
vt 0.052690 0.649259
vt 0.052590 0.655190
vt 0.061183 0.655336
vt 0.052489 0.661121
vt 0.061082 0.661267
vt 0.052389 0.667052
vt 0.060982 0.667198
vt 0.052289 0.672984
vt 0.060882 0.673129
vt 0.052188 0.678915
vt 0.060781 0.679060
vt 0.052088 0.684846
vt 0.060681 0.684991
vt 0.051988 0.690777
vt 0.060581 0.690922
vt 0.167650 0.422326
vt 0.177407 0.422682
vt 0.177170 0.431628
vt 0.167412 0.431370
vt 0.157888 0.422063
vt 0.157653 0.431112
vt 0.148129 0.421811
vt 0.147894 0.430859
vt 0.138374 0.421575
vt 0.138135 0.430621
vt 0.128613 0.421342
vt 0.128376 0.430386
vt 0.118816 0.421106
vt 0.118617 0.430150
vt 0.109057 0.420871
vt 0.108857 0.429915
vt 0.099315 0.420635
vt 0.099098 0.429680
vt 0.089553 0.420394
vt 0.089339 0.429445
vt 0.079781 0.420169
vt 0.079579 0.429214
vt 0.070019 0.420051
vt 0.069820 0.428997
vt 0.190031 0.685570
vt 0.189865 0.691346
vt 0.181496 0.691104
vt 0.181662 0.685328
vt 0.190198 0.679793
vt 0.181830 0.679551
vt 0.190365 0.674017
vt 0.181996 0.673775
vt 0.190532 0.668241
vt 0.182163 0.667999
vt 0.190699 0.662464
vt 0.182330 0.662223
vt 0.190866 0.656688
vt 0.182497 0.656446
vt 0.191033 0.650912
vt 0.182664 0.650670
vt 0.191200 0.645136
vt 0.182831 0.644894
vt 0.191367 0.639360
vt 0.182998 0.639118
vt 0.191533 0.633583
vt 0.183165 0.633341
vt 0.191700 0.627807
vt 0.183331 0.627565
vt 0.165125 0.745950
vt 0.174790 0.746181
vt 0.174577 0.755041
vt 0.164912 0.754809
vt 0.155459 0.745718
vt 0.155246 0.754578
vt 0.145794 0.745486
vt 0.145581 0.754346
vt 0.136128 0.745254
vt 0.135916 0.754114
vt 0.126463 0.745022
vt 0.126250 0.753882
vt 0.116797 0.744790
vt 0.116585 0.753649
vt 0.107132 0.744558
vt 0.106919 0.753418
vt 0.097466 0.744326
vt 0.097254 0.753186
vt 0.087801 0.744094
vt 0.087588 0.752954
vt 0.078135 0.743862
vt 0.077923 0.752722
vt 0.068470 0.743630
vt 0.068257 0.752490
vt 0.052991 0.631466
vt 0.053091 0.625535
vt 0.061684 0.625680
vt 0.061584 0.631611
vt 0.052891 0.637397
vt 0.061484 0.637542
vt 0.044197 0.643183
vt 0.044097 0.649114
vt 0.043996 0.655045
vt 0.043896 0.660976
vt 0.043796 0.666907
vt 0.043695 0.672838
vt 0.043595 0.678770
vt 0.043495 0.684700
vt 0.043394 0.690632
vt 0.167874 0.413427
vt 0.177643 0.413737
vt 0.070217 0.411104
vt 0.079978 0.411285
vt 0.198400 0.685811
vt 0.198233 0.691587
vt 0.198567 0.680035
vt 0.198734 0.674259
vt 0.198901 0.668483
vt 0.199068 0.662706
vt 0.199235 0.656930
vt 0.199401 0.651154
vt 0.199568 0.645377
vt 0.199735 0.639601
vt 0.199902 0.633825
vt 0.200069 0.628049
vt 0.165337 0.737089
vt 0.175003 0.737321
vt 0.155672 0.736858
vt 0.146006 0.736625
vt 0.136341 0.736394
vt 0.126675 0.736161
vt 0.117010 0.735930
vt 0.107344 0.735698
vt 0.097679 0.735466
vt 0.088014 0.735234
vt 0.078348 0.735002
vt 0.068683 0.734770
vt 0.044398 0.631320
vt 0.044498 0.625390
vt 0.044297 0.637252
vt 0.035084 0.643029
vt 0.034984 0.648960
vt 0.034884 0.654891
vt 0.034783 0.660822
vt 0.034683 0.666753
vt 0.034583 0.672684
vt 0.034482 0.678615
vt 0.034382 0.684546
vt 0.034282 0.690477
vt 0.168145 0.403976
vt 0.177909 0.404251
vt 0.070427 0.401617
vt 0.080188 0.401833
vt 0.207275 0.686068
vt 0.207108 0.691844
vt 0.207442 0.680291
vt 0.207609 0.674515
vt 0.207776 0.668739
vt 0.207942 0.662963
vt 0.208109 0.657187
vt 0.208276 0.651410
vt 0.208443 0.645634
vt 0.208610 0.639858
vt 0.208777 0.634081
vt 0.208944 0.628305
vt 0.165563 0.727694
vt 0.175228 0.727926
vt 0.155897 0.727462
vt 0.146232 0.727230
vt 0.136566 0.726998
vt 0.126901 0.726766
vt 0.117235 0.726534
vt 0.107570 0.726302
vt 0.097904 0.726070
vt 0.088239 0.725838
vt 0.078574 0.725606
vt 0.068908 0.725374
vt 0.035285 0.631166
vt 0.035385 0.625235
vt 0.035185 0.637097
vt 0.026977 0.642891
vt 0.026877 0.648822
vt 0.026777 0.654754
vt 0.026676 0.660685
vt 0.026576 0.666616
vt 0.026476 0.672547
vt 0.026375 0.678478
vt 0.026275 0.684409
vt 0.026175 0.690340
vt 0.168386 0.395536
vt 0.178147 0.395812
vt 0.070614 0.393177
vt 0.080375 0.393393
vt 0.215170 0.686296
vt 0.215003 0.692072
vt 0.215337 0.680519
vt 0.215504 0.674743
vt 0.215671 0.668967
vt 0.215838 0.663191
vt 0.216005 0.657414
vt 0.216172 0.651638
vt 0.216339 0.645862
vt 0.216505 0.640086
vt 0.216672 0.634310
vt 0.216839 0.628533
vt 0.165763 0.719335
vt 0.175429 0.719567
vt 0.156098 0.719103
vt 0.146432 0.718871
vt 0.136767 0.718639
vt 0.127102 0.718407
vt 0.117436 0.718175
vt 0.107771 0.717943
vt 0.098105 0.717711
vt 0.088440 0.717479
vt 0.078774 0.717247
vt 0.069109 0.717015
vt 0.027178 0.631029
vt 0.027278 0.625098
vt 0.027078 0.636960
vt 0.035948 0.615936
vt 0.028549 0.615925
vt 0.028056 0.605024
vt 0.035964 0.605036
vt 0.222434 0.616377
vt 0.215177 0.616354
vt 0.215212 0.605455
vt 0.222469 0.605477
vt 0.185583 0.616260
vt 0.178185 0.616237
vt 0.178219 0.605337
vt 0.185618 0.605361
vt 0.166491 0.616210
vt 0.166526 0.605310
vt 0.154797 0.616182
vt 0.154832 0.605282
vt 0.143103 0.616155
vt 0.143138 0.605255
vt 0.131410 0.616128
vt 0.131444 0.605228
vt 0.119716 0.616100
vt 0.119732 0.605201
vt 0.108022 0.616073
vt 0.108038 0.605173
vt 0.096328 0.616046
vt 0.096344 0.605146
vt 0.084635 0.616019
vt 0.084651 0.605118
vt 0.072941 0.615991
vt 0.072957 0.605091
vt 0.065542 0.615980
vt 0.065559 0.605081
vt 0.192982 0.616284
vt 0.193016 0.605384
vt 0.058144 0.615969
vt 0.058160 0.605070
vt 0.200380 0.616307
vt 0.200415 0.605407
vt 0.050745 0.615958
vt 0.050761 0.605058
vt 0.207779 0.616331
vt 0.207813 0.605431
vt 0.043347 0.615947
vt 0.043363 0.605047
vt 0.028851 0.594528
vt 0.035980 0.594538
vt 0.043379 0.594549
vt 0.050777 0.594561
vt 0.058176 0.594572
vt 0.065574 0.594583
vt 0.072973 0.594594
vt 0.084667 0.594621
vt 0.096361 0.594649
vt 0.108054 0.594676
vt 0.119748 0.594703
vt 0.131477 0.594730
vt 0.143171 0.594758
vt 0.154865 0.594785
vt 0.166559 0.594813
vt 0.178253 0.594839
vt 0.185651 0.594863
vt 0.193050 0.594887
vt 0.200448 0.594910
vt 0.207847 0.594934
vt 0.215245 0.594957
vt 0.222502 0.594980
vt 0.029010 0.584415
vt 0.035995 0.584426
vt 0.043394 0.584437
vt 0.050792 0.584448
vt 0.058191 0.584459
vt 0.065590 0.584470
vt 0.072988 0.584481
vt 0.084682 0.584508
vt 0.096376 0.584535
vt 0.108070 0.584563
vt 0.119764 0.584590
vt 0.131509 0.584618
vt 0.143203 0.584645
vt 0.154897 0.584673
vt 0.166590 0.584699
vt 0.178284 0.584727
vt 0.185683 0.584750
vt 0.193082 0.584774
vt 0.200480 0.584797
vt 0.207879 0.584821
vt 0.215277 0.584844
vt 0.222534 0.584867
vt 0.029182 0.573090
vt 0.036011 0.573563
vt 0.043410 0.573574
vt 0.050809 0.573586
vt 0.058207 0.573597
vt 0.065606 0.573607
vt 0.073004 0.573619
vt 0.084698 0.573646
vt 0.096392 0.573674
vt 0.108086 0.573700
vt 0.119779 0.573728
vt 0.131544 0.573755
vt 0.143238 0.573783
vt 0.154932 0.573810
vt 0.166625 0.573837
vt 0.178319 0.573864
vt 0.185718 0.573888
vt 0.193116 0.573912
vt 0.200515 0.573935
vt 0.207913 0.573958
vt 0.215312 0.573982
vt 0.222570 0.573542
vt 0.028559 0.562445
vt 0.036027 0.562867
vt 0.043426 0.562877
vt 0.050825 0.562888
vt 0.058223 0.562900
vt 0.065622 0.562910
vt 0.185751 0.563191
vt 0.193150 0.563215
vt 0.200549 0.563238
vt 0.207947 0.563261
vt 0.215346 0.563285
vt 0.222604 0.562898
vt 0.075357 0.823135
vt 0.073978 0.822937
vt 0.075472 0.820329
vt 0.077618 0.820595
vt 0.072539 0.822859
vt 0.073260 0.820230
vt 0.071072 0.822896
vt 0.071017 0.820285
vt 0.069610 0.823044
vt 0.068775 0.820488
vt 0.068184 0.823300
vt 0.066566 0.820838
vt 0.066828 0.823665
vt 0.064426 0.821339
vt 0.065582 0.824137
vt 0.062397 0.822001
vt 0.064487 0.824717
vt 0.060528 0.822838
vt 0.063597 0.825398
vt 0.058883 0.823869
vt 0.062969 0.826169
vt 0.057547 0.825112
vt 0.062672 0.827003
vt 0.056634 0.826581
vt 0.062776 0.827850
vt 0.056298 0.828270
vt 0.063346 0.828627
vt 0.056743 0.830126
vt 0.079441 0.827730
vt 0.079853 0.826880
vt 0.085961 0.826771
vt 0.085634 0.828604
vt 0.079831 0.826015
vt 0.085550 0.825120
vt 0.079434 0.825207
vt 0.084586 0.823720
vt 0.078729 0.824499
vt 0.083215 0.822585
vt 0.077778 0.823914
vt 0.081545 0.821700
vt 0.076637 0.823460
vt 0.079659 0.821045
vt 0.076547 0.817762
vt 0.079255 0.818035
vt 0.073783 0.817672
vt 0.070991 0.817748
vt 0.068197 0.817979
vt 0.065429 0.818366
vt 0.062715 0.818915
vt 0.060090 0.819641
vt 0.057594 0.820570
vt 0.055285 0.821740
vt 0.053238 0.823202
vt 0.051567 0.825022
vt 0.050439 0.827282
vt 0.050123 0.830062
vt 0.091376 0.825604
vt 0.091617 0.828330
vt 0.090307 0.823373
vt 0.088673 0.821609
vt 0.086651 0.820252
vt 0.084357 0.819240
vt 0.081873 0.818516
vt 0.077368 0.815190
vt 0.080512 0.815435
vt 0.074180 0.815126
vt 0.070971 0.815223
vt 0.067759 0.815469
vt 0.064565 0.815863
vt 0.061407 0.816412
vt 0.058312 0.817134
vt 0.055309 0.818057
vt 0.052434 0.819229
vt 0.049742 0.820720
vt 0.047311 0.822635
vt 0.045265 0.825130
vt 0.043824 0.828433
vt 0.096187 0.823512
vt 0.097324 0.826859
vt 0.094329 0.820961
vt 0.092012 0.819044
vt 0.089391 0.817626
vt 0.086561 0.816601
vt 0.083587 0.815891
vt 0.078001 0.812600
vt 0.081488 0.812796
vt 0.074484 0.812572
vt 0.070951 0.812690
vt 0.067416 0.812943
vt 0.063889 0.813327
vt 0.060386 0.813847
vt 0.056920 0.814520
vt 0.053508 0.815374
vt 0.050167 0.816457
vt 0.046923 0.817843
vt 0.043804 0.819653
vt 0.040862 0.822081
vt 0.038191 0.825456
vt 0.100358 0.820652
vt 0.102554 0.824273
vt 0.097690 0.818035
vt 0.094732 0.816144
vt 0.091584 0.814786
vt 0.088303 0.813833
vt 0.084929 0.813191
vt 0.078483 0.809991
vt 0.082238 0.810124
vt 0.074711 0.810005
vt 0.070929 0.810145
vt 0.067144 0.810398
vt 0.063363 0.810759
vt 0.059592 0.811231
vt 0.055838 0.811827
vt 0.052104 0.812570
vt 0.048393 0.813501
vt 0.044698 0.814687
vt 0.041004 0.816243
vt 0.037274 0.818365
vt 0.033449 0.821408
vt 0.103849 0.817171
vt 0.107125 0.820712
vt 0.100424 0.814714
vt 0.096902 0.812992
vt 0.093310 0.811789
vt 0.089660 0.810968
vt 0.085966 0.810434
vt 0.078834 0.807365
vt 0.082790 0.807425
vt 0.074871 0.807425
vt 0.070903 0.807586
vt 0.066933 0.807834
vt 0.062962 0.808164
vt 0.058992 0.808575
vt 0.055022 0.809074
vt 0.051048 0.809677
vt 0.047055 0.810414
vt 0.043017 0.811336
vt 0.038874 0.812532
vt 0.034517 0.814169
vt 0.029733 0.816559
vt 0.106627 0.813203
vt 0.110890 0.816340
vt 0.102550 0.811094
vt 0.098563 0.809654
vt 0.094615 0.808676
vt 0.090678 0.808031
vt 0.086738 0.807633
vt 0.079069 0.804725
vt 0.083166 0.804707
vt 0.074972 0.804834
vt 0.070875 0.805014
vt 0.066775 0.805254
vt 0.062673 0.805546
vt 0.058566 0.805887
vt 0.054447 0.806276
vt 0.050306 0.806721
vt 0.046119 0.807235
vt 0.041842 0.807849
vt 0.037387 0.808618
vt 0.032588 0.809649
vt 0.027116 0.811157
vt 0.108665 0.808867
vt 0.113736 0.811329
vt 0.104078 0.807254
vt 0.099740 0.806183
vt 0.095530 0.805482
vt 0.091384 0.805044
vt 0.087268 0.804802
vt 0.079193 0.802079
vt 0.083376 0.801978
vt 0.075017 0.802235
vt 0.070844 0.802433
vt 0.066669 0.802662
vt 0.062490 0.802912
vt 0.058303 0.803175
vt 0.054098 0.803446
vt 0.049861 0.803721
vt 0.045564 0.803998
vt 0.041152 0.804280
vt 0.036523 0.804583
vt 0.031480 0.804939
vt 0.025631 0.805430
vt 0.109943 0.804276
vt 0.115574 0.805857
vt 0.105013 0.803267
vt 0.100447 0.802625
vt 0.096071 0.802235
vt 0.091795 0.802027
vt 0.087572 0.801953
vt 0.079214 0.799429
vt 0.083426 0.799247
vt 0.075011 0.799633
vt 0.070812 0.799848
vt 0.066612 0.800062
vt 0.062409 0.800266
vt 0.058197 0.800449
vt 0.053967 0.800598
vt 0.049703 0.800698
vt 0.045376 0.800731
vt 0.040932 0.800674
vt 0.036267 0.800498
vt 0.031182 0.800160
vt 0.025282 0.799591
vt 0.110440 0.799537
vt 0.116340 0.800105
vt 0.105355 0.799198
vt 0.100691 0.799022
vt 0.096247 0.798966
vt 0.091920 0.798998
vt 0.087656 0.799098
vt 0.079133 0.796784
vt 0.083320 0.796520
vt 0.074954 0.797034
vt 0.070780 0.797262
vt 0.066606 0.797461
vt 0.062430 0.797617
vt 0.058247 0.797717
vt 0.054051 0.797743
vt 0.049828 0.797668
vt 0.045551 0.797460
vt 0.041175 0.797071
vt 0.036609 0.796429
vt 0.031679 0.795421
vt 0.026048 0.793840
vt 0.110142 0.794757
vt 0.115990 0.794266
vt 0.105099 0.795113
vt 0.100471 0.795415
vt 0.096059 0.795698
vt 0.091762 0.795975
vt 0.087525 0.796249
vt 0.078950 0.794149
vt 0.083057 0.793809
vt 0.074848 0.794442
vt 0.070749 0.794682
vt 0.066651 0.794862
vt 0.062555 0.794970
vt 0.058457 0.794989
vt 0.054355 0.794894
vt 0.050239 0.794652
vt 0.046092 0.794214
vt 0.041882 0.793513
vt 0.037544 0.792443
vt 0.032956 0.790830
vt 0.027886 0.788368
vt 0.109034 0.790047
vt 0.114506 0.788539
vt 0.104235 0.791078
vt 0.099780 0.791847
vt 0.095503 0.792461
vt 0.091317 0.792975
vt 0.087176 0.793420
vt 0.078661 0.791532
vt 0.082631 0.791120
vt 0.074690 0.791861
vt 0.070720 0.792110
vt 0.066752 0.792270
vt 0.062788 0.792331
vt 0.058832 0.792271
vt 0.054885 0.792063
vt 0.050945 0.791665
vt 0.047007 0.791020
vt 0.043059 0.790043
vt 0.039072 0.788603
vt 0.034994 0.786494
vt 0.030731 0.783357
vt 0.107106 0.785527
vt 0.111889 0.783137
vt 0.102748 0.787164
vt 0.098606 0.788360
vt 0.094567 0.789282
vt 0.090575 0.790018
vt 0.086601 0.790621
vt 0.078260 0.788937
vt 0.082031 0.788464
vt 0.074479 0.789298
vt 0.070694 0.789550
vt 0.066912 0.789690
vt 0.063140 0.789705
vt 0.059385 0.789572
vt 0.055656 0.789262
vt 0.051962 0.788728
vt 0.048313 0.787907
vt 0.044719 0.786705
vt 0.041198 0.784982
vt 0.037772 0.782526
vt 0.034496 0.778985
vt 0.104348 0.781331
vt 0.108172 0.778286
vt 0.100618 0.783452
vt 0.096924 0.785008
vt 0.093229 0.786194
vt 0.089518 0.787125
vt 0.085785 0.787868
vt 0.077733 0.786369
vt 0.081236 0.785848
vt 0.074207 0.786752
vt 0.070671 0.787005
vt 0.067139 0.787123
vt 0.063621 0.787095
vt 0.060134 0.786900
vt 0.056693 0.786505
vt 0.053319 0.785863
vt 0.050038 0.784910
vt 0.046889 0.783553
vt 0.043931 0.781662
vt 0.041263 0.779045
vt 0.039066 0.775425
vt 0.100760 0.777614
vt 0.103430 0.774239
vt 0.097817 0.780043
vt 0.094699 0.781852
vt 0.091455 0.783238
vt 0.088115 0.784321
vt 0.084702 0.785175
vt 0.077058 0.783832
vt 0.080215 0.783283
vt 0.073863 0.784226
vt 0.070651 0.784473
vt 0.067442 0.784570
vt 0.064255 0.784506
vt 0.061111 0.784261
vt 0.058035 0.783805
vt 0.055061 0.783095
vt 0.052231 0.782070
vt 0.049609 0.780653
vt 0.047292 0.778736
vt 0.045433 0.776185
vt 0.044296 0.772838
vt 0.096357 0.774565
vt 0.097796 0.771262
vt 0.094311 0.777060
vt 0.091879 0.778975
vt 0.089188 0.780466
vt 0.086314 0.781638
vt 0.083310 0.782562
vt 0.076193 0.781329
vt 0.078907 0.780780
vt 0.073425 0.781716
vt 0.070632 0.781948
vt 0.067839 0.782023
vt 0.065075 0.781933
vt 0.062367 0.781661
vt 0.059749 0.781180
vt 0.057265 0.780457
vt 0.054971 0.779444
vt 0.052948 0.778087
vt 0.051314 0.776323
vt 0.050244 0.774093
vt 0.050003 0.771366
vt 0.091181 0.772413
vt 0.091497 0.769633
vt 0.090054 0.774673
vt 0.088383 0.776493
vt 0.086336 0.777955
vt 0.084027 0.779125
vt 0.081532 0.780054
vt 0.075056 0.778857
vt 0.077195 0.778356
vt 0.072847 0.779207
vt 0.070605 0.779411
vt 0.068362 0.779466
vt 0.066150 0.779367
vt 0.064003 0.779101
vt 0.061963 0.778651
vt 0.060076 0.777996
vt 0.058406 0.777112
vt 0.057034 0.775976
vt 0.056071 0.774576
vt 0.055659 0.772926
vt 0.055985 0.771093
vt 0.085323 0.771425
vt 0.084877 0.769569
vt 0.084987 0.773114
vt 0.084074 0.774583
vt 0.082738 0.775826
vt 0.081094 0.776857
vt 0.079225 0.777694
vt 0.073438 0.776395
vt 0.074793 0.776031
vt 0.072012 0.776652
vt 0.070550 0.776800
vt 0.069083 0.776837
vt 0.067643 0.776759
vt 0.066265 0.776561
vt 0.064984 0.776236
vt 0.063843 0.775782
vt 0.062892 0.775197
vt 0.062186 0.774489
vt 0.061790 0.773681
vt 0.061767 0.772816
vt 0.062178 0.771966
vt 0.078844 0.771846
vt 0.078274 0.771068
vt 0.078949 0.772693
vt 0.078652 0.773526
vt 0.078024 0.774297
vt 0.077134 0.774979
vt 0.076039 0.775558
vt 0.071306 0.825921
vt 0.070315 0.773775
vt 0.415718 0.819623
vt 0.416393 0.853933
vt 0.409401 0.847229
vt 0.408823 0.819768
vt 0.469968 0.954300
vt 0.470445 0.978120
vt 0.462594 0.978277
vt 0.462116 0.954457
vt 0.018598 0.961032
vt 0.019206 0.984854
vt 0.011301 0.984901
vt 0.011158 0.961076
vt 0.184220 0.983901
vt 0.183899 0.960033
vt 0.215378 0.959402
vt 0.215855 0.983222
vt 0.512547 0.953446
vt 0.513024 0.977267
vt 0.481546 0.977898
vt 0.481069 0.954077
vt 0.234807 0.982843
vt 0.226956 0.983000
vt 0.226479 0.959179
vt 0.234330 0.959022
vt 0.434581 0.919781
vt 0.435215 0.886370
vt 0.441764 0.893159
vt 0.441283 0.919901
vt 0.176009 0.960081
vt 0.176315 0.983949
vt 0.168516 0.983996
vt 0.168196 0.960128
vt 0.553367 0.851049
vt 0.546518 0.851193
vt 0.545945 0.816743
vt 0.552748 0.816600
vt 0.251695 0.982504
vt 0.251218 0.958684
vt 0.414605 0.919422
vt 0.415301 0.880726
vt 0.428545 0.886250
vt 0.427944 0.919662
vt 0.152636 0.984048
vt 0.152492 0.960223
vt 0.532935 0.856907
vt 0.532098 0.817172
vt 0.276888 0.981999
vt 0.276411 0.958179
vt 0.401266 0.919182
vt 0.402263 0.863748
vt 0.136932 0.984143
vt 0.136788 0.960318
vt 0.519599 0.874383
vt 0.518401 0.817461
vt 0.320353 0.981128
vt 0.319876 0.957308
vt 0.387928 0.918942
vt 0.389544 0.829076
vt 0.121228 0.984238
vt 0.121084 0.960413
vt 0.506647 0.910029
vt 0.504703 0.817749
vt 0.340850 0.980717
vt 0.340373 0.956897
vt 0.374589 0.918702
vt 0.376406 0.817642
vt 0.105524 0.984332
vt 0.105380 0.960507
vt 0.493192 0.921812
vt 0.491006 0.818038
vt 0.356551 0.980403
vt 0.356074 0.956582
vt 0.361250 0.918462
vt 0.363067 0.817402
vt 0.089820 0.984427
vt 0.089676 0.960602
vt 0.479494 0.922101
vt 0.477309 0.818326
vt 0.377048 0.979992
vt 0.376571 0.956171
vt 0.347911 0.918222
vt 0.349527 0.828357
vt 0.074117 0.984522
vt 0.073973 0.960697
vt 0.465555 0.910895
vt 0.463612 0.818615
vt 0.420513 0.979121
vt 0.420035 0.955300
vt 0.334572 0.917983
vt 0.335569 0.862549
vt 0.058413 0.984617
vt 0.058269 0.960792
vt 0.451113 0.875826
vt 0.449915 0.818903
vt 0.445706 0.978616
vt 0.445228 0.954795
vt 0.321233 0.917743
vt 0.321929 0.879047
vt 0.042709 0.984712
vt 0.042565 0.960887
vt 0.437054 0.858927
vt 0.436217 0.819192
vt 0.306158 0.917472
vt 0.308495 0.884091
vt 0.027005 0.984807
vt 0.024817 0.960994
vt 0.423243 0.853789
vt 0.422520 0.819480
vt 0.295036 0.890520
vt 0.301825 0.883972
vt 0.300875 0.917377
vt 0.294555 0.917263
vt 0.559643 0.816455
vt 0.560071 0.844057
vn 0.996927 0.078335 -0.000194
vn 0.938531 0.345196 -0.000854
vn 0.938523 0.345216 -0.000854
vn 0.996927 0.078332 -0.000194
vn 0.389276 0.920805 0.024131
vn 0.389395 0.920755 0.024124
vn 0.263898 0.963953 0.033953
vn 0.251646 0.967207 0.034419
vn 0.478092 0.877151 -0.045105
vn 0.471469 0.880638 -0.046851
vn 0.000000 0.993473 -0.114070
vn -0.478092 0.877151 -0.045105
vn -0.471469 0.880638 -0.046851
vn -0.000000 0.993473 -0.114070
vn -0.263899 0.963953 0.033953
vn -0.389277 0.920805 0.024130
vn -0.389395 0.920755 0.024123
vn -0.251646 0.967207 0.034419
vn -0.938530 0.345196 -0.000854
vn -0.938523 0.345216 -0.000854
vn -0.996927 0.078336 -0.000194
vn -0.996927 0.078332 -0.000194
vn -0.993667 0.112366 -0.000278
vn -0.993664 0.112391 -0.000278
vn -0.988657 -0.150194 0.000373
vn -0.988699 -0.149914 0.000372
vn -0.844264 -0.535926 0.001328
vn -0.844264 -0.535926 0.001328
vn -0.500814 -0.865552 0.002144
vn -0.500482 -0.865744 0.002145
vn -0.100753 -0.994908 0.002463
vn -0.100571 -0.994927 0.002463
vn 0.000000 -0.999997 0.002474
vn 0.000000 -0.999997 0.002474
vn 0.100753 -0.994908 0.002461
vn 0.100571 -0.994927 0.002461
vn 0.500814 -0.865553 0.002142
vn 0.500482 -0.865744 0.002143
vn 0.844264 -0.535926 0.001327
vn 0.844264 -0.535926 0.001327
vn 0.988657 -0.150194 0.000372
vn 0.988699 -0.149914 0.000371
vn 0.993667 0.112365 -0.000278
vn 0.993664 0.112390 -0.000278
vn 0.000002 -0.002429 -0.999997
vn -0.000021 -0.002419 -0.999997
vn -0.000000 -0.002305 -0.999997
vn 0.000114 -0.002523 -0.999997
vn 0.000295 -0.002640 -0.999997
vn 0.000000 -0.002919 -0.999996
vn 0.000888 -0.002919 -0.999995
vn -0.000294 -0.002640 -0.999997
vn -0.000888 -0.002919 -0.999995
vn -0.000113 -0.002523 -0.999997
vn -0.000002 -0.002429 -0.999997
vn 0.000020 -0.002419 -0.999997
vn 0.000000 -0.001514 -0.999999
vn 0.000315 -0.001600 -0.999999
vn 0.000493 -0.002157 -0.999998
vn 0.001097 -0.002551 -0.999996
vn 0.001187 -0.002857 -0.999995
vn 0.000000 -0.002556 -0.999997
vn -0.001187 -0.002857 -0.999995
vn -0.001098 -0.002551 -0.999996
vn -0.000494 -0.002157 -0.999998
vn -0.000315 -0.001600 -0.999999
vn 0.000000 -0.001514 -0.999999
vn 0.000021 0.002418 0.999997
vn -0.000002 0.002428 0.999997
vn 0.000000 0.002317 0.999997
vn -0.000307 0.002665 0.999996
vn 0.000158 0.002661 0.999997
vn 0.000994 0.002374 0.999997
vn 0.000000 0.002374 0.999997
vn -0.000994 0.002374 0.999997
vn -0.000158 0.002661 0.999997
vn 0.000307 0.002665 0.999996
vn 0.000002 0.002428 0.999997
vn -0.000021 0.002418 0.999997
vn 0.000000 0.001515 0.999999
vn -0.000315 0.001600 0.999999
vn -0.000492 0.002156 0.999998
vn -0.001098 0.002551 0.999996
vn -0.001189 0.002858 0.999995
vn -0.000000 0.002557 0.999997
vn 0.001189 0.002858 0.999995
vn 0.001098 0.002551 0.999996
vn 0.000492 0.002156 0.999998
vn 0.000315 0.001600 0.999999
vn 0.000000 0.001515 0.999999
vn 0.443705 0.007349 -0.896143
vn 0.443705 0.007349 -0.896143
vn 0.203317 0.002015 -0.979111
vn 0.323379 0.004659 -0.946258
vn 0.286551 0.248072 -0.925391
vn 0.286551 0.248072 -0.925391
vn 0.162111 0.139220 -0.976902
vn 0.170245 0.146333 -0.974476
vn 0.023538 0.439154 -0.898103
vn 0.023538 0.439154 -0.898103
vn 0.017289 0.320552 -0.947073
vn 0.011080 0.202818 -0.979154
vn 0.043860 0.176646 -0.983297
vn 0.125633 0.228579 -0.965385
vn 0.071778 0.129451 -0.988985
vn 0.032576 0.099957 -0.994458
vn -0.043860 0.176645 -0.983297
vn -0.015495 0.158296 -0.987270
vn -0.008196 0.082282 -0.996575
vn -0.032576 0.099957 -0.994458
vn -0.023539 0.439151 -0.898105
vn -0.023539 0.439151 -0.898105
vn -0.011081 0.202817 -0.979154
vn -0.017290 0.320550 -0.947074
vn -0.286551 0.248072 -0.925391
vn -0.286551 0.248072 -0.925391
vn -0.170245 0.146333 -0.974476
vn -0.162111 0.139220 -0.976902
vn -0.443701 0.007349 -0.896145
vn -0.443701 0.007349 -0.896145
vn -0.323377 0.004659 -0.946259
vn -0.203317 0.002015 -0.979111
vn -0.430154 0.057295 -0.900935
vn -0.430154 0.057295 -0.900935
vn -0.257091 0.033186 -0.965817
vn -0.259390 0.033505 -0.965191
vn -0.429747 0.037995 -0.902150
vn -0.429747 0.037995 -0.902150
vn -0.215507 0.018657 -0.976324
vn -0.298357 0.026130 -0.954097
vn -0.354680 -0.160176 -0.921165
vn -0.354680 -0.160176 -0.921165
vn -0.192134 -0.087954 -0.977420
vn -0.221320 -0.100928 -0.969965
vn -0.282288 -0.248932 -0.926470
vn -0.282288 -0.248932 -0.926470
vn -0.151974 -0.135205 -0.979093
vn -0.173968 -0.154406 -0.972571
vn -0.085625 -0.377618 -0.921994
vn -0.085625 -0.377618 -0.921994
vn -0.054703 -0.245314 -0.967899
vn -0.043801 -0.198615 -0.979098
vn 0.021602 -0.404532 -0.914269
vn 0.021602 -0.404532 -0.914269
vn 0.013903 -0.260097 -0.965482
vn 0.011383 -0.212838 -0.977021
vn -0.021602 -0.404531 -0.914269
vn -0.021602 -0.404531 -0.914269
vn -0.011383 -0.212838 -0.977021
vn -0.013903 -0.260097 -0.965482
vn 0.085624 -0.377619 -0.921994
vn 0.085624 -0.377619 -0.921994
vn 0.043801 -0.198615 -0.979098
vn 0.054703 -0.245315 -0.967899
vn 0.282288 -0.248932 -0.926470
vn 0.282288 -0.248932 -0.926470
vn 0.173969 -0.154406 -0.972570
vn 0.151975 -0.135205 -0.979093
vn 0.354680 -0.160176 -0.921166
vn 0.354680 -0.160176 -0.921166
vn 0.221320 -0.100928 -0.969964
vn 0.192134 -0.087954 -0.977419
vn 0.429747 0.037994 -0.902149
vn 0.429747 0.037994 -0.902149
vn 0.298356 0.026130 -0.954097
vn 0.215506 0.018656 -0.976324
vn 0.430156 0.057294 -0.900935
vn 0.430156 0.057294 -0.900935
vn 0.259390 0.033505 -0.965191
vn 0.257092 0.033185 -0.965817
vn -0.125634 0.228579 -0.965385
vn -0.071779 0.129451 -0.988984
vn 0.015495 0.158296 -0.987270
vn 0.008197 0.082282 -0.996575
vn -0.999772 -0.021363 -0.000132
vn -0.999772 -0.021363 -0.000132
vn -0.999772 -0.021363 -0.000132
vn -0.999772 -0.021363 -0.000132
vn -0.753043 -0.657959 -0.004078
vn -0.753043 -0.657959 -0.004078
vn -0.753043 -0.657959 -0.004078
vn -0.753043 -0.657959 -0.004078
vn -0.052763 -0.998588 -0.006186
vn -0.052763 -0.998588 -0.006186
vn -0.052763 -0.998588 -0.006186
vn -0.052763 -0.998588 -0.006186
vn 0.135059 -0.990819 -0.006141
vn 0.135059 -0.990819 -0.006141
vn 0.135059 -0.990819 -0.006141
vn 0.135059 -0.990819 -0.006141
vn 0.786976 -0.616972 -0.003812
vn 0.786976 -0.616972 -0.003812
vn 0.786976 -0.616972 -0.003812
vn 0.786976 -0.616972 -0.003812
vn -0.786978 -0.616969 -0.003812
vn -0.786978 -0.616969 -0.003812
vn -0.786978 -0.616969 -0.003812
vn -0.786978 -0.616969 -0.003812
vn -0.135060 -0.990818 -0.006141
vn -0.135060 -0.990818 -0.006141
vn -0.135060 -0.990819 -0.006141
vn -0.135060 -0.990818 -0.006141
vn 0.052764 -0.998588 -0.006214
vn 0.052764 -0.998588 -0.006214
vn 0.052764 -0.998588 -0.006214
vn 0.052764 -0.998588 -0.006214
vn 0.753044 -0.657957 -0.004095
vn 0.753044 -0.657957 -0.004095
vn 0.753044 -0.657957 -0.004095
vn 0.753044 -0.657957 -0.004095
vn 0.999772 -0.021363 -0.000132
vn 0.999772 -0.021363 -0.000132
vn 0.999772 -0.021363 -0.000132
vn 0.999772 -0.021363 -0.000132
vn 0.990560 -0.137078 -0.000847
vn 0.990560 -0.137078 -0.000847
vn 0.990560 -0.137078 -0.000847
vn 0.990560 -0.137078 -0.000847
vn 0.995974 -0.089637 -0.000554
vn 0.995974 -0.089637 -0.000554
vn 0.995974 -0.089637 -0.000554
vn 0.995974 -0.089637 -0.000554
vn 0.913557 0.406702 0.002516
vn 0.913557 0.406702 0.002516
vn 0.913557 0.406702 0.002516
vn 0.913557 0.406702 0.002516
vn 0.753045 0.657956 0.004086
vn 0.753045 0.657956 0.004086
vn 0.753045 0.657956 0.004086
vn 0.753045 0.657956 0.004086
vn 0.226765 0.973931 0.006035
vn 0.226765 0.973931 0.006035
vn 0.226765 0.973931 0.006035
vn 0.226765 0.973931 0.006035
vn -0.053246 0.998562 0.006180
vn -0.053246 0.998562 0.006180
vn -0.053246 0.998562 0.006180
vn -0.053246 0.998562 0.006180
vn 0.053246 0.998562 0.006180
vn 0.053246 0.998562 0.006180
vn 0.053246 0.998562 0.006180
vn 0.053246 0.998562 0.006180
vn -0.226765 0.973931 0.006051
vn -0.226765 0.973931 0.006051
vn -0.226765 0.973931 0.006051
vn -0.226765 0.973931 0.006051
vn -0.753045 0.657957 0.004086
vn -0.753045 0.657957 0.004086
vn -0.753045 0.657957 0.004086
vn -0.753045 0.657957 0.004086
vn -0.913558 0.406700 0.002516
vn -0.913558 0.406700 0.002516
vn -0.913558 0.406700 0.002516
vn -0.913558 0.406700 0.002516
vn -0.995975 -0.089635 -0.000554
vn -0.995975 -0.089635 -0.000554
vn -0.995975 -0.089635 -0.000554
vn -0.995975 -0.089635 -0.000554
vn -0.990560 -0.137077 -0.000849
vn -0.990560 -0.137077 -0.000849
vn -0.990560 -0.137077 -0.000849
vn -0.990560 -0.137077 -0.000849
vn -0.057851 -0.112608 -0.991954
vn -0.007347 -0.084529 -0.996394
vn -0.015112 -0.172869 -0.984829
vn -0.052392 -0.191257 -0.980141
vn -0.060207 -0.070173 -0.995716
vn -0.248093 -0.282915 -0.926504
vn 0.007601 -0.150809 -0.988534
vn 0.014191 -0.275334 -0.961244
vn 0.024246 -0.465099 -0.884927
vn 0.024246 -0.465099 -0.884927
vn 0.140125 -0.124860 -0.982229
vn 0.131436 -0.117274 -0.984363
vn 0.301585 -0.265765 -0.915650
vn 0.301585 -0.265765 -0.915650
vn 0.278639 -0.008238 -0.960361
vn 0.150841 -0.005575 -0.988542
vn 0.466023 -0.012062 -0.884691
vn 0.466023 -0.012062 -0.884691
vn 0.202549 -0.030452 -0.978799
vn 0.204664 -0.030744 -0.978349
vn 0.451892 -0.064737 -0.889721
vn 0.451892 -0.064737 -0.889721
vn 0.160062 -0.015153 -0.986991
vn 0.247735 -0.023029 -0.968554
vn 0.451520 -0.041311 -0.891304
vn 0.451520 -0.041311 -0.891304
vn 0.153542 0.065913 -0.985941
vn 0.184094 0.079529 -0.979686
vn 0.374742 0.164570 -0.912406
vn 0.374742 0.164570 -0.912406
vn 0.123227 0.105222 -0.986784
vn 0.146279 0.125377 -0.981266
vn 0.298588 0.258606 -0.918678
vn 0.298588 0.258606 -0.918678
vn 0.048770 0.198944 -0.978797
vn 0.037231 0.149287 -0.988093
vn 0.093770 0.392887 -0.914793
vn 0.093770 0.392887 -0.914793
vn -0.011498 0.216248 -0.976271
vn -0.008827 0.166174 -0.986057
vn -0.022465 0.421860 -0.906382
vn -0.022465 0.421860 -0.906382
vn 0.008827 0.166174 -0.986057
vn 0.011497 0.216248 -0.976271
vn 0.022465 0.421859 -0.906383
vn 0.022465 0.421859 -0.906383
vn -0.037230 0.149287 -0.988093
vn -0.048770 0.198945 -0.978797
vn -0.093770 0.392889 -0.914792
vn -0.093770 0.392890 -0.914792
vn -0.146278 0.125377 -0.981266
vn -0.123225 0.105222 -0.986785
vn -0.298586 0.258605 -0.918678
vn -0.298586 0.258605 -0.918678
vn -0.184094 0.079530 -0.979686
vn -0.153542 0.065913 -0.985941
vn -0.374744 0.164570 -0.912405
vn -0.374744 0.164570 -0.912405
vn -0.247735 -0.023029 -0.968554
vn -0.160063 -0.015153 -0.986991
vn -0.451518 -0.041310 -0.891305
vn -0.451518 -0.041310 -0.891305
vn -0.204664 -0.030744 -0.978350
vn -0.202549 -0.030452 -0.978799
vn -0.451890 -0.064736 -0.889722
vn -0.451890 -0.064736 -0.889722
vn -0.150842 -0.005575 -0.988542
vn -0.278638 -0.008238 -0.960361
vn -0.466020 -0.012062 -0.884692
vn -0.466019 -0.012062 -0.884692
vn -0.131436 -0.117274 -0.984363
vn -0.140126 -0.124861 -0.982229
vn -0.301585 -0.265765 -0.915650
vn -0.301585 -0.265765 -0.915650
vn -0.014191 -0.275335 -0.961244
vn -0.007601 -0.150810 -0.988534
vn -0.024245 -0.465098 -0.884927
vn -0.024245 -0.465098 -0.884927
vn 0.057852 -0.112607 -0.991954
vn 0.060208 -0.070172 -0.995716
vn 0.248094 -0.282915 -0.926503
vn 0.052394 -0.191256 -0.980141
vn 0.007349 -0.084529 -0.996394
vn 0.015114 -0.172869 -0.984829
vn 0.190522 -0.030359 0.981213
vn 0.162128 -0.086054 0.983010
vn 0.269923 -0.165573 0.948540
vn 0.317287 -0.072716 0.945538
vn 0.117749 -0.130474 0.984435
vn 0.196054 -0.239356 0.950932
vn 0.061831 -0.158942 0.985350
vn 0.103042 -0.286709 0.952460
vn 0.000000 -0.168723 0.985664
vn -0.000002 -0.302999 0.952991
vn -0.061830 -0.158940 0.985350
vn -0.103044 -0.286708 0.952460
vn -0.117748 -0.130472 0.984435
vn -0.196052 -0.239355 0.950933
vn -0.162126 -0.086055 0.983011
vn -0.269923 -0.165574 0.948539
vn -0.190522 -0.030360 0.981213
vn -0.317288 -0.072716 0.945538
vn -0.200247 0.031550 0.979237
vn -0.333594 0.030360 0.942228
vn -0.190515 0.093477 0.977224
vn -0.317282 0.133454 0.938894
vn -0.162107 0.149203 0.975428
vn -0.269908 0.226353 0.935903
vn -0.117766 0.193569 0.973993
vn -0.196109 0.300120 0.933525
vn -0.061852 0.221991 0.973085
vn -0.103088 0.347469 0.932008
vn -0.000004 0.231789 0.972766
vn -0.000004 0.363787 0.931482
vn 0.061847 0.221989 0.973086
vn 0.103084 0.347469 0.932008
vn 0.117766 0.193569 0.973993
vn 0.196111 0.300120 0.933525
vn 0.162107 0.149203 0.975428
vn 0.269907 0.226351 0.935903
vn 0.190519 0.093478 0.977223
vn 0.317279 0.133454 0.938895
vn 0.200249 0.031550 0.979237
vn 0.333593 0.030359 0.942228
vn 0.380884 -0.248135 0.890706
vn 0.447731 -0.116997 0.886481
vn 0.276723 -0.352247 0.894062
vn 0.145474 -0.419090 0.896215
vn 0.000000 -0.442101 0.896965
vn -0.145476 -0.419089 0.896215
vn -0.276724 -0.352249 0.894061
vn -0.380885 -0.248137 0.890705
vn -0.447730 -0.116997 0.886482
vn -0.470781 0.028418 0.881792
vn -0.447729 0.173832 0.877109
vn -0.380846 0.304969 0.872898
vn -0.276708 0.409052 0.869545
vn -0.145475 0.475899 0.867386
vn -0.000003 0.498940 0.866636
vn 0.145471 0.475899 0.867386
vn 0.276709 0.409051 0.869545
vn 0.380846 0.304966 0.872898
vn 0.447728 0.173831 0.877110
vn 0.470783 0.028418 0.881791
vn 0.485153 -0.326521 0.811179
vn 0.570321 -0.159436 0.805801
vn 0.352491 -0.459127 0.815446
vn 0.185319 -0.544268 0.818186
vn 0.000001 -0.573600 0.819136
vn -0.185321 -0.544269 0.818186
vn -0.352492 -0.459126 0.815446
vn -0.485152 -0.326521 0.811179
vn -0.570320 -0.159437 0.805801
vn -0.599677 0.025781 0.799827
vn -0.570329 0.210981 0.793859
vn -0.485148 0.378048 0.788487
vn -0.352467 0.510654 0.784219
vn -0.185303 0.595794 0.781468
vn -0.000002 0.625125 0.780525
vn 0.185300 0.595793 0.781469
vn 0.352469 0.510653 0.784219
vn 0.485149 0.378047 0.788487
vn 0.570329 0.210980 0.793859
vn 0.599679 0.025783 0.799825
vn 0.578707 -0.397731 0.711975
vn 0.680314 -0.198424 0.705549
vn 0.420458 -0.555896 0.717073
vn 0.221049 -0.657448 0.720347
vn 0.000000 -0.692439 0.721477
vn -0.221053 -0.657447 0.720346
vn -0.420458 -0.555897 0.717073
vn -0.578708 -0.397731 0.711974
vn -0.680315 -0.198425 0.705549
vn -0.715319 0.022508 0.698435
vn -0.680314 0.243442 0.691309
vn -0.578730 0.442734 0.684878
vn -0.420454 0.600923 0.679787
vn -0.221051 0.702481 0.676504
vn 0.000000 0.737461 0.675389
vn 0.221051 0.702480 0.676504
vn 0.420455 0.600923 0.679786
vn 0.578731 0.442735 0.684877
vn 0.680315 0.243442 0.691308
vn 0.715321 0.022509 0.698433
vn 0.658801 -0.459704 0.595528
vn 0.774471 -0.232816 0.588211
vn 0.478651 -0.639770 0.601321
vn 0.251641 -0.755374 0.605051
vn 0.000000 -0.795216 0.606327
vn -0.251644 -0.755373 0.605052
vn -0.478652 -0.639769 0.601322
vn -0.658801 -0.459705 0.595527
vn -0.774471 -0.232817 0.588210
vn -0.814315 0.018684 0.580122
vn -0.774454 0.270205 0.572023
vn -0.658802 0.497083 0.564702
vn -0.478638 0.677155 0.558898
vn -0.251639 0.792768 0.555155
vn 0.000001 0.832598 0.553877
vn 0.251641 0.792768 0.555154
vn 0.478640 0.677155 0.558897
vn 0.658802 0.497085 0.564700
vn 0.774454 0.270205 0.572023
vn 0.814316 0.018684 0.580121
vn 0.723296 -0.510804 0.464675
vn 0.850276 -0.261710 0.456660
vn 0.525511 -0.708485 0.471049
vn 0.276274 -0.835409 0.475148
vn 0.000000 -0.879145 0.476554
vn -0.276274 -0.835407 0.475150
vn -0.525510 -0.708483 0.471053
vn -0.723294 -0.510804 0.464678
vn -0.850276 -0.261710 0.456660
vn -0.894034 0.014422 0.447766
vn -0.850278 0.290562 0.438863
vn -0.723294 0.539663 0.430825
vn -0.525498 0.737349 0.424461
vn -0.276273 0.864271 0.420367
vn 0.000000 0.908001 0.418969
vn 0.276273 0.864270 0.420369
vn 0.525499 0.737349 0.424461
vn 0.723294 0.539664 0.430824
vn 0.850278 0.290562 0.438863
vn 0.894034 0.014422 0.447767
vn 0.770523 -0.549708 0.322669
vn 0.905800 -0.284350 0.314120
vn 0.559821 -0.760299 0.329465
vn 0.294309 -0.895518 0.333813
vn 0.000000 -0.942109 0.335306
vn -0.294309 -0.895517 0.333813
vn -0.559821 -0.760298 0.329466
vn -0.770523 -0.549708 0.322671
vn -0.905801 -0.284350 0.314119
vn -0.952420 0.009823 0.304629
vn -0.905808 0.303985 0.295136
vn -0.770529 0.569347 0.286582
vn -0.559822 0.779942 0.279802
vn -0.294317 0.915152 0.275452
vn 0.000000 0.961743 0.273953
vn 0.294317 0.915151 0.275455
vn 0.559822 0.779942 0.279804
vn 0.770529 0.569346 0.286583
vn 0.905808 0.303985 0.295137
vn 0.952420 0.009823 0.304631
vn 0.799333 -0.575482 0.172882
vn 0.939674 -0.300192 0.164008
vn 0.580750 -0.793952 0.179917
vn 0.305316 -0.934220 0.184434
vn 0.000000 -0.982552 0.185990
vn -0.305316 -0.934219 0.184438
vn -0.580751 -0.793951 0.179916
vn -0.799332 -0.575483 0.172879
vn -0.939674 -0.300191 0.164006
vn -0.988032 0.004973 0.154169
vn -0.939674 0.310129 0.144334
vn -0.799335 0.585415 0.135472
vn -0.580751 0.803887 0.128429
vn -0.305321 0.944154 0.123905
vn -0.000000 0.992488 0.122341
vn 0.305321 0.944154 0.123906
vn 0.580751 0.803887 0.128429
vn 0.799336 0.585413 0.135472
vn 0.939674 0.310130 0.144332
vn 0.988032 0.004973 0.154170
vn 0.809016 -0.587482 0.018928
vn 0.951056 -0.308858 0.009956
vn 0.587787 -0.808596 0.026051
vn 0.309020 -0.950562 0.030631
vn 0.000000 -0.999481 0.032212
vn -0.309020 -0.950562 0.030636
vn -0.587787 -0.808596 0.026056
vn -0.809015 -0.587483 0.018930
vn -0.951056 -0.308859 0.009956
vn -1.000000 -0.000001 0.000000
vn -0.951057 0.308856 -0.009955
vn -0.809016 0.587481 -0.018931
vn -0.587783 0.808599 -0.026057
vn -0.309018 0.950563 -0.030633
vn 0.000000 0.999481 -0.032202
vn 0.309018 0.950563 -0.030631
vn 0.587784 0.808598 -0.026057
vn 0.809018 0.587480 -0.018932
vn 0.951057 0.308855 -0.009957
vn 1.000000 -0.000000 0.000000
vn 0.799336 -0.585414 -0.135468
vn 0.939676 -0.310125 -0.144333
vn 0.580750 -0.803888 -0.128425
vn 0.305319 -0.944155 -0.123906
vn -0.000000 -0.992486 -0.122359
vn -0.305319 -0.944154 -0.123911
vn -0.580751 -0.803888 -0.128425
vn -0.799336 -0.585415 -0.135464
vn -0.939676 -0.310126 -0.144333
vn -0.988032 -0.004973 -0.154170
vn -0.939674 0.300192 -0.164005
vn -0.799331 0.575486 -0.172877
vn -0.580755 0.793948 -0.179916
vn -0.305319 0.934218 -0.184438
vn 0.000000 0.982552 -0.185986
vn 0.305319 0.934218 -0.184435
vn 0.580754 0.793949 -0.179917
vn 0.799331 0.575485 -0.172879
vn 0.939673 0.300194 -0.164005
vn 0.988032 -0.004972 -0.154170
vn 0.770524 -0.569343 -0.286602
vn 0.905806 -0.303975 -0.295153
vn 0.559814 -0.779945 -0.279811
vn 0.294315 -0.915152 -0.275455
vn 0.000000 -0.961741 -0.273961
vn -0.294315 -0.915151 -0.275458
vn -0.559814 -0.779945 -0.279812
vn -0.770524 -0.569344 -0.286603
vn -0.905805 -0.303977 -0.295154
vn -0.952417 -0.009817 -0.304641
vn -0.905801 0.284348 -0.314120
vn -0.770522 0.549714 -0.322661
vn -0.559821 0.760306 -0.329447
vn -0.294317 0.895516 -0.333809
vn 0.000000 0.942105 -0.335317
vn 0.294317 0.895516 -0.333809
vn 0.559820 0.760306 -0.329449
vn 0.770521 0.549715 -0.322662
vn 0.905800 0.284349 -0.314120
vn 0.952417 -0.009816 -0.304641
vn 0.723289 -0.539657 -0.430841
vn 0.850280 -0.290555 -0.438864
vn 0.525495 -0.737346 -0.424471
vn 0.276278 -0.864269 -0.420368
vn 0.000000 -0.908002 -0.418966
vn -0.276277 -0.864270 -0.420368
vn -0.525496 -0.737345 -0.424472
vn -0.723288 -0.539658 -0.430841
vn -0.850279 -0.290558 -0.438864
vn -0.894042 -0.014423 -0.447750
vn -0.850283 0.261703 -0.456650
vn -0.723295 0.510802 -0.464677
vn -0.525505 0.708489 -0.471050
vn -0.276275 0.835412 -0.475142
vn -0.000000 0.879143 -0.476559
vn 0.276275 0.835410 -0.475144
vn 0.525505 0.708489 -0.471050
vn 0.723296 0.510804 -0.464674
vn 0.850284 0.261703 -0.456649
vn 0.894043 -0.014422 -0.447749
vn 0.658806 -0.497098 -0.564684
vn 0.774461 -0.270212 -0.572010
vn 0.478653 -0.677157 -0.558883
vn 0.251646 -0.792769 -0.555150
vn 0.000000 -0.832600 -0.553876
vn -0.251646 -0.792769 -0.555150
vn -0.478652 -0.677155 -0.558885
vn -0.658807 -0.497099 -0.564683
vn -0.774462 -0.270215 -0.572007
vn -0.814329 -0.018688 -0.580102
vn -0.774477 0.232819 -0.588201
vn -0.658803 0.459711 -0.595521
vn -0.478654 0.639770 -0.601319
vn -0.251638 0.755378 -0.605047
vn -0.000000 0.795219 -0.606322
vn 0.251637 0.755378 -0.605048
vn 0.478655 0.639771 -0.601317
vn 0.658804 0.459713 -0.595518
vn 0.774478 0.232818 -0.588200
vn 0.814330 -0.018687 -0.580101
vn 0.578721 -0.442742 -0.684881
vn 0.680302 -0.243447 -0.691320
vn 0.420470 -0.600916 -0.679783
vn 0.221057 -0.702484 -0.676499
vn 0.000000 -0.737470 -0.675380
vn -0.221057 -0.702483 -0.676499
vn -0.420471 -0.600917 -0.679782
vn -0.578721 -0.442744 -0.684879
vn -0.680301 -0.243449 -0.691320
vn -0.715307 -0.022506 -0.698448
vn -0.680298 0.198419 -0.705567
vn -0.578699 0.397726 -0.711984
vn -0.420463 0.555895 -0.717072
vn -0.221038 0.657449 -0.720349
vn -0.000000 0.692443 -0.721473
vn 0.221037 0.657449 -0.720349
vn 0.420462 0.555896 -0.717071
vn 0.578700 0.397728 -0.711982
vn 0.680298 0.198419 -0.705567
vn 0.715307 -0.022503 -0.698448
vn 0.485153 -0.378064 -0.788476
vn 0.570337 -0.210996 -0.793849
vn 0.352498 -0.510654 -0.784205
vn 0.185315 -0.595805 -0.781457
vn 0.000000 -0.625151 -0.780504
vn -0.185314 -0.595803 -0.781459
vn -0.352498 -0.510654 -0.784205
vn -0.485153 -0.378067 -0.788475
vn -0.570335 -0.210997 -0.793850
vn -0.599688 -0.025770 -0.799819
vn -0.570334 0.159443 -0.805790
vn -0.485155 0.326519 -0.811178
vn -0.352497 0.459120 -0.815448
vn -0.185304 0.544270 -0.818189
vn 0.000000 0.573622 -0.819120
vn 0.185305 0.544269 -0.818189
vn 0.352498 0.459120 -0.815447
vn 0.485156 0.326521 -0.811177
vn 0.570335 0.159442 -0.805789
vn 0.599690 -0.025769 -0.799818
vn 0.380868 -0.304987 -0.872882
vn 0.447731 -0.173835 -0.877108
vn 0.276736 -0.409065 -0.869530
vn 0.145471 -0.475887 -0.867393
vn 0.000000 -0.498916 -0.866651
vn -0.145470 -0.475884 -0.867394
vn -0.276735 -0.409064 -0.869531
vn -0.380869 -0.304989 -0.872881
vn -0.447731 -0.173836 -0.877108
vn -0.470781 -0.028407 -0.881793
vn -0.447757 0.116994 -0.886468
vn -0.380876 0.248155 -0.890704
vn -0.276722 0.352249 -0.894061
vn -0.145475 0.419067 -0.896226
vn 0.000000 0.442111 -0.896960
vn 0.145477 0.419067 -0.896225
vn 0.276725 0.352250 -0.894060
vn 0.380877 0.248155 -0.890703
vn 0.447757 0.116993 -0.886468
vn 0.470782 -0.028406 -0.881792
vn 0.269856 -0.226310 -0.935928
vn 0.317240 -0.133418 -0.938913
vn 0.196053 -0.300078 -0.933550
vn 0.103061 -0.347408 -0.932033
vn 0.000000 -0.363725 -0.931506
vn -0.103061 -0.347407 -0.932034
vn -0.196053 -0.300079 -0.933550
vn -0.269856 -0.226311 -0.935928
vn -0.317239 -0.133417 -0.938914
vn -0.333535 -0.030361 -0.942249
vn -0.317261 0.072655 -0.945551
vn -0.269854 0.165578 -0.948558
vn -0.196043 0.239386 -0.950927
vn -0.103062 0.286681 -0.952467
vn 0.000000 0.303003 -0.952990
vn 0.103063 0.286680 -0.952466
vn 0.196048 0.239387 -0.950925
vn 0.269857 0.165580 -0.948557
vn 0.317262 0.072656 -0.945551
vn 0.333537 -0.030360 -0.942248
vn 0.162044 -0.149243 -0.975432
vn 0.190572 -0.093466 -0.977214
vn 0.117741 -0.193586 -0.973993
vn 0.061915 -0.221974 -0.973085
vn 0.000000 -0.231843 -0.972753
vn -0.061916 -0.221975 -0.973085
vn -0.117741 -0.193587 -0.973992
vn -0.162044 -0.149243 -0.975432
vn -0.190572 -0.093466 -0.977214
vn -0.200301 -0.031550 -0.979226
vn -0.190575 0.030314 -0.981204
vn -0.162063 0.086075 -0.983019
vn -0.117702 0.130499 -0.984437
vn -0.061863 0.158890 -0.985356
vn 0.000000 0.168706 -0.985666
vn 0.061867 0.158889 -0.985356
vn 0.117709 0.130499 -0.984436
vn 0.162065 0.086074 -0.983019
vn 0.190574 0.030314 -0.981205
vn 0.200302 -0.031549 -0.979226
vn 0.000002 0.032219 0.999481
vn 0.000001 -0.032217 -0.999481
vn -1.000000 0.000000 -0.000838
vn -1.000000 0.000000 -0.000837
vn -1.000000 0.000000 -0.000837
vn -1.000000 0.000000 -0.000838
vn 0.000000 1.000000 0.000000
vn 0.000000 1.000000 -0.000000
vn 0.000000 1.000000 -0.000000
vn 0.000000 1.000000 0.000000
vn 1.000000 0.000000 0.000837
vn 1.000000 0.000000 0.000837
vn 1.000000 -0.000000 0.000837
vn 1.000000 0.000000 0.000837
vn 0.012130 -0.999926 0.000010
vn 0.012130 -0.999927 0.000010
vn 0.012130 -0.999926 0.000010
vn 0.012130 -0.999927 0.000010
vn -0.000832 0.000000 1.000000
vn -0.000840 0.000000 1.000000
vn -0.000840 0.000000 1.000000
vn -0.000831 0.000000 1.000000
vn 0.000844 0.000000 -1.000000
vn 0.000844 0.000000 -1.000000
vn 0.000844 0.000000 -1.000000
vn 0.000844 0.000000 -1.000000
vn 0.000826 0.000000 -1.000000
vn 0.000826 0.000000 -1.000000
vn 0.000826 0.000000 -1.000000
vn 0.000826 0.000000 -1.000000
vn 0.021814 -0.999489 -0.023364
vn 0.016136 -0.999850 0.006320
vn 0.016138 -0.999850 0.006309
vn 0.021814 -0.999489 -0.023364
vn -0.000831 0.000000 1.000000
vn -0.000831 0.000000 1.000000
vn -0.000826 0.000000 1.000000
vn -0.000826 0.000000 1.000000
vn 0.000000 1.000000 0.000000
vn 0.000000 1.000000 0.000000
vn 0.000000 1.000000 0.000000
vn 0.000000 1.000000 0.000001
vn 0.001600 -0.053636 -0.998559
vn 0.001141 -0.053162 -0.998585
vn 0.000998 -0.027146 -0.999631
vn 0.001228 -0.027216 -0.999629
vn -0.000840 0.000000 1.000000
vn -0.000840 0.000000 1.000000
vn 0.000000 1.000000 0.000000
vn 0.000000 1.000000 -0.000000
vn 0.000037 -0.053898 -0.998547
vn 0.000428 -0.027333 -0.999626
vn -0.000842 0.000000 1.000000
vn -0.000842 0.000000 1.000000
vn 0.000000 1.000000 0.000000
vn 0.000000 1.000000 -0.000000
vn 0.000318 -0.055973 -0.998432
vn 0.000580 -0.027855 -0.999612
vn -0.000838 0.000000 1.000000
vn -0.000837 0.000000 1.000000
vn 0.000000 1.000000 0.000000
vn 0.000000 1.000000 0.000000
vn 0.001190 -0.056202 -0.998419
vn 0.001011 -0.027903 -0.999610
vn -0.000831 0.000000 1.000000
vn -0.000831 0.000000 1.000000
vn 0.000000 1.000000 0.000000
vn 0.000000 1.000000 0.000000
vn 0.000934 -0.055486 -0.998459
vn 0.000888 -0.027724 -0.999615
vn -0.000835 0.000000 1.000000
vn -0.000835 0.000000 1.000000
vn 0.000000 1.000000 -0.000000
vn 0.000000 1.000000 -0.000000
vn 0.000988 -0.055102 -0.998480
vn 0.000915 -0.027636 -0.999618
vn -0.000840 0.000000 1.000000
vn -0.000840 0.000000 1.000000
vn 0.000000 1.000000 0.000000
vn 0.000000 1.000000 -0.000000
vn 0.001347 -0.054063 -0.998537
vn 0.001094 -0.027373 -0.999625
vn -0.000831 0.000000 1.000000
vn -0.000831 0.000000 1.000000
vn 0.000000 1.000000 0.000000
vn 0.000000 1.000000 -0.000000
vn 0.000535 -0.053760 -0.998554
vn 0.000673 -0.027301 -0.999627
vn -0.000838 0.000000 1.000000
vn -0.000837 0.000000 1.000000
vn 0.000000 1.000000 0.000000
vn 0.000000 1.000000 -0.000000
vn -0.000523 -0.054246 -0.998528
vn 0.000146 -0.027370 -0.999625
vn 0.000838 0.000000 -1.000000
vn 0.000844 0.000000 -1.000000
vn 0.000844 0.000000 -1.000000
vn 0.000835 0.000000 -1.000000
vn 0.000831 0.000000 -1.000000
vn 0.000831 0.000000 -1.000000
vn 0.000838 0.000000 -1.000000
vn 0.000838 0.000000 -1.000000
vn 0.000840 0.000000 -1.000000
vn 0.000840 0.000000 -1.000000
vn 0.000840 0.000000 -1.000000
vn 0.000840 0.000000 -1.000000
vn 0.000835 0.000000 -1.000000
vn 0.000833 0.000000 -1.000000
vn 0.000831 0.000000 -1.000000
vn 0.000831 0.000000 -1.000000
vn 0.000835 0.000000 -1.000000
vn 0.000835 0.000000 -1.000000
vn 0.000842 0.000000 -1.000000
vn 0.000842 0.000000 -1.000000
vn 0.000834 0.000000 -1.000000
vn 0.000838 0.000000 -1.000000
vn 0.000826 0.000000 -1.000000
vn 0.000826 0.000000 -1.000000
vn 1.000000 0.000000 0.000837
vn 1.000000 0.000000 0.000837
vn 1.000000 0.000000 0.000837
vn 1.000000 0.000000 0.000837
vn -0.000831 0.000000 1.000000
vn -0.000831 0.000000 1.000000
vn -0.000826 0.000000 1.000000
vn -0.000826 0.000000 1.000000
vn -0.000840 0.000000 1.000000
vn -0.000840 0.000000 1.000000
vn -0.000842 0.000000 1.000000
vn -0.000842 0.000000 1.000000
vn -0.000838 0.000000 1.000000
vn -0.000838 0.000000 1.000000
vn -0.000831 0.000000 1.000000
vn -0.000831 0.000000 1.000000
vn -0.000835 0.000000 1.000000
vn -0.000835 0.000000 1.000000
vn -0.000840 0.000000 1.000000
vn -0.000840 0.000000 1.000000
vn -0.000831 0.000000 1.000000
vn -0.000831 0.000000 1.000000
vn -0.000837 0.000000 1.000000
vn -0.000837 0.000000 1.000000
vn -0.000840 0.000000 1.000000
vn -0.000840 0.000000 1.000000
vn -0.000831 0.000000 1.000000
vn -0.000831 0.000000 1.000000
vn -1.000000 0.000000 -0.000838
vn -1.000000 0.000000 -0.000837
vn -1.000000 0.000000 -0.000837
vn -1.000000 0.000000 -0.000838
vn 0.000844 0.000000 -1.000000
vn 0.000844 0.000000 -1.000000
vn 0.000833 0.000000 -1.000000
vn 0.000826 0.000000 -1.000000
vn 0.000826 0.000000 -1.000000
vn 0.000833 0.000000 -1.000000
vn 0.000836 0.000000 -1.000000
vn 0.000836 0.000000 -1.000000
vn 0.000838 0.000000 -1.000000
vn 0.000838 0.000000 -1.000000
vn 0.000844 0.000000 -1.000000
vn 0.000844 0.000000 -1.000000
vn 0.000840 0.000000 -1.000000
vn 0.000840 0.000000 -1.000000
vn 0.000831 0.000000 -1.000000
vn 0.000826 0.000000 -1.000000
vn 0.000826 0.000000 -1.000000
vn 0.000831 0.000000 -1.000000
vn 0.000838 0.000000 -1.000000
vn 0.000838 0.000000 -1.000000
vn 0.000840 0.000000 -1.000000
vn 0.000840 0.000000 -1.000000
vn 0.000840 0.000000 -1.000000
vn 0.000840 0.000000 -1.000000
vn 0.000826 0.000000 -1.000000
vn 0.000826 0.000000 -1.000000
vn 1.000000 0.000000 0.000837
vn 1.000000 0.000000 0.000837
vn -0.000831 0.000000 1.000000
vn -0.000826 0.000000 1.000000
vn -0.000840 0.000000 1.000000
vn -0.000842 0.000000 1.000000
vn -0.000838 0.000000 1.000000
vn -0.000831 0.000000 1.000000
vn -0.000835 0.000000 1.000000
vn -0.000840 0.000000 1.000000
vn -0.000831 0.000000 1.000000
vn -0.000837 0.000000 1.000000
vn -0.000840 0.000000 1.000000
vn -0.000831 0.000000 1.000000
vn -1.000000 0.000000 -0.000838
vn -1.000000 0.000000 -0.000837
vn 0.000844 0.000000 -1.000000
vn 0.000844 0.000000 -1.000000
vn 0.000833 0.000000 -1.000000
vn 0.000826 0.000000 -1.000000
vn 0.000836 0.000000 -1.000000
vn 0.000838 0.000000 -1.000000
vn 0.000844 0.000000 -1.000000
vn 0.000840 0.000000 -1.000000
vn 0.000840 0.000000 -1.000000
vn 0.000831 0.000000 -1.000000
vn 0.000826 0.000000 -1.000000
vn 0.000838 0.000000 -1.000000
vn 0.000840 0.000000 -1.000000
vn 0.000840 0.000000 -1.000000
vn 0.000826 0.000000 -1.000000
vn 0.000826 0.000000 -1.000000
vn 1.000000 0.000000 0.000837
vn 1.000000 0.000000 0.000837
vn -0.000831 0.000000 1.000000
vn -0.000826 0.000000 1.000000
vn -0.000840 0.000000 1.000000
vn -0.000842 0.000000 1.000000
vn -0.000838 0.000000 1.000000
vn -0.000831 0.000000 1.000000
vn -0.000835 0.000000 1.000000
vn -0.000840 0.000000 1.000000
vn -0.000831 0.000000 1.000000
vn -0.000838 0.000000 1.000000
vn -0.000840 0.000000 1.000000
vn -0.000831 0.000000 1.000000
vn -1.000000 0.000000 -0.000838
vn -1.000000 0.000000 -0.000837
vn 0.000838 0.000000 -1.000000
vn 0.000844 0.000000 -1.000000
vn 0.000833 0.000000 -1.000000
vn 0.000826 0.000000 -1.000000
vn 0.000836 0.000000 -1.000000
vn 0.000838 0.000000 -1.000000
vn 0.000844 0.000000 -1.000000
vn 0.000835 0.000000 -1.000000
vn 0.000840 0.000000 -1.000000
vn 0.000831 0.000000 -1.000000
vn 0.000826 0.000000 -1.000000
vn 0.000838 0.000000 -1.000000
vn 0.000840 0.000000 -1.000000
vn 0.000840 0.000000 -1.000000
vn 0.000826 0.000000 -1.000000
vn 0.000834 0.000000 -1.000000
vn 1.000000 0.000000 0.000837
vn 1.000000 0.000000 0.000837
vn -0.000831 0.000000 1.000000
vn -0.000826 0.000000 1.000000
vn -0.000840 0.000000 1.000000
vn -0.000842 0.000000 1.000000
vn -0.000838 0.000000 1.000000
vn -0.000831 0.000000 1.000000
vn -0.000835 0.000000 1.000000
vn -0.000840 0.000000 1.000000
vn -0.000831 0.000000 1.000000
vn -0.000838 0.000000 1.000000
vn -0.000840 0.000000 1.000000
vn -0.000831 0.000000 1.000000
vn -1.000000 0.000000 -0.000838
vn -1.000000 0.000000 -0.000837
vn 0.000838 0.000000 -1.000000
vn 0.000844 0.000000 -1.000000
vn 0.000831 -0.000000 -1.000000
vn 0.000831 -0.000000 -1.000000
vn 0.000838 -0.000000 -1.000000
vn 0.000838 -0.000000 -1.000000
vn 0.000840 0.000000 -1.000000
vn 0.000840 0.000000 -1.000000
vn 0.000840 0.000000 -1.000000
vn 0.000833 0.000000 -1.000000
vn 0.000831 0.000000 -1.000000
vn 0.000831 0.000000 -1.000000
vn 0.000835 0.000000 -1.000000
vn 0.000835 0.000000 -1.000000
vn 0.000842 0.000000 -1.000000
vn 0.000842 0.000000 -1.000000
vn 0.000834 0.000000 -1.000000
vn 0.000826 0.000000 -1.000000
vn 1.000000 0.000000 0.000837
vn 1.000000 0.000000 0.000837
vn -0.000831 0.000000 1.000000
vn -0.000826 0.000000 1.000000
vn -0.000840 0.000000 1.000000
vn -0.000842 0.000000 1.000000
vn -0.000838 0.000000 1.000000
vn -0.000831 0.000000 1.000000
vn -0.000835 0.000000 1.000000
vn -0.000840 0.000000 1.000000
vn -0.000831 0.000000 1.000000
vn -0.000838 0.000000 1.000000
vn -0.000840 0.000000 1.000000
vn -0.000831 0.000000 1.000000
vn -1.000000 0.000000 -0.000838
vn -1.000000 0.000000 -0.000837
vn 0.000844 0.000000 -1.000000
vn 0.000844 0.000000 -1.000000
vn 0.000831 0.000000 -1.000000
vn 0.000826 0.000000 -1.000000
vn 0.000826 0.000000 -1.000000
vn 0.000831 0.000000 -1.000000
vn 0.000835 0.000000 -1.000000
vn 0.000835 0.000000 -1.000000
vn 0.000840 0.000000 -1.000000
vn 0.000840 0.000000 -1.000000
vn 0.000841 0.000000 -1.000000
vn 0.000841 0.000000 -1.000000
vn 0.000832 0.000000 -1.000000
vn 0.000832 0.000000 -1.000000
vn 0.000831 0.000000 -1.000000
vn 0.000831 0.000000 -1.000000
vn 0.000838 0.000000 -1.000000
vn 0.000838 0.000000 -1.000000
vn 0.000842 0.000000 -1.000000
vn 0.000842 0.000000 -1.000000
vn 0.000844 0.000000 -1.000000
vn 0.000844 0.000000 -1.000000
vn 0.000826 0.000000 -1.000000
vn 0.000826 0.000000 -1.000000
vn 1.000000 0.000000 0.000837
vn 1.000000 0.000000 0.000837
vn -0.000831 0.000000 1.000000
vn -0.000826 0.000000 1.000000
vn -0.000840 0.000000 1.000000
vn -0.000842 0.000000 1.000000
vn -0.000838 0.000000 1.000000
vn -0.000831 0.000000 1.000000
vn -0.000835 0.000000 1.000000
vn -0.000840 0.000000 1.000000
vn -0.000831 0.000000 1.000000
vn -0.000838 0.000000 1.000000
vn -0.000840 0.000000 1.000000
vn -0.000831 0.000000 1.000000
vn -1.000000 0.000000 -0.000838
vn -1.000000 0.000000 -0.000837
vn 0.000844 0.000000 -1.000000
vn 0.000844 0.000000 -1.000000
vn 0.000831 0.000000 -1.000000
vn 0.000826 0.000000 -1.000000
vn 0.000835 0.000000 -1.000000
vn 0.000840 0.000000 -1.000000
vn 0.000841 0.000000 -1.000000
vn 0.000832 0.000000 -1.000000
vn 0.000831 0.000000 -1.000000
vn 0.000838 0.000000 -1.000000
vn 0.000842 0.000000 -1.000000
vn 0.000844 0.000000 -1.000000
vn 0.000826 0.000000 -1.000000
vn 0.000826 0.000000 -1.000000
vn 1.000000 0.000000 0.000837
vn 1.000000 0.000000 0.000837
vn -0.000831 0.000000 1.000000
vn -0.000826 0.000000 1.000000
vn -0.000840 0.000000 1.000000
vn -0.000842 0.000000 1.000000
vn -0.000838 0.000000 1.000000
vn -0.000831 0.000000 1.000000
vn -0.000835 0.000000 1.000000
vn -0.000840 0.000000 1.000000
vn -0.000831 0.000000 1.000000
vn -0.000838 0.000000 1.000000
vn -0.000840 0.000000 1.000000
vn -0.000831 0.000000 1.000000
vn -1.000000 0.000000 -0.000838
vn -1.000000 0.000000 -0.000837
vn 0.000844 0.000000 -1.000000
vn 0.000844 0.000000 -1.000000
vn 0.000831 0.000000 -1.000000
vn 0.000826 0.000000 -1.000000
vn 0.000835 0.000000 -1.000000
vn 0.000840 0.000000 -1.000000
vn 0.000841 0.000000 -1.000000
vn 0.000832 0.000000 -1.000000
vn 0.000831 0.000000 -1.000000
vn 0.000838 0.000000 -1.000000
vn 0.000842 0.000000 -1.000000
vn 0.000844 0.000000 -1.000000
vn 0.000826 0.000000 -1.000000
vn 0.000826 0.000000 -1.000000
vn 1.000000 0.000000 0.000837
vn 1.000000 0.000000 0.000837
vn -0.000831 0.000000 1.000000
vn -0.000826 0.000000 1.000000
vn -0.000840 0.000000 1.000000
vn -0.000842 0.000000 1.000000
vn -0.000838 0.000000 1.000000
vn -0.000831 0.000000 1.000000
vn -0.000836 0.000000 1.000000
vn -0.000840 0.000000 1.000000
vn -0.000831 0.000000 1.000000
vn -0.000838 0.000000 1.000000
vn -0.000840 0.000000 1.000000
vn -0.000831 0.000000 1.000000
vn -1.000000 0.000000 -0.000838
vn -1.000000 0.000000 -0.000837
vn 0.000844 0.000000 -1.000000
vn 0.000844 0.000000 -1.000000
vn 0.000831 0.000000 -1.000000
vn 0.000826 0.000000 -1.000000
vn 0.000835 0.000000 -1.000000
vn 0.000840 0.000000 -1.000000
vn 0.000841 0.000000 -1.000000
vn 0.000832 0.000000 -1.000000
vn 0.000831 0.000000 -1.000000
vn 0.000838 0.000000 -1.000000
vn 0.000842 0.000000 -1.000000
vn 0.000844 0.000000 -1.000000
vn 0.000826 0.000000 -1.000000
vn 0.000826 0.000000 -1.000000
vn 1.000000 0.000000 0.000837
vn 1.000000 0.000000 0.000837
vn -0.000831 0.000000 1.000000
vn -0.000826 0.000000 1.000000
vn -0.000840 0.000000 1.000000
vn -0.000842 0.000000 1.000000
vn -0.000838 0.000000 1.000000
vn -0.000831 0.000000 1.000000
vn -0.000836 0.000000 1.000000
vn -0.000840 0.000000 1.000000
vn -0.000831 0.000000 1.000000
vn -0.000838 0.000000 1.000000
vn -0.000840 0.000000 1.000000
vn -0.000831 0.000000 1.000000
vn -1.000000 0.000000 -0.000838
vn -1.000000 0.000000 -0.000837
vn -0.999999 0.000000 -0.001672
vn -0.999999 0.000000 -0.001672
vn -0.999999 0.000000 -0.001672
vn -0.999999 0.000000 -0.001672
vn 0.000000 1.000000 -0.000001
vn 0.000000 1.000000 -0.000001
vn 0.000000 1.000000 -0.000001
vn 0.000000 1.000000 -0.000001
vn 0.000000 1.000000 -0.000001
vn 0.000000 1.000000 -0.000001
vn 0.000000 1.000000 -0.000001
vn 0.000000 1.000000 -0.000001
vn 0.000000 1.000000 0.000001
vn 0.000000 1.000000 0.000001
vn 0.000000 1.000000 0.000001
vn 0.000000 1.000000 0.000001
vn 0.000000 1.000000 0.000001
vn 0.000000 1.000000 0.000001
vn 0.000000 1.000000 0.000001
vn 0.000000 1.000000 0.000001
vn 0.999999 0.000000 0.001672
vn 0.999999 0.000000 0.001672
vn 0.999999 0.000000 0.001672
vn 0.999999 0.000000 0.001672
vn -0.999999 0.000000 -0.001672
vn -0.999999 0.000000 -0.001672
vn -0.999999 0.000000 -0.001672
vn -0.999999 0.000000 -0.001672
vn 0.999999 0.000000 0.001672
vn 0.999999 0.000000 0.001672
vn 0.999999 0.000000 0.001672
vn 0.999999 0.000000 0.001672
vn 0.000000 -1.000000 0.000000
vn 0.000000 -1.000000 0.000000
vn 0.000000 -1.000000 0.000000
vn 0.000000 -1.000000 0.000000
vn -0.999999 0.000000 -0.001672
vn -0.999999 0.000000 -0.001672
vn -0.999999 0.000000 -0.001672
vn -0.999999 0.000000 -0.001672
vn 0.000000 -1.000000 -0.000000
vn 0.000000 -1.000000 -0.000000
vn 0.000000 -1.000000 -0.000000
vn 0.000000 -1.000000 -0.000000
vn 0.000000 -1.000000 0.000001
vn 0.000000 -1.000000 0.000001
vn 0.000000 -1.000000 0.000001
vn 0.000000 -1.000000 0.000001
vn 0.000000 -1.000000 0.000002
vn 0.000000 -1.000000 0.000002
vn 0.000000 -1.000000 0.000002
vn 0.000000 -1.000000 0.000002
vn 0.999999 0.000000 0.001672
vn 0.999999 0.000000 0.001672
vn 0.999999 0.000000 0.001672
vn 0.999999 0.000000 0.001672
vn -1.000000 0.000000 0.000000
vn -1.000000 0.000000 0.000000
vn -1.000000 0.000000 0.000000
vn -1.000000 0.000000 0.000000
vn 0.000000 1.000000 -0.000003
vn 0.000000 1.000000 -0.000003
vn 0.000000 1.000000 -0.000003
vn 0.000000 1.000000 -0.000003
vn 0.000000 1.000000 0.000001
vn 0.000000 1.000000 0.000001
vn 0.000000 1.000000 0.000001
vn 0.000000 1.000000 0.000001
vn 0.000000 1.000000 0.000000
vn 0.000000 1.000000 0.000000
vn 0.000000 1.000000 0.000000
vn 0.000000 1.000000 0.000000
vn 0.000000 1.000000 0.000000
vn 0.000000 1.000000 0.000000
vn 0.000000 1.000000 0.000000
vn 0.000000 1.000000 0.000000
vn 1.000000 0.000000 0.000000
vn 1.000000 0.000000 0.000000
vn 1.000000 0.000000 0.000000
vn 1.000000 0.000000 0.000000
vn -1.000000 0.000000 0.000000
vn -1.000000 0.000000 0.000000
vn -1.000000 0.000000 0.000000
vn -1.000000 0.000000 0.000000
vn 1.000000 0.000000 0.000000
vn 1.000000 0.000000 0.000000
vn 1.000000 0.000000 0.000000
vn 1.000000 0.000000 0.000000
vn 0.000000 -1.000000 0.000003
vn 0.000000 -1.000000 0.000003
vn 0.000000 -1.000000 0.000003
vn 0.000000 -1.000000 0.000003
vn -1.000000 0.000000 0.000000
vn -1.000000 0.000000 0.000000
vn -1.000000 0.000000 0.000000
vn -1.000000 0.000000 0.000000
vn 0.000000 -1.000000 0.000000
vn 0.000000 -1.000000 0.000000
vn 0.000000 -1.000000 0.000000
vn 0.000000 -1.000000 0.000000
vn 0.000000 -1.000000 0.000000
vn 0.000000 -1.000000 0.000000
vn 0.000000 -1.000000 0.000000
vn 0.000000 -1.000000 0.000000
vn 0.000000 -1.000000 0.000000
vn 0.000000 -1.000000 0.000000
vn 0.000000 -1.000000 0.000000
vn 0.000000 -1.000000 0.000000
vn 1.000000 0.000000 0.000000
vn 1.000000 0.000000 0.000000
vn 1.000000 0.000000 0.000000
vn 1.000000 0.000000 0.000000
vn 1.000000 0.000000 0.000837
vn 1.000000 0.000000 0.000837
vn 1.000000 0.000000 0.000837
vn 1.000000 0.000000 0.000837
vn 1.000000 0.000000 0.000837
vn 1.000000 0.000000 0.000837
vn 1.000000 0.000000 0.000837
vn 1.000000 0.000000 0.000837
vn 1.000000 0.000000 0.000837
vn 1.000000 0.000000 0.000837
vn 1.000000 0.000000 0.000837
vn 1.000000 0.000000 0.000837
vn 1.000000 0.000000 0.000837
vn 1.000000 0.000000 0.000837
vn 1.000000 0.000000 0.000837
vn 1.000000 0.000000 0.000837
vn 1.000000 0.000000 0.000837
vn 1.000000 0.000000 0.000837
vn -0.001278 -0.999998 -0.001567
vn -0.008931 -0.999874 -0.013139
vn 0.002961 -0.999990 0.003236
vn 0.008583 -0.999885 0.012522
vn 0.005759 -0.999592 0.027989
vn 0.005761 -0.999592 0.027988
vn -0.015009 -0.999725 0.018040
vn -0.015017 -0.999725 0.018030
vn -0.009033 -0.999928 -0.007869
vn -0.008991 -0.999928 -0.007891
vn 0.006417 -0.999923 -0.010662
vn 0.006410 -0.999923 -0.010644
vn 0.001738 -0.999997 -0.001876
vn 0.001743 -0.999997 -0.001881
vn 0.002742 -0.999992 0.002958
vn 0.002735 -0.999992 0.002950
vn 0.009422 -0.999826 0.016099
vn 0.009422 -0.999826 0.016098
vn -0.005782 -0.999783 0.020033
vn -0.005788 -0.999783 0.020031
vn -0.002326 -0.999994 0.002449
vn -0.009493 -0.999948 0.003635
vn 0.009051 -0.999954 -0.003319
vn 0.006038 -0.999960 -0.006575
vn -1.000000 0.000000 -0.000837
vn -1.000000 0.000000 -0.000837
vn -1.000000 0.000000 -0.000837
vn -1.000000 0.000000 -0.000837
vn -1.000000 0.000000 -0.000837
vn -1.000000 0.000000 -0.000837
vn -1.000000 0.000000 -0.000837
vn -1.000000 0.000000 -0.000837
vn -1.000000 0.000000 -0.000837
vn -1.000000 0.000000 -0.000837
vn -1.000000 0.000000 -0.000837
vn -1.000000 0.000000 -0.000837
vn -1.000000 0.000000 -0.000837
vn -1.000000 0.000000 -0.000837
vn -1.000000 0.000000 -0.000837
vn -1.000000 0.000000 -0.000837
vn -1.000000 0.000000 -0.000837
vn -1.000000 0.000000 -0.000837
vn -1.000000 0.000000 -0.000837
vn -1.000000 0.000000 -0.000837
vn -1.000000 0.000000 -0.000837
vn -1.000000 0.000000 -0.000837
vn -1.000000 0.000000 -0.000837
vn -1.000000 0.000000 -0.000837
vn 0.000000 1.000000 -0.000000
vn 0.000000 1.000000 -0.000000
vn 0.000000 1.000000 -0.000000
vn 0.000000 1.000000 -0.000000
vn 0.000000 1.000000 -0.000000
vn 0.000000 1.000000 -0.000000
vn 0.000000 1.000000 -0.000000
vn 0.000000 1.000000 -0.000000
vn 0.000000 1.000000 -0.000000
vn 0.000000 1.000000 -0.000000
vn 0.000000 1.000000 -0.000000
vn 0.000000 1.000000 -0.000000
vn 0.000000 1.000000 -0.000000
vn 0.000000 1.000000 -0.000000
vn 0.000000 1.000000 -0.000000
vn 0.000000 1.000000 -0.000000
vn 0.000000 1.000000 -0.000000
vn 0.000000 1.000000 -0.000000
vn 0.000000 1.000000 -0.000000
vn 0.000000 1.000000 -0.000000
vn 0.000000 1.000000 -0.000000
vn 0.000000 1.000000 -0.000000
vn 0.000000 1.000000 -0.000000
vn 0.000000 1.000000 -0.000000
vn 1.000000 0.000000 0.000837
vn 1.000000 0.000000 0.000837
vn 1.000000 0.000000 0.000837
vn 1.000000 0.000000 0.000837
vn 1.000000 0.000000 0.000837
vn 1.000000 0.000000 0.000837
vn 1.000000 0.000000 0.000836
vn 1.000000 0.000000 0.000836
vn 1.000000 0.000000 0.000836
vn 1.000000 0.000000 0.000836
vn 1.000000 0.000000 0.000836
vn 1.000000 0.000000 0.000836
vn 1.000000 0.000000 0.000836
vn 1.000000 0.000000 0.000836
vn 1.000000 0.000000 0.000836
vn -0.031873 -0.999432 -0.010938
vn -0.031818 -0.999433 -0.011035
vn 0.012130 -0.999927 0.000010
vn 0.012130 -0.999926 0.000010
vn -1.000000 0.000000 -0.000836
vn -1.000000 0.000000 -0.000836
vn -1.000000 0.000000 -0.000836
vn -1.000000 0.000000 -0.000836
vn -1.000000 0.000000 -0.000836
vn -1.000000 0.000000 -0.000836
vn -1.000000 0.000000 -0.000836
vn -1.000000 0.000000 -0.000836
vn -1.000000 0.000000 -0.000836
vn -1.000000 0.000000 -0.000836
vn -1.000000 0.000000 -0.000836
vn -1.000000 0.000000 -0.000836
vn 0.000000 1.000000 -0.000000
vn 0.000000 1.000000 -0.000000
vn 0.000000 1.000000 -0.000000
vn 0.000000 1.000000 -0.000000
vn 0.000000 1.000000 -0.000000
vn 0.000000 1.000000 -0.000000
vn 0.000000 1.000000 -0.000000
vn 0.000000 1.000000 -0.000000
vn 0.000000 1.000000 -0.000000
vn 0.000000 1.000000 -0.000000
vn 0.000000 1.000000 -0.000000
vn 0.000000 1.000000 -0.000000
vn 1.000000 0.000000 0.000836
vn 1.000000 0.000000 0.000836
vn 1.000000 0.000000 0.000836
vn 1.000000 0.000000 0.000836
vn 1.000000 0.000000 0.000836
vn 1.000000 0.000000 0.000836
vn 1.000000 0.000000 0.000836
vn 1.000000 0.000000 0.000836
vn 1.000000 0.000000 0.000836
vn 1.000000 0.000000 0.000836
vn 1.000000 0.000000 0.000836
vn 1.000000 0.000000 0.000836
vn -0.035965 -0.999329 0.006915
vn -0.035963 -0.999329 0.006915
vn 0.012131 -0.999927 0.000010
vn 0.012131 -0.999927 0.000010
vn -1.000000 0.000000 -0.000836
vn -1.000000 0.000000 -0.000836
vn -1.000000 0.000000 -0.000836
vn -1.000000 0.000000 -0.000836
vn -1.000000 0.000000 -0.000836
vn -1.000000 0.000000 -0.000836
vn -1.000000 0.000000 -0.000836
vn -1.000000 0.000000 -0.000836
vn -1.000000 0.000000 -0.000836
vn -1.000000 0.000000 -0.000836
vn -1.000000 0.000000 -0.000836
vn -1.000000 0.000000 -0.000836
vn 0.000000 1.000000 0.000000
vn 0.000000 1.000000 0.000000
vn 0.000000 1.000000 0.000000
vn 0.000000 1.000000 0.000000
vn 0.000000 1.000000 0.000000
vn 0.000000 1.000000 0.000000
vn 0.000000 1.000000 -0.000000
vn 0.000000 1.000000 -0.000000
vn 0.000000 1.000000 0.000000
vn 0.000000 1.000000 0.000000
vn 0.000000 1.000000 0.000000
vn 0.000000 1.000000 0.000000
vn 1.000000 0.000000 0.000836
vn 1.000000 0.000000 0.000836
vn 1.000000 0.000000 0.000836
vn 1.000000 0.000000 0.000836
vn 1.000000 0.000000 0.000836
vn 1.000000 0.000000 0.000836
vn 1.000000 0.000000 0.000836
vn 1.000000 0.000000 0.000836
vn 1.000000 0.000000 0.000836
vn 1.000000 0.000000 0.000836
vn 1.000000 0.000000 0.000836
vn 1.000000 -0.000000 0.000836
vn -0.009144 -0.999708 0.022385
vn -0.009131 -0.999708 0.022395
vn 0.012131 -0.999927 0.000011
vn 0.012131 -0.999926 0.000011
vn -1.000000 0.000000 -0.000836
vn -1.000000 0.000000 -0.000836
vn -1.000000 0.000000 -0.000836
vn -1.000000 0.000000 -0.000836
vn -1.000000 0.000000 -0.000836
vn -1.000000 0.000000 -0.000836
vn -1.000000 0.000000 -0.000836
vn -1.000000 0.000000 -0.000836
vn -1.000000 0.000000 -0.000836
vn -1.000000 0.000000 -0.000836
vn -1.000000 0.000000 -0.000836
vn -1.000000 0.000000 -0.000836
vn 0.000000 1.000000 0.000000
vn 0.000000 1.000000 0.000000
vn 0.000000 1.000000 0.000000
vn 0.000000 1.000000 0.000000
vn 0.000000 1.000000 0.000000
vn 0.000000 1.000000 0.000000
vn 0.000000 1.000000 0.000000
vn 0.000000 1.000000 0.000000
vn 0.000000 1.000000 0.000000
vn 0.000000 1.000000 0.000000
vn 0.000000 1.000000 0.000000
vn 0.000000 1.000000 0.000000
vn 1.000000 0.000000 0.000836
vn 1.000000 0.000000 0.000836
vn 1.000000 0.000000 0.000836
vn -1.000000 0.000606 -0.000396
vn -1.000000 0.000606 -0.000396
vn -0.999999 0.001183 -0.000444
vn -0.999999 0.001188 -0.000444
vn 0.999999 0.000638 0.001261
vn 0.999999 0.000638 0.001261
vn 0.999998 0.001242 0.001253
vn 0.999998 0.001242 0.001253
vn 0.999999 0.000000 0.001687
vn 0.999999 0.000000 0.001687
vn 0.999999 0.000000 0.001670
vn 0.999999 0.000000 0.001670
vn 0.000000 -1.000000 0.000000
vn 0.000000 -1.000000 0.000000
vn 0.000000 -1.000000 0.000000
vn 0.000000 -1.000000 0.000000
vn 0.000000 -1.000000 0.000000
vn 0.000000 -1.000000 0.000000
vn 0.000000 -1.000000 0.000000
vn 0.000000 -1.000000 0.000000
vn 0.000000 -1.000000 0.000000
vn 0.000000 -1.000000 0.000000
vn 0.000000 -1.000000 0.000000
vn 0.000000 -1.000000 0.000000
vn 0.000000 -1.000000 0.000000
vn 0.000000 -1.000000 0.000000
vn 0.000000 -1.000000 -0.000000
vn 0.000000 -1.000000 -0.000000
vn 0.000000 -1.000000 -0.000000
vn 0.000000 -1.000000 -0.000000
vn 0.000000 -1.000000 -0.000000
vn 0.000000 -1.000000 -0.000000
vn 0.000000 -1.000000 -0.000000
vn 0.000000 -1.000000 -0.000000
vn 0.000000 -1.000000 -0.000000
vn 0.000000 -1.000000 -0.000000
vn 0.000000 -1.000000 0.000000
vn 0.000000 -1.000000 0.000000
vn 0.000000 -1.000000 0.000000
vn 0.000000 -1.000000 0.000000
vn 0.000000 -1.000000 0.000000
vn 0.000000 -1.000000 0.000000
vn 0.000000 -1.000000 0.000000
vn 0.000000 -1.000000 0.000000
vn 0.000000 -1.000000 -0.000001
vn 0.000000 -1.000000 -0.000001
vn 0.000000 -1.000000 -0.000000
vn 0.000000 -1.000000 -0.000000
vn -1.000000 0.000000 0.000015
vn -1.000000 0.000000 0.000015
vn -1.000000 0.000000 -0.000002
vn -1.000000 0.000000 -0.000002
vn 0.999999 0.000000 0.001687
vn 0.999999 0.000000 0.001687
vn 0.999999 0.000000 0.001670
vn 0.999999 0.000000 0.001670
vn -1.000000 0.000000 0.000015
vn -1.000000 0.000000 0.000015
vn -1.000000 0.000000 -0.000002
vn -1.000000 0.000000 -0.000002
vn 0.999999 0.000000 0.001687
vn 0.999999 0.000000 0.001687
vn 0.999999 0.000000 0.001670
vn 0.999999 0.000000 0.001670
vn -1.000000 0.000000 0.000015
vn -1.000000 0.000000 0.000015
vn -1.000000 0.000000 -0.000002
vn -1.000000 0.000000 -0.000002
vn 0.999999 0.000000 0.001687
vn 0.999999 0.000000 0.001687
vn 0.999999 0.000000 0.001670
vn 0.999999 0.000000 0.001670
vn -1.000000 0.000000 0.000015
vn -1.000000 0.000000 0.000015
vn -1.000000 0.000000 -0.000002
vn -1.000000 0.000000 -0.000002
vn 0.999999 0.000000 0.001687
vn 0.999999 0.000000 0.001687
vn 0.999999 0.000000 0.001670
vn 0.999999 0.000000 0.001670
vn -1.000000 -0.000001 0.000015
vn -1.000000 -0.000001 0.000015
vn -1.000000 -0.000000 -0.000002
vn -1.000000 0.000000 -0.000002
vn -0.999997 0.002398 -0.000481
vn -0.999997 0.002416 -0.000481
vn -1.000000 0.000000 -0.000035
vn -1.000000 0.000000 -0.000035
vn -1.000000 0.000000 -0.000035
vn -1.000000 0.000000 -0.000035
vn -1.000000 0.000000 -0.000035
vn -1.000000 0.000000 -0.000035
vn -1.000000 0.000000 -0.000035
vn -1.000000 0.000000 -0.000035
vn -1.000000 0.000000 -0.000035
vn -1.000000 0.000000 -0.000035
vn 0.000000 -1.000000 0.000000
vn 0.000000 -1.000000 0.000000
vn 0.000000 -1.000000 0.000000
vn 0.000000 -1.000000 0.000000
vn 0.000000 -1.000000 -0.000000
vn 0.000000 -1.000000 -0.000000
vn 0.000000 -1.000000 0.000000
vn 0.000000 -1.000000 0.000000
vn 0.000000 -1.000000 0.000000
vn 0.000000 -1.000000 0.000000
vn 0.000000 -1.000000 -0.000000
vn 0.000000 -1.000000 -0.000000
vn 0.000000 -1.000000 0.000000
vn 0.000000 -1.000000 0.000000
vn 0.000000 -1.000000 -0.000000
vn 0.000000 -1.000000 -0.000000
vn 0.000000 -1.000000 -0.000000
vn 0.000000 -1.000000 -0.000000
vn 0.999999 0.000000 0.001638
vn 0.999999 0.000000 0.001638
vn 0.999999 0.000000 0.001638
vn 0.999999 0.000000 0.001638
vn 0.999999 0.000000 0.001638
vn 0.999999 0.000000 0.001638
vn 0.999999 0.000000 0.001638
vn 0.999999 0.000000 0.001638
vn 0.999999 0.000000 0.001638
vn 0.999999 0.000000 0.001638
vn 0.999996 0.002428 0.001237
vn 0.999996 0.002428 0.001237
vn -0.999993 0.003787 -0.000449
vn -0.999993 0.003793 -0.000448
vn -1.000000 0.000000 0.000002
vn -1.000000 0.000000 0.000002
vn -1.000000 0.000000 0.000002
vn -1.000000 0.000000 0.000002
vn -1.000000 0.000000 0.000002
vn -1.000000 0.000000 0.000002
vn -1.000000 0.000000 0.000002
vn -1.000000 0.000000 0.000002
vn -1.000000 0.000000 0.000002
vn -1.000000 0.000000 0.000002
vn 0.000000 -1.000000 0.000000
vn 0.000000 -1.000000 0.000000
vn 0.000000 -1.000000 0.000000
vn 0.000000 -1.000000 0.000000
vn 0.000000 -1.000000 0.000000
vn 0.000000 -1.000000 0.000000
vn 0.000000 -1.000000 0.000000
vn 0.000000 -1.000000 0.000000
vn 0.000000 -1.000000 0.000000
vn 0.000000 -1.000000 0.000000
vn 0.000000 -1.000000 0.000000
vn 0.000000 -1.000000 0.000000
vn 0.000000 -1.000000 0.000000
vn 0.000000 -1.000000 0.000000
vn 0.000000 -1.000000 -0.000000
vn 0.000000 -1.000000 -0.000000
vn 0.000000 -1.000000 -0.000000
vn 0.000000 -1.000000 -0.000000
vn 0.999999 0.000000 0.001674
vn 0.999999 0.000000 0.001674
vn 0.999999 0.000000 0.001674
vn 0.999999 0.000000 0.001674
vn 0.999999 0.000000 0.001674
vn 0.999999 0.000000 0.001674
vn 0.999999 0.000000 0.001674
vn 0.999999 0.000000 0.001674
vn 0.999999 0.000000 0.001674
vn 0.999999 0.000000 0.001674
vn 0.999993 0.003648 0.001251
vn 0.999993 0.003648 0.001251
vn -0.999987 0.005062 -0.000336
vn -0.999987 0.005004 -0.000345
vn -1.000000 0.000000 0.000025
vn -1.000000 0.000000 0.000025
vn -1.000000 0.000000 0.000025
vn -1.000000 0.000000 0.000025
vn -1.000000 0.000000 0.000025
vn -1.000000 0.000000 0.000025
vn -1.000000 0.000000 0.000025
vn -1.000000 0.000000 0.000025
vn -1.000000 0.000000 0.000025
vn -1.000000 0.000000 0.000025
vn 0.000000 -1.000000 0.000000
vn 0.000000 -1.000000 0.000000
vn 0.000000 -1.000000 0.000001
vn 0.000000 -1.000000 0.000001
vn 0.000000 -1.000000 0.000000
vn 0.000000 -1.000000 0.000000
vn 0.000000 -1.000000 -0.000000
vn 0.000000 -1.000000 -0.000000
vn 0.000000 -1.000000 -0.000000
vn 0.000000 -1.000000 -0.000000
vn 0.000000 -1.000000 0.000000
vn 0.000000 -1.000000 0.000000
vn 0.000000 -1.000000 0.000000
vn 0.000000 -1.000000 0.000000
vn 0.000000 -1.000000 0.000000
vn 0.000000 -1.000000 0.000000
vn 0.000000 -1.000000 0.000000
vn 0.000000 -1.000000 0.000000
vn 0.999999 0.000000 0.001698
vn 0.999999 0.000000 0.001698
vn 0.999999 0.000000 0.001698
vn 0.999999 0.000000 0.001698
vn 0.999999 0.000000 0.001698
vn 0.999999 0.000000 0.001698
vn 0.999999 0.000000 0.001698
vn 0.999999 0.000000 0.001698
vn 0.999999 0.000000 0.001698
vn 0.999999 0.000000 0.001698
vn 0.999988 0.004839 0.001263
vn 0.999987 0.004892 0.001263
vn -0.999984 0.005617 -0.000249
vn -0.999984 0.005617 -0.000249
vn -1.000000 0.000000 -0.000000
vn -1.000000 0.000000 -0.000000
vn -1.000000 0.000000 -0.000000
vn -1.000000 0.000000 -0.000000
vn -1.000000 0.000000 -0.000000
vn -1.000000 0.000000 -0.000000
vn -1.000000 0.000000 -0.000000
vn -1.000000 0.000000 -0.000000
vn -1.000000 0.000000 -0.000000
vn -1.000000 0.000000 -0.000000
vn 0.000000 -1.000000 0.000000
vn 0.000000 -1.000000 0.000000
vn 0.000000 -1.000000 0.000001
vn 0.000000 -1.000000 0.000001
vn 0.000000 -1.000000 0.000000
vn 0.000000 -1.000000 0.000000
vn 0.000000 -1.000000 -0.000000
vn 0.000000 -1.000000 -0.000000
vn 0.000000 -1.000000 -0.000000
vn 0.000000 -1.000000 -0.000000
vn 0.000000 -1.000000 0.000000
vn 0.000000 -1.000000 0.000000
vn 0.000000 -1.000000 0.000000
vn 0.000000 -1.000000 0.000000
vn 0.000000 -1.000000 0.000000
vn 0.000000 -1.000000 0.000000
vn 0.000000 -1.000000 0.000001
vn 0.000000 -1.000000 0.000001
vn 0.999999 0.000000 0.001672
vn 0.999999 0.000000 0.001672
vn 0.999999 0.000000 0.001672
vn 0.999999 0.000000 0.001672
vn 0.999999 0.000000 0.001672
vn 0.999999 0.000000 0.001672
vn 0.999999 0.000000 0.001672
vn 0.999999 0.000000 0.001672
vn 0.999999 0.000000 0.001672
vn 0.999999 0.000000 0.001672
vn 0.999984 0.005523 0.001255
vn 0.999984 0.005523 0.001255
vn 0.190522 -0.030358 0.981213
vn 0.162128 -0.086055 0.983010
vn 0.269923 -0.165573 0.948540
vn 0.317287 -0.072715 0.945538
vn 0.117749 -0.130474 0.984435
vn 0.196054 -0.239356 0.950932
vn 0.061831 -0.158941 0.985350
vn 0.103042 -0.286709 0.952460
vn 0.000000 -0.168724 0.985664
vn -0.000002 -0.302999 0.952991
vn -0.061831 -0.158941 0.985350
vn -0.103044 -0.286708 0.952460
vn -0.117748 -0.130473 0.984435
vn -0.196052 -0.239355 0.950933
vn -0.162126 -0.086054 0.983011
vn -0.269921 -0.165574 0.948540
vn -0.190521 -0.030360 0.981214
vn -0.317287 -0.072717 0.945537
vn -0.200247 0.031550 0.979237
vn -0.333594 0.030359 0.942228
vn -0.190516 0.093478 0.977223
vn -0.317282 0.133455 0.938894
vn -0.162108 0.149204 0.975428
vn -0.269909 0.226353 0.935903
vn -0.117767 0.193570 0.973993
vn -0.196110 0.300119 0.933526
vn -0.061852 0.221990 0.973085
vn -0.103088 0.347468 0.932008
vn -0.000004 0.231789 0.972766
vn -0.000004 0.363788 0.931482
vn 0.061847 0.221989 0.973086
vn 0.103084 0.347470 0.932008
vn 0.117766 0.193568 0.973993
vn 0.196111 0.300119 0.933525
vn 0.162107 0.149203 0.975428
vn 0.269907 0.226352 0.935903
vn 0.190519 0.093478 0.977223
vn 0.317279 0.133453 0.938895
vn 0.200249 0.031551 0.979237
vn 0.333593 0.030360 0.942228
vn 0.380884 -0.248135 0.890706
vn 0.447731 -0.116996 0.886481
vn 0.276723 -0.352247 0.894062
vn 0.145474 -0.419090 0.896215
vn 0.000000 -0.442102 0.896965
vn -0.145476 -0.419090 0.896214
vn -0.276724 -0.352250 0.894060
vn -0.380885 -0.248137 0.890705
vn -0.447731 -0.116998 0.886481
vn -0.470782 0.028416 0.881792
vn -0.447729 0.173832 0.877110
vn -0.380845 0.304969 0.872898
vn -0.276708 0.409051 0.869546
vn -0.145474 0.475898 0.867386
vn -0.000003 0.498940 0.866636
vn 0.145471 0.475899 0.867386
vn 0.276709 0.409052 0.869545
vn 0.380846 0.304967 0.872898
vn 0.447728 0.173830 0.877110
vn 0.470783 0.028418 0.881791
vn 0.485154 -0.326521 0.811178
vn 0.570322 -0.159436 0.805800
vn 0.352491 -0.459127 0.815446
vn 0.185319 -0.544269 0.818186
vn 0.000001 -0.573601 0.819135
vn -0.185321 -0.544267 0.818186
vn -0.352492 -0.459125 0.815447
vn -0.485152 -0.326522 0.811179
vn -0.570319 -0.159436 0.805802
vn -0.599678 0.025782 0.799826
vn -0.570329 0.210981 0.793859
vn -0.485147 0.378048 0.788487
vn -0.352468 0.510654 0.784219
vn -0.185303 0.595794 0.781468
vn -0.000002 0.625124 0.780525
vn 0.185300 0.595794 0.781469
vn 0.352469 0.510654 0.784218
vn 0.485149 0.378046 0.788487
vn 0.570329 0.210980 0.793859
vn 0.599679 0.025783 0.799825
vn 0.578707 -0.397731 0.711975
vn 0.680315 -0.198424 0.705549
vn 0.420458 -0.555896 0.717074
vn 0.221049 -0.657448 0.720346
vn 0.000000 -0.692439 0.721476
vn -0.221053 -0.657446 0.720348
vn -0.420459 -0.555897 0.717072
vn -0.578708 -0.397733 0.711973
vn -0.680314 -0.198424 0.705550
vn -0.715320 0.022508 0.698434
vn -0.680314 0.243441 0.691310
vn -0.578729 0.442734 0.684879
vn -0.420454 0.600925 0.679785
vn -0.221052 0.702481 0.676503
vn 0.000000 0.737461 0.675390
vn 0.221051 0.702480 0.676504
vn 0.420455 0.600924 0.679786
vn 0.578731 0.442734 0.684877
vn 0.680315 0.243441 0.691309
vn 0.715321 0.022509 0.698433
vn 0.658800 -0.459703 0.595529
vn 0.774471 -0.232816 0.588211
vn 0.478650 -0.639770 0.601322
vn 0.251642 -0.755374 0.605051
vn 0.000000 -0.795216 0.606327
vn -0.251644 -0.755372 0.605052
vn -0.478652 -0.639770 0.601321
vn -0.658800 -0.459705 0.595528
vn -0.774471 -0.232817 0.588210
vn -0.814315 0.018683 0.580122
vn -0.774454 0.270204 0.572023
vn -0.658802 0.497083 0.564702
vn -0.478638 0.677155 0.558898
vn -0.251639 0.792768 0.555155
vn 0.000001 0.832599 0.553877
vn 0.251641 0.792768 0.555153
vn 0.478639 0.677155 0.558896
vn 0.658802 0.497085 0.564700
vn 0.774454 0.270205 0.572023
vn 0.814316 0.018684 0.580121
vn 0.723296 -0.510804 0.464675
vn 0.850277 -0.261710 0.456659
vn 0.525510 -0.708485 0.471049
vn 0.276274 -0.835409 0.475148
vn 0.000000 -0.879145 0.476554
vn -0.276274 -0.835408 0.475149
vn -0.525510 -0.708483 0.471054
vn -0.723294 -0.510803 0.464678
vn -0.850277 -0.261711 0.456658
vn -0.894034 0.014421 0.447766
vn -0.850279 0.290562 0.438861
vn -0.723294 0.539663 0.430824
vn -0.525499 0.737349 0.424462
vn -0.276273 0.864271 0.420366
vn 0.000000 0.908001 0.418969
vn 0.276273 0.864270 0.420369
vn 0.525499 0.737349 0.424461
vn 0.723294 0.539663 0.430824
vn 0.850278 0.290563 0.438863
vn 0.894034 0.014423 0.447767
vn 0.770523 -0.549707 0.322669
vn 0.905800 -0.284350 0.314120
vn 0.559821 -0.760298 0.329465
vn 0.294309 -0.895518 0.333813
vn 0.000000 -0.942109 0.335306
vn -0.294309 -0.895517 0.333812
vn -0.559820 -0.760299 0.329465
vn -0.770524 -0.549707 0.322669
vn -0.905801 -0.284349 0.314117
vn -0.952421 0.009821 0.304629
vn -0.905809 0.303984 0.295136
vn -0.770529 0.569347 0.286583
vn -0.559822 0.779942 0.279802
vn -0.294317 0.915153 0.275452
vn 0.000000 0.961743 0.273954
vn 0.294317 0.915151 0.275455
vn 0.559822 0.779942 0.279804
vn 0.770529 0.569346 0.286583
vn 0.905807 0.303985 0.295137
vn 0.952420 0.009824 0.304631
vn 0.799333 -0.575482 0.172882
vn 0.939674 -0.300192 0.164008
vn 0.580750 -0.793952 0.179917
vn 0.305316 -0.934220 0.184434
vn 0.000000 -0.982552 0.185990
vn -0.305317 -0.934219 0.184438
vn -0.580751 -0.793951 0.179919
vn -0.799332 -0.575483 0.172880
vn -0.939674 -0.300191 0.164005
vn -0.988032 0.004973 0.154169
vn -0.939674 0.310129 0.144333
vn -0.799335 0.585415 0.135472
vn -0.580751 0.803887 0.128429
vn -0.305321 0.944154 0.123908
vn -0.000000 0.992488 0.122343
vn 0.305321 0.944154 0.123906
vn 0.580751 0.803887 0.128429
vn 0.799336 0.585414 0.135472
vn 0.939674 0.310130 0.144332
vn 0.988032 0.004974 0.154170
vn 0.809016 -0.587482 0.018928
vn 0.951056 -0.308858 0.009956
vn 0.587787 -0.808596 0.026051
vn 0.309020 -0.950562 0.030631
vn 0.000000 -0.999481 0.032212
vn -0.309021 -0.950562 0.030636
vn -0.587787 -0.808596 0.026057
vn -0.809015 -0.587484 0.018930
vn -0.951056 -0.308859 0.009955
vn -1.000000 0.000000 0.000000
vn -0.951057 0.308856 -0.009955
vn -0.809016 0.587481 -0.018931
vn -0.587783 0.808599 -0.026057
vn -0.309019 0.950563 -0.030633
vn -0.000000 0.999481 -0.032202
vn 0.309018 0.950563 -0.030631
vn 0.587784 0.808598 -0.026057
vn 0.809018 0.587480 -0.018932
vn 0.951057 0.308854 -0.009957
vn 1.000000 -0.000000 0.000000
vn 0.799337 -0.585414 -0.135467
vn 0.939676 -0.310126 -0.144333
vn 0.580751 -0.803888 -0.128424
vn 0.305318 -0.944155 -0.123906
vn -0.000000 -0.992486 -0.122359
vn -0.305319 -0.944154 -0.123909
vn -0.580751 -0.803888 -0.128424
vn -0.799336 -0.585415 -0.135465
vn -0.939676 -0.310126 -0.144333
vn -0.988032 -0.004973 -0.154170
vn -0.939674 0.300192 -0.164005
vn -0.799331 0.575486 -0.172877
vn -0.580754 0.793949 -0.179916
vn -0.305318 0.934218 -0.184440
vn 0.000000 0.982552 -0.185988
vn 0.305319 0.934218 -0.184435
vn 0.580754 0.793949 -0.179917
vn 0.799331 0.575485 -0.172879
vn 0.939674 0.300193 -0.164005
vn 0.988032 -0.004973 -0.154170
vn 0.770525 -0.569342 -0.286601
vn 0.905806 -0.303976 -0.295153
vn 0.559814 -0.779945 -0.279810
vn 0.294315 -0.915152 -0.275454
vn 0.000000 -0.961741 -0.273961
vn -0.294314 -0.915151 -0.275458
vn -0.559814 -0.779945 -0.279812
vn -0.770524 -0.569343 -0.286602
vn -0.905805 -0.303977 -0.295153
vn -0.952417 -0.009816 -0.304639
vn -0.905801 0.284348 -0.314118
vn -0.770522 0.549715 -0.322661
vn -0.559821 0.760306 -0.329447
vn -0.294317 0.895516 -0.333809
vn 0.000000 0.942105 -0.335318
vn 0.294317 0.895516 -0.333809
vn 0.559820 0.760306 -0.329449
vn 0.770521 0.549715 -0.322662
vn 0.905801 0.284348 -0.314120
vn 0.952417 -0.009816 -0.304641
vn 0.723288 -0.539657 -0.430842
vn 0.850280 -0.290556 -0.438863
vn 0.525495 -0.737345 -0.424473
vn 0.276278 -0.864270 -0.420367
vn 0.000000 -0.908002 -0.418966
vn -0.276277 -0.864268 -0.420370
vn -0.525496 -0.737344 -0.424473
vn -0.723288 -0.539659 -0.430839
vn -0.850280 -0.290559 -0.438863
vn -0.894043 -0.014423 -0.447748
vn -0.850284 0.261704 -0.456649
vn -0.723296 0.510802 -0.464677
vn -0.525505 0.708489 -0.471051
vn -0.276275 0.835412 -0.475142
vn -0.000000 0.879143 -0.476559
vn 0.276275 0.835410 -0.475144
vn 0.525505 0.708488 -0.471050
vn 0.723296 0.510803 -0.464675
vn 0.850284 0.261703 -0.456649
vn 0.894043 -0.014421 -0.447749
vn 0.658805 -0.497098 -0.564685
vn 0.774462 -0.270212 -0.572009
vn 0.478652 -0.677155 -0.558886
vn 0.251647 -0.792769 -0.555150
vn 0.000000 -0.832600 -0.553876
vn -0.251646 -0.792769 -0.555150
vn -0.478652 -0.677156 -0.558884
vn -0.658806 -0.497099 -0.564683
vn -0.774462 -0.270213 -0.572009
vn -0.814329 -0.018687 -0.580102
vn -0.774477 0.232819 -0.588201
vn -0.658803 0.459711 -0.595521
vn -0.478654 0.639770 -0.601319
vn -0.251638 0.755379 -0.605047
vn -0.000000 0.795220 -0.606321
vn 0.251637 0.755378 -0.605048
vn 0.478655 0.639771 -0.601317
vn 0.658804 0.459713 -0.595518
vn 0.774478 0.232819 -0.588200
vn 0.814330 -0.018687 -0.580101
vn 0.578720 -0.442742 -0.684882
vn 0.680301 -0.243447 -0.691320
vn 0.420469 -0.600916 -0.679783
vn 0.221057 -0.702484 -0.676499
vn 0.000000 -0.737470 -0.675379
vn -0.221057 -0.702484 -0.676498
vn -0.420470 -0.600917 -0.679782
vn -0.578720 -0.442743 -0.684881
vn -0.680301 -0.243448 -0.691321
vn -0.715308 -0.022505 -0.698447
vn -0.680299 0.198419 -0.705566
vn -0.578699 0.397727 -0.711984
vn -0.420462 0.555895 -0.717072
vn -0.221038 0.657449 -0.720349
vn -0.000000 0.692443 -0.721472
vn 0.221037 0.657450 -0.720349
vn 0.420462 0.555896 -0.717071
vn 0.578700 0.397728 -0.711982
vn 0.680298 0.198418 -0.705567
vn 0.715307 -0.022505 -0.698448
vn 0.485152 -0.378065 -0.788476
vn 0.570337 -0.210996 -0.793849
vn 0.352498 -0.510654 -0.784206
vn 0.185315 -0.595804 -0.781457
vn -0.000000 -0.625152 -0.780503
vn -0.185315 -0.595804 -0.781458
vn -0.352498 -0.510654 -0.784205
vn -0.485151 -0.378066 -0.788476
vn -0.570335 -0.210997 -0.793850
vn -0.599691 -0.025770 -0.799817
vn -0.570336 0.159442 -0.805789
vn -0.485154 0.326520 -0.811179
vn -0.352497 0.459119 -0.815448
vn -0.185304 0.544269 -0.818189
vn 0.000000 0.573623 -0.819120
vn 0.185305 0.544270 -0.818188
vn 0.352498 0.459121 -0.815447
vn 0.485156 0.326521 -0.811177
vn 0.570335 0.159442 -0.805789
vn 0.599689 -0.025770 -0.799818
vn 0.380869 -0.304988 -0.872881
vn 0.447732 -0.173836 -0.877107
vn 0.276736 -0.409065 -0.869530
vn 0.145471 -0.475886 -0.867393
vn 0.000000 -0.498915 -0.866651
vn -0.145469 -0.475885 -0.867394
vn -0.276735 -0.409064 -0.869531
vn -0.380868 -0.304987 -0.872882
vn -0.447730 -0.173835 -0.877109
vn -0.470783 -0.028406 -0.881792
vn -0.447757 0.116994 -0.886468
vn -0.380876 0.248154 -0.890704
vn -0.276722 0.352249 -0.894061
vn -0.145475 0.419066 -0.896226
vn 0.000000 0.442111 -0.896960
vn 0.145477 0.419067 -0.896225
vn 0.276725 0.352250 -0.894060
vn 0.380877 0.248155 -0.890703
vn 0.447757 0.116994 -0.886468
vn 0.470782 -0.028406 -0.881792
vn 0.269856 -0.226310 -0.935928
vn 0.317240 -0.133418 -0.938913
vn 0.196053 -0.300078 -0.933550
vn 0.103061 -0.347408 -0.932033
vn 0.000000 -0.363726 -0.931506
vn -0.103061 -0.347408 -0.932033
vn -0.196054 -0.300078 -0.933550
vn -0.269856 -0.226309 -0.935929
vn -0.317238 -0.133416 -0.938914
vn -0.333534 -0.030360 -0.942249
vn -0.317260 0.072656 -0.945551
vn -0.269856 0.165581 -0.948557
vn -0.196044 0.239387 -0.950926
vn -0.103061 0.286679 -0.952467
vn 0.000000 0.303003 -0.952990
vn 0.103064 0.286680 -0.952467
vn 0.196048 0.239387 -0.950925
vn 0.269857 0.165579 -0.948557
vn 0.317262 0.072655 -0.945551
vn 0.333537 -0.030361 -0.942248
vn 0.162044 -0.149242 -0.975432
vn 0.190572 -0.093466 -0.977214
vn 0.117741 -0.193585 -0.973993
vn 0.061915 -0.221974 -0.973085
vn -0.000000 -0.231842 -0.972753
vn -0.061916 -0.221974 -0.973085
vn -0.117741 -0.193585 -0.973993
vn -0.162044 -0.149242 -0.975433
vn -0.190571 -0.093466 -0.977214
vn -0.200298 -0.031549 -0.979227
vn -0.190573 0.030315 -0.981205
vn -0.162065 0.086076 -0.983019
vn -0.117703 0.130500 -0.984437
vn -0.061863 0.158889 -0.985356
vn -0.000000 0.168706 -0.985666
vn 0.061867 0.158889 -0.985356
vn 0.117709 0.130499 -0.984436
vn 0.162065 0.086074 -0.983019
vn 0.190574 0.030312 -0.981205
vn 0.200302 -0.031551 -0.979226
vn 0.000002 0.032220 0.999481
vn 0.000001 -0.032218 -0.999481
vn 0.000000 0.000000 1.000000
vn 0.000000 0.000000 1.000000
vn 0.000000 0.000000 1.000000
vn 0.000000 0.000000 1.000000
vn 0.000000 1.000000 0.000000
vn 0.000000 1.000000 0.000000
vn -0.255329 0.966854 0.000000
vn -0.255329 0.966854 0.000000
vn 0.000000 -1.000000 0.000000
vn 0.000000 -1.000000 0.000000
vn 0.000000 -1.000000 0.000000
vn 0.000000 -1.000000 0.000000
vn 0.999989 0.002780 -0.003674
vn 0.999989 0.002780 -0.003674
vn 0.999989 0.002780 -0.003674
vn 0.999989 0.002780 -0.003674
vn -1.000000 0.000000 0.000000
vn -1.000000 0.000000 0.000000
vn -1.000000 0.000000 0.000000
vn -1.000000 0.000000 0.000000
vn 0.255328 0.966855 0.000000
vn 0.000000 1.000000 0.000000
vn 0.000000 1.000000 0.000000
vn 0.255328 0.966855 0.000000
vn 0.000000 0.000000 -1.000000
vn 0.000000 0.000000 -1.000000
vn 0.000000 0.000000 -1.000000
vn 0.000000 0.000000 -1.000000
vn 0.000000 -0.999978 -0.006588
vn 0.000000 -0.999978 -0.006588
vn -0.003316 -0.999985 -0.004382
vn -0.003338 -0.999985 -0.004367
vn 0.000189 0.001138 0.999999
vn -0.000929 0.000668 0.999999
vn -0.000868 0.000696 0.999999
vn 0.000290 0.001159 0.999999
vn 0.636603 0.771192 0.000000
vn 0.636603 0.771192 0.000000
vn -0.000000 0.000000 -1.000000
vn -0.000000 0.000000 -1.000000
vn 0.000000 0.000000 -1.000000
vn 0.000000 0.000000 -1.000000
vn -0.002497 -0.999996 -0.001646
vn -0.002495 -0.999996 -0.001645
vn -0.000346 0.000138 1.000000
vn -0.000556 0.000222 1.000000
vn 0.886726 0.462296 0.000000
vn 0.886726 0.462296 0.000000
vn -0.000000 0.000000 -1.000000
vn 0.000000 0.000000 -1.000000
vn 0.000000 -1.000000 0.000000
vn 0.000000 -1.000000 0.000000
vn 0.000000 0.000000 1.000000
vn 0.000000 0.000000 1.000000
vn 0.863264 0.504752 0.000000
vn 0.863264 0.504752 0.000000
vn 0.000000 0.000000 -1.000000
vn 0.000000 0.000000 -1.000000
vn 0.000000 -1.000000 0.000000
vn 0.000000 -1.000000 0.000000
vn -0.000000 0.000000 1.000000
vn -0.000000 0.000000 1.000000
vn 0.386915 0.922116 0.000000
vn 0.386915 0.922116 0.000000
vn 0.000000 0.000000 -1.000000
vn 0.000000 0.000000 -1.000000
vn 0.000000 -1.000000 0.000000
vn 0.000000 -1.000000 0.000000
vn -0.000000 0.000000 1.000000
vn -0.000000 0.000000 1.000000
vn -0.386915 0.922116 0.000000
vn -0.386915 0.922116 0.000000
vn 0.000000 0.000000 -1.000000
vn 0.000000 0.000000 -1.000000
vn 0.000000 -1.000000 0.000000
vn 0.000000 -1.000000 0.000000
vn 0.000000 0.000000 1.000000
vn 0.000000 0.000000 1.000000
vn -0.863264 0.504753 0.000000
vn -0.863264 0.504753 0.000000
vn 0.000000 0.000000 -1.000000
vn 0.000000 0.000000 -1.000000
vn 0.000000 -1.000000 0.000000
vn 0.000000 -1.000000 0.000000
vn 0.000000 0.000000 1.000000
vn 0.000000 0.000000 1.000000
vn -0.886726 0.462296 0.000000
vn -0.886726 0.462296 0.000000
vn 0.000000 0.000000 -1.000000
vn 0.000000 0.000000 -1.000000
vn 0.000000 -1.000000 0.000000
vn 0.000000 -1.000000 0.000000
vn -0.000000 0.000000 1.000000
vn -0.000000 0.000000 1.000000
vn -0.636604 0.771191 0.000000
vn -0.636604 0.771191 0.000000
vn 0.000000 0.000000 -1.000000
vn 0.000000 0.000000 -1.000000
vn 0.000000 -1.000000 0.000000
vn 0.000000 -1.000000 0.000000
vn 0.000000 0.000000 1.000000
vn 0.000000 0.000000 1.000000
vn -0.000001 0.000000 -1.000000
vn -0.000001 0.000000 -1.000000
vn 0.000000 -1.000000 0.000000
vn 0.000000 -1.000000 0.000000
vn 0.000000 0.000000 1.000000
vn 0.000000 0.000000 1.000000
vn 0.000000 0.000000 -1.000000
vn 0.000000 0.000000 -1.000000
vn 0.000000 0.000000 -1.000000
vn 0.000000 0.000000 -1.000000
vn -0.707109 0.707105 0.000000
vn -0.707109 0.707105 0.000000
vn -0.707109 0.707105 0.000000
vn -0.707109 0.707105 0.000000
vn 0.707108 0.707106 0.000000
vn 0.707108 0.707106 0.000000
vn 0.707108 0.707106 0.000000
vn 0.707108 0.707106 0.000000
vn 0.000000 -0.999978 -0.006588
vn 0.000000 -0.999978 -0.006588
vn 0.000610 0.001224 0.999999
vn 0.000610 0.001224 0.999999
s 1
g Vanity
usemtl lambert5SG
f 2474/2726/2810 2475/2727/2811 2495/2728/2812 2494/2729/2813
f 2475/2727/2811 2476/2730/2814 2496/2731/2815 2495/2728/2812
f 2476/2730/2814 2477/2732/2816 2497/2733/2817 2496/2731/2815
f 2477/2732/2816 2539/2734/2818 2540/2735/2819 2497/2733/2817
f 2478/2736/2820 2536/2737/2821 2537/2738/2822 2498/2739/2823
f 2479/2740/2824 2480/2741/2825 2500/2742/2826 2499/2743/2827
f 2480/2741/2825 2481/2744/2828 2501/2745/2829 2500/2742/2826
f 2481/2744/2828 2482/2746/2830 2502/2747/2831 2501/2745/2829
f 2482/2746/2830 2483/2748/2832 2503/2749/2833 2502/2747/2831
f 2483/2748/2832 2484/2750/2834 2504/2751/2835 2503/2749/2833
f 2484/2750/2834 2485/2752/2836 2505/2753/2837 2504/2751/2835
f 2485/2752/2836 2486/2754/2838 2506/2755/2839 2505/2753/2837
f 2486/2754/2838 2487/2756/2840 2507/2757/2841 2506/2755/2839
f 2487/2756/2840 2488/2758/2842 2508/2759/2843 2507/2757/2841
f 2488/2758/2842 2489/2760/2844 2509/2761/2845 2508/2759/2843
f 2489/2760/2844 2490/2762/2846 2510/2763/2847 2509/2761/2845
f 2490/2762/2846 2491/2764/2848 2511/2765/2849 2510/2763/2847
f 2491/2764/2848 2492/2766/2850 2512/2767/2851 2511/2765/2849
f 2492/2766/2850 2493/2768/2852 2513/2769/2853 2512/2767/2851
f 2493/2768/2852 2474/2726/2810 2494/2729/2813 2513/2769/2853
s 4
usemtl phong1SG
f 2542/2703/2854 2541/2704/2855 2543/2705/2856
f 2544/2706/2857 2542/2703/2854 2543/2705/2856
f 2545/2707/2858 2544/2706/2857 2543/2705/2856
f 2547/2708/2859 2546/2709/2860 2545/2707/2858 2543/2705/2856
f 2549/2710/2861 2548/2711/2862 2547/2708/2859 2543/2705/2856
f 2550/2712/2863 2549/2710/2861 2543/2705/2856
f 2551/2713/2864 2550/2712/2863 2543/2705/2856
f 2552/2714/2865 2551/2713/2864 2543/2705/2856
f 2553/2715/2866 2552/2714/2865 2543/2705/2856
f 2554/2716/2867 2553/2715/2866 2543/2705/2856
f 2555/2717/2868 2554/2716/2867 2543/2705/2856
f 2556/2718/2869 2555/2717/2868 2543/2705/2856
f 2557/2719/2870 2556/2718/2869 2543/2705/2856
f 2558/2720/2871 2557/2719/2870 2543/2705/2856
f 2559/2721/2872 2558/2720/2871 2543/2705/2856
f 2560/2722/2873 2559/2721/2872 2543/2705/2856
f 2561/2723/2874 2560/2722/2873 2543/2705/2856
f 2562/2724/2875 2561/2723/2874 2543/2705/2856
f 2563/2725/2876 2562/2724/2875 2543/2705/2856
f 2541/2704/2855 2563/2725/2876 2543/2705/2856
s 5
usemtl lambert5SG
f 2494/2858/2877 2495/2859/2878 2514/2860/2879
f 2495/2859/2878 2496/2861/2880 2514/2860/2879
f 2496/2861/2880 2497/2862/2881 2514/2860/2879
f 2497/2862/2881 2540/2863/2882 2498/2864/2883 2514/2860/2879
f 2498/2864/2883 2537/2865/2884 2499/2866/2885 2514/2860/2879
f 2499/2866/2885 2500/2867/2886 2514/2860/2879
f 2500/2867/2886 2501/2868/2887 2514/2860/2879
f 2501/2868/2887 2502/2869/2888 2514/2860/2879
f 2502/2869/2888 2503/2870/2889 2514/2860/2879
f 2503/2870/2889 2504/2871/2890 2514/2860/2879
f 2504/2871/2890 2505/2872/2891 2514/2860/2879
f 2505/2872/2891 2506/2873/2892 2514/2860/2879
f 2506/2873/2892 2507/2874/2893 2514/2860/2879
f 2507/2874/2893 2508/2875/2894 2514/2860/2879
f 2508/2875/2894 2509/2876/2895 2514/2860/2879
f 2509/2876/2895 2510/2877/2896 2514/2860/2879
f 2510/2877/2896 2511/2878/2897 2514/2860/2879
f 2511/2878/2897 2512/2879/2898 2514/2860/2879
f 2512/2879/2898 2513/2880/2899 2514/2860/2879
f 2513/2880/2899 2494/2858/2877 2514/2860/2879
s 6
f 2475/2727/2900 2474/2726/2901 2601/2770/2902 2602/2771/2903
s 7
f 2476/2730/2904 2475/2727/2905 2602/2771/2906 2603/2772/2907
s 8
f 2477/2732/2908 2476/2730/2909 2603/2772/2910 2604/2773/2911
s 9
f 2539/2734/2912 2477/2732/2913 2604/2773/2914 2605/2774/2915
s 10
f 2536/2737/2916 2478/2736/2917 2606/2775/2918 2607/2776/2919
s 11
f 2480/2741/2920 2479/2740/2921 2586/2777/2922 2587/2778/2923
s 12
f 2481/2744/2924 2480/2741/2925 2587/2778/2926 2588/2779/2927
s 13
f 2482/2746/2928 2481/2744/2929 2588/2779/2930 2589/2780/2931
s 14
f 2483/2748/2932 2482/2746/2933 2589/2780/2934 2590/2781/2935
s 15
f 2484/2750/2936 2483/2748/2937 2590/2781/2938 2591/2782/2939
s 16
f 2485/2752/2940 2484/2750/2941 2591/2782/2942 2592/2783/2943
s 17
f 2486/2754/2944 2485/2752/2945 2592/2783/2946 2593/2784/2947
s 18
f 2487/2756/2948 2486/2754/2949 2593/2784/2950 2594/2785/2951
s 19
f 2488/2758/2952 2487/2756/2953 2594/2785/2954 2595/2786/2955
s 20
f 2489/2760/2956 2488/2758/2957 2595/2786/2958 2596/2787/2959
s 21
f 2490/2762/2960 2489/2760/2961 2596/2787/2962 2597/2788/2963
s 22
f 2491/2764/2964 2490/2762/2965 2597/2788/2966 2598/2789/2967
s 23
f 2492/2766/2968 2491/2764/2969 2598/2789/2970 2599/2790/2971
s 24
f 2493/2768/2972 2492/2766/2973 2599/2790/2974 2600/2791/2975
s 25
f 2474/2726/2976 2493/2768/2977 2600/2791/2978 2601/2770/2979
s 10
f 2479/2740/2980 2536/2737/2916 2607/2776/2919 2586/2777/2981
s 1
f 2537/2738/2822 2536/2737/2821 2479/2740/2824 2499/2743/2827
s 9
f 2478/2736/2982 2539/2734/2912 2605/2774/2915 2606/2775/2983
s 1
f 2540/2735/2819 2539/2734/2818 2478/2736/2820 2498/2739/2823
s off
f 2516/2792/2984 2515/2793/2985 2541/2794/2986 2542/2795/2987
f 2517/2796/2988 2516/2792/2989 2542/2795/2990 2544/2797/2991
f 2518/2798/2992 2517/2796/2993 2544/2797/2994 2545/2799/2995
f 2519/2800/2996 2538/2801/2997 2546/2802/2998 2547/2803/2999
f 2538/2801/3000 2518/2798/3001 2545/2799/3002 2546/2802/3003
f 2520/2804/3004 2535/2805/3005 2548/2806/3006 2549/2807/3007
f 2535/2805/3008 2519/2800/3009 2547/2803/3010 2548/2806/3011
f 2521/2808/3012 2520/2804/3013 2549/2807/3014 2550/2809/3015
f 2522/2810/3016 2521/2808/3017 2550/2809/3018 2551/2811/3019
f 2523/2812/3020 2522/2810/3021 2551/2811/3022 2552/2813/3023
f 2524/2814/3024 2523/2812/3025 2552/2813/3026 2553/2815/3027
f 2525/2816/3028 2524/2814/3029 2553/2815/3030 2554/2817/3031
f 2526/2818/3032 2525/2816/3033 2554/2817/3034 2555/2819/3035
f 2527/2820/3036 2526/2818/3037 2555/2819/3038 2556/2821/3039
f 2528/2822/3040 2527/2820/3041 2556/2821/3042 2557/2823/3043
f 2529/2824/3044 2528/2822/3045 2557/2823/3046 2558/2825/3047
f 2530/2826/3048 2529/2824/3049 2558/2825/3050 2559/2827/3051
f 2531/2828/3052 2530/2826/3053 2559/2827/3054 2560/2829/3055
f 2532/2830/3056 2531/2828/3057 2560/2829/3058 2561/2831/3059
f 2533/2832/3060 2532/2830/3061 2561/2831/3062 2562/2833/3063
f 2534/2834/3064 2533/2832/3065 2562/2833/3066 2563/2835/3067
f 2515/2793/3068 2534/2834/3069 2563/2835/3070 2541/2794/3071
s 10
f 2565/2836/3072 2564/2837/3073 2519/2800/3074 2535/2805/3075
f 2566/2838/3076 2565/2836/3072 2535/2805/3075 2520/2804/3077
s 11
f 2567/2839/3078 2566/2838/3079 2520/2804/3080 2521/2808/3081
s 12
f 2568/2840/3082 2567/2839/3083 2521/2808/3084 2522/2810/3085
s 13
f 2569/2841/3086 2568/2840/3087 2522/2810/3088 2523/2812/3089
s 14
f 2570/2842/3090 2569/2841/3091 2523/2812/3092 2524/2814/3093
s 15
f 2571/2843/3094 2570/2842/3095 2524/2814/3096 2525/2816/3097
s 16
f 2572/2844/3098 2571/2843/3099 2525/2816/3100 2526/2818/3101
s 17
f 2573/2845/3102 2572/2844/3103 2526/2818/3104 2527/2820/3105
s 18
f 2574/2846/3106 2573/2845/3107 2527/2820/3108 2528/2822/3109
s 19
f 2575/2847/3110 2574/2846/3111 2528/2822/3112 2529/2824/3113
s 20
f 2576/2848/3114 2575/2847/3115 2529/2824/3116 2530/2826/3117
s 21
f 2577/2849/3118 2576/2848/3119 2530/2826/3120 2531/2828/3121
s 22
f 2578/2850/3122 2577/2849/3123 2531/2828/3124 2532/2830/3125
s 23
f 2579/2851/3126 2578/2850/3127 2532/2830/3128 2533/2832/3129
s 24
f 2580/2852/3130 2579/2851/3131 2533/2832/3132 2534/2834/3133
s 25
f 2581/2853/3134 2580/2852/3135 2534/2834/3136 2515/2793/3137
s 6
f 2582/2854/3138 2581/2853/3139 2515/2793/3140 2516/2792/3141
s 7
f 2583/2855/3142 2582/2854/3143 2516/2792/3144 2517/2796/3145
s 8
f 2584/2856/3146 2583/2855/3147 2517/2796/3148 2518/2798/3149
s 9
f 2585/2857/3150 2584/2856/3151 2518/2798/3152 2538/2801/3153
f 2564/2837/3154 2585/2857/3150 2538/2801/3153 2519/2800/3155
s 11
f 2587/2778/2923 2586/2777/2922 2566/2838/3079 2567/2839/3078
s 12
f 2588/2779/2927 2587/2778/2926 2567/2839/3083 2568/2840/3082
s 13
f 2589/2780/2931 2588/2779/2930 2568/2840/3087 2569/2841/3086
s 14
f 2590/2781/2935 2589/2780/2934 2569/2841/3091 2570/2842/3090
s 15
f 2591/2782/2939 2590/2781/2938 2570/2842/3095 2571/2843/3094
s 16
f 2592/2783/2943 2591/2782/2942 2571/2843/3099 2572/2844/3098
s 17
f 2593/2784/2947 2592/2783/2946 2572/2844/3103 2573/2845/3102
s 18
f 2594/2785/2951 2593/2784/2950 2573/2845/3107 2574/2846/3106
s 19
f 2595/2786/2955 2594/2785/2954 2574/2846/3111 2575/2847/3110
s 20
f 2596/2787/2959 2595/2786/2958 2575/2847/3115 2576/2848/3114
s 21
f 2597/2788/2963 2596/2787/2962 2576/2848/3119 2577/2849/3118
s 22
f 2598/2789/2967 2597/2788/2966 2577/2849/3123 2578/2850/3122
s 23
f 2599/2790/2971 2598/2789/2970 2578/2850/3127 2579/2851/3126
s 24
f 2600/2791/2975 2599/2790/2974 2579/2851/3131 2580/2852/3130
s 25
f 2601/2770/2979 2600/2791/2978 2580/2852/3135 2581/2853/3134
s 6
f 2602/2771/2903 2601/2770/2902 2581/2853/3139 2582/2854/3138
s 7
f 2603/2772/2907 2602/2771/2906 2582/2854/3143 2583/2855/3142
s 8
f 2604/2773/2911 2603/2772/2910 2583/2855/3147 2584/2856/3146
s 9
f 2605/2774/2915 2604/2773/2914 2584/2856/3151 2585/2857/3150
f 2606/2775/2983 2605/2774/2915 2585/2857/3150 2564/2837/3154
s 10
f 2607/2776/2919 2606/2775/2918 2564/2837/3073 2565/2836/3072
f 2586/2777/2981 2607/2776/2919 2565/2836/3072 2566/2838/3076
s 26
f 2608/2881/3156 2609/2882/3157 2629/2883/3158 2628/2884/3159
f 2609/2882/3157 2610/2885/3160 2630/2886/3161 2629/2883/3158
f 2610/2885/3160 2611/2887/3162 2631/2888/3163 2630/2886/3161
f 2611/2887/3162 2612/2889/3164 2632/2890/3165 2631/2888/3163
f 2612/2891/3164 2613/2892/3166 2633/2893/3167 2632/2894/3165
f 2613/2892/3166 2614/2895/3168 2634/2896/3169 2633/2893/3167
f 2614/2895/3168 2615/2897/3170 2635/2898/3171 2634/2896/3169
f 2615/2897/3170 2616/2899/3172 2636/2900/3173 2635/2898/3171
f 2616/2899/3172 2617/2901/3174 2637/2902/3175 2636/2900/3173
f 2617/2901/3174 2618/2903/3176 2638/2904/3177 2637/2902/3175
f 2618/2903/3176 2619/2905/3178 2639/2906/3179 2638/2904/3177
f 2619/2905/3178 2620/2907/3180 2640/2908/3181 2639/2906/3179
f 2620/2907/3180 2621/2909/3182 2641/2910/3183 2640/2908/3181
f 2621/2909/3182 2622/2911/3184 2642/2912/3185 2641/2910/3183
f 2622/2911/3184 2623/2913/3186 2643/2914/3187 2642/2912/3185
f 2623/2913/3186 2624/2915/3188 2644/2916/3189 2643/2914/3187
f 2624/2915/3188 2625/2917/3190 2645/2918/3191 2644/2916/3189
f 2625/2917/3190 2626/2919/3192 2646/2920/3193 2645/2918/3191
f 2626/2919/3192 2627/2921/3194 2647/2922/3195 2646/2920/3193
f 2627/2921/3194 2608/2881/3156 2628/2884/3159 2647/2922/3195
f 2628/2884/3159 2629/2883/3158 2649/2923/3196 2648/2924/3197
f 2629/2883/3158 2630/2886/3161 2650/2925/3198 2649/2923/3196
f 2630/2886/3161 2631/2888/3163 2651/2926/3199 2650/2925/3198
f 2631/2888/3163 2632/2890/3165 2652/2927/3200 2651/2926/3199
f 2632/2894/3165 2633/2893/3167 2653/2928/3201 2652/2929/3200
f 2633/2893/3167 2634/2896/3169 2654/2930/3202 2653/2928/3201
f 2634/2896/3169 2635/2898/3171 2655/2931/3203 2654/2930/3202
f 2635/2898/3171 2636/2900/3173 2656/2932/3204 2655/2931/3203
f 2636/2900/3173 2637/2902/3175 2657/2933/3205 2656/2932/3204
f 2637/2902/3175 2638/2904/3177 2658/2934/3206 2657/2933/3205
f 2638/2904/3177 2639/2906/3179 2659/2935/3207 2658/2934/3206
f 2639/2906/3179 2640/2908/3181 2660/2936/3208 2659/2935/3207
f 2640/2908/3181 2641/2910/3183 2661/2937/3209 2660/2936/3208
f 2641/2910/3183 2642/2912/3185 2662/2938/3210 2661/2937/3209
f 2642/2912/3185 2643/2914/3187 2663/2939/3211 2662/2938/3210
f 2643/2914/3187 2644/2916/3189 2664/2940/3212 2663/2939/3211
f 2644/2916/3189 2645/2918/3191 2665/2941/3213 2664/2940/3212
f 2645/2918/3191 2646/2920/3193 2666/2942/3214 2665/2941/3213
f 2646/2920/3193 2647/2922/3195 2667/2943/3215 2666/2942/3214
f 2647/2922/3195 2628/2884/3159 2648/2924/3197 2667/2943/3215
f 2648/2924/3197 2649/2923/3196 2669/2944/3216 2668/2945/3217
f 2649/2923/3196 2650/2925/3198 2670/2946/3218 2669/2944/3216
f 2650/2925/3198 2651/2926/3199 2671/2947/3219 2670/2946/3218
f 2651/2926/3199 2652/2927/3200 2672/2948/3220 2671/2947/3219
f 2652/2929/3200 2653/2928/3201 2673/2949/3221 2672/2950/3220
f 2653/2928/3201 2654/2930/3202 2674/2951/3222 2673/2949/3221
f 2654/2930/3202 2655/2931/3203 2675/2952/3223 2674/2951/3222
f 2655/2931/3203 2656/2932/3204 2676/2953/3224 2675/2952/3223
f 2656/2932/3204 2657/2933/3205 2677/2954/3225 2676/2953/3224
f 2657/2933/3205 2658/2934/3206 2678/2955/3226 2677/2954/3225
f 2658/2934/3206 2659/2935/3207 2679/2956/3227 2678/2955/3226
f 2659/2935/3207 2660/2936/3208 2680/2957/3228 2679/2956/3227
f 2660/2936/3208 2661/2937/3209 2681/2958/3229 2680/2957/3228
f 2661/2937/3209 2662/2938/3210 2682/2959/3230 2681/2958/3229
f 2662/2938/3210 2663/2939/3211 2683/2960/3231 2682/2959/3230
f 2663/2939/3211 2664/2940/3212 2684/2961/3232 2683/2960/3231
f 2664/2940/3212 2665/2941/3213 2685/2962/3233 2684/2961/3232
f 2665/2941/3213 2666/2942/3214 2686/2963/3234 2685/2962/3233
f 2666/2942/3214 2667/2943/3215 2687/2964/3235 2686/2963/3234
f 2667/2943/3215 2648/2924/3197 2668/2945/3217 2687/2964/3235
f 2668/2945/3217 2669/2944/3216 2689/2965/3236 2688/2966/3237
f 2669/2944/3216 2670/2946/3218 2690/2967/3238 2689/2965/3236
f 2670/2946/3218 2671/2947/3219 2691/2968/3239 2690/2967/3238
f 2671/2947/3219 2672/2948/3220 2692/2969/3240 2691/2968/3239
f 2672/2950/3220 2673/2949/3221 2693/2970/3241 2692/2971/3240
f 2673/2949/3221 2674/2951/3222 2694/2972/3242 2693/2970/3241
f 2674/2951/3222 2675/2952/3223 2695/2973/3243 2694/2972/3242
f 2675/2952/3223 2676/2953/3224 2696/2974/3244 2695/2973/3243
f 2676/2953/3224 2677/2954/3225 2697/2975/3245 2696/2974/3244
f 2677/2954/3225 2678/2955/3226 2698/2976/3246 2697/2975/3245
f 2678/2955/3226 2679/2956/3227 2699/2977/3247 2698/2976/3246
f 2679/2956/3227 2680/2957/3228 2700/2978/3248 2699/2977/3247
f 2680/2957/3228 2681/2958/3229 2701/2979/3249 2700/2978/3248
f 2681/2958/3229 2682/2959/3230 2702/2980/3250 2701/2979/3249
f 2682/2959/3230 2683/2960/3231 2703/2981/3251 2702/2980/3250
f 2683/2960/3231 2684/2961/3232 2704/2982/3252 2703/2981/3251
f 2684/2961/3232 2685/2962/3233 2705/2983/3253 2704/2982/3252
f 2685/2962/3233 2686/2963/3234 2706/2984/3254 2705/2983/3253
f 2686/2963/3234 2687/2964/3235 2707/2985/3255 2706/2984/3254
f 2687/2964/3235 2668/2945/3217 2688/2966/3237 2707/2985/3255
f 2688/2966/3237 2689/2965/3236 2709/2986/3256 2708/2987/3257
f 2689/2965/3236 2690/2967/3238 2710/2988/3258 2709/2986/3256
f 2690/2967/3238 2691/2968/3239 2711/2989/3259 2710/2988/3258
f 2691/2968/3239 2692/2969/3240 2712/2990/3260 2711/2989/3259
f 2692/2971/3240 2693/2970/3241 2713/2991/3261 2712/2992/3260
f 2693/2970/3241 2694/2972/3242 2714/2993/3262 2713/2991/3261
f 2694/2972/3242 2695/2973/3243 2715/2994/3263 2714/2993/3262
f 2695/2973/3243 2696/2974/3244 2716/2995/3264 2715/2994/3263
f 2696/2974/3244 2697/2975/3245 2717/2996/3265 2716/2995/3264
f 2697/2975/3245 2698/2976/3246 2718/2997/3266 2717/2996/3265
f 2698/2976/3246 2699/2977/3247 2719/2998/3267 2718/2997/3266
f 2699/2977/3247 2700/2978/3248 2720/2999/3268 2719/2998/3267
f 2700/2978/3248 2701/2979/3249 2721/3000/3269 2720/2999/3268
f 2701/2979/3249 2702/2980/3250 2722/3001/3270 2721/3000/3269
f 2702/2980/3250 2703/2981/3251 2723/3002/3271 2722/3001/3270
f 2703/2981/3251 2704/2982/3252 2724/3003/3272 2723/3002/3271
f 2704/2982/3252 2705/2983/3253 2725/3004/3273 2724/3003/3272
f 2705/2983/3253 2706/2984/3254 2726/3005/3274 2725/3004/3273
f 2706/2984/3254 2707/2985/3255 2727/3006/3275 2726/3005/3274
f 2707/2985/3255 2688/2966/3237 2708/2987/3257 2727/3006/3275
f 2708/2987/3257 2709/2986/3256 2729/3007/3276 2728/3008/3277
f 2709/2986/3256 2710/2988/3258 2730/3009/3278 2729/3007/3276
f 2710/2988/3258 2711/2989/3259 2731/3010/3279 2730/3009/3278
f 2711/2989/3259 2712/2990/3260 2732/3011/3280 2731/3010/3279
f 2712/2992/3260 2713/2991/3261 2733/3012/3281 2732/3013/3280
f 2713/2991/3261 2714/2993/3262 2734/3014/3282 2733/3012/3281
f 2714/2993/3262 2715/2994/3263 2735/3015/3283 2734/3014/3282
f 2715/2994/3263 2716/2995/3264 2736/3016/3284 2735/3015/3283
f 2716/2995/3264 2717/2996/3265 2737/3017/3285 2736/3016/3284
f 2717/2996/3265 2718/2997/3266 2738/3018/3286 2737/3017/3285
f 2718/2997/3266 2719/2998/3267 2739/3019/3287 2738/3018/3286
f 2719/2998/3267 2720/2999/3268 2740/3020/3288 2739/3019/3287
f 2720/2999/3268 2721/3000/3269 2741/3021/3289 2740/3020/3288
f 2721/3000/3269 2722/3001/3270 2742/3022/3290 2741/3021/3289
f 2722/3001/3270 2723/3002/3271 2743/3023/3291 2742/3022/3290
f 2723/3002/3271 2724/3003/3272 2744/3024/3292 2743/3023/3291
f 2724/3003/3272 2725/3004/3273 2745/3025/3293 2744/3024/3292
f 2725/3004/3273 2726/3005/3274 2746/3026/3294 2745/3025/3293
f 2726/3005/3274 2727/3006/3275 2747/3027/3295 2746/3026/3294
f 2727/3006/3275 2708/2987/3257 2728/3008/3277 2747/3027/3295
f 2728/3008/3277 2729/3007/3276 2749/3028/3296 2748/3029/3297
f 2729/3007/3276 2730/3009/3278 2750/3030/3298 2749/3028/3296
f 2730/3009/3278 2731/3010/3279 2751/3031/3299 2750/3030/3298
f 2731/3010/3279 2732/3011/3280 2752/3032/3300 2751/3031/3299
f 2732/3013/3280 2733/3012/3281 2753/3033/3301 2752/3034/3300
f 2733/3012/3281 2734/3014/3282 2754/3035/3302 2753/3033/3301
f 2734/3014/3282 2735/3015/3283 2755/3036/3303 2754/3035/3302
f 2735/3015/3283 2736/3016/3284 2756/3037/3304 2755/3036/3303
f 2736/3016/3284 2737/3017/3285 2757/3038/3305 2756/3037/3304
f 2737/3017/3285 2738/3018/3286 2758/3039/3306 2757/3038/3305
f 2738/3018/3286 2739/3019/3287 2759/3040/3307 2758/3039/3306
f 2739/3019/3287 2740/3020/3288 2760/3041/3308 2759/3040/3307
f 2740/3020/3288 2741/3021/3289 2761/3042/3309 2760/3041/3308
f 2741/3021/3289 2742/3022/3290 2762/3043/3310 2761/3042/3309
f 2742/3022/3290 2743/3023/3291 2763/3044/3311 2762/3043/3310
f 2743/3023/3291 2744/3024/3292 2764/3045/3312 2763/3044/3311
f 2744/3024/3292 2745/3025/3293 2765/3046/3313 2764/3045/3312
f 2745/3025/3293 2746/3026/3294 2766/3047/3314 2765/3046/3313
f 2746/3026/3294 2747/3027/3295 2767/3048/3315 2766/3047/3314
f 2747/3027/3295 2728/3008/3277 2748/3029/3297 2767/3048/3315
f 2748/3029/3297 2749/3028/3296 2769/3049/3316 2768/3050/3317
f 2749/3028/3296 2750/3030/3298 2770/3051/3318 2769/3049/3316
f 2750/3030/3298 2751/3031/3299 2771/3052/3319 2770/3051/3318
f 2751/3031/3299 2752/3032/3300 2772/3053/3320 2771/3052/3319
f 2752/3034/3300 2753/3033/3301 2773/3054/3321 2772/3055/3320
f 2753/3033/3301 2754/3035/3302 2774/3056/3322 2773/3054/3321
f 2754/3035/3302 2755/3036/3303 2775/3057/3323 2774/3056/3322
f 2755/3036/3303 2756/3037/3304 2776/3058/3324 2775/3057/3323
f 2756/3037/3304 2757/3038/3305 2777/3059/3325 2776/3058/3324
f 2757/3038/3305 2758/3039/3306 2778/3060/3326 2777/3059/3325
f 2758/3039/3306 2759/3040/3307 2779/3061/3327 2778/3060/3326
f 2759/3040/3307 2760/3041/3308 2780/3062/3328 2779/3061/3327
f 2760/3041/3308 2761/3042/3309 2781/3063/3329 2780/3062/3328
f 2761/3042/3309 2762/3043/3310 2782/3064/3330 2781/3063/3329
f 2762/3043/3310 2763/3044/3311 2783/3065/3331 2782/3064/3330
f 2763/3044/3311 2764/3045/3312 2784/3066/3332 2783/3065/3331
f 2764/3045/3312 2765/3046/3313 2785/3067/3333 2784/3066/3332
f 2765/3046/3313 2766/3047/3314 2786/3068/3334 2785/3067/3333
f 2766/3047/3314 2767/3048/3315 2787/3069/3335 2786/3068/3334
f 2767/3048/3315 2748/3029/3297 2768/3050/3317 2787/3069/3335
f 2768/3050/3317 2769/3049/3316 2789/3070/3336 2788/3071/3337
f 2769/3049/3316 2770/3051/3318 2790/3072/3338 2789/3070/3336
f 2770/3051/3318 2771/3052/3319 2791/3073/3339 2790/3072/3338
f 2771/3052/3319 2772/3053/3320 2792/3074/3340 2791/3073/3339
f 2772/3055/3320 2773/3054/3321 2793/3075/3341 2792/3076/3340
f 2773/3054/3321 2774/3056/3322 2794/3077/3342 2793/3075/3341
f 2774/3056/3322 2775/3057/3323 2795/3078/3343 2794/3077/3342
f 2775/3057/3323 2776/3058/3324 2796/3079/3344 2795/3078/3343
f 2776/3058/3324 2777/3059/3325 2797/3080/3345 2796/3079/3344
f 2777/3059/3325 2778/3060/3326 2798/3081/3346 2797/3080/3345
f 2778/3060/3326 2779/3061/3327 2799/3082/3347 2798/3081/3346
f 2779/3061/3327 2780/3062/3328 2800/3083/3348 2799/3082/3347
f 2780/3062/3328 2781/3063/3329 2801/3084/3349 2800/3083/3348
f 2781/3063/3329 2782/3064/3330 2802/3085/3350 2801/3084/3349
f 2782/3064/3330 2783/3065/3331 2803/3086/3351 2802/3085/3350
f 2783/3065/3331 2784/3066/3332 2804/3087/3352 2803/3086/3351
f 2784/3066/3332 2785/3067/3333 2805/3088/3353 2804/3087/3352
f 2785/3067/3333 2786/3068/3334 2806/3089/3354 2805/3088/3353
f 2786/3068/3334 2787/3069/3335 2807/3090/3355 2806/3089/3354
f 2787/3069/3335 2768/3050/3317 2788/3071/3337 2807/3090/3355
f 2788/3071/3337 2789/3070/3336 2809/3091/3356 2808/3092/3357
f 2789/3070/3336 2790/3072/3338 2810/3093/3358 2809/3091/3356
f 2790/3072/3338 2791/3073/3339 2811/3094/3359 2810/3093/3358
f 2791/3073/3339 2792/3074/3340 2812/3095/3360 2811/3094/3359
f 2792/3076/3340 2793/3075/3341 2813/3096/3361 2812/3097/3360
f 2793/3075/3341 2794/3077/3342 2814/3098/3362 2813/3096/3361
f 2794/3077/3342 2795/3078/3343 2815/3099/3363 2814/3098/3362
f 2795/3078/3343 2796/3079/3344 2816/3100/3364 2815/3099/3363
f 2796/3079/3344 2797/3080/3345 2817/3101/3365 2816/3100/3364
f 2797/3080/3345 2798/3081/3346 2818/3102/3366 2817/3101/3365
f 2798/3081/3346 2799/3082/3347 2819/3103/3367 2818/3102/3366
f 2799/3082/3347 2800/3083/3348 2820/3104/3368 2819/3103/3367
f 2800/3083/3348 2801/3084/3349 2821/3105/3369 2820/3104/3368
f 2801/3084/3349 2802/3085/3350 2822/3106/3370 2821/3105/3369
f 2802/3085/3350 2803/3086/3351 2823/3107/3371 2822/3106/3370
f 2803/3086/3351 2804/3087/3352 2824/3108/3372 2823/3107/3371
f 2804/3087/3352 2805/3088/3353 2825/3109/3373 2824/3108/3372
f 2805/3088/3353 2806/3089/3354 2826/3110/3374 2825/3109/3373
f 2806/3089/3354 2807/3090/3355 2827/3111/3375 2826/3110/3374
f 2807/3090/3355 2788/3071/3337 2808/3092/3357 2827/3111/3375
f 2808/3092/3357 2809/3091/3356 2829/3112/3376 2828/3113/3377
f 2809/3091/3356 2810/3093/3358 2830/3114/3378 2829/3112/3376
f 2810/3093/3358 2811/3094/3359 2831/3115/3379 2830/3114/3378
f 2811/3094/3359 2812/3095/3360 2832/3116/3380 2831/3115/3379
f 2812/3097/3360 2813/3096/3361 2833/3117/3381 2832/3118/3380
f 2813/3096/3361 2814/3098/3362 2834/3119/3382 2833/3117/3381
f 2814/3098/3362 2815/3099/3363 2835/3120/3383 2834/3119/3382
f 2815/3099/3363 2816/3100/3364 2836/3121/3384 2835/3120/3383
f 2816/3100/3364 2817/3101/3365 2837/3122/3385 2836/3121/3384
f 2817/3101/3365 2818/3102/3366 2838/3123/3386 2837/3122/3385
f 2818/3102/3366 2819/3103/3367 2839/3124/3387 2838/3123/3386
f 2819/3103/3367 2820/3104/3368 2840/3125/3388 2839/3124/3387
f 2820/3104/3368 2821/3105/3369 2841/3126/3389 2840/3125/3388
f 2821/3105/3369 2822/3106/3370 2842/3127/3390 2841/3126/3389
f 2822/3106/3370 2823/3107/3371 2843/3128/3391 2842/3127/3390
f 2823/3107/3371 2824/3108/3372 2844/3129/3392 2843/3128/3391
f 2824/3108/3372 2825/3109/3373 2845/3130/3393 2844/3129/3392
f 2825/3109/3373 2826/3110/3374 2846/3131/3394 2845/3130/3393
f 2826/3110/3374 2827/3111/3375 2847/3132/3395 2846/3131/3394
f 2827/3111/3375 2808/3092/3357 2828/3113/3377 2847/3132/3395
f 2828/3113/3377 2829/3112/3376 2849/3133/3396 2848/3134/3397
f 2829/3112/3376 2830/3114/3378 2850/3135/3398 2849/3133/3396
f 2830/3114/3378 2831/3115/3379 2851/3136/3399 2850/3135/3398
f 2831/3115/3379 2832/3116/3380 2852/3137/3400 2851/3136/3399
f 2832/3118/3380 2833/3117/3381 2853/3138/3401 2852/3139/3400
f 2833/3117/3381 2834/3119/3382 2854/3140/3402 2853/3138/3401
f 2834/3119/3382 2835/3120/3383 2855/3141/3403 2854/3140/3402
f 2835/3120/3383 2836/3121/3384 2856/3142/3404 2855/3141/3403
f 2836/3121/3384 2837/3122/3385 2857/3143/3405 2856/3142/3404
f 2837/3122/3385 2838/3123/3386 2858/3144/3406 2857/3143/3405
f 2838/3123/3386 2839/3124/3387 2859/3145/3407 2858/3144/3406
f 2839/3124/3387 2840/3125/3388 2860/3146/3408 2859/3145/3407
f 2840/3125/3388 2841/3126/3389 2861/3147/3409 2860/3146/3408
f 2841/3126/3389 2842/3127/3390 2862/3148/3410 2861/3147/3409
f 2842/3127/3390 2843/3128/3391 2863/3149/3411 2862/3148/3410
f 2843/3128/3391 2844/3129/3392 2864/3150/3412 2863/3149/3411
f 2844/3129/3392 2845/3130/3393 2865/3151/3413 2864/3150/3412
f 2845/3130/3393 2846/3131/3394 2866/3152/3414 2865/3151/3413
f 2846/3131/3394 2847/3132/3395 2867/3153/3415 2866/3152/3414
f 2847/3132/3395 2828/3113/3377 2848/3134/3397 2867/3153/3415
f 2848/3134/3397 2849/3133/3396 2869/3154/3416 2868/3155/3417
f 2849/3133/3396 2850/3135/3398 2870/3156/3418 2869/3154/3416
f 2850/3135/3398 2851/3136/3399 2871/3157/3419 2870/3156/3418
f 2851/3136/3399 2852/3137/3400 2872/3158/3420 2871/3157/3419
f 2852/3139/3400 2853/3138/3401 2873/3159/3421 2872/3160/3420
f 2853/3138/3401 2854/3140/3402 2874/3161/3422 2873/3159/3421
f 2854/3140/3402 2855/3141/3403 2875/3162/3423 2874/3161/3422
f 2855/3141/3403 2856/3142/3404 2876/3163/3424 2875/3162/3423
f 2856/3142/3404 2857/3143/3405 2877/3164/3425 2876/3163/3424
f 2857/3143/3405 2858/3144/3406 2878/3165/3426 2877/3164/3425
f 2858/3144/3406 2859/3145/3407 2879/3166/3427 2878/3165/3426
f 2859/3145/3407 2860/3146/3408 2880/3167/3428 2879/3166/3427
f 2860/3146/3408 2861/3147/3409 2881/3168/3429 2880/3167/3428
f 2861/3147/3409 2862/3148/3410 2882/3169/3430 2881/3168/3429
f 2862/3148/3410 2863/3149/3411 2883/3170/3431 2882/3169/3430
f 2863/3149/3411 2864/3150/3412 2884/3171/3432 2883/3170/3431
f 2864/3150/3412 2865/3151/3413 2885/3172/3433 2884/3171/3432
f 2865/3151/3413 2866/3152/3414 2886/3173/3434 2885/3172/3433
f 2866/3152/3414 2867/3153/3415 2887/3174/3435 2886/3173/3434
f 2867/3153/3415 2848/3134/3397 2868/3155/3417 2887/3174/3435
f 2868/3155/3417 2869/3154/3416 2889/3175/3436 2888/3176/3437
f 2869/3154/3416 2870/3156/3418 2890/3177/3438 2889/3175/3436
f 2870/3156/3418 2871/3157/3419 2891/3178/3439 2890/3177/3438
f 2871/3157/3419 2872/3158/3420 2892/3179/3440 2891/3178/3439
f 2872/3160/3420 2873/3159/3421 2893/3180/3441 2892/3181/3440
f 2873/3159/3421 2874/3161/3422 2894/3182/3442 2893/3180/3441
f 2874/3161/3422 2875/3162/3423 2895/3183/3443 2894/3182/3442
f 2875/3162/3423 2876/3163/3424 2896/3184/3444 2895/3183/3443
f 2876/3163/3424 2877/3164/3425 2897/3185/3445 2896/3184/3444
f 2877/3164/3425 2878/3165/3426 2898/3186/3446 2897/3185/3445
f 2878/3165/3426 2879/3166/3427 2899/3187/3447 2898/3186/3446
f 2879/3166/3427 2880/3167/3428 2900/3188/3448 2899/3187/3447
f 2880/3167/3428 2881/3168/3429 2901/3189/3449 2900/3188/3448
f 2881/3168/3429 2882/3169/3430 2902/3190/3450 2901/3189/3449
f 2882/3169/3430 2883/3170/3431 2903/3191/3451 2902/3190/3450
f 2883/3170/3431 2884/3171/3432 2904/3192/3452 2903/3191/3451
f 2884/3171/3432 2885/3172/3433 2905/3193/3453 2904/3192/3452
f 2885/3172/3433 2886/3173/3434 2906/3194/3454 2905/3193/3453
f 2886/3173/3434 2887/3174/3435 2907/3195/3455 2906/3194/3454
f 2887/3174/3435 2868/3155/3417 2888/3176/3437 2907/3195/3455
f 2888/3176/3437 2889/3175/3436 2909/3196/3456 2908/3197/3457
f 2889/3175/3436 2890/3177/3438 2910/3198/3458 2909/3196/3456
f 2890/3177/3438 2891/3178/3439 2911/3199/3459 2910/3198/3458
f 2891/3178/3439 2892/3179/3440 2912/3200/3460 2911/3199/3459
f 2892/3181/3440 2893/3180/3441 2913/3201/3461 2912/3202/3460
f 2893/3180/3441 2894/3182/3442 2914/3203/3462 2913/3201/3461
f 2894/3182/3442 2895/3183/3443 2915/3204/3463 2914/3203/3462
f 2895/3183/3443 2896/3184/3444 2916/3205/3464 2915/3204/3463
f 2896/3184/3444 2897/3185/3445 2917/3206/3465 2916/3205/3464
f 2897/3185/3445 2898/3186/3446 2918/3207/3466 2917/3206/3465
f 2898/3186/3446 2899/3187/3447 2919/3208/3467 2918/3207/3466
f 2899/3187/3447 2900/3188/3448 2920/3209/3468 2919/3208/3467
f 2900/3188/3448 2901/3189/3449 2921/3210/3469 2920/3209/3468
f 2901/3189/3449 2902/3190/3450 2922/3211/3470 2921/3210/3469
f 2902/3190/3450 2903/3191/3451 2923/3212/3471 2922/3211/3470
f 2903/3191/3451 2904/3192/3452 2924/3213/3472 2923/3212/3471
f 2904/3192/3452 2905/3193/3453 2925/3214/3473 2924/3213/3472
f 2905/3193/3453 2906/3194/3454 2926/3215/3474 2925/3214/3473
f 2906/3194/3454 2907/3195/3455 2927/3216/3475 2926/3215/3474
f 2907/3195/3455 2888/3176/3437 2908/3197/3457 2927/3216/3475
f 2908/3197/3457 2909/3196/3456 2929/3217/3476 2928/3218/3477
f 2909/3196/3456 2910/3198/3458 2930/3219/3478 2929/3217/3476
f 2910/3198/3458 2911/3199/3459 2931/3220/3479 2930/3219/3478
f 2911/3199/3459 2912/3200/3460 2932/3221/3480 2931/3220/3479
f 2912/3202/3460 2913/3201/3461 2933/3222/3481 2932/3223/3480
f 2913/3201/3461 2914/3203/3462 2934/3224/3482 2933/3222/3481
f 2914/3203/3462 2915/3204/3463 2935/3225/3483 2934/3224/3482
f 2915/3204/3463 2916/3205/3464 2936/3226/3484 2935/3225/3483
f 2916/3205/3464 2917/3206/3465 2937/3227/3485 2936/3226/3484
f 2917/3206/3465 2918/3207/3466 2938/3228/3486 2937/3227/3485
f 2918/3207/3466 2919/3208/3467 2939/3229/3487 2938/3228/3486
f 2919/3208/3467 2920/3209/3468 2940/3230/3488 2939/3229/3487
f 2920/3209/3468 2921/3210/3469 2941/3231/3489 2940/3230/3488
f 2921/3210/3469 2922/3211/3470 2942/3232/3490 2941/3231/3489
f 2922/3211/3470 2923/3212/3471 2943/3233/3491 2942/3232/3490
f 2923/3212/3471 2924/3213/3472 2944/3234/3492 2943/3233/3491
f 2924/3213/3472 2925/3214/3473 2945/3235/3493 2944/3234/3492
f 2925/3214/3473 2926/3215/3474 2946/3236/3494 2945/3235/3493
f 2926/3215/3474 2927/3216/3475 2947/3237/3495 2946/3236/3494
f 2927/3216/3475 2908/3197/3457 2928/3218/3477 2947/3237/3495
f 2928/3218/3477 2929/3217/3476 2949/3238/3496 2948/3239/3497
f 2929/3217/3476 2930/3219/3478 2950/3240/3498 2949/3238/3496
f 2930/3219/3478 2931/3220/3479 2951/3241/3499 2950/3240/3498
f 2931/3220/3479 2932/3221/3480 2952/3242/3500 2951/3241/3499
f 2932/3223/3480 2933/3222/3481 2953/3243/3501 2952/3244/3500
f 2933/3222/3481 2934/3224/3482 2954/3245/3502 2953/3243/3501
f 2934/3224/3482 2935/3225/3483 2955/3246/3503 2954/3245/3502
f 2935/3225/3483 2936/3226/3484 2956/3247/3504 2955/3246/3503
f 2936/3226/3484 2937/3227/3485 2957/3248/3505 2956/3247/3504
f 2937/3227/3485 2938/3228/3486 2958/3249/3506 2957/3248/3505
f 2938/3228/3486 2939/3229/3487 2959/3250/3507 2958/3249/3506
f 2939/3229/3487 2940/3230/3488 2960/3251/3508 2959/3250/3507
f 2940/3230/3488 2941/3231/3489 2961/3252/3509 2960/3251/3508
f 2941/3231/3489 2942/3232/3490 2962/3253/3510 2961/3252/3509
f 2942/3232/3490 2943/3233/3491 2963/3254/3511 2962/3253/3510
f 2943/3233/3491 2944/3234/3492 2964/3255/3512 2963/3254/3511
f 2944/3234/3492 2945/3235/3493 2965/3256/3513 2964/3255/3512
f 2945/3235/3493 2946/3236/3494 2966/3257/3514 2965/3256/3513
f 2946/3236/3494 2947/3237/3495 2967/3258/3515 2966/3257/3514
f 2947/3237/3495 2928/3218/3477 2948/3239/3497 2967/3258/3515
f 2948/3239/3497 2949/3238/3496 2969/3259/3516 2968/3260/3517
f 2949/3238/3496 2950/3240/3498 2970/3261/3518 2969/3259/3516
f 2950/3240/3498 2951/3241/3499 2971/3262/3519 2970/3261/3518
f 2951/3241/3499 2952/3242/3500 2972/3263/3520 2971/3262/3519
f 2952/3244/3500 2953/3243/3501 2973/3264/3521 2972/3265/3520
f 2953/3243/3501 2954/3245/3502 2974/3266/3522 2973/3264/3521
f 2954/3245/3502 2955/3246/3503 2975/3267/3523 2974/3266/3522
f 2955/3246/3503 2956/3247/3504 2976/3268/3524 2975/3267/3523
f 2956/3247/3504 2957/3248/3505 2977/3269/3525 2976/3268/3524
f 2957/3248/3505 2958/3249/3506 2978/3270/3526 2977/3269/3525
f 2958/3249/3506 2959/3250/3507 2979/3271/3527 2978/3270/3526
f 2959/3250/3507 2960/3251/3508 2980/3272/3528 2979/3271/3527
f 2960/3251/3508 2961/3252/3509 2981/3273/3529 2980/3272/3528
f 2961/3252/3509 2962/3253/3510 2982/3274/3530 2981/3273/3529
f 2962/3253/3510 2963/3254/3511 2983/3275/3531 2982/3274/3530
f 2963/3254/3511 2964/3255/3512 2984/3276/3532 2983/3275/3531
f 2964/3255/3512 2965/3256/3513 2985/3277/3533 2984/3276/3532
f 2965/3256/3513 2966/3257/3514 2986/3278/3534 2985/3277/3533
f 2966/3257/3514 2967/3258/3515 2987/3279/3535 2986/3278/3534
f 2967/3258/3515 2948/3239/3497 2968/3260/3517 2987/3279/3535
f 2609/2882/3157 2608/2881/3156 2988/3280/3536
f 2610/2885/3160 2609/2882/3157 2988/3280/3536
f 2611/2887/3162 2610/2885/3160 2988/3280/3536
f 2612/2889/3164 2611/2887/3162 2988/3280/3536
f 2613/2892/3166 2612/2891/3164 2988/3280/3536
f 2614/2895/3168 2613/2892/3166 2988/3280/3536
f 2615/2897/3170 2614/2895/3168 2988/3280/3536
f 2616/2899/3172 2615/2897/3170 2988/3280/3536
f 2617/2901/3174 2616/2899/3172 2988/3280/3536
f 2618/2903/3176 2617/2901/3174 2988/3280/3536
f 2619/2905/3178 2618/2903/3176 2988/3280/3536
f 2620/2907/3180 2619/2905/3178 2988/3280/3536
f 2621/2909/3182 2620/2907/3180 2988/3280/3536
f 2622/2911/3184 2621/2909/3182 2988/3280/3536
f 2623/2913/3186 2622/2911/3184 2988/3280/3536
f 2624/2915/3188 2623/2913/3186 2988/3280/3536
f 2625/2917/3190 2624/2915/3188 2988/3280/3536
f 2626/2919/3192 2625/2917/3190 2988/3280/3536
f 2627/2921/3194 2626/2919/3192 2988/3280/3536
f 2608/2881/3156 2627/2921/3194 2988/3280/3536
f 2968/3260/3517 2969/3259/3516 2989/3281/3537
f 2969/3259/3516 2970/3261/3518 2989/3281/3537
f 2970/3261/3518 2971/3262/3519 2989/3281/3537
f 2971/3262/3519 2972/3263/3520 2989/3281/3537
f 2972/3265/3520 2973/3264/3521 2989/3281/3537
f 2973/3264/3521 2974/3266/3522 2989/3281/3537
f 2974/3266/3522 2975/3267/3523 2989/3281/3537
f 2975/3267/3523 2976/3268/3524 2989/3281/3537
f 2976/3268/3524 2977/3269/3525 2989/3281/3537
f 2977/3269/3525 2978/3270/3526 2989/3281/3537
f 2978/3270/3526 2979/3271/3527 2989/3281/3537
f 2979/3271/3527 2980/3272/3528 2989/3281/3537
f 2980/3272/3528 2981/3273/3529 2989/3281/3537
f 2981/3273/3529 2982/3274/3530 2989/3281/3537
f 2982/3274/3530 2983/3275/3531 2989/3281/3537
f 2983/3275/3531 2984/3276/3532 2989/3281/3537
f 2984/3276/3532 2985/3277/3533 2989/3281/3537
f 2985/3277/3533 2986/3278/3534 2989/3281/3537
f 2986/3278/3534 2987/3279/3535 2989/3281/3537
f 2987/3279/3535 2968/3260/3517 2989/3281/3537
s 27
usemtl lambert4SG
f 2990/3282/3538 3421/3283/3539 3422/3284/3540 3202/3285/3541
s 28
f 2992/3286/3542 3432/3287/3543 3433/3288/3544 3026/3289/3545
s 29
f 3205/3290/3546 3417/3291/3547 3418/3292/3548 2996/3293/3549
s 30
f 3027/3294/3550 3420/3295/3551 3421/3296/3552 2990/3297/3553
s 31
f 2991/3298/3554 3028/3299/3555 3216/3300/3556 3217/3301/3557
s 32
f 3027/3302/3558 2990/3303/3559 3202/3304/3560 3203/3305/3561
f 2996/3306/3562 2999/3307/3563 3204/3308/3564 3205/3309/3565
s 30
f 2996/3310/3566 3418/3311/3567 3419/3312/3568 2999/3313/3569
s 31
f 3207/3314/3570 3000/3315/3571 2997/3316/3572 3206/3317/3573
s 28
f 2998/3318/3574 3442/3319/3575 3443/3320/3576 2994/3321/3577
s 37
f 3267/3322/3578 3268/3323/3579 3446/3324/3580 3447/3325/3581
s 31
f 3208/3326/3582 3003/3327/3583 3000/3315/3571 3207/3314/3570
s 28
f 3002/3328/3584 3441/3329/3585 3442/3319/3575 2998/3318/3574
s 37
f 3268/3323/3579 3269/3330/3586 3448/3331/3587 3446/3324/3580
s 31
f 3209/3332/3588 3006/3333/3589 3003/3327/3583 3208/3326/3582
s 28
f 3005/3334/3590 3440/3335/3591 3441/3329/3585 3002/3328/3584
s 37
f 3269/3330/3586 3270/3336/3592 3449/3337/3593 3448/3331/3587
s 31
f 3210/3338/3594 3009/3339/3595 3006/3333/3589 3209/3332/3588
s 28
f 3008/3340/3596 3439/3341/3597 3440/3335/3591 3005/3334/3590
s 37
f 3270/3336/3592 3271/3342/3598 3450/3343/3599 3449/3337/3593
s 31
f 3211/3344/3600 3012/3345/3601 3009/3339/3595 3210/3338/3594
s 28
f 3011/3346/3602 3438/3347/3603 3439/3341/3597 3008/3340/3596
s 37
f 3271/3342/3598 3272/3348/3604 3451/3349/3605 3450/3343/3599
s 31
f 3212/3350/3606 3015/3351/3607 3012/3345/3601 3211/3344/3600
s 28
f 3014/3352/3608 3437/3353/3609 3438/3347/3603 3011/3346/3602
s 37
f 3272/3348/3604 3273/3354/3610 3452/3355/3611 3451/3349/3605
s 31
f 3213/3356/3612 3018/3357/3613 3015/3351/3607 3212/3350/3606
s 28
f 3017/3358/3614 3436/3359/3615 3437/3353/3609 3014/3352/3608
s 37
f 3273/3354/3610 3274/3360/3616 3453/3361/3617 3452/3355/3611
s 31
f 3214/3362/3618 3021/3363/3619 3018/3357/3613 3213/3356/3612
s 28
f 3020/3364/3620 3435/3365/3621 3436/3359/3615 3017/3358/3614
s 37
f 3274/3360/3616 3275/3366/3622 3454/3367/3623 3453/3361/3617
s 31
f 3215/3368/3624 3024/3369/3625 3021/3363/3619 3214/3362/3618
s 28
f 3023/3370/3626 3434/3371/3627 3435/3365/3621 3020/3364/3620
s 37
f 3275/3366/3622 3276/3372/3628 3455/3373/3629 3454/3367/3623
s 31
f 3216/3300/3556 3028/3299/3555 3024/3369/3625 3215/3368/3624
s 28
f 3026/3289/3545 3433/3288/3544 3434/3371/3627 3023/3370/3626
s 32
f 3031/3374/3630 3030/3375/3631 2992/3376/3632 3026/3377/3633
f 3032/3378/3634 3031/3374/3630 3026/3377/3633 3023/3379/3635
f 3033/3380/3636 3032/3378/3634 3023/3379/3635 3020/3381/3637
f 3034/3382/3638 3033/3380/3636 3020/3381/3637 3017/3383/3639
f 3035/3384/3640 3034/3382/3638 3017/3383/3639 3014/3385/3641
f 3036/3386/3642 3035/3384/3640 3014/3385/3641 3011/3387/3643
f 3037/3388/3644 3036/3386/3642 3011/3387/3643 3008/3389/3645
f 3038/3390/3646 3037/3388/3644 3008/3389/3645 3005/3391/3647
f 3039/3392/3648 3038/3390/3646 3005/3391/3647 3002/3393/3649
f 3040/3394/3650 3039/3392/3648 3002/3393/3649 2998/3395/3651
f 3041/3396/3652 3040/3394/3650 2998/3395/3651 2994/3397/3653
s 29
f 2994/3398/3654 3443/3399/3655 3444/3400/3656 3041/3401/3657
s 31
f 3001/3402/3658 3043/3403/3659 3042/3404/3660 2995/3405/3661
f 3004/3406/3662 3044/3407/3663 3043/3403/3659 3001/3402/3658
f 3007/3408/3664 3045/3409/3665 3044/3407/3663 3004/3406/3662
f 3010/3410/3666 3046/3411/3667 3045/3409/3665 3007/3408/3664
f 3013/3412/3668 3047/3413/3669 3046/3411/3667 3010/3410/3666
f 3016/3414/3670 3048/3415/3671 3047/3413/3669 3013/3412/3668
f 3019/3416/3672 3049/3417/3673 3048/3415/3671 3016/3414/3670
f 3022/3418/3674 3050/3419/3675 3049/3417/3673 3019/3416/3672
f 3025/3420/3676 3051/3421/3677 3050/3419/3675 3022/3418/3674
f 3029/3422/3678 3052/3423/3679 3051/3421/3677 3025/3420/3676
f 3053/3424/3680 3052/3423/3679 3029/3422/3678 2993/3425/3681
s 27
f 3030/3426/3682 3431/3427/3683 3432/3428/3684 2992/3429/3685
s 32
f 3055/3430/3686 3054/3431/3687 3030/3375/3631 3031/3374/3630
s 42
f 3219/3432/3688 3218/3433/3689 3220/3434/3690 3221/3435/3691
f 3222/3436/3692 3219/3432/3688 3221/3435/3691 3223/3437/3693
f 3224/3438/3694 3222/3436/3692 3223/3437/3693 3225/3439/3695
f 3226/3440/3696 3224/3438/3694 3225/3439/3695 3227/3441/3697
s 32
f 3057/3442/3698 3056/3443/3699 3035/3384/3640 3036/3386/3642
s 43
f 3239/3444/3700 3238/3445/3701 3240/3446/3702 3241/3447/3703
f 3242/3448/3704 3239/3444/3700 3241/3447/3703 3243/3449/3705
f 3244/3450/3706 3242/3448/3704 3243/3449/3705 3245/3451/3707
f 3246/3452/3708 3244/3450/3706 3245/3451/3707 3247/3453/3709
s 32
f 3059/3454/3710 3058/3455/3711 3040/3394/3650 3041/3396/3652
s 29
f 3041/3401/3657 3444/3400/3656 3445/3456/3712 3059/3457/3713
s 31
f 3043/3403/3659 3061/3458/3714 3060/3459/3715 3042/3404/3660
f 3044/3407/3663 3062/3460/3716 3061/3458/3714 3043/3403/3659
f 3045/3409/3665 3063/3461/3717 3062/3460/3716 3044/3407/3663
f 3046/3411/3667 3064/3462/3718 3063/3461/3717 3045/3409/3665
f 3047/3413/3669 3065/3463/3719 3064/3462/3718 3046/3411/3667
f 3048/3415/3671 3066/3464/3720 3065/3463/3719 3047/3413/3669
f 3049/3417/3673 3067/3465/3721 3066/3464/3720 3048/3415/3671
f 3050/3419/3675 3068/3466/3722 3067/3465/3721 3049/3417/3673
f 3051/3421/3677 3069/3467/3723 3068/3466/3722 3050/3419/3675
f 3052/3423/3679 3070/3468/3724 3069/3467/3723 3051/3421/3677
f 3071/3469/3725 3070/3468/3724 3052/3423/3679 3053/3424/3680
s 27
f 3054/3470/3726 3430/3471/3727 3431/3427/3683 3030/3426/3682
s 32
f 3073/3472/3728 3072/3473/3729 3054/3431/3687 3055/3430/3686
s 42
f 3229/3474/3730 3228/3475/3731 3218/3433/3689 3219/3432/3688
f 3230/3476/3732 3229/3474/3730 3219/3432/3688 3222/3436/3692
f 3231/3477/3733 3230/3476/3732 3222/3436/3692 3224/3438/3694
f 3232/3478/3734 3231/3477/3733 3224/3438/3694 3226/3440/3696
s 32
f 3075/3479/3735 3074/3480/3736 3056/3443/3699 3057/3442/3698
s 43
f 3249/3481/3737 3248/3482/3738 3238/3445/3701 3239/3444/3700
f 3250/3483/3739 3249/3481/3737 3239/3444/3700 3242/3448/3704
f 3251/3484/3740 3250/3483/3739 3242/3448/3704 3244/3450/3706
f 3252/3485/3741 3251/3484/3740 3244/3450/3706 3246/3452/3708
s 32
f 3077/3486/3742 3076/3487/3743 3058/3455/3711 3059/3454/3710
s 29
f 3059/3457/3713 3445/3456/3712 3410/3488/3744 3077/3489/3745
s 31
f 3061/3458/3714 3079/3490/3746 3078/3491/3747 3060/3459/3715
f 3062/3460/3716 3080/3492/3748 3079/3490/3746 3061/3458/3714
f 3063/3461/3717 3081/3493/3749 3080/3492/3748 3062/3460/3716
f 3064/3462/3718 3082/3494/3750 3081/3493/3749 3063/3461/3717
f 3065/3463/3719 3083/3495/3751 3082/3494/3750 3064/3462/3718
f 3066/3464/3720 3084/3496/3752 3083/3495/3751 3065/3463/3719
f 3067/3465/3721 3085/3497/3753 3084/3496/3752 3066/3464/3720
f 3068/3466/3722 3086/3498/3754 3085/3497/3753 3067/3465/3721
f 3069/3467/3723 3087/3499/3755 3086/3498/3754 3068/3466/3722
f 3070/3468/3724 3088/3500/3756 3087/3499/3755 3069/3467/3723
f 3089/3501/3757 3088/3500/3756 3070/3468/3724 3071/3469/3725
s 27
f 3072/3502/3758 3429/3503/3759 3430/3471/3727 3054/3470/3726
s 32
f 3091/3504/3760 3090/3505/3761 3072/3473/3729 3073/3472/3728
s 42
f 3234/3506/3762 3233/3507/3763 3228/3475/3731 3229/3474/3730
f 3235/3508/3764 3234/3506/3762 3229/3474/3730 3230/3476/3732
f 3236/3509/3765 3235/3508/3764 3230/3476/3732 3231/3477/3733
f 3237/3510/3766 3236/3509/3765 3231/3477/3733 3232/3478/3734
s 32
f 3096/3511/3767 3095/3512/3768 3074/3480/3736 3075/3479/3735
s 43
f 3254/3513/3769 3253/3514/3770 3248/3482/3738 3249/3481/3737
f 3255/3515/3771 3254/3513/3769 3249/3481/3737 3250/3483/3739
f 3256/3516/3772 3255/3515/3771 3250/3483/3739 3251/3484/3740
f 3257/3517/3773 3256/3516/3772 3251/3484/3740 3252/3485/3741
s 32
f 3101/3518/3774 3100/3519/3775 3076/3487/3743 3077/3486/3742
s 29
f 3077/3489/3745 3410/3488/3744 3411/3520/3776 3101/3521/3777
s 31
f 3079/3490/3746 3103/3522/3778 3102/3523/3779 3078/3491/3747
f 3080/3492/3748 3104/3524/3780 3103/3522/3778 3079/3490/3746
f 3081/3493/3749 3105/3525/3781 3104/3524/3780 3080/3492/3748
f 3082/3494/3750 3106/3526/3782 3105/3525/3781 3081/3493/3749
f 3083/3495/3751 3107/3527/3783 3106/3526/3782 3082/3494/3750
f 3084/3496/3752 3108/3528/3784 3107/3527/3783 3083/3495/3751
f 3085/3497/3753 3109/3529/3785 3108/3528/3784 3084/3496/3752
f 3086/3498/3754 3110/3530/3786 3109/3529/3785 3085/3497/3753
f 3087/3499/3755 3111/3531/3787 3110/3530/3786 3086/3498/3754
f 3088/3500/3756 3112/3532/3788 3111/3531/3787 3087/3499/3755
f 3113/3533/3789 3112/3532/3788 3088/3500/3756 3089/3501/3757
s 27
f 3090/3534/3790 3428/3535/3791 3429/3503/3759 3072/3502/3758
s 32
f 3115/3536/3792 3114/3537/3793 3090/3505/3761 3091/3504/3760
f 3116/3538/3794 3115/3536/3792 3091/3504/3760 3092/3539/3795
f 3117/3540/3796 3116/3538/3794 3092/3539/3795 3093/3541/3797
f 3118/3542/3798 3117/3540/3796 3093/3541/3797 3094/3543/3799
f 3119/3544/3800 3118/3542/3798 3094/3543/3799 3095/3512/3768
f 3120/3545/3801 3119/3544/3800 3095/3512/3768 3096/3511/3767
f 3121/3546/3802 3120/3545/3801 3096/3511/3767 3097/3547/3803
f 3122/3548/3804 3121/3546/3802 3097/3547/3803 3098/3549/3805
f 3123/3550/3806 3122/3548/3804 3098/3549/3805 3099/3551/3807
f 3124/3552/3808 3123/3550/3806 3099/3551/3807 3100/3519/3775
f 3125/3553/3809 3124/3552/3808 3100/3519/3775 3101/3518/3774
s 29
f 3101/3521/3777 3411/3520/3776 3412/3554/3810 3125/3555/3811
s 31
f 3103/3522/3778 3127/3556/3812 3126/3557/3813 3102/3523/3779
f 3104/3524/3780 3128/3558/3814 3127/3556/3812 3103/3522/3778
f 3105/3525/3781 3129/3559/3815 3128/3558/3814 3104/3524/3780
f 3106/3526/3782 3130/3560/3816 3129/3559/3815 3105/3525/3781
f 3107/3527/3783 3131/3561/3817 3130/3560/3816 3106/3526/3782
f 3108/3528/3784 3132/3562/3818 3131/3561/3817 3107/3527/3783
f 3109/3529/3785 3133/3563/3819 3132/3562/3818 3108/3528/3784
f 3110/3530/3786 3134/3564/3820 3133/3563/3819 3109/3529/3785
f 3111/3531/3787 3135/3565/3821 3134/3564/3820 3110/3530/3786
f 3112/3532/3788 3136/3566/3822 3135/3565/3821 3111/3531/3787
f 3137/3567/3823 3136/3566/3822 3112/3532/3788 3113/3533/3789
s 27
f 3114/3568/3824 3427/3569/3825 3428/3535/3791 3090/3534/3790
s 32
f 3139/3570/3826 3138/3571/3827 3114/3537/3793 3115/3536/3792
s 37
f 3457/3572/3828 3456/3573/3829 3458/3574/3830 3459/3575/3831
f 3460/3576/3832 3457/3572/3828 3459/3575/3831 3461/3577/3833
f 3462/3578/3834 3460/3576/3832 3461/3577/3833 3463/3579/3835
f 3464/3580/3836 3462/3578/3834 3463/3579/3835 3465/3581/3837
f 3466/3582/3838 3464/3580/3836 3465/3581/3837 3467/3583/3839
f 3468/3584/3840 3466/3582/3838 3467/3583/3839 3469/3585/3841
f 3470/3586/3842 3468/3584/3840 3469/3585/3841 3471/3587/3843
f 3472/3588/3844 3470/3586/3842 3471/3587/3843 3473/3589/3845
f 3474/3590/3846 3472/3588/3844 3473/3589/3845 3475/3591/3847
s 32
f 3141/3592/3848 3140/3593/3849 3124/3552/3808 3125/3553/3809
s 29
f 3125/3555/3811 3412/3554/3810 3413/3594/3850 3141/3595/3851
s 31
f 3127/3556/3812 3143/3596/3852 3142/3597/3853 3126/3557/3813
f 3128/3558/3814 3144/3598/3854 3143/3596/3852 3127/3556/3812
f 3129/3559/3815 3145/3599/3855 3144/3598/3854 3128/3558/3814
f 3130/3560/3816 3146/3600/3856 3145/3599/3855 3129/3559/3815
f 3131/3561/3817 3147/3601/3857 3146/3600/3856 3130/3560/3816
f 3132/3562/3818 3148/3602/3858 3147/3601/3857 3131/3561/3817
f 3133/3563/3819 3149/3603/3859 3148/3602/3858 3132/3562/3818
f 3134/3564/3820 3150/3604/3860 3149/3603/3859 3133/3563/3819
f 3135/3565/3821 3151/3605/3861 3150/3604/3860 3134/3564/3820
f 3136/3566/3822 3152/3606/3862 3151/3605/3861 3135/3565/3821
f 3153/3607/3863 3152/3606/3862 3136/3566/3822 3137/3567/3823
s 27
f 3138/3608/3864 3426/3609/3865 3427/3569/3825 3114/3568/3824
s 32
f 3155/3610/3866 3154/3611/3867 3138/3571/3827 3139/3570/3826
s 37
f 3477/3612/3868 3476/3613/3869 3456/3573/3829 3457/3572/3828
f 3478/3614/3870 3477/3612/3868 3457/3572/3828 3460/3576/3832
f 3479/3615/3871 3478/3614/3870 3460/3576/3832 3462/3578/3834
f 3480/3616/3872 3479/3615/3871 3462/3578/3834 3464/3580/3836
f 3481/3617/3873 3480/3616/3872 3464/3580/3836 3466/3582/3838
f 3482/3618/3874 3481/3617/3873 3466/3582/3838 3468/3584/3840
f 3483/3619/3875 3482/3618/3874 3468/3584/3840 3470/3586/3842
f 3484/3620/3876 3483/3619/3875 3470/3586/3842 3472/3588/3844
f 3485/3621/3877 3484/3620/3876 3472/3588/3844 3474/3590/3846
s 32
f 3157/3622/3878 3156/3623/3879 3140/3593/3849 3141/3592/3848
s 29
f 3141/3595/3851 3413/3594/3850 3414/3624/3880 3157/3625/3881
s 31
f 3143/3596/3852 3159/3626/3882 3158/3627/3883 3142/3597/3853
f 3144/3598/3854 3160/3628/3884 3159/3626/3882 3143/3596/3852
f 3145/3599/3855 3161/3629/3885 3160/3628/3884 3144/3598/3854
f 3146/3600/3856 3162/3630/3886 3161/3629/3885 3145/3599/3855
f 3147/3601/3857 3163/3631/3887 3162/3630/3886 3146/3600/3856
f 3148/3602/3858 3164/3632/3888 3163/3631/3887 3147/3601/3857
f 3149/3603/3859 3165/3633/3889 3164/3632/3888 3148/3602/3858
f 3150/3604/3860 3166/3634/3890 3165/3633/3889 3149/3603/3859
f 3151/3605/3861 3167/3635/3891 3166/3634/3890 3150/3604/3860
f 3152/3606/3862 3168/3636/3892 3167/3635/3891 3151/3605/3861
f 3169/3637/3893 3168/3636/3892 3152/3606/3862 3153/3607/3863
s 27
f 3154/3638/3894 3425/3639/3895 3426/3609/3865 3138/3608/3864
s 32
f 3171/3640/3896 3170/3641/3897 3154/3611/3867 3155/3610/3866
s 37
f 3487/3642/3898 3486/3643/3899 3476/3613/3869 3477/3612/3868
f 3488/3644/3900 3487/3642/3898 3477/3612/3868 3478/3614/3870
f 3489/3645/3901 3488/3644/3900 3478/3614/3870 3479/3615/3871
f 3490/3646/3902 3489/3645/3901 3479/3615/3871 3480/3616/3872
f 3491/3647/3903 3490/3646/3902 3480/3616/3872 3481/3617/3873
f 3492/3648/3904 3491/3647/3903 3481/3617/3873 3482/3618/3874
f 3493/3649/3905 3492/3648/3904 3482/3618/3874 3483/3619/3875
f 3494/3650/3906 3493/3649/3905 3483/3619/3875 3484/3620/3876
f 3495/3651/3907 3494/3650/3906 3484/3620/3876 3485/3621/3877
s 32
f 3173/3652/3908 3172/3653/3909 3156/3623/3879 3157/3622/3878
s 29
f 3157/3625/3881 3414/3624/3880 3415/3654/3910 3173/3655/3911
s 31
f 3159/3626/3882 3175/3656/3912 3174/3657/3913 3158/3627/3883
f 3160/3628/3884 3176/3658/3914 3175/3656/3912 3159/3626/3882
f 3161/3629/3885 3177/3659/3915 3176/3658/3914 3160/3628/3884
f 3162/3630/3886 3178/3660/3916 3177/3659/3915 3161/3629/3885
f 3163/3631/3887 3179/3661/3917 3178/3660/3916 3162/3630/3886
f 3164/3632/3888 3180/3662/3918 3179/3661/3917 3163/3631/3887
f 3165/3633/3889 3181/3663/3919 3180/3662/3918 3164/3632/3888
f 3166/3634/3890 3182/3664/3920 3181/3663/3919 3165/3633/3889
f 3167/3635/3891 3183/3665/3921 3182/3664/3920 3166/3634/3890
f 3168/3636/3892 3184/3666/3922 3183/3665/3921 3167/3635/3891
f 3185/3667/3923 3184/3666/3922 3168/3636/3892 3169/3637/3893
s 27
f 3170/3668/3924 3424/3669/3925 3425/3639/3895 3154/3638/3894
s 32
f 3187/3670/3926 3186/3671/3927 3170/3641/3897 3171/3640/3896
s 37
f 3497/3672/3928 3496/3673/3929 3486/3643/3899 3487/3642/3898
f 3498/3674/3930 3497/3672/3928 3487/3642/3898 3488/3644/3900
f 3499/3675/3931 3498/3674/3930 3488/3644/3900 3489/3645/3901
f 3500/3676/3932 3499/3675/3931 3489/3645/3901 3490/3646/3902
f 3501/3677/3933 3500/3676/3932 3490/3646/3902 3491/3647/3903
f 3502/3678/3934 3501/3677/3933 3491/3647/3903 3492/3648/3904
f 3503/3679/3935 3502/3678/3934 3492/3648/3904 3493/3649/3905
f 3504/3680/3936 3503/3679/3935 3493/3649/3905 3494/3650/3906
f 3505/3681/3937 3504/3680/3936 3494/3650/3906 3495/3651/3907
s 32
f 3189/3682/3938 3188/3683/3939 3172/3653/3909 3173/3652/3908
s 29
f 3173/3655/3911 3415/3654/3910 3416/3684/3940 3189/3685/3941
s 31
f 3175/3656/3912 3191/3686/3942 3190/3687/3943 3174/3657/3913
f 3176/3658/3914 3192/3688/3944 3191/3686/3942 3175/3656/3912
f 3177/3659/3915 3193/3689/3945 3192/3688/3944 3176/3658/3914
f 3178/3660/3916 3194/3690/3946 3193/3689/3945 3177/3659/3915
f 3179/3661/3917 3195/3691/3947 3194/3690/3946 3178/3660/3916
f 3180/3662/3918 3196/3692/3948 3195/3691/3947 3179/3661/3917
f 3181/3663/3919 3197/3693/3949 3196/3692/3948 3180/3662/3918
f 3182/3664/3920 3198/3694/3950 3197/3693/3949 3181/3663/3919
f 3183/3665/3921 3199/3695/3951 3198/3694/3950 3182/3664/3920
f 3184/3666/3922 3200/3696/3952 3199/3695/3951 3183/3665/3921
f 3201/3697/3953 3200/3696/3952 3184/3666/3922 3185/3667/3923
s 27
f 3186/3698/3954 3423/3699/3955 3424/3669/3925 3170/3668/3924
s 32
f 3203/3305/3561 3202/3304/3560 3186/3671/3927 3187/3670/3926
s 37
f 3454/3367/3623 3455/3373/3629 3496/3673/3929 3497/3672/3928
f 3453/3361/3617 3454/3367/3623 3497/3672/3928 3498/3674/3930
f 3452/3355/3611 3453/3361/3617 3498/3674/3930 3499/3675/3931
f 3451/3349/3605 3452/3355/3611 3499/3675/3931 3500/3676/3932
f 3450/3343/3599 3451/3349/3605 3500/3676/3932 3501/3677/3933
f 3449/3337/3593 3450/3343/3599 3501/3677/3933 3502/3678/3934
f 3448/3331/3587 3449/3337/3593 3502/3678/3934 3503/3679/3935
f 3446/3324/3580 3448/3331/3587 3503/3679/3935 3504/3680/3936
f 3447/3325/3581 3446/3324/3580 3504/3680/3936 3505/3681/3937
s 32
f 3205/3309/3565 3204/3308/3564 3188/3683/3939 3189/3682/3938
s 29
f 3189/3685/3941 3416/3684/3940 3417/3291/3547 3205/3290/3546
s 31
f 3191/3686/3942 3207/3314/3570 3206/3317/3573 3190/3687/3943
f 3192/3688/3944 3208/3326/3582 3207/3314/3570 3191/3686/3942
f 3193/3689/3945 3209/3332/3588 3208/3326/3582 3192/3688/3944
f 3194/3690/3946 3210/3338/3594 3209/3332/3588 3193/3689/3945
f 3195/3691/3947 3211/3344/3600 3210/3338/3594 3194/3690/3946
f 3196/3692/3948 3212/3350/3606 3211/3344/3600 3195/3691/3947
f 3197/3693/3949 3213/3356/3612 3212/3350/3606 3196/3692/3948
f 3198/3694/3950 3214/3362/3618 3213/3356/3612 3197/3693/3949
f 3199/3695/3951 3215/3368/3624 3214/3362/3618 3198/3694/3950
f 3200/3696/3952 3216/3300/3556 3215/3368/3624 3199/3695/3951
f 3217/3301/3557 3216/3300/3556 3200/3696/3952 3201/3697/3953
s 27
f 3202/3285/3541 3422/3284/3540 3423/3699/3955 3186/3698/3954
s off
f 3055/3700/3956 3031/3701/3957 3220/3702/3958 3218/3703/3959
f 3031/3701/3960 3032/3704/3961 3221/3705/3962 3220/3702/3963
f 3032/3704/3964 3033/3706/3965 3223/3707/3966 3221/3705/3967
f 3033/3706/3968 3034/3708/3969 3225/3709/3970 3223/3707/3971
f 3034/3708/3972 3035/3710/3973 3227/3711/3974 3225/3709/3975
f 3035/3710/3976 3056/3712/3977 3226/3713/3978 3227/3711/3979
f 3073/3714/3980 3055/3700/3981 3218/3703/3982 3228/3715/3983
f 3056/3712/3984 3074/3716/3985 3232/3717/3986 3226/3713/3987
f 3092/3718/3988 3091/3719/3989 3233/3720/3990 3234/3721/3991
f 3091/3719/3992 3073/3714/3993 3228/3715/3994 3233/3720/3995
f 3093/3722/3996 3092/3718/3997 3234/3721/3998 3235/3723/3999
f 3094/3724/4000 3093/3722/4001 3235/3723/4002 3236/3725/4003
f 3095/3726/4004 3094/3724/4005 3236/3725/4006 3237/3727/4007
f 3074/3716/4008 3095/3728/4009 3237/3729/4010 3232/3717/4011
f 3057/3730/4012 3036/3731/4013 3240/3732/4014 3238/3733/4015
f 3036/3731/4016 3037/3734/4017 3241/3735/4018 3240/3732/4019
f 3037/3734/4020 3038/3736/4021 3243/3737/4022 3241/3735/4023
f 3038/3736/4024 3039/3738/4025 3245/3739/4026 3243/3737/4027
f 3039/3738/4028 3040/3740/4029 3247/3741/4030 3245/3739/4031
f 3040/3740/4032 3058/3742/4033 3246/3743/4034 3247/3741/4035
f 3075/3744/4036 3057/3730/4037 3238/3733/4038 3248/3745/4039
f 3058/3742/4040 3076/3746/4041 3252/3747/4042 3246/3743/4043
f 3097/3748/4044 3096/3749/4045 3253/3750/4046 3254/3751/4047
f 3096/3749/4048 3075/3744/4049 3248/3745/4050 3253/3750/4051
f 3098/3752/4052 3097/3748/4053 3254/3751/4054 3255/3753/4055
f 3099/3754/4056 3098/3752/4057 3255/3753/4058 3256/3755/4059
f 3100/3756/4060 3099/3754/4061 3256/3755/4062 3257/3757/4063
f 3076/3746/4064 3100/3758/4065 3257/3759/4066 3252/3747/4067
s 29
f 3258/3760/4068 3078/3761/4069 3102/3762/4070 3259/3763/4071
f 3260/3764/4072 3259/3763/4071 3102/3762/4070 3126/3765/4073
f 3261/3766/4074 3260/3764/4072 3126/3765/4073 3142/3767/4075
f 3262/3768/4076 3261/3766/4074 3142/3767/4075 3158/3769/4077
f 3263/3770/4078 3262/3768/4076 3158/3769/4077 3174/3771/4079
f 3264/3772/4080 3263/3770/4078 3174/3771/4079 3190/3773/4081
f 3265/3774/4082 3264/3772/4080 3190/3773/4081 3206/3775/4083
f 3266/3776/4084 3265/3774/4082 3206/3775/4083 2997/3777/4085
s 30
f 3267/3778/4086 3266/3779/4087 2997/3780/4088 3000/3781/4089
f 3268/3782/4090 3267/3778/4086 3000/3781/4089 3003/3783/4091
f 3269/3784/4092 3268/3782/4090 3003/3783/4091 3006/3785/4093
f 3270/3786/4094 3269/3784/4092 3006/3785/4093 3009/3787/4095
f 3271/3788/4096 3270/3786/4094 3009/3787/4095 3012/3789/4097
f 3272/3790/4098 3271/3788/4096 3012/3789/4097 3015/3791/4099
f 3273/3792/4100 3272/3790/4098 3015/3791/4099 3018/3793/4101
f 3274/3794/4102 3273/3792/4100 3018/3793/4101 3021/3795/4103
f 3275/3796/4104 3274/3794/4102 3021/3795/4103 3024/3797/4105
f 3276/3798/4106 3275/3796/4104 3024/3797/4105 3028/3799/4107
f 3277/3800/4108 3276/3798/4106 3028/3799/4107 2991/3801/4109
s 27
f 3278/3802/4110 3277/3803/4111 2991/3804/4112 3217/3805/4113
f 3279/3806/4114 3278/3802/4110 3217/3805/4113 3201/3807/4115
f 3280/3808/4116 3279/3806/4114 3201/3807/4115 3185/3809/4117
f 3281/3810/4118 3280/3808/4116 3185/3809/4117 3169/3811/4119
f 3282/3812/4120 3281/3810/4118 3169/3811/4119 3153/3813/4121
f 3283/3814/4122 3282/3812/4120 3153/3813/4121 3137/3815/4123
f 3284/3816/4124 3283/3814/4122 3137/3815/4123 3113/3817/4125
f 3285/3818/4126 3284/3816/4124 3113/3817/4125 3089/3819/4127
f 3286/3820/4128 3285/3818/4126 3089/3819/4127 3071/3821/4129
f 3287/3822/4130 3286/3820/4128 3071/3821/4129 3053/3823/4131
f 3288/3824/4132 3287/3822/4130 3053/3823/4131 2993/3825/4133
s 28
f 3289/3826/4134 3288/3827/4135 2993/3828/4136 3029/3829/4137
f 3290/3830/4138 3289/3826/4134 3029/3829/4137 3025/3831/4139
f 3291/3832/4140 3290/3830/4138 3025/3831/4139 3022/3833/4141
f 3292/3834/4142 3291/3832/4140 3022/3833/4141 3019/3835/4143
f 3293/3836/4144 3292/3834/4142 3019/3835/4143 3016/3837/4145
f 3294/3838/4146 3293/3836/4144 3016/3837/4145 3013/3839/4147
f 3295/3840/4148 3294/3838/4146 3013/3839/4147 3010/3841/4149
f 3296/3842/4150 3295/3840/4148 3010/3841/4149 3007/3843/4151
f 3297/3844/4152 3296/3842/4150 3007/3843/4151 3004/3845/4153
f 3298/3846/4154 3297/3844/4152 3004/3845/4153 3001/3847/4155
f 3299/3848/4156 3298/3846/4154 3001/3847/4155 2995/3849/4157
s 29
f 3300/3850/4158 3299/3851/4159 2995/3852/4160 3042/3853/4161
f 3301/3854/4162 3300/3850/4158 3042/3853/4161 3060/3855/4163
f 3258/3760/4068 3301/3854/4162 3060/3855/4163 3078/3761/4069
f 3302/3856/4164 3258/3760/4068 3259/3763/4071 3303/3857/4165
f 3304/3858/4166 3303/3857/4165 3259/3763/4071 3260/3764/4072
f 3305/3859/4167 3304/3858/4166 3260/3764/4072 3261/3766/4074
f 3306/3860/4168 3305/3859/4167 3261/3766/4074 3262/3768/4076
f 3307/3861/4169 3306/3860/4168 3262/3768/4076 3263/3770/4078
f 3308/3862/4170 3307/3861/4169 3263/3770/4078 3264/3772/4080
f 3309/3863/4171 3308/3862/4170 3264/3772/4080 3265/3774/4082
f 3310/3864/4172 3309/3863/4171 3265/3774/4082 3266/3776/4084
s 30
f 3311/3865/4173 3310/3866/4174 3266/3779/4087 3267/3778/4086
f 3313/3867/4175 3312/3868/4176 3276/3798/4106 3277/3800/4108
s 27
f 3314/3869/4177 3313/3870/4178 3277/3803/4111 3278/3802/4110
f 3315/3871/4179 3314/3869/4177 3278/3802/4110 3279/3806/4114
f 3316/3872/4180 3315/3871/4179 3279/3806/4114 3280/3808/4116
f 3317/3873/4181 3316/3872/4180 3280/3808/4116 3281/3810/4118
f 3318/3874/4182 3317/3873/4181 3281/3810/4118 3282/3812/4120
f 3319/3875/4183 3318/3874/4182 3282/3812/4120 3283/3814/4122
f 3320/3876/4184 3319/3875/4183 3283/3814/4122 3284/3816/4124
f 3321/3877/4185 3320/3876/4184 3284/3816/4124 3285/3818/4126
f 3322/3878/4186 3321/3877/4185 3285/3818/4126 3286/3820/4128
f 3323/3879/4187 3322/3878/4186 3286/3820/4128 3287/3822/4130
f 3324/3880/4188 3323/3879/4187 3287/3822/4130 3288/3824/4132
s 28
f 3325/3881/4189 3324/3882/4190 3288/3827/4135 3289/3826/4134
f 3326/3883/4191 3325/3881/4189 3289/3826/4134 3290/3830/4138
f 3327/3884/4192 3326/3883/4191 3290/3830/4138 3291/3832/4140
f 3328/3885/4193 3327/3884/4192 3291/3832/4140 3292/3834/4142
f 3329/3886/4194 3328/3885/4193 3292/3834/4142 3293/3836/4144
f 3330/3887/4195 3329/3886/4194 3293/3836/4144 3294/3838/4146
f 3331/3888/4196 3330/3887/4195 3294/3838/4146 3295/3840/4148
f 3332/3889/4197 3331/3888/4196 3295/3840/4148 3296/3842/4150
f 3333/3890/4198 3332/3889/4197 3296/3842/4150 3297/3844/4152
f 3334/3891/4199 3333/3890/4198 3297/3844/4152 3298/3846/4154
f 3335/3892/4200 3334/3891/4199 3298/3846/4154 3299/3848/4156
s 29
f 3336/3893/4201 3335/3894/4202 3299/3851/4159 3300/3850/4158
f 3337/3895/4203 3336/3893/4201 3300/3850/4158 3301/3854/4162
f 3302/3856/4164 3337/3895/4203 3301/3854/4162 3258/3760/4068
f 3338/3896/4204 3302/3856/4164 3303/3857/4165 3339/3897/4205
f 3340/3898/4206 3339/3897/4205 3303/3857/4165 3304/3858/4166
f 3341/3899/4207 3340/3898/4206 3304/3858/4166 3305/3859/4167
f 3342/3900/4208 3341/3899/4207 3305/3859/4167 3306/3860/4168
f 3343/3901/4209 3342/3900/4208 3306/3860/4168 3307/3861/4169
f 3344/3902/4210 3343/3901/4209 3307/3861/4169 3308/3862/4170
f 3345/3903/4211 3344/3902/4210 3308/3862/4170 3309/3863/4171
f 3346/3904/4212 3345/3903/4211 3309/3863/4171 3310/3864/4172
s 30
f 3347/3905/4213 3346/3906/4214 3310/3866/4174 3311/3865/4173
f 3349/3907/4215 3348/3908/4216 3312/3868/4176 3313/3867/4175
s 27
f 3350/3909/4217 3349/3910/4218 3313/3870/4178 3314/3869/4177
f 3351/3911/4219 3350/3909/4217 3314/3869/4177 3315/3871/4179
f 3352/3912/4220 3351/3911/4219 3315/3871/4179 3316/3872/4180
f 3353/3913/4221 3352/3912/4220 3316/3872/4180 3317/3873/4181
f 3354/3914/4222 3353/3913/4221 3317/3873/4181 3318/3874/4182
f 3355/3915/4223 3354/3914/4222 3318/3874/4182 3319/3875/4183
f 3356/3916/4224 3355/3915/4223 3319/3875/4183 3320/3876/4184
f 3357/3917/4225 3356/3916/4224 3320/3876/4184 3321/3877/4185
f 3358/3918/4226 3357/3917/4225 3321/3877/4185 3322/3878/4186
f 3359/3919/4227 3358/3918/4226 3322/3878/4186 3323/3879/4187
f 3360/3920/4228 3359/3919/4227 3323/3879/4187 3324/3880/4188
s 28
f 3361/3921/4229 3360/3922/4230 3324/3882/4190 3325/3881/4189
f 3362/3923/4231 3361/3921/4229 3325/3881/4189 3326/3883/4191
f 3363/3924/4232 3362/3923/4231 3326/3883/4191 3327/3884/4192
f 3364/3925/4233 3363/3924/4232 3327/3884/4192 3328/3885/4193
f 3365/3926/4234 3364/3925/4233 3328/3885/4193 3329/3886/4194
f 3366/3927/4235 3365/3926/4234 3329/3886/4194 3330/3887/4195
f 3367/3928/4236 3366/3927/4235 3330/3887/4195 3331/3888/4196
f 3368/3929/4237 3367/3928/4236 3331/3888/4196 3332/3889/4197
f 3369/3930/4238 3368/3929/4237 3332/3889/4197 3333/3890/4198
f 3370/3931/4239 3369/3930/4238 3333/3890/4198 3334/3891/4199
f 3371/3932/4240 3370/3931/4239 3334/3891/4199 3335/3892/4200
s 29
f 3372/3933/4241 3371/3934/4242 3335/3894/4202 3336/3893/4201
f 3373/3935/4243 3372/3933/4241 3336/3893/4201 3337/3895/4203
f 3338/3896/4204 3373/3935/4243 3337/3895/4203 3302/3856/4164
f 3374/3936/4244 3338/3896/4204 3339/3897/4205 3375/3937/4245
f 3376/3938/4246 3375/3937/4245 3339/3897/4205 3340/3898/4206
f 3377/3939/4247 3376/3938/4246 3340/3898/4206 3341/3899/4207
f 3378/3940/4248 3377/3939/4247 3341/3899/4207 3342/3900/4208
f 3379/3941/4249 3378/3940/4248 3342/3900/4208 3343/3901/4209
f 3380/3942/4250 3379/3941/4249 3343/3901/4209 3344/3902/4210
f 3381/3943/4251 3380/3942/4250 3344/3902/4210 3345/3903/4211
f 3382/3944/4252 3381/3943/4251 3345/3903/4211 3346/3904/4212
s 30
f 3383/3945/4253 3382/3946/4254 3346/3906/4214 3347/3905/4213
f 3385/3947/4255 3384/3948/4256 3348/3908/4216 3349/3907/4215
s 27
f 3386/3949/4257 3385/3950/4258 3349/3910/4218 3350/3909/4217
f 3387/3951/4259 3386/3949/4257 3350/3909/4217 3351/3911/4219
f 3388/3952/4260 3387/3951/4259 3351/3911/4219 3352/3912/4220
f 3389/3953/4261 3388/3952/4260 3352/3912/4220 3353/3913/4221
f 3390/3954/4262 3389/3953/4261 3353/3913/4221 3354/3914/4222
f 3391/3955/4263 3390/3954/4262 3354/3914/4222 3355/3915/4223
f 3392/3956/4264 3391/3955/4263 3355/3915/4223 3356/3916/4224
f 3393/3957/4265 3392/3956/4264 3356/3916/4224 3357/3917/4225
f 3394/3958/4266 3393/3957/4265 3357/3917/4225 3358/3918/4226
f 3395/3959/4267 3394/3958/4266 3358/3918/4226 3359/3919/4227
f 3396/3960/4268 3395/3959/4267 3359/3919/4227 3360/3920/4228
s 28
f 3397/3961/4269 3396/3962/4270 3360/3922/4230 3361/3921/4229
f 3398/3963/4271 3397/3961/4269 3361/3921/4229 3362/3923/4231
f 3399/3964/4272 3398/3963/4271 3362/3923/4231 3363/3924/4232
f 3400/3965/4273 3399/3964/4272 3363/3924/4232 3364/3925/4233
f 3401/3966/4274 3400/3965/4273 3364/3925/4233 3365/3926/4234
f 3402/3967/4275 3401/3966/4274 3365/3926/4234 3366/3927/4235
f 3403/3968/4276 3402/3967/4275 3366/3927/4235 3367/3928/4236
f 3404/3969/4277 3403/3968/4276 3367/3928/4236 3368/3929/4237
f 3405/3970/4278 3404/3969/4277 3368/3929/4237 3369/3930/4238
f 3406/3971/4279 3405/3970/4278 3369/3930/4238 3370/3931/4239
f 3407/3972/4280 3406/3971/4279 3370/3931/4239 3371/3932/4240
s 29
f 3408/3973/4281 3407/3974/4282 3371/3934/4242 3372/3933/4241
f 3409/3975/4283 3408/3973/4281 3372/3933/4241 3373/3935/4243
f 3374/3936/4244 3409/3975/4283 3373/3935/4243 3338/3896/4204
f 3410/3488/3744 3374/3936/4244 3375/3937/4245 3411/3520/3776
f 3412/3554/3810 3411/3520/3776 3375/3937/4245 3376/3938/4246
f 3413/3594/3850 3412/3554/3810 3376/3938/4246 3377/3939/4247
f 3414/3624/3880 3413/3594/3850 3377/3939/4247 3378/3940/4248
f 3415/3654/3910 3414/3624/3880 3378/3940/4248 3379/3941/4249
f 3416/3684/3940 3415/3654/3910 3379/3941/4249 3380/3942/4250
f 3417/3291/3547 3416/3684/3940 3380/3942/4250 3381/3943/4251
f 3418/3292/3548 3417/3291/3547 3381/3943/4251 3382/3944/4252
s 30
f 3419/3312/3568 3418/3311/3567 3382/3946/4254 3383/3945/4253
f 3421/3296/3552 3420/3295/3551 3384/3948/4256 3385/3947/4255
s 27
f 3422/3284/3540 3421/3283/3539 3385/3950/4258 3386/3949/4257
f 3423/3699/3955 3422/3284/3540 3386/3949/4257 3387/3951/4259
f 3424/3669/3925 3423/3699/3955 3387/3951/4259 3388/3952/4260
f 3425/3639/3895 3424/3669/3925 3388/3952/4260 3389/3953/4261
f 3426/3609/3865 3425/3639/3895 3389/3953/4261 3390/3954/4262
f 3427/3569/3825 3426/3609/3865 3390/3954/4262 3391/3955/4263
f 3428/3535/3791 3427/3569/3825 3391/3955/4263 3392/3956/4264
f 3429/3503/3759 3428/3535/3791 3392/3956/4264 3393/3957/4265
f 3430/3471/3727 3429/3503/3759 3393/3957/4265 3394/3958/4266
f 3431/3427/3683 3430/3471/3727 3394/3958/4266 3395/3959/4267
f 3432/3428/3684 3431/3427/3683 3395/3959/4267 3396/3960/4268
s 28
f 3433/3288/3544 3432/3287/3543 3396/3962/4270 3397/3961/4269
f 3434/3371/3627 3433/3288/3544 3397/3961/4269 3398/3963/4271
f 3435/3365/3621 3434/3371/3627 3398/3963/4271 3399/3964/4272
f 3436/3359/3615 3435/3365/3621 3399/3964/4272 3400/3965/4273
f 3437/3353/3609 3436/3359/3615 3400/3965/4273 3401/3966/4274
f 3438/3347/3603 3437/3353/3609 3401/3966/4274 3402/3967/4275
f 3439/3341/3597 3438/3347/3603 3402/3967/4275 3403/3968/4276
f 3440/3335/3591 3439/3341/3597 3403/3968/4276 3404/3969/4277
f 3441/3329/3585 3440/3335/3591 3404/3969/4277 3405/3970/4278
f 3442/3319/3575 3441/3329/3585 3405/3970/4278 3406/3971/4279
f 3443/3320/3576 3442/3319/3575 3406/3971/4279 3407/3972/4280
s 29
f 3444/3400/3656 3443/3399/3655 3407/3974/4282 3408/3973/4281
f 3445/3456/3712 3444/3400/3656 3408/3973/4281 3409/3975/4283
f 3410/3488/3744 3445/3456/3712 3409/3975/4283 3374/3936/4244
s 50
f 3204/3976/4284 2999/3977/4285 3419/3978/4286 3506/3979/4287
s 51
f 3027/3980/4288 3203/3981/4289 3525/3982/4290 3420/3983/4291
s 52
f 3139/3984/4292 3115/3985/4293 3520/3986/4294 3521/3987/4295
s 53
f 3115/3985/4296 3116/3988/4297 3519/3989/4298 3520/3986/4299
s 54
f 3116/3988/4300 3117/3990/4301 3518/3991/4302 3519/3989/4303
s 55
f 3117/3990/4304 3118/3992/4305 3517/3993/4306 3518/3991/4307
s 56
f 3118/3992/4308 3119/3994/4309 3516/3995/4310 3517/3993/4311
s 57
f 3119/3994/4312 3120/3996/4313 3515/3997/4314 3516/3995/4315
s 58
f 3120/3996/4316 3121/3998/4317 3514/3999/4318 3515/3997/4319
s 59
f 3121/3998/4320 3122/4000/4321 3513/4001/4322 3514/3999/4323
s 60
f 3122/4000/4324 3123/4002/4325 3512/4003/4326 3513/4001/4327
s 61
f 3123/4002/4328 3124/4004/4329 3511/4005/4330 3512/4003/4331
s 62
f 3124/4004/4332 3140/4006/4333 3510/4007/4334 3511/4005/4335
s 63
f 3155/4008/4336 3139/3984/4337 3521/3987/4338 3522/4009/4339
s 64
f 3140/4006/4340 3156/4010/4341 3509/4011/4342 3510/4007/4343
s 65
f 3171/4012/4344 3155/4008/4345 3522/4009/4346 3523/4013/4347
s 66
f 3156/4010/4348 3172/4014/4349 3508/4015/4350 3509/4011/4351
s 67
f 3187/4016/4352 3171/4012/4353 3523/4013/4354 3524/4017/4355
s 68
f 3172/4014/4356 3188/4018/4357 3507/4019/4358 3508/4015/4359
s 69
f 3203/3981/4360 3187/4016/4361 3524/4017/4362 3525/3982/4363
s 70
f 3188/4018/4364 3204/3976/4365 3506/3979/4366 3507/4019/4367
s 50
f 3506/3979/4287 3419/3978/4286 3383/4020/4368 3526/4021/4369
s 70
f 3507/4019/4367 3506/3979/4366 3526/4021/4370 3527/4022/4371
s 68
f 3508/4015/4359 3507/4019/4358 3527/4022/4372 3528/4023/4373
s 66
f 3509/4011/4351 3508/4015/4350 3528/4023/4374 3529/4024/4375
s 64
f 3510/4007/4343 3509/4011/4342 3529/4024/4376 3530/4025/4377
s 62
f 3511/4005/4335 3510/4007/4334 3530/4025/4378 3531/4026/4379
s 61
f 3512/4003/4331 3511/4005/4330 3531/4026/4380 3532/4027/4381
s 60
f 3513/4001/4327 3512/4003/4326 3532/4027/4382 3533/4028/4383
s 59
f 3514/3999/4323 3513/4001/4322 3533/4028/4384 3534/4029/4385
s 58
f 3515/3997/4319 3514/3999/4318 3534/4029/4386 3535/4030/4387
s 57
f 3516/3995/4315 3515/3997/4314 3535/4030/4388 3536/4031/4389
s 56
f 3517/3993/4311 3516/3995/4310 3536/4031/4390 3537/4032/4391
s 55
f 3518/3991/4307 3517/3993/4306 3537/4032/4392 3538/4033/4393
s 54
f 3519/3989/4303 3518/3991/4302 3538/4033/4394 3539/4034/4395
s 53
f 3520/3986/4299 3519/3989/4298 3539/4034/4396 3540/4035/4397
s 52
f 3521/3987/4295 3520/3986/4294 3540/4035/4398 3541/4036/4399
s 63
f 3522/4009/4339 3521/3987/4338 3541/4036/4400 3542/4037/4401
s 65
f 3523/4013/4347 3522/4009/4346 3542/4037/4402 3543/4038/4403
s 67
f 3524/4017/4355 3523/4013/4354 3543/4038/4404 3544/4039/4405
s 69
f 3525/3982/4363 3524/4017/4362 3544/4039/4406 3545/4040/4407
s 51
f 3420/3983/4291 3525/3982/4290 3545/4040/4408 3384/4041/4409
s 50
f 3526/4021/4369 3383/4020/4368 3347/4042/4410 3546/4043/4411
s 70
f 3527/4022/4371 3526/4021/4370 3546/4043/4412 3547/4044/4413
s 68
f 3528/4023/4373 3527/4022/4372 3547/4044/4414 3548/4045/4415
s 66
f 3529/4024/4375 3528/4023/4374 3548/4045/4416 3549/4046/4417
s 64
f 3530/4025/4377 3529/4024/4376 3549/4046/4418 3550/4047/4419
s 62
f 3531/4026/4379 3530/4025/4378 3550/4047/4420 3551/4048/4421
s 61
f 3532/4027/4381 3531/4026/4380 3551/4048/4422 3552/4049/4423
s 60
f 3533/4028/4383 3532/4027/4382 3552/4049/4424 3553/4050/4425
s 59
f 3534/4029/4385 3533/4028/4384 3553/4050/4426 3554/4051/4427
s 58
f 3535/4030/4387 3534/4029/4386 3554/4051/4428 3555/4052/4429
s 57
f 3536/4031/4389 3535/4030/4388 3555/4052/4430 3556/4053/4431
s 56
f 3537/4032/4391 3536/4031/4390 3556/4053/4432 3557/4054/4433
s 55
f 3538/4033/4393 3537/4032/4392 3557/4054/4434 3558/4055/4435
s 54
f 3539/4034/4395 3538/4033/4394 3558/4055/4436 3559/4056/4437
s 53
f 3540/4035/4397 3539/4034/4396 3559/4056/4438 3560/4057/4439
s 52
f 3541/4036/4399 3540/4035/4398 3560/4057/4440 3561/4058/4441
s 63
f 3542/4037/4401 3541/4036/4400 3561/4058/4442 3562/4059/4443
s 65
f 3543/4038/4403 3542/4037/4402 3562/4059/4444 3563/4060/4445
s 67
f 3544/4039/4405 3543/4038/4404 3563/4060/4446 3564/4061/4447
s 69
f 3545/4040/4407 3544/4039/4406 3564/4061/4448 3565/4062/4449
s 51
f 3384/4041/4409 3545/4040/4408 3565/4062/4450 3348/4063/4451
s 50
f 3546/4043/4411 3347/4042/4410 3311/4064/4452 3566/4065/4453
s 70
f 3547/4044/4413 3546/4043/4412 3566/4065/4454 3567/4066/4455
s 68
f 3548/4045/4415 3547/4044/4414 3567/4066/4456 3568/4067/4457
s 66
f 3549/4046/4417 3548/4045/4416 3568/4067/4458 3569/4068/4459
s 64
f 3550/4047/4419 3549/4046/4418 3569/4068/4460 3570/4069/4461
s 62
f 3551/4048/4421 3550/4047/4420 3570/4069/4462 3571/4070/4463
s 61
f 3552/4049/4423 3551/4048/4422 3571/4070/4464 3572/4071/4465
s 60
f 3553/4050/4425 3552/4049/4424 3572/4071/4466 3573/4072/4467
s 59
f 3554/4051/4427 3553/4050/4426 3573/4072/4468 3574/4073/4469
s 58
f 3555/4052/4429 3554/4051/4428 3574/4073/4470 3575/4074/4471
s 57
f 3556/4053/4431 3555/4052/4430 3575/4074/4472 3576/4075/4473
s 56
f 3557/4054/4433 3556/4053/4432 3576/4075/4474 3577/4076/4475
s 55
f 3558/4055/4435 3557/4054/4434 3577/4076/4476 3578/4077/4477
s 54
f 3559/4056/4437 3558/4055/4436 3578/4077/4478 3579/4078/4479
s 53
f 3560/4057/4439 3559/4056/4438 3579/4078/4480 3580/4079/4481
s 52
f 3561/4058/4441 3560/4057/4440 3580/4079/4482 3581/4080/4483
s 63
f 3562/4059/4443 3561/4058/4442 3581/4080/4484 3582/4081/4485
s 65
f 3563/4060/4445 3562/4059/4444 3582/4081/4486 3583/4082/4487
s 67
f 3564/4061/4447 3563/4060/4446 3583/4082/4488 3584/4083/4489
s 69
f 3565/4062/4449 3564/4061/4448 3584/4083/4490 3585/4084/4491
s 51
f 3348/4063/4451 3565/4062/4450 3585/4084/4492 3312/4085/4493
s 50
f 3566/4065/4453 3311/4064/4452 3267/4086/4494 3447/4087/4495
s 70
f 3567/4066/4455 3566/4065/4454 3447/4087/4496 3505/4088/4497
s 68
f 3568/4067/4457 3567/4066/4456 3505/4088/4498 3495/4089/4499
s 66
f 3569/4068/4459 3568/4067/4458 3495/4089/4500 3485/4090/4501
s 64
f 3570/4069/4461 3569/4068/4460 3485/4090/4502 3474/4091/4503
s 62
f 3571/4070/4463 3570/4069/4462 3474/4091/4504 3475/3591/4505
s 61
f 3572/4071/4465 3571/4070/4464 3475/3591/4506 3473/3589/4507
s 60
f 3573/4072/4467 3572/4071/4466 3473/3589/4508 3471/3587/4509
s 59
f 3574/4073/4469 3573/4072/4468 3471/3587/4510 3469/3585/4511
s 58
f 3575/4074/4471 3574/4073/4470 3469/3585/4512 3467/3583/4513
s 57
f 3576/4075/4473 3575/4074/4472 3467/3583/4514 3465/3581/4515
s 56
f 3577/4076/4475 3576/4075/4474 3465/3581/4516 3463/3579/4517
s 55
f 3578/4077/4477 3577/4076/4476 3463/3579/4518 3461/3577/4519
s 54
f 3579/4078/4479 3578/4077/4478 3461/3577/4520 3459/3575/4521
s 53
f 3580/4079/4481 3579/4078/4480 3459/3575/4522 3458/3574/4523
s 52
f 3581/4080/4483 3580/4079/4482 3458/3574/4524 3456/4092/4525
s 63
f 3582/4081/4485 3581/4080/4484 3456/4092/4526 3476/4093/4527
s 65
f 3583/4082/4487 3582/4081/4486 3476/4093/4528 3486/4094/4529
s 67
f 3584/4083/4489 3583/4082/4488 3486/4094/4530 3496/4095/4531
s 69
f 3585/4084/4491 3584/4083/4490 3496/4095/4532 3455/4096/4533
s 51
f 3312/4085/4493 3585/4084/4492 3455/4096/4534 3276/4097/4535
s 71
usemtl lambert5SG
f 3586/4098/4536 3587/4099/4537 3607/4100/4538 3606/4101/4539
f 3587/4099/4537 3588/4102/4540 3608/4103/4541 3607/4100/4538
f 3588/4102/4540 3589/4104/4542 3609/4105/4543 3608/4103/4541
f 3589/4104/4542 3590/4106/4544 3610/4107/4545 3609/4105/4543
f 3590/4106/4544 3591/4108/4546 3611/4109/4547 3610/4107/4545
f 3591/4108/4546 3592/4110/4548 3612/4111/4549 3611/4109/4547
f 3592/4110/4548 3593/4112/4550 3613/4113/4551 3612/4111/4549
f 3593/4112/4550 3594/4114/4552 3614/4115/4553 3613/4113/4551
f 3594/4114/4552 3595/4116/4554 3615/4117/4555 3614/4115/4553
f 3595/4116/4554 3596/4118/4556 3616/4119/4557 3615/4117/4555
f 3596/4118/4556 3597/4120/4558 3617/4121/4559 3616/4119/4557
f 3597/4120/4558 3598/4122/4560 3618/4123/4561 3617/4121/4559
f 3598/4122/4560 3599/4124/4562 3619/4125/4563 3618/4123/4561
f 3599/4126/4562 3600/4127/4564 3620/4128/4565 3619/4129/4563
f 3600/4127/4564 3601/4130/4566 3621/4131/4567 3620/4128/4565
f 3601/4130/4566 3602/4132/4568 3622/4133/4569 3621/4131/4567
f 3602/4132/4568 3603/4134/4570 3623/4135/4571 3622/4133/4569
f 3603/4134/4570 3604/4136/4572 3624/4137/4573 3623/4135/4571
f 3604/4136/4572 3605/4138/4574 3625/4139/4575 3624/4137/4573
f 3605/4138/4574 3586/4098/4536 3606/4101/4539 3625/4139/4575
f 3606/4101/4539 3607/4100/4538 3627/4140/4576 3626/4141/4577
f 3607/4100/4538 3608/4103/4541 3628/4142/4578 3627/4140/4576
f 3608/4103/4541 3609/4105/4543 3629/4143/4579 3628/4142/4578
f 3609/4105/4543 3610/4107/4545 3630/4144/4580 3629/4143/4579
f 3610/4107/4545 3611/4109/4547 3631/4145/4581 3630/4144/4580
f 3611/4109/4547 3612/4111/4549 3632/4146/4582 3631/4145/4581
f 3612/4111/4549 3613/4113/4551 3633/4147/4583 3632/4146/4582
f 3613/4113/4551 3614/4115/4553 3634/4148/4584 3633/4147/4583
f 3614/4115/4553 3615/4117/4555 3635/4149/4585 3634/4148/4584
f 3615/4117/4555 3616/4119/4557 3636/4150/4586 3635/4149/4585
f 3616/4119/4557 3617/4121/4559 3637/4151/4587 3636/4150/4586
f 3617/4121/4559 3618/4123/4561 3638/4152/4588 3637/4151/4587
f 3618/4123/4561 3619/4125/4563 3639/4153/4589 3638/4152/4588
f 3619/4129/4563 3620/4128/4565 3640/4154/4590 3639/4155/4589
f 3620/4128/4565 3621/4131/4567 3641/4156/4591 3640/4154/4590
f 3621/4131/4567 3622/4133/4569 3642/4157/4592 3641/4156/4591
f 3622/4133/4569 3623/4135/4571 3643/4158/4593 3642/4157/4592
f 3623/4135/4571 3624/4137/4573 3644/4159/4594 3643/4158/4593
f 3624/4137/4573 3625/4139/4575 3645/4160/4595 3644/4159/4594
f 3625/4139/4575 3606/4101/4539 3626/4141/4577 3645/4160/4595
f 3626/4141/4577 3627/4140/4576 3647/4161/4596 3646/4162/4597
f 3627/4140/4576 3628/4142/4578 3648/4163/4598 3647/4161/4596
f 3628/4142/4578 3629/4143/4579 3649/4164/4599 3648/4163/4598
f 3629/4143/4579 3630/4144/4580 3650/4165/4600 3649/4164/4599
f 3630/4144/4580 3631/4145/4581 3651/4166/4601 3650/4165/4600
f 3631/4145/4581 3632/4146/4582 3652/4167/4602 3651/4166/4601
f 3632/4146/4582 3633/4147/4583 3653/4168/4603 3652/4167/4602
f 3633/4147/4583 3634/4148/4584 3654/4169/4604 3653/4168/4603
f 3634/4148/4584 3635/4149/4585 3655/4170/4605 3654/4169/4604
f 3635/4149/4585 3636/4150/4586 3656/4171/4606 3655/4170/4605
f 3636/4150/4586 3637/4151/4587 3657/4172/4607 3656/4171/4606
f 3637/4151/4587 3638/4152/4588 3658/4173/4608 3657/4172/4607
f 3638/4152/4588 3639/4153/4589 3659/4174/4609 3658/4173/4608
f 3639/4155/4589 3640/4154/4590 3660/4175/4610 3659/4176/4609
f 3640/4154/4590 3641/4156/4591 3661/4177/4611 3660/4175/4610
f 3641/4156/4591 3642/4157/4592 3662/4178/4612 3661/4177/4611
f 3642/4157/4592 3643/4158/4593 3663/4179/4613 3662/4178/4612
f 3643/4158/4593 3644/4159/4594 3664/4180/4614 3663/4179/4613
f 3644/4159/4594 3645/4160/4595 3665/4181/4615 3664/4180/4614
f 3645/4160/4595 3626/4141/4577 3646/4162/4597 3665/4181/4615
f 3646/4162/4597 3647/4161/4596 3667/4182/4616 3666/4183/4617
f 3647/4161/4596 3648/4163/4598 3668/4184/4618 3667/4182/4616
f 3648/4163/4598 3649/4164/4599 3669/4185/4619 3668/4184/4618
f 3649/4164/4599 3650/4165/4600 3670/4186/4620 3669/4185/4619
f 3650/4165/4600 3651/4166/4601 3671/4187/4621 3670/4186/4620
f 3651/4166/4601 3652/4167/4602 3672/4188/4622 3671/4187/4621
f 3652/4167/4602 3653/4168/4603 3673/4189/4623 3672/4188/4622
f 3653/4168/4603 3654/4169/4604 3674/4190/4624 3673/4189/4623
f 3654/4169/4604 3655/4170/4605 3675/4191/4625 3674/4190/4624
f 3655/4170/4605 3656/4171/4606 3676/4192/4626 3675/4191/4625
f 3656/4171/4606 3657/4172/4607 3677/4193/4627 3676/4192/4626
f 3657/4172/4607 3658/4173/4608 3678/4194/4628 3677/4193/4627
f 3658/4173/4608 3659/4174/4609 3679/4195/4629 3678/4194/4628
f 3659/4176/4609 3660/4175/4610 3680/4196/4630 3679/4197/4629
f 3660/4175/4610 3661/4177/4611 3681/4198/4631 3680/4196/4630
f 3661/4177/4611 3662/4178/4612 3682/4199/4632 3681/4198/4631
f 3662/4178/4612 3663/4179/4613 3683/4200/4633 3682/4199/4632
f 3663/4179/4613 3664/4180/4614 3684/4201/4634 3683/4200/4633
f 3664/4180/4614 3665/4181/4615 3685/4202/4635 3684/4201/4634
f 3665/4181/4615 3646/4162/4597 3666/4183/4617 3685/4202/4635
f 3666/4183/4617 3667/4182/4616 3687/4203/4636 3686/4204/4637
f 3667/4182/4616 3668/4184/4618 3688/4205/4638 3687/4203/4636
f 3668/4184/4618 3669/4185/4619 3689/4206/4639 3688/4205/4638
f 3669/4185/4619 3670/4186/4620 3690/4207/4640 3689/4206/4639
f 3670/4186/4620 3671/4187/4621 3691/4208/4641 3690/4207/4640
f 3671/4187/4621 3672/4188/4622 3692/4209/4642 3691/4208/4641
f 3672/4188/4622 3673/4189/4623 3693/4210/4643 3692/4209/4642
f 3673/4189/4623 3674/4190/4624 3694/4211/4644 3693/4210/4643
f 3674/4190/4624 3675/4191/4625 3695/4212/4645 3694/4211/4644
f 3675/4191/4625 3676/4192/4626 3696/4213/4646 3695/4212/4645
f 3676/4192/4626 3677/4193/4627 3697/4214/4647 3696/4213/4646
f 3677/4193/4627 3678/4194/4628 3698/4215/4648 3697/4214/4647
f 3678/4194/4628 3679/4195/4629 3699/4216/4649 3698/4215/4648
f 3679/4197/4629 3680/4196/4630 3700/4217/4650 3699/4218/4649
f 3680/4196/4630 3681/4198/4631 3701/4219/4651 3700/4217/4650
f 3681/4198/4631 3682/4199/4632 3702/4220/4652 3701/4219/4651
f 3682/4199/4632 3683/4200/4633 3703/4221/4653 3702/4220/4652
f 3683/4200/4633 3684/4201/4634 3704/4222/4654 3703/4221/4653
f 3684/4201/4634 3685/4202/4635 3705/4223/4655 3704/4222/4654
f 3685/4202/4635 3666/4183/4617 3686/4204/4637 3705/4223/4655
f 3686/4204/4637 3687/4203/4636 3707/4224/4656 3706/4225/4657
f 3687/4203/4636 3688/4205/4638 3708/4226/4658 3707/4224/4656
f 3688/4205/4638 3689/4206/4639 3709/4227/4659 3708/4226/4658
f 3689/4206/4639 3690/4207/4640 3710/4228/4660 3709/4227/4659
f 3690/4207/4640 3691/4208/4641 3711/4229/4661 3710/4228/4660
f 3691/4208/4641 3692/4209/4642 3712/4230/4662 3711/4229/4661
f 3692/4209/4642 3693/4210/4643 3713/4231/4663 3712/4230/4662
f 3693/4210/4643 3694/4211/4644 3714/4232/4664 3713/4231/4663
f 3694/4211/4644 3695/4212/4645 3715/4233/4665 3714/4232/4664
f 3695/4212/4645 3696/4213/4646 3716/4234/4666 3715/4233/4665
f 3696/4213/4646 3697/4214/4647 3717/4235/4667 3716/4234/4666
f 3697/4214/4647 3698/4215/4648 3718/4236/4668 3717/4235/4667
f 3698/4215/4648 3699/4216/4649 3719/4237/4669 3718/4236/4668
f 3699/4218/4649 3700/4217/4650 3720/4238/4670 3719/4239/4669
f 3700/4217/4650 3701/4219/4651 3721/4240/4671 3720/4238/4670
f 3701/4219/4651 3702/4220/4652 3722/4241/4672 3721/4240/4671
f 3702/4220/4652 3703/4221/4653 3723/4242/4673 3722/4241/4672
f 3703/4221/4653 3704/4222/4654 3724/4243/4674 3723/4242/4673
f 3704/4222/4654 3705/4223/4655 3725/4244/4675 3724/4243/4674
f 3705/4223/4655 3686/4204/4637 3706/4225/4657 3725/4244/4675
f 3706/4225/4657 3707/4224/4656 3727/4245/4676 3726/4246/4677
f 3707/4224/4656 3708/4226/4658 3728/4247/4678 3727/4245/4676
f 3708/4226/4658 3709/4227/4659 3729/4248/4679 3728/4247/4678
f 3709/4227/4659 3710/4228/4660 3730/4249/4680 3729/4248/4679
f 3710/4228/4660 3711/4229/4661 3731/4250/4681 3730/4249/4680
f 3711/4229/4661 3712/4230/4662 3732/4251/4682 3731/4250/4681
f 3712/4230/4662 3713/4231/4663 3733/4252/4683 3732/4251/4682
f 3713/4231/4663 3714/4232/4664 3734/4253/4684 3733/4252/4683
f 3714/4232/4664 3715/4233/4665 3735/4254/4685 3734/4253/4684
f 3715/4233/4665 3716/4234/4666 3736/4255/4686 3735/4254/4685
f 3716/4234/4666 3717/4235/4667 3737/4256/4687 3736/4255/4686
f 3717/4235/4667 3718/4236/4668 3738/4257/4688 3737/4256/4687
f 3718/4236/4668 3719/4237/4669 3739/4258/4689 3738/4257/4688
f 3719/4239/4669 3720/4238/4670 3740/4259/4690 3739/4260/4689
f 3720/4238/4670 3721/4240/4671 3741/4261/4691 3740/4259/4690
f 3721/4240/4671 3722/4241/4672 3742/4262/4692 3741/4261/4691
f 3722/4241/4672 3723/4242/4673 3743/4263/4693 3742/4262/4692
f 3723/4242/4673 3724/4243/4674 3744/4264/4694 3743/4263/4693
f 3724/4243/4674 3725/4244/4675 3745/4265/4695 3744/4264/4694
f 3725/4244/4675 3706/4225/4657 3726/4246/4677 3745/4265/4695
f 3726/4246/4677 3727/4245/4676 3747/4266/4696 3746/4267/4697
f 3727/4245/4676 3728/4247/4678 3748/4268/4698 3747/4266/4696
f 3728/4247/4678 3729/4248/4679 3749/4269/4699 3748/4268/4698
f 3729/4248/4679 3730/4249/4680 3750/4270/4700 3749/4269/4699
f 3730/4249/4680 3731/4250/4681 3751/4271/4701 3750/4270/4700
f 3731/4250/4681 3732/4251/4682 3752/4272/4702 3751/4271/4701
f 3732/4251/4682 3733/4252/4683 3753/4273/4703 3752/4272/4702
f 3733/4252/4683 3734/4253/4684 3754/4274/4704 3753/4273/4703
f 3734/4253/4684 3735/4254/4685 3755/4275/4705 3754/4274/4704
f 3735/4254/4685 3736/4255/4686 3756/4276/4706 3755/4275/4705
f 3736/4255/4686 3737/4256/4687 3757/4277/4707 3756/4276/4706
f 3737/4256/4687 3738/4257/4688 3758/4278/4708 3757/4277/4707
f 3738/4257/4688 3739/4258/4689 3759/4279/4709 3758/4278/4708
f 3739/4260/4689 3740/4259/4690 3760/4280/4710 3759/4281/4709
f 3740/4259/4690 3741/4261/4691 3761/4282/4711 3760/4280/4710
f 3741/4261/4691 3742/4262/4692 3762/4283/4712 3761/4282/4711
f 3742/4262/4692 3743/4263/4693 3763/4284/4713 3762/4283/4712
f 3743/4263/4693 3744/4264/4694 3764/4285/4714 3763/4284/4713
f 3744/4264/4694 3745/4265/4695 3765/4286/4715 3764/4285/4714
f 3745/4265/4695 3726/4246/4677 3746/4267/4697 3765/4286/4715
f 3746/4267/4697 3747/4266/4696 3767/4287/4716 3766/4288/4717
f 3747/4266/4696 3748/4268/4698 3768/4289/4718 3767/4287/4716
f 3748/4268/4698 3749/4269/4699 3769/4290/4719 3768/4289/4718
f 3749/4269/4699 3750/4270/4700 3770/4291/4720 3769/4290/4719
f 3750/4270/4700 3751/4271/4701 3771/4292/4721 3770/4291/4720
f 3751/4271/4701 3752/4272/4702 3772/4293/4722 3771/4292/4721
f 3752/4272/4702 3753/4273/4703 3773/4294/4723 3772/4293/4722
f 3753/4273/4703 3754/4274/4704 3774/4295/4724 3773/4294/4723
f 3754/4274/4704 3755/4275/4705 3775/4296/4725 3774/4295/4724
f 3755/4275/4705 3756/4276/4706 3776/4297/4726 3775/4296/4725
f 3756/4276/4706 3757/4277/4707 3777/4298/4727 3776/4297/4726
f 3757/4277/4707 3758/4278/4708 3778/4299/4728 3777/4298/4727
f 3758/4278/4708 3759/4279/4709 3779/4300/4729 3778/4299/4728
f 3759/4281/4709 3760/4280/4710 3780/4301/4730 3779/4302/4729
f 3760/4280/4710 3761/4282/4711 3781/4303/4731 3780/4301/4730
f 3761/4282/4711 3762/4283/4712 3782/4304/4732 3781/4303/4731
f 3762/4283/4712 3763/4284/4713 3783/4305/4733 3782/4304/4732
f 3763/4284/4713 3764/4285/4714 3784/4306/4734 3783/4305/4733
f 3764/4285/4714 3765/4286/4715 3785/4307/4735 3784/4306/4734
f 3765/4286/4715 3746/4267/4697 3766/4288/4717 3785/4307/4735
f 3766/4288/4717 3767/4287/4716 3787/4308/4736 3786/4309/4737
f 3767/4287/4716 3768/4289/4718 3788/4310/4738 3787/4308/4736
f 3768/4289/4718 3769/4290/4719 3789/4311/4739 3788/4310/4738
f 3769/4290/4719 3770/4291/4720 3790/4312/4740 3789/4311/4739
f 3770/4291/4720 3771/4292/4721 3791/4313/4741 3790/4312/4740
f 3771/4292/4721 3772/4293/4722 3792/4314/4742 3791/4313/4741
f 3772/4293/4722 3773/4294/4723 3793/4315/4743 3792/4314/4742
f 3773/4294/4723 3774/4295/4724 3794/4316/4744 3793/4315/4743
f 3774/4295/4724 3775/4296/4725 3795/4317/4745 3794/4316/4744
f 3775/4296/4725 3776/4297/4726 3796/4318/4746 3795/4317/4745
f 3776/4297/4726 3777/4298/4727 3797/4319/4747 3796/4318/4746
f 3777/4298/4727 3778/4299/4728 3798/4320/4748 3797/4319/4747
f 3778/4299/4728 3779/4300/4729 3799/4321/4749 3798/4320/4748
f 3779/4302/4729 3780/4301/4730 3800/4322/4750 3799/4323/4749
f 3780/4301/4730 3781/4303/4731 3801/4324/4751 3800/4322/4750
f 3781/4303/4731 3782/4304/4732 3802/4325/4752 3801/4324/4751
f 3782/4304/4732 3783/4305/4733 3803/4326/4753 3802/4325/4752
f 3783/4305/4733 3784/4306/4734 3804/4327/4754 3803/4326/4753
f 3784/4306/4734 3785/4307/4735 3805/4328/4755 3804/4327/4754
f 3785/4307/4735 3766/4288/4717 3786/4309/4737 3805/4328/4755
f 3786/4309/4737 3787/4308/4736 3807/4329/4756 3806/4330/4757
f 3787/4308/4736 3788/4310/4738 3808/4331/4758 3807/4329/4756
f 3788/4310/4738 3789/4311/4739 3809/4332/4759 3808/4331/4758
f 3789/4311/4739 3790/4312/4740 3810/4333/4760 3809/4332/4759
f 3790/4312/4740 3791/4313/4741 3811/4334/4761 3810/4333/4760
f 3791/4313/4741 3792/4314/4742 3812/4335/4762 3811/4334/4761
f 3792/4314/4742 3793/4315/4743 3813/4336/4763 3812/4335/4762
f 3793/4315/4743 3794/4316/4744 3814/4337/4764 3813/4336/4763
f 3794/4316/4744 3795/4317/4745 3815/4338/4765 3814/4337/4764
f 3795/4317/4745 3796/4318/4746 3816/4339/4766 3815/4338/4765
f 3796/4318/4746 3797/4319/4747 3817/4340/4767 3816/4339/4766
f 3797/4319/4747 3798/4320/4748 3818/4341/4768 3817/4340/4767
f 3798/4320/4748 3799/4321/4749 3819/4342/4769 3818/4341/4768
f 3799/4323/4749 3800/4322/4750 3820/4343/4770 3819/4344/4769
f 3800/4322/4750 3801/4324/4751 3821/4345/4771 3820/4343/4770
f 3801/4324/4751 3802/4325/4752 3822/4346/4772 3821/4345/4771
f 3802/4325/4752 3803/4326/4753 3823/4347/4773 3822/4346/4772
f 3803/4326/4753 3804/4327/4754 3824/4348/4774 3823/4347/4773
f 3804/4327/4754 3805/4328/4755 3825/4349/4775 3824/4348/4774
f 3805/4328/4755 3786/4309/4737 3806/4330/4757 3825/4349/4775
f 3806/4330/4757 3807/4329/4756 3827/4350/4776 3826/4351/4777
f 3807/4329/4756 3808/4331/4758 3828/4352/4778 3827/4350/4776
f 3808/4331/4758 3809/4332/4759 3829/4353/4779 3828/4352/4778
f 3809/4332/4759 3810/4333/4760 3830/4354/4780 3829/4353/4779
f 3810/4333/4760 3811/4334/4761 3831/4355/4781 3830/4354/4780
f 3811/4334/4761 3812/4335/4762 3832/4356/4782 3831/4355/4781
f 3812/4335/4762 3813/4336/4763 3833/4357/4783 3832/4356/4782
f 3813/4336/4763 3814/4337/4764 3834/4358/4784 3833/4357/4783
f 3814/4337/4764 3815/4338/4765 3835/4359/4785 3834/4358/4784
f 3815/4338/4765 3816/4339/4766 3836/4360/4786 3835/4359/4785
f 3816/4339/4766 3817/4340/4767 3837/4361/4787 3836/4360/4786
f 3817/4340/4767 3818/4341/4768 3838/4362/4788 3837/4361/4787
f 3818/4341/4768 3819/4342/4769 3839/4363/4789 3838/4362/4788
f 3819/4344/4769 3820/4343/4770 3840/4364/4790 3839/4365/4789
f 3820/4343/4770 3821/4345/4771 3841/4366/4791 3840/4364/4790
f 3821/4345/4771 3822/4346/4772 3842/4367/4792 3841/4366/4791
f 3822/4346/4772 3823/4347/4773 3843/4368/4793 3842/4367/4792
f 3823/4347/4773 3824/4348/4774 3844/4369/4794 3843/4368/4793
f 3824/4348/4774 3825/4349/4775 3845/4370/4795 3844/4369/4794
f 3825/4349/4775 3806/4330/4757 3826/4351/4777 3845/4370/4795
f 3826/4351/4777 3827/4350/4776 3847/4371/4796 3846/4372/4797
f 3827/4350/4776 3828/4352/4778 3848/4373/4798 3847/4371/4796
f 3828/4352/4778 3829/4353/4779 3849/4374/4799 3848/4373/4798
f 3829/4353/4779 3830/4354/4780 3850/4375/4800 3849/4374/4799
f 3830/4354/4780 3831/4355/4781 3851/4376/4801 3850/4375/4800
f 3831/4355/4781 3832/4356/4782 3852/4377/4802 3851/4376/4801
f 3832/4356/4782 3833/4357/4783 3853/4378/4803 3852/4377/4802
f 3833/4357/4783 3834/4358/4784 3854/4379/4804 3853/4378/4803
f 3834/4358/4784 3835/4359/4785 3855/4380/4805 3854/4379/4804
f 3835/4359/4785 3836/4360/4786 3856/4381/4806 3855/4380/4805
f 3836/4360/4786 3837/4361/4787 3857/4382/4807 3856/4381/4806
f 3837/4361/4787 3838/4362/4788 3858/4383/4808 3857/4382/4807
f 3838/4362/4788 3839/4363/4789 3859/4384/4809 3858/4383/4808
f 3839/4365/4789 3840/4364/4790 3860/4385/4810 3859/4386/4809
f 3840/4364/4790 3841/4366/4791 3861/4387/4811 3860/4385/4810
f 3841/4366/4791 3842/4367/4792 3862/4388/4812 3861/4387/4811
f 3842/4367/4792 3843/4368/4793 3863/4389/4813 3862/4388/4812
f 3843/4368/4793 3844/4369/4794 3864/4390/4814 3863/4389/4813
f 3844/4369/4794 3845/4370/4795 3865/4391/4815 3864/4390/4814
f 3845/4370/4795 3826/4351/4777 3846/4372/4797 3865/4391/4815
f 3846/4372/4797 3847/4371/4796 3867/4392/4816 3866/4393/4817
f 3847/4371/4796 3848/4373/4798 3868/4394/4818 3867/4392/4816
f 3848/4373/4798 3849/4374/4799 3869/4395/4819 3868/4394/4818
f 3849/4374/4799 3850/4375/4800 3870/4396/4820 3869/4395/4819
f 3850/4375/4800 3851/4376/4801 3871/4397/4821 3870/4396/4820
f 3851/4376/4801 3852/4377/4802 3872/4398/4822 3871/4397/4821
f 3852/4377/4802 3853/4378/4803 3873/4399/4823 3872/4398/4822
f 3853/4378/4803 3854/4379/4804 3874/4400/4824 3873/4399/4823
f 3854/4379/4804 3855/4380/4805 3875/4401/4825 3874/4400/4824
f 3855/4380/4805 3856/4381/4806 3876/4402/4826 3875/4401/4825
f 3856/4381/4806 3857/4382/4807 3877/4403/4827 3876/4402/4826
f 3857/4382/4807 3858/4383/4808 3878/4404/4828 3877/4403/4827
f 3858/4383/4808 3859/4384/4809 3879/4405/4829 3878/4404/4828
f 3859/4386/4809 3860/4385/4810 3880/4406/4830 3879/4407/4829
f 3860/4385/4810 3861/4387/4811 3881/4408/4831 3880/4406/4830
f 3861/4387/4811 3862/4388/4812 3882/4409/4832 3881/4408/4831
f 3862/4388/4812 3863/4389/4813 3883/4410/4833 3882/4409/4832
f 3863/4389/4813 3864/4390/4814 3884/4411/4834 3883/4410/4833
f 3864/4390/4814 3865/4391/4815 3885/4412/4835 3884/4411/4834
f 3865/4391/4815 3846/4372/4797 3866/4393/4817 3885/4412/4835
f 3866/4393/4817 3867/4392/4816 3887/4413/4836 3886/4414/4837
f 3867/4392/4816 3868/4394/4818 3888/4415/4838 3887/4413/4836
f 3868/4394/4818 3869/4395/4819 3889/4416/4839 3888/4415/4838
f 3869/4395/4819 3870/4396/4820 3890/4417/4840 3889/4416/4839
f 3870/4396/4820 3871/4397/4821 3891/4418/4841 3890/4417/4840
f 3871/4397/4821 3872/4398/4822 3892/4419/4842 3891/4418/4841
f 3872/4398/4822 3873/4399/4823 3893/4420/4843 3892/4419/4842
f 3873/4399/4823 3874/4400/4824 3894/4421/4844 3893/4420/4843
f 3874/4400/4824 3875/4401/4825 3895/4422/4845 3894/4421/4844
f 3875/4401/4825 3876/4402/4826 3896/4423/4846 3895/4422/4845
f 3876/4402/4826 3877/4403/4827 3897/4424/4847 3896/4423/4846
f 3877/4403/4827 3878/4404/4828 3898/4425/4848 3897/4424/4847
f 3878/4404/4828 3879/4405/4829 3899/4426/4849 3898/4425/4848
f 3879/4407/4829 3880/4406/4830 3900/4427/4850 3899/4428/4849
f 3880/4406/4830 3881/4408/4831 3901/4429/4851 3900/4427/4850
f 3881/4408/4831 3882/4409/4832 3902/4430/4852 3901/4429/4851
f 3882/4409/4832 3883/4410/4833 3903/4431/4853 3902/4430/4852
f 3883/4410/4833 3884/4411/4834 3904/4432/4854 3903/4431/4853
f 3884/4411/4834 3885/4412/4835 3905/4433/4855 3904/4432/4854
f 3885/4412/4835 3866/4393/4817 3886/4414/4837 3905/4433/4855
f 3886/4414/4837 3887/4413/4836 3907/4434/4856 3906/4435/4857
f 3887/4413/4836 3888/4415/4838 3908/4436/4858 3907/4434/4856
f 3888/4415/4838 3889/4416/4839 3909/4437/4859 3908/4436/4858
f 3889/4416/4839 3890/4417/4840 3910/4438/4860 3909/4437/4859
f 3890/4417/4840 3891/4418/4841 3911/4439/4861 3910/4438/4860
f 3891/4418/4841 3892/4419/4842 3912/4440/4862 3911/4439/4861
f 3892/4419/4842 3893/4420/4843 3913/4441/4863 3912/4440/4862
f 3893/4420/4843 3894/4421/4844 3914/4442/4864 3913/4441/4863
f 3894/4421/4844 3895/4422/4845 3915/4443/4865 3914/4442/4864
f 3895/4422/4845 3896/4423/4846 3916/4444/4866 3915/4443/4865
f 3896/4423/4846 3897/4424/4847 3917/4445/4867 3916/4444/4866
f 3897/4424/4847 3898/4425/4848 3918/4446/4868 3917/4445/4867
f 3898/4425/4848 3899/4426/4849 3919/4447/4869 3918/4446/4868
f 3899/4428/4849 3900/4427/4850 3920/4448/4870 3919/4449/4869
f 3900/4427/4850 3901/4429/4851 3921/4450/4871 3920/4448/4870
f 3901/4429/4851 3902/4430/4852 3922/4451/4872 3921/4450/4871
f 3902/4430/4852 3903/4431/4853 3923/4452/4873 3922/4451/4872
f 3903/4431/4853 3904/4432/4854 3924/4453/4874 3923/4452/4873
f 3904/4432/4854 3905/4433/4855 3925/4454/4875 3924/4453/4874
f 3905/4433/4855 3886/4414/4837 3906/4435/4857 3925/4454/4875
f 3906/4435/4857 3907/4434/4856 3927/4455/4876 3926/4456/4877
f 3907/4434/4856 3908/4436/4858 3928/4457/4878 3927/4455/4876
f 3908/4436/4858 3909/4437/4859 3929/4458/4879 3928/4457/4878
f 3909/4437/4859 3910/4438/4860 3930/4459/4880 3929/4458/4879
f 3910/4438/4860 3911/4439/4861 3931/4460/4881 3930/4459/4880
f 3911/4439/4861 3912/4440/4862 3932/4461/4882 3931/4460/4881
f 3912/4440/4862 3913/4441/4863 3933/4462/4883 3932/4461/4882
f 3913/4441/4863 3914/4442/4864 3934/4463/4884 3933/4462/4883
f 3914/4442/4864 3915/4443/4865 3935/4464/4885 3934/4463/4884
f 3915/4443/4865 3916/4444/4866 3936/4465/4886 3935/4464/4885
f 3916/4444/4866 3917/4445/4867 3937/4466/4887 3936/4465/4886
f 3917/4445/4867 3918/4446/4868 3938/4467/4888 3937/4466/4887
f 3918/4446/4868 3919/4447/4869 3939/4468/4889 3938/4467/4888
f 3919/4449/4869 3920/4448/4870 3940/4469/4890 3939/4470/4889
f 3920/4448/4870 3921/4450/4871 3941/4471/4891 3940/4469/4890
f 3921/4450/4871 3922/4451/4872 3942/4472/4892 3941/4471/4891
f 3922/4451/4872 3923/4452/4873 3943/4473/4893 3942/4472/4892
f 3923/4452/4873 3924/4453/4874 3944/4474/4894 3943/4473/4893
f 3924/4453/4874 3925/4454/4875 3945/4475/4895 3944/4474/4894
f 3925/4454/4875 3906/4435/4857 3926/4456/4877 3945/4475/4895
f 3926/4456/4877 3927/4455/4876 3947/4476/4896 3946/4477/4897
f 3927/4455/4876 3928/4457/4878 3948/4478/4898 3947/4476/4896
f 3928/4457/4878 3929/4458/4879 3949/4479/4899 3948/4478/4898
f 3929/4458/4879 3930/4459/4880 3950/4480/4900 3949/4479/4899
f 3930/4459/4880 3931/4460/4881 3951/4481/4901 3950/4480/4900
f 3931/4460/4881 3932/4461/4882 3952/4482/4902 3951/4481/4901
f 3932/4461/4882 3933/4462/4883 3953/4483/4903 3952/4482/4902
f 3933/4462/4883 3934/4463/4884 3954/4484/4904 3953/4483/4903
f 3934/4463/4884 3935/4464/4885 3955/4485/4905 3954/4484/4904
f 3935/4464/4885 3936/4465/4886 3956/4486/4906 3955/4485/4905
f 3936/4465/4886 3937/4466/4887 3957/4487/4907 3956/4486/4906
f 3937/4466/4887 3938/4467/4888 3958/4488/4908 3957/4487/4907
f 3938/4467/4888 3939/4468/4889 3959/4489/4909 3958/4488/4908
f 3939/4470/4889 3940/4469/4890 3960/4490/4910 3959/4491/4909
f 3940/4469/4890 3941/4471/4891 3961/4492/4911 3960/4490/4910
f 3941/4471/4891 3942/4472/4892 3962/4493/4912 3961/4492/4911
f 3942/4472/4892 3943/4473/4893 3963/4494/4913 3962/4493/4912
f 3943/4473/4893 3944/4474/4894 3964/4495/4914 3963/4494/4913
f 3944/4474/4894 3945/4475/4895 3965/4496/4915 3964/4495/4914
f 3945/4475/4895 3926/4456/4877 3946/4477/4897 3965/4496/4915
f 3587/4099/4537 3586/4098/4536 3966/4497/4916
f 3588/4102/4540 3587/4099/4537 3966/4497/4916
f 3589/4104/4542 3588/4102/4540 3966/4497/4916
f 3590/4106/4544 3589/4104/4542 3966/4497/4916
f 3591/4108/4546 3590/4106/4544 3966/4497/4916
f 3592/4110/4548 3591/4108/4546 3966/4497/4916
f 3593/4112/4550 3592/4110/4548 3966/4497/4916
f 3594/4114/4552 3593/4112/4550 3966/4497/4916
f 3595/4116/4554 3594/4114/4552 3966/4497/4916
f 3596/4118/4556 3595/4116/4554 3966/4497/4916
f 3597/4120/4558 3596/4118/4556 3966/4497/4916
f 3598/4122/4560 3597/4120/4558 3966/4497/4916
f 3599/4124/4562 3598/4122/4560 3966/4497/4916
f 3600/4127/4564 3599/4126/4562 3966/4497/4916
f 3601/4130/4566 3600/4127/4564 3966/4497/4916
f 3602/4132/4568 3601/4130/4566 3966/4497/4916
f 3603/4134/4570 3602/4132/4568 3966/4497/4916
f 3604/4136/4572 3603/4134/4570 3966/4497/4916
f 3605/4138/4574 3604/4136/4572 3966/4497/4916
f 3586/4098/4536 3605/4138/4574 3966/4497/4916
f 3946/4477/4897 3947/4476/4896 3967/4498/4917
f 3947/4476/4896 3948/4478/4898 3967/4498/4917
f 3948/4478/4898 3949/4479/4899 3967/4498/4917
f 3949/4479/4899 3950/4480/4900 3967/4498/4917
f 3950/4480/4900 3951/4481/4901 3967/4498/4917
f 3951/4481/4901 3952/4482/4902 3967/4498/4917
f 3952/4482/4902 3953/4483/4903 3967/4498/4917
f 3953/4483/4903 3954/4484/4904 3967/4498/4917
f 3954/4484/4904 3955/4485/4905 3967/4498/4917
f 3955/4485/4905 3956/4486/4906 3967/4498/4917
f 3956/4486/4906 3957/4487/4907 3967/4498/4917
f 3957/4487/4907 3958/4488/4908 3967/4498/4917
f 3958/4488/4908 3959/4489/4909 3967/4498/4917
f 3959/4491/4909 3960/4490/4910 3967/4498/4917
f 3960/4490/4910 3961/4492/4911 3967/4498/4917
f 3961/4492/4911 3962/4493/4912 3967/4498/4917
f 3962/4493/4912 3963/4494/4913 3967/4498/4917
f 3963/4494/4913 3964/4495/4914 3967/4498/4917
f 3964/4495/4914 3965/4496/4915 3967/4498/4917
f 3965/4496/4915 3946/4477/4897 3967/4498/4917
s 72
usemtl lambert4SG
f 4021/4499/4918 4013/4500/4919 4012/4501/4920 3968/4502/4921
s 73
f 4015/4503/4922 4013/4504/4923 4008/4505/4924 4009/4506/4925
s 74
f 4023/4507/4926 4021/4508/4927 3968/4509/4928 3970/4510/4929
s off
f 3969/4511/4930 3971/4512/4931 4019/4513/4932 4017/4514/4933
f 3970/4515/4934 3968/4516/4935 4012/4517/4936 4014/4518/4937
s 73
f 3972/4519/4938 4016/4520/4939 4018/4521/4940 3973/4522/4941
s 76
f 4022/4523/4942 4018/4524/4943 4019/4525/4944 3971/4526/4945
s 74
f 4022/4527/4946 4020/4528/4947 3975/4529/4948 3974/4530/4949
s 72
f 4016/4531/4950 3972/4532/4951 3975/4533/4952 4020/4534/4953
s 73
f 3976/4535/4954 3972/4519/4938 3973/4522/4941 3977/4536/4955
s 76
f 3978/4537/4956 3977/4538/4957 3973/4539/4958 3974/4540/4959
s 74
f 3979/4541/4960 3978/4542/4961 3974/4530/4949 3975/4529/4948
s 72
f 3976/4543/4962 3979/4544/4963 3975/4533/4952 3972/4532/4951
s 73
f 3980/4545/4964 3976/4535/4954 3977/4536/4955 3981/4546/4965
s 76
f 3982/4547/4966 3981/4548/4967 3977/4538/4957 3978/4537/4956
s 74
f 3983/4549/4968 3982/4550/4969 3978/4542/4961 3979/4541/4960
s 72
f 3980/4551/4970 3983/4552/4971 3979/4544/4963 3976/4543/4962
s 73
f 3984/4553/4972 3980/4545/4964 3981/4546/4965 3985/4554/4973
s 76
f 3986/4555/4974 3985/4556/4975 3981/4548/4967 3982/4547/4966
s 74
f 3987/4557/4976 3986/4558/4977 3982/4550/4969 3983/4549/4968
s 72
f 3984/4559/4978 3987/4560/4979 3983/4552/4971 3980/4551/4970
s 73
f 3988/4561/4980 3984/4553/4972 3985/4554/4973 3989/4562/4981
s 76
f 3990/4563/4982 3989/4564/4983 3985/4556/4975 3986/4555/4974
s 74
f 3991/4565/4984 3990/4566/4985 3986/4558/4977 3987/4557/4976
s 72
f 3988/4567/4986 3991/4568/4987 3987/4560/4979 3984/4559/4978
s 73
f 3992/4569/4988 3988/4561/4980 3989/4562/4981 3993/4570/4989
s 76
f 3994/4571/4990 3993/4572/4991 3989/4564/4983 3990/4563/4982
s 74
f 3995/4573/4992 3994/4574/4993 3990/4566/4985 3991/4565/4984
s 72
f 3992/4575/4994 3995/4576/4995 3991/4568/4987 3988/4567/4986
s 73
f 3996/4577/4996 3992/4569/4988 3993/4570/4989 3997/4578/4997
s 76
f 3998/4579/4998 3997/4580/4999 3993/4572/4991 3994/4571/4990
s 74
f 3999/4581/5000 3998/4582/5001 3994/4574/4993 3995/4573/4992
s 72
f 3996/4583/5002 3999/4584/5003 3995/4576/4995 3992/4575/4994
s 73
f 4000/4585/5004 3996/4577/4996 3997/4578/4997 4001/4586/5005
s 76
f 4002/4587/5006 4001/4588/5007 3997/4580/4999 3998/4579/4998
s 74
f 4003/4589/5008 4002/4590/5009 3998/4582/5001 3999/4581/5000
s 72
f 4000/4591/5010 4003/4592/5011 3999/4584/5003 3996/4583/5002
s 73
f 4004/4593/5012 4000/4585/5004 4001/4586/5005 4005/4594/5013
s 76
f 4006/4595/5014 4005/4596/5015 4001/4588/5007 4002/4587/5006
s 74
f 4007/4597/5016 4006/4598/5017 4002/4590/5009 4003/4589/5008
s 72
f 4004/4599/5018 4007/4600/5019 4003/4592/5011 4000/4591/5010
s 73
f 4008/4505/4924 4004/4593/5012 4005/4594/5013 4009/4506/4925
s 76
f 4010/4601/5020 4009/4602/5021 4005/4596/5015 4006/4595/5014
s 74
f 4011/4603/5022 4010/4604/5023 4006/4598/5017 4007/4597/5016
s 72
f 4008/4605/5024 4011/4606/5025 4007/4600/5019 4004/4599/5018
s 76
f 4014/4607/5026 4015/4608/5027 4023/4609/5028 3970/4610/5029
s off
f 4012/4517/5030 4013/4504/5031 4015/4503/5032 4014/4518/5033
f 4016/4520/5034 4017/4514/5035 4019/4513/5036 4018/4521/5037
s 76
f 3974/4540/4959 3973/4539/4958 4018/4524/4943 4022/4523/4942
f 4023/4609/5028 4015/4608/5027 4009/4602/5021 4010/4601/5020
s 74
f 4010/4604/5023 4011/4603/5022 4021/4508/4927 4023/4507/4926
s 72
f 4008/4605/5024 4013/4500/4919 4021/4499/4918 4011/4606/5025
s 74
f 4022/4527/4946 3971/4512/5038 3969/4511/5039 4020/4528/4947
s 72
f 4016/4531/4950 4020/4534/4953 3969/4611/5040 4017/4612/5041
