# This file uses centimeters as units for non-parametric coordinates.

mtllib SpaceShip.mtl
g default
v 2.550334 -1.650959 -1.331800
v 2.550334 -1.724244 -1.475629
v 2.550334 -1.838387 -1.589773
v 2.550334 -1.982217 -1.663058
v 2.550334 -2.141653 -1.688310
v 2.550334 -2.301089 -1.663058
v 2.550334 -2.444918 -1.589773
v 2.550334 -2.559062 -1.475629
v 2.550334 -2.632346 -1.331800
v 2.550334 -2.657598 -1.172364
v 2.550334 -2.632346 -1.012928
v 2.550334 -2.559062 -0.869099
v 2.550334 -2.444918 -0.754955
v 2.550334 -2.301089 -0.681670
v 2.550334 -2.141653 -0.656418
v 2.550334 -1.982217 -0.681670
v 2.550334 -1.838387 -0.754955
v 2.550334 -1.724244 -0.869099
v 2.550334 -1.650959 -1.012928
v 2.550334 -1.625707 -1.172364
v -2.463467 -1.554318 -1.371520
v -2.463467 -1.642036 -1.543676
v -2.463468 -1.778660 -1.680300
v -2.463467 -1.950816 -1.768018
v -2.463467 -2.141652 -1.798244
v -2.463467 -2.332489 -1.768018
v -2.463467 -2.504645 -1.680300
v -2.463467 -2.641269 -1.543676
v -2.463467 -2.728987 -1.371520
v -2.463467 -2.759212 -1.180684
v -2.463467 -2.728987 -0.989847
v -2.463467 -2.641269 -0.817691
v -2.463467 -2.504645 -0.681068
v -2.463467 -2.332489 -0.593350
v -2.463467 -2.141652 -0.563124
v -2.463467 -1.950816 -0.593350
v -2.463467 -1.778661 -0.681068
v -2.463468 -1.642036 -0.817691
v -2.463467 -1.554318 -0.989847
v -2.463468 -1.524094 -1.180684
v 2.550334 -2.141653 -1.172364
v 2.474500 -2.141653 -0.650866
v 2.474501 -2.301564 -0.676193
v 2.474500 -2.445821 -0.749696
v 2.474500 -2.560305 -0.864180
v 2.474500 -2.633808 -1.008437
v 2.474500 -2.659135 -1.168348
v 2.474500 -2.633808 -1.328259
v 2.474500 -2.560305 -1.472517
v 2.474500 -2.445822 -1.587001
v 2.474500 -2.301564 -1.660504
v 2.474500 -2.141653 -1.685831
v 2.474500 -1.981742 -1.660504
v 2.474500 -1.837484 -1.587001
v 2.474500 -1.723000 -1.472517
v 2.474500 -1.649497 -1.328259
v 2.474500 -1.624170 -1.168348
v 2.474500 -1.649498 -1.008437
v 2.474500 -1.723001 -0.864180
v 2.474500 -1.837484 -0.749696
v 2.474500 -1.981742 -0.676193
v 2.474501 -2.122240 -0.520678
v 2.474500 -2.315867 -0.551345
v 2.474500 -2.490541 -0.640346
v 2.474501 -2.629162 -0.778968
v 2.474500 -2.718163 -0.953641
v 2.474500 -2.748830 -1.147269
v 2.474500 -2.718163 -1.340896
v 2.474501 -2.629162 -1.515569
v 2.474501 -2.490541 -1.654191
v 2.474501 -2.315867 -1.743192
v 2.474501 -2.122240 -1.773860
v 2.474501 -1.928612 -1.743192
v 2.474500 -1.753939 -1.654191
v 2.474500 -1.615317 -1.515570
v 2.474500 -1.526316 -1.340896
v 2.474500 -1.495649 -1.147269
v 2.474500 -1.526316 -0.953641
v 2.474500 -1.615317 -0.778968
v 2.474500 -1.753939 -0.640346
v 2.474500 -1.928612 -0.551346
v 2.084093 -1.942209 -0.458935
v 2.084093 -2.155519 -0.425150
v 2.084093 -2.368829 -0.458935
v 2.084093 -2.561260 -0.556983
v 2.084093 -2.713973 -0.709696
v 2.084093 -2.812021 -0.902126
v 2.084093 -2.845806 -1.115436
v 2.084093 -2.812021 -1.328747
v 2.084093 -2.713973 -1.521177
v 2.084093 -2.561260 -1.673890
v 2.084093 -2.368830 -1.771938
v 2.084093 -2.155519 -1.805723
v 2.084093 -1.942209 -1.771938
v 2.084093 -1.749779 -1.673890
v 2.084093 -1.597065 -1.521177
v 2.084093 -1.499017 -1.328747
v 2.084093 -1.465233 -1.115436
v 2.084093 -1.499018 -0.902126
v 2.084093 -1.597066 -0.709696
v 2.084093 -1.749779 -0.556983
v 2.084093 -1.712667 -0.527304
v 2.084093 -1.915028 -0.424195
v 2.084093 -2.139347 -0.388667
v 2.084093 -2.363667 -0.424195
v 2.084093 -2.566028 -0.527304
v 2.084093 -2.726623 -0.687899
v 2.084093 -2.829731 -0.890260
v 2.084093 -2.865260 -1.114579
v 2.084093 -2.829731 -1.338898
v 2.084093 -2.726623 -1.541260
v 2.084093 -2.566028 -1.701855
v 2.084093 -2.363667 -1.804963
v 2.084093 -2.139347 -1.840492
v 2.084093 -1.915028 -1.804963
v 2.084093 -1.712667 -1.701855
v 2.084093 -1.552071 -1.541260
v 2.084093 -1.448964 -1.338899
v 2.084093 -1.413435 -1.114579
v 2.084093 -1.448964 -0.890260
v 2.084093 -1.552072 -0.687899
v 2.010567 -2.567303 -0.519930
v 2.010567 -2.727511 -0.680137
v 2.010567 -2.830370 -0.882010
v 2.010567 -2.865813 -1.105788
v 2.010567 -2.830370 -1.329566
v 2.010567 -2.727511 -1.531439
v 2.010567 -2.567303 -1.691646
v 2.010567 -2.365431 -1.794506
v 2.010567 -2.141653 -1.829949
v 2.010567 -1.917875 -1.794506
v 2.010567 -1.716002 -1.691646
v 2.010567 -1.555794 -1.531439
v 2.010567 -1.452935 -1.329566
v 2.010567 -1.417492 -1.105788
v 2.010567 -1.452935 -0.882010
v 2.010567 -1.555795 -0.680137
v 2.010567 -1.716002 -0.519930
v 2.010567 -1.917875 -0.417070
v 2.010567 -2.141653 -0.381627
v 2.010567 -2.365431 -0.417070
v 1.880402 -2.622621 -0.443859
v 1.880402 -2.805282 -0.626520
v 1.880402 -2.922557 -0.856685
v 1.880402 -2.962967 -1.111826
v 1.880402 -2.922557 -1.366966
v 1.880402 -2.805282 -1.597132
v 1.880402 -2.622621 -1.779792
v 1.880402 -2.392456 -1.897067
v 1.880402 -2.137315 -1.937478
v 1.880402 -1.882175 -1.897068
v 1.880402 -1.652009 -1.779792
v 1.880402 -1.469348 -1.597132
v 1.880402 -1.352073 -1.366966
v 1.880402 -1.311663 -1.111826
v 1.880402 -1.352074 -0.856685
v 1.880402 -1.469349 -0.626520
v 1.880402 -1.652009 -0.443859
v 1.880402 -1.882175 -0.326584
v 1.880402 -2.137315 -0.286174
v 1.880402 -2.392456 -0.326584
v 1.634139 -1.870441 -0.333506
v 1.634139 -2.138191 -0.291099
v 1.634139 -2.405941 -0.333506
v 1.634139 -2.647482 -0.456577
v 1.634139 -2.839170 -0.648265
v 1.634139 -2.962241 -0.889806
v 1.634139 -3.004649 -1.157556
v 1.634139 -2.962241 -1.425306
v 1.634139 -2.839170 -1.666847
v 1.634139 -2.647482 -1.858535
v 1.634139 -2.405941 -1.981606
v 1.634139 -2.138191 -2.024014
v 1.634139 -1.870440 -1.981607
v 1.634139 -1.628900 -1.858535
v 1.634139 -1.437211 -1.666847
v 1.634139 -1.314140 -1.425307
v 1.634139 -1.271733 -1.157556
v 1.634139 -1.314141 -0.889806
v 1.634139 -1.437212 -0.648265
v 1.634139 -1.628900 -0.456577
v 1.108649 -1.877076 -0.392332
v 1.108649 -2.138517 -0.350924
v 1.108649 -2.399959 -0.392332
v 1.108649 -2.635809 -0.512504
v 1.108648 -2.822980 -0.699676
v 1.108648 -2.943152 -0.935525
v 1.108649 -2.984560 -1.196967
v 1.108648 -2.943152 -1.458409
v 1.108648 -2.822980 -1.694258
v 1.108649 -2.635809 -1.881430
v 1.108649 -2.399959 -2.001602
v 1.108648 -2.138517 -2.043010
v 1.108649 -1.877076 -2.001602
v 1.108649 -1.641226 -1.881431
v 1.108649 -1.454054 -1.694259
v 1.108649 -1.333883 -1.458409
v 1.108648 -1.292475 -1.196967
v 1.108649 -1.333883 -0.935525
v 1.108649 -1.454054 -0.699676
v 1.108649 -1.641226 -0.512504
v -2.595910 -2.160513 -1.789551
v -3.600237 -2.300647 -1.745544
v -2.595910 -2.160513 -0.576068
v -3.337963 -2.318807 -0.634562
v -2.595910 -2.761241 -1.182760
v -2.838555 -2.465087 -1.296633
v -2.595910 -2.516987 -1.673451
v -3.182007 -2.380961 -1.587793
v -2.772593 -2.455920 -1.648729
v -2.909604 -2.213346 -1.774882
v -2.595910 -2.347821 -1.759499
v -2.848447 -2.344133 -1.737618
v -2.949275 -2.393013 -1.624008
v -3.223297 -2.266178 -1.760213
v -3.100985 -2.340445 -1.715737
v -3.342106 -2.330471 -1.688787
v -2.635391 -2.691576 -1.202243
v -2.595910 -2.650908 -1.539090
v -2.713995 -2.565788 -1.534314
v -2.595910 -2.734093 -1.370207
v -2.670150 -2.652558 -1.387440
v -3.182006 -2.380961 -1.492746
v -2.832080 -2.478803 -1.529538
v -2.674872 -2.620095 -1.221726
v -2.744389 -2.569731 -1.404672
v -2.961004 -2.408449 -1.475035
v -2.595910 -2.651042 -0.826368
v -2.776312 -2.485724 -0.882618
v -2.656044 -2.598477 -0.845118
v -2.595910 -2.734315 -0.995295
v -2.625862 -2.675045 -1.010171
v -2.716178 -2.542655 -0.863868
v -2.655815 -2.613983 -1.025048
v -2.685767 -2.552444 -1.039924
v -2.837474 -2.231975 -0.570397
v -2.595910 -2.517045 -0.692010
v -2.711957 -2.486246 -0.713469
v -2.595910 -2.347863 -0.606054
v -2.775118 -2.364743 -0.617480
v -2.953404 -2.400802 -0.737479
v -2.828005 -2.453757 -0.734928
v -3.079039 -2.303437 -0.564727
v -2.954326 -2.381623 -0.628905
v -3.182008 -2.380962 -0.718571
v -2.595910 -1.536077 -1.182760
v -3.681402 -1.602780 -1.036526
v -2.595910 -1.803982 -0.692010
v -3.569822 -2.006717 -0.592120
v -2.927885 -1.921254 -0.658714
v -2.595910 -1.973164 -0.606054
v -2.892319 -2.080146 -0.584689
v -3.259860 -1.989548 -0.625417
v -3.188727 -2.187127 -0.563325
v -3.492946 -2.300655 -0.541960
v -2.957741 -1.554989 -1.134016
v -2.595910 -1.669985 -0.826368
v -2.937739 -1.773842 -0.785330
v -2.595910 -1.583579 -0.995295
v -2.941831 -1.662816 -0.949521
v -3.625092 -1.798126 -0.703254
v -3.279568 -1.814194 -0.744292
v -3.319571 -1.572162 -1.085271
v -3.287752 -1.686285 -0.903747
v -3.678849 -1.689824 -0.838321
v -2.595910 -1.670019 -1.539090
v -3.710588 -1.690310 -1.395596
v -2.966916 -1.719200 -1.491259
v -2.595910 -1.565513 -1.370207
v -2.967184 -1.573051 -1.320408
v -3.308832 -1.712614 -1.443428
v -3.338458 -1.578851 -1.270609
v -3.709732 -1.598095 -1.220811
v -2.595910 -1.804040 -1.673451
v -2.933672 -1.865153 -1.634129
v -2.595910 -1.973205 -1.759499
v -2.929008 -2.043267 -1.735793
v -3.686688 -1.803947 -1.555486
v -3.271435 -1.862760 -1.594807
v -3.262106 -2.064351 -1.712086
v -3.573191 -2.034310 -1.688380
v 2.550334 -1.915568 -0.715630
v 2.474500 -1.914895 -0.710253
v 2.474500 -1.847671 -0.592587
v 2.084093 -1.853039 -0.504369
v 2.084093 -1.821256 -0.471974
v 2.010567 -1.824330 -0.464734
v 1.880402 -1.775519 -0.380928
v 1.634139 -1.758514 -0.390536
v 1.108649 -1.767786 -0.448018
v -2.463467 -1.871041 -0.633997
v -2.595910 -1.894767 -0.645885
v -2.908800 -2.006517 -0.618991
v -3.221689 -2.095571 -0.592097
v -3.558317 -2.300646 -0.565203
v 2.550334 -1.779808 -0.813535
v 2.474500 -1.778730 -0.808450
v 2.474500 -1.682796 -0.711488
v 2.084093 -1.671405 -0.635357
v 2.084093 -1.630248 -0.609723
v 2.010567 -1.633782 -0.602150
v 1.880402 -1.558266 -0.537603
v 1.634139 -1.530523 -0.554954
v 1.108649 -1.545167 -0.608563
v -2.463468 -1.708544 -0.751185
v -2.595910 -1.735213 -0.760964
v -2.932942 -1.845601 -0.723695
v -3.269974 -1.899554 -0.686425
v -3.598187 -1.899666 -0.649155
v -3.649895 -1.741498 -0.751624
v -3.283344 -1.755178 -0.817863
v -2.939627 -1.722616 -0.861086
v -2.595910 -1.630118 -0.904309
v -2.463468 -1.601564 -0.897122
v 1.108649 -1.398609 -0.808494
v 1.634139 -1.380428 -0.759709
v 1.880402 -1.415239 -0.732715
v 2.010567 -1.508337 -0.773279
v 2.084093 -1.504499 -0.781266
v 2.084093 -1.551827 -0.798481
v 2.474500 -1.574253 -0.859560
v 2.474500 -1.689087 -0.930739
v 2.550334 -1.690431 -0.935460
v 2.550334 -1.640380 -1.079720
v 2.474500 -1.638887 -1.075428
v 2.474500 -1.513469 -1.034757
v 2.084093 -1.484864 -0.991487
v 2.084093 -1.434080 -0.984233
v 2.010567 -1.438087 -0.975757
v 1.880402 -1.335145 -0.963570
v 1.634139 -1.296375 -1.001974
v 1.108649 -1.316536 -1.045050
v -2.463468 -1.541656 -1.069794
v -2.595910 -1.563679 -1.073829
v -2.948496 -1.617644 -1.026811
v -3.301082 -1.638476 -0.979792
v -3.679918 -1.646629 -0.932774
v -3.694398 -1.600631 -1.121063
v -3.328235 -1.575231 -1.170291
v -2.962073 -1.563274 -1.219519
v -2.595910 -1.549581 -1.268747
v -2.463468 -1.537959 -1.268226
v 1.108649 -1.311470 -1.316898
v 1.634139 -1.291186 -1.280381
v 1.880402 -1.330200 -1.228866
v 2.010567 -1.433751 -1.208441
v 2.084093 -1.429733 -1.217481
v 2.084093 -1.480731 -1.213288
v 2.474500 -1.509717 -1.236091
v 2.474500 -1.635788 -1.241704
v 2.550334 -1.637291 -1.245502
v 2.550334 -1.687191 -1.402910
v 2.474500 -1.685837 -1.399581
v 2.474500 -1.570318 -1.427255
v 2.084093 -1.547493 -1.423885
v 2.084093 -1.499941 -1.438947
v 2.010567 -1.503789 -1.429373
v 1.880402 -1.410054 -1.480761
v 1.634139 -1.374987 -1.544725
v 1.108649 -1.393296 -1.575014
v -2.463467 -1.597687 -1.456635
v -2.595910 -1.617182 -1.453704
v -2.959880 -1.645308 -1.404878
v -3.323850 -1.644984 -1.356052
v -3.710155 -1.629497 -1.307225
v 2.550334 -1.775369 -1.526755
v 2.474500 -1.774278 -1.523795
v 2.474500 -1.677406 -1.577659
v 2.084093 -1.665467 -1.589578
v 2.084093 -1.624003 -1.613191
v 2.010567 -1.627552 -1.603197
v 1.880402 -1.551163 -1.678946
v 1.634139 -1.523070 -1.752705
v 1.108649 -1.537889 -1.778094
v -2.463467 -1.703231 -1.604871
v -2.595910 -1.730048 -1.599271
v -2.958867 -1.784573 -1.555251
v -3.292733 -1.779865 -1.511231
v -3.705224 -1.722655 -1.467212
v -3.620849 -1.915591 -1.619892
v -3.266914 -1.960460 -1.651646
v -2.931412 -1.951475 -1.683400
v -2.595910 -1.886025 -1.715154
v -2.463468 -1.862094 -1.722812
v 1.108649 -1.755529 -1.939671
v 1.634139 -1.745961 -1.918181
v 1.880402 -1.763557 -1.836629
v 2.010567 -1.813838 -1.741497
v 2.084093 -1.810740 -1.751826
v 2.084093 -1.843039 -1.721408
v 2.474501 -1.838593 -1.697325
v 2.474500 -1.907398 -1.622624
v 2.550334 -1.908093 -1.625290
v 2.550333 -2.055810 -1.674714
v 2.474500 -2.055555 -1.672195
v 2.474501 -2.017989 -1.757348
v 2.084093 -2.040671 -1.787533
v 2.084093 -2.018571 -1.821363
v 2.010567 -2.021168 -1.810866
v 1.880402 -1.999945 -1.915720
v 1.634139 -1.994031 -2.001181
v 1.108649 -1.997755 -2.020716
v -2.463467 -2.038904 -1.781970
v -2.595910 -2.059665 -1.773371
v -2.920051 -2.121774 -1.753836
v -3.244192 -2.157512 -1.734301
v -3.585675 -2.161409 -1.714766
v -3.431586 -2.279752 -1.531550
v -3.637412 -2.303358 -1.531185
v -3.624365 -2.303357 -0.775586
v -3.431587 -2.279752 -0.718616
v -3.431587 -2.279752 -1.460730
v -3.525324 -2.298407 -1.475979
v -3.477551 -2.298407 -0.829391
v -3.431587 -2.279752 -0.796811
v -3.431587 -2.279752 -1.352057
v -3.619550 -2.300647 -1.355718
v -3.619550 -2.300647 -0.939973
v -3.431587 -2.279752 -0.916800
v -3.431587 -2.279752 -1.245826
v -3.619550 -2.300647 -1.246864
v -3.619550 -2.300647 -1.044622
v -3.431587 -2.279752 -1.034093
v -3.431587 -2.279752 -1.142557
v -3.619550 -2.300647 -1.144756
v -3.337963 -2.318806 -1.531550
v -3.337962 -2.318806 -0.718616
v -3.337962 -2.318806 -1.460730
v -3.337962 -2.318806 -0.796811
v -3.337962 -2.318806 -1.352057
v -3.337962 -2.318806 -0.916800
v -3.337962 -2.318806 -1.245826
v -3.337962 -2.318806 -1.034093
v -3.337962 -2.318806 -1.142557
v -3.182008 -2.380962 -1.352057
v -3.182008 -2.380962 -0.916800
v -3.182008 -2.380962 -1.245826
v -3.182008 -2.380962 -1.034093
v -3.182008 -2.380962 -1.142557
v -2.962756 -2.380962 -0.916800
v -2.997037 -2.380962 -1.245826
v -2.962756 -2.380962 -1.034093
v -2.962756 -2.380962 -1.142557
v -3.031317 -2.380962 -1.352057
v -3.646209 -2.186942 -1.503569
v -3.705795 -1.708997 -1.081397
v -3.704871 -1.746512 -1.016816
v -3.636341 -2.054592 -0.804775
v -3.670744 -1.876128 -0.873950
v -3.653997 -1.963002 -0.840276
v -3.704205 -1.783469 -0.958023
v -3.686183 -1.827679 -0.904059
v -3.723962 -1.783885 -1.304901
v -3.723692 -1.731855 -1.249894
v -3.723429 -1.704989 -1.196105
v -3.713884 -1.707158 -1.134017
v -3.709085 -1.881109 -1.404425
v -3.720623 -1.811558 -1.349478
v -3.638439 -2.078200 -1.487145
v -3.668103 -1.976628 -1.444515
v -3.512145 -2.189312 -1.467699
v -3.563406 -1.760604 -1.089018
v -3.562611 -1.794255 -1.031090
v -3.503656 -2.070597 -0.840892
v -3.533252 -1.910518 -0.902942
v -3.518845 -1.988442 -0.872737
v -3.562038 -1.827404 -0.978354
v -3.546534 -1.867060 -0.929948
v -3.579035 -1.827777 -1.289497
v -3.578803 -1.781107 -1.240157
v -3.578576 -1.757009 -1.191909
v -3.570365 -1.758955 -1.136217
v -3.566236 -1.914985 -1.378768
v -3.576162 -1.852599 -1.329482
v -3.505461 -2.091773 -1.452967
v -3.530980 -2.000664 -1.414728
v -3.553974 -2.182860 -1.459153
v -3.553974 -2.104970 -1.443785
v -3.553974 -1.792470 -1.094098
v -3.553974 -1.816999 -1.040605
v -3.553974 -2.018435 -0.864971
v -3.553974 -2.182860 -0.851093
v -3.553974 -1.901747 -0.922269
v -3.553974 -1.958549 -0.894377
v -3.553974 -1.841163 -0.991907
v -3.553974 -1.870069 -0.947208
v -3.553975 -1.841435 -1.279228
v -3.553974 -1.807416 -1.233665
v -3.553974 -1.789850 -1.189112
v -3.553974 -1.791268 -1.137684
v -3.553974 -1.905004 -1.361664
v -3.553974 -1.859529 -1.316151
v -3.553974 -2.033870 -1.430181
v -3.553974 -1.967458 -1.394870
v -3.689148 -2.173039 -1.459654
v -3.690610 -2.105534 -1.443785
v -3.690610 -1.834701 -1.094098
v -3.690610 -1.855960 -1.040605
v -3.690610 -2.030537 -0.864971
v -3.690610 -2.173038 -0.851093
v -3.690610 -1.929408 -0.922269
v -3.690610 -1.978636 -0.894377
v -3.690610 -1.876901 -0.991907
v -3.690610 -1.901953 -0.947208
v -3.690611 -1.877137 -1.279228
v -3.690610 -1.847654 -1.233665
v -3.690610 -1.832430 -1.189112
v -3.690610 -1.833659 -1.137684
v -3.690610 -1.932230 -1.361664
v -3.690610 -1.892818 -1.316151
v -3.690610 -2.043914 -1.430181
v -3.690610 -1.986357 -1.394870
v -3.733068 -2.169016 -1.425199
v -3.739748 -2.114262 -1.431115
v -3.739748 -1.894586 -1.096737
v -3.739748 -1.911829 -1.045587
v -3.739748 -2.053431 -0.877641
v -3.739748 -2.169015 -0.880290
v -3.739748 -1.971404 -0.932431
v -3.739748 -2.011333 -0.905760
v -3.739748 -1.928815 -0.999021
v -3.739748 -1.949135 -0.956278
v -3.739749 -1.929006 -1.273762
v -3.739748 -1.905092 -1.230194
v -3.739748 -1.892744 -1.187591
v -3.739748 -1.893741 -1.138414
v -3.739748 -1.973693 -1.352588
v -3.739748 -1.941726 -1.309069
v -3.739748 -2.064281 -1.418106
v -3.739748 -2.017596 -1.384341
v -3.777187 -2.171946 -1.391806
v -3.777186 -2.127161 -1.391278
v -3.777187 -1.947478 -1.105254
v -3.777187 -1.961582 -1.061500
v -3.777187 -2.077404 -0.917841
v -3.777186 -2.171946 -0.930638
v -3.777187 -2.010311 -0.964707
v -3.777187 -2.042971 -0.941893
v -3.777187 -1.975475 -1.021668
v -3.777187 -1.992096 -0.985106
v -3.777187 -1.975632 -1.256679
v -3.777187 -1.956072 -1.219412
v -3.777187 -1.945971 -1.182969
v -3.777187 -1.946787 -1.140904
v -3.777187 -2.012183 -1.324107
v -3.777187 -1.986036 -1.286881
v -3.777187 -2.086279 -1.380151
v -3.777187 -2.048093 -1.351268
v -3.809945 -2.175530 -1.303457
v -3.809945 -2.144164 -1.320595
v -3.809946 -2.018319 -1.120271
v -3.809946 -2.028197 -1.089627
v -3.809945 -2.109316 -0.989012
v -3.809945 -2.175530 -1.012654
v -3.809945 -2.062325 -1.021836
v -3.809945 -2.085200 -1.005857
v -3.809946 -2.037928 -1.061729
v -3.809946 -2.049568 -1.036123
v -3.809946 -2.038037 -1.226325
v -3.809946 -2.024338 -1.200224
v -3.809946 -2.017264 -1.174701
v -3.809946 -2.017835 -1.145239
v -3.809946 -2.063637 -1.273550
v -3.809946 -2.045324 -1.247478
v -3.809945 -2.115532 -1.312802
v -3.809945 -2.088787 -1.292573
v -3.827762 -2.174383 -1.156089
v -3.677535 -2.298407 -1.480969
v -3.695632 -2.300647 -1.355718
v -3.660998 -2.304706 -0.833711
v -3.695632 -2.300647 -0.939973
v -3.695632 -2.300647 -1.246864
v -3.695632 -2.300647 -1.044622
v -3.695632 -2.300647 -1.144756
v -3.677535 -2.182860 -1.480969
v -3.660998 -2.176561 -0.833711
v -3.721498 -2.173039 -1.474959
v -3.714096 -2.173038 -0.830940
v -3.764270 -2.169016 -1.442510
v -3.754852 -2.169015 -0.855204
v -3.816034 -2.171946 -1.362576
v -3.816034 -2.171946 -0.941226
v -3.851573 -2.175530 -1.260573
v -3.851573 -2.175530 -1.042551
v -3.859372 -2.174383 -1.156089
v -3.721498 -2.298407 -1.474959
v -3.755028 -2.300647 -1.355718
v -3.714095 -2.298407 -0.830940
v -3.755028 -2.300647 -0.939973
v -3.755028 -2.300647 -1.246864
v -3.755028 -2.300647 -1.044622
v -3.755028 -2.300647 -1.144756
v -3.764270 -2.298407 -1.442510
v -3.816034 -2.300647 -1.362576
v -3.754853 -2.298407 -0.855204
v -3.816034 -2.300647 -0.941227
v -3.851573 -2.300647 -1.260573
v -3.851573 -2.300647 -1.042551
v -3.859371 -2.300647 -1.144756
vt 1.756273 0.420571
vt 1.738728 0.428426
vt 1.721573 0.436107
vt 1.689876 0.318796
vt 1.701111 0.438301
vt 1.683770 0.440160
vt 1.784473 0.395072
vt 1.768904 0.409150
vt 1.662151 0.435612
vt 1.646565 0.432333
vt 1.803414 0.362107
vt 1.793653 0.379096
vt 1.628810 0.422131
vt 1.613600 0.413393
vt 1.811241 0.324902
vt 1.807027 0.344933
vt 1.601188 0.399665
vt 1.588101 0.385192
vt 1.807188 0.287099
vt 1.579764 0.366571
vt 1.572565 0.350492
vt 1.791651 0.252400
vt 1.568512 0.312690
vt 1.766153 0.224199
vt 1.576339 0.275484
vt 1.733188 0.205258
vt 1.595279 0.242519
vt 1.695983 0.197431
vt 1.623480 0.217020
vt 1.658180 0.201484
vt 1.369963 0.771416
vt 1.362113 0.808733
vt 1.331259 0.811758
vt 1.340765 0.766574
vt 1.366178 0.846647
vt 1.336182 0.857667
vt 1.388960 0.738353
vt 1.363767 0.726540
vt 1.373399 0.862775
vt 1.344925 0.877195
vt 1.417245 0.712779
vt 1.398015 0.695573
vt 1.381761 0.881450
vt 1.355049 0.899809
vt 1.452048 0.697196
vt 1.440157 0.676705
vt 1.394886 0.895966
vt 1.370942 0.917385
vt 1.489963 0.693131
vt 1.486067 0.671782
vt 1.407335 0.909736
vt 1.386016 0.934058
vt 1.527279 0.700981
vt 1.531250 0.681288
vt 1.422590 0.918500
vt 1.404488 0.944670
vt 1.560342 0.719978
vt 1.571284 0.704291
vt 1.440399 0.928733
vt 1.426052 0.957060
vt 1.585917 0.748262
vt 1.602251 0.738539
vt 1.456031 0.932021
vt 1.444980 0.961042
vt 1.601500 0.783066
vt 1.621119 0.780680
vt 1.477714 0.936583
vt 1.471235 0.966565
vt 1.605565 0.820981
vt 1.626042 0.826590
vt 1.495107 0.934717
vt 1.492295 0.964307
vt 1.620924 0.850917
vt 1.601338 0.841072
vt 1.515630 0.932518
vt 1.517144 0.961643
vt 1.597714 0.858297
vt 1.616536 0.871772
vt 1.532837 0.924814
vt 1.537979 0.952315
vt 1.587924 0.875337
vt 1.604681 0.892405
vt 1.550433 0.916935
vt 1.559286 0.942775
vt 1.578717 0.891361
vt 1.593534 0.911808
vt 1.563102 0.905480
vt 1.574625 0.928905
vt 1.528705 1.316830
vt 1.559857 1.369000
vt 1.553630 1.379734
vt 1.520872 1.324873
vt 1.581057 1.387531
vt 1.575924 1.399221
vt 1.515199 1.257588
vt 0.600404 0.633378
vt 1.605606 1.408989
vt 1.601740 1.421788
vt 1.520662 1.197072
vt 0.588759 0.634495
vt 1.634277 1.421253
vt 1.631891 1.434684
vt 1.544557 1.141205
vt 1.537541 1.140184
vt 1.661472 1.432885
vt 1.660489 1.446916
vt 1.584547 1.095457
vt 1.579594 1.092074
vt 1.689394 1.435405
vt 1.689852 1.449566
vt 1.636716 1.064306
vt 1.634456 1.059315
vt 1.721988 1.438348
vt 1.724129 1.452660
vt 1.695958 1.050800
vt 1.696756 1.045112
vt 1.746806 1.432688
vt 1.750228 1.446711
vt 1.756474 1.056262
vt 1.760395 1.050856
vt 1.781231 1.424840
vt 1.786429 1.438458
vt 1.812341 1.080157
vt 1.819145 1.075985
vt 1.805162 1.410551
vt 1.811595 1.423430
vt 1.858089 1.120146
vt 1.867254 1.118038
vt 1.833400 1.393689
vt 1.841290 1.405698
vt 1.889241 1.172317
vt 1.900013 1.172899
vt 1.853171 1.371071
vt 1.862082 1.381913
vt 1.907660 1.206443
vt 1.896513 1.204212
vt 1.873389 1.347942
vt 1.883344 1.357589
vt 1.902747 1.231558
vt 1.914217 1.235200
vt 1.884092 1.322918
vt 1.894599 1.331275
vt 1.899932 1.262745
vt 1.911256 1.267996
vt 1.897285 1.292075
vt 1.908472 1.298840
vt 0.779288 0.870207
vt 0.788158 0.872797
vt 0.599052 0.874916
vt 0.777245 0.873650
vt 0.607200 0.870815
vt 0.608393 0.874588
vt 0.784911 0.879272
vt 0.775054 0.877129
vt 0.770510 0.868647
vt 0.767624 0.873256
vt 0.609498 0.878543
vt 0.600775 0.880968
vt 0.767590 0.886196
vt 0.764546 0.877914
vt 0.761622 0.867820
vt 0.758736 0.874484
vt 0.610283 0.882636
vt 0.772461 0.895561
vt 0.766971 0.895257
vt 0.756637 0.889337
vt 0.755829 0.881407
vt 0.620748 0.889309
vt 0.618615 0.882628
vt 0.606655 0.895021
vt 1.105604 1.671801
vt 1.098083 1.632180
vt 1.159296 1.631904
vt 1.167422 1.664666
vt 1.111777 1.707967
vt 1.171259 1.695445
vt 1.134467 1.741907
vt 1.185405 1.724255
vt 1.157823 1.775263
vt 1.199971 1.752007
vt 1.183986 1.797231
vt 1.216449 1.771006
vt 1.204502 1.805607
vt 1.229296 1.778337
vt 1.229875 1.821951
vt 1.245225 1.792482
vt 1.254432 1.830084
vt 1.260575 1.799590
vt 1.282821 1.829248
vt 1.278246 1.798906
vt 1.306881 1.828540
vt 1.293222 1.798325
vt 1.335796 1.815563
vt 1.311182 1.787416
vt 1.362100 1.802832
vt 1.327516 1.776695
vt 1.387657 1.788016
vt 1.343396 1.764093
vt 1.402545 1.771705
vt 1.352615 1.750258
vt 1.418990 1.742815
vt 1.362772 1.725637
vt 1.436331 1.712357
vt 1.373478 1.699678
vt 1.443485 1.629560
vt 1.381440 1.629579
vt 1.365878 1.894154
vt 1.347968 1.899871
vt 1.347039 1.890661
vt 1.364527 1.886978
vt 1.334790 1.901850
vt 1.333562 1.891803
vt 1.383321 1.889370
vt 1.380414 1.884118
vt 1.319499 1.905606
vt 1.318039 1.894021
vt 1.400605 1.881675
vt 1.395735 1.879311
vt 1.304485 1.903598
vt 1.303375 1.893443
vt 1.414716 1.876454
vt 1.406952 1.873768
vt 1.285427 1.899702
vt 1.286572 1.891196
vt 1.271963 1.897942
vt 1.273988 1.890738
vt 1.249263 1.893712
vt 1.254337 1.890459
vt 1.226921 1.876894
vt 1.097841 0.898887
vt 1.136431 0.867812
vt 1.125243 0.863167
vt 1.130575 0.850239
vt 1.140051 0.854028
vt 1.135877 0.883732
vt 1.123477 0.877896
vt 1.115422 0.856050
vt 1.122453 0.844153
vt 1.139916 0.834332
vt 1.146690 0.837171
vt 1.144720 0.869275
vt 1.147142 0.855076
vt 1.144737 0.886000
vt 1.105145 0.848296
vt 1.113665 0.837785
vt 1.134292 0.829797
vt 1.164001 0.802676
vt 1.151805 0.837905
vt 1.155404 0.872395
vt 1.156195 0.857739
vt 1.156567 0.889533
vt 1.097902 0.839386
vt 1.107809 0.829914
vt 1.128135 0.824985
vt 1.158229 0.839906
vt 1.165352 0.873404
vt 1.164629 0.858618
vt 1.167136 0.890875
vt 1.090605 0.828605
vt 1.103603 0.820283
vt 1.124630 0.819106
vt 1.164248 0.840582
vt 1.176319 0.871897
vt 1.173984 0.857270
vt 1.178683 0.889456
vt 1.126995 0.810807
vt 1.170936 0.839596
vt 1.185592 0.870610
vt 1.181908 0.856206
vt 1.188422 0.887882
vt 1.176618 0.838836
vt 1.196782 0.866078
vt 1.191465 0.852340
vt 1.200385 0.882890
vt 1.183450 0.836008
vt 1.206900 0.861638
vt 1.200176 0.848699
vt 1.211104 0.877555
vt 1.189744 0.833342
vt 1.216227 0.856708
vt 1.208201 0.844686
vt 1.220874 0.871365
vt 1.195579 0.830374
vt 1.221694 0.851958
vt 1.212813 0.840688
vt 1.227103 0.865730
vt 1.198851 0.827358
vt 1.228327 0.843684
vt 1.218279 0.833633
vt 1.235373 0.855825
vt 1.202615 0.822120
vt 1.235009 0.834859
vt 1.224227 0.826298
vt 1.206735 0.816563
vt 1.241956 0.809364
vt 1.225299 0.804234
vt 1.200963 0.801186
vt 1.738351 1.922624
vt 1.708024 1.924825
vt 1.706602 1.888644
vt 1.736969 1.887450
vt 1.681283 1.926701
vt 1.679854 1.890324
vt 1.767819 1.921789
vt 1.769603 1.886167
vt 1.666146 1.926162
vt 1.664761 1.890918
vt 1.799802 1.920209
vt 1.798419 1.885035
vt 1.830027 1.920032
vt 1.828605 1.883850
vt 1.859735 1.919690
vt 1.858307 1.883314
vt 1.873027 1.918035
vt 1.871641 1.882790
vt 1.723823 0.714946
vt 1.713668 0.730411
vt 1.698815 0.720061
vt 1.711524 0.702610
vt 1.703622 0.746920
vt 1.688108 0.739155
vt 1.739478 0.701422
vt 1.728791 0.686843
vt 1.699254 0.763054
vt 1.681945 0.757826
vt 1.752935 0.690729
vt 1.745088 0.675120
vt 1.694299 0.783520
vt 1.677122 0.781137
vt 1.773366 0.682113
vt 1.767910 0.664920
vt 1.788122 0.676690
vt 1.785435 0.659420
vt 1.808549 0.674911
vt 1.808489 0.656858
vt 1.825907 0.674308
vt 1.828597 0.657032
vt 1.843895 0.678479
vt 1.849178 0.661192
vt 1.862510 0.683872
vt 1.870321 0.668160
vt 1.802907 0.914373
vt 1.840495 0.912264
vt 1.845288 0.929322
vt 1.802015 0.932059
vt 1.875628 0.898589
vt 1.885546 0.913288
vt 1.766532 0.904734
vt 1.760162 0.921252
vt 1.904837 0.874682
vt 1.918773 0.885640
vt 1.925138 0.842801
vt 1.941764 0.849061
vt 1.934598 0.806191
vt 1.952342 0.807183
vt 1.827932 0.337224
vt 1.826311 0.291841
vt 1.909079 0.270843
vt 1.915728 0.339928
vt 1.809836 0.249607
vt 1.886150 0.205625
vt 1.816076 0.380690
vt 1.899799 0.408428
vt 1.790659 0.417649
vt 1.862313 0.469139
vt 1.755639 0.444724
vt 1.807181 0.515285
vt 1.714748 0.459168
vt 1.739918 0.541897
vt 1.551512 0.307105
vt 1.552042 0.327784
vt 1.466666 0.325688
vt 1.468934 0.290750
vt 1.553379 0.349201
vt 1.469539 0.361410
vt 1.557323 0.284887
vt 1.477888 0.253916
vt 1.559843 0.366982
vt 1.476939 0.392619
vt 1.562886 0.266397
vt 1.489663 0.224095
vt 1.567723 0.388806
vt 1.493835 0.428485
vt 1.510954 0.190067
vt 1.576205 0.245473
vt 1.586354 0.230850
vt 1.529225 0.167746
vt 1.604080 0.215815
vt 1.556832 0.143498
vt 1.619758 0.203702
vt 1.582855 0.125883
vt 1.612758 0.111691
vt 1.638894 0.195217
vt 1.659306 0.186582
vt 1.646293 0.100673
vt 0.825446 0.634192
vt 0.576524 0.635403
vt 0.576863 0.639094
vt 0.826092 0.637851
vt 0.589024 0.638214
vt 0.576785 0.647209
vt 0.827456 0.646008
vt 0.813797 0.634631
vt 0.814371 0.638326
vt 0.589338 0.646042
vt 0.575595 0.659764
vt 0.826503 0.659377
vt 0.814659 0.646471
vt 0.801481 0.634167
vt 0.801900 0.637878
vt 0.588833 0.658422
vt 0.577378 0.686610
vt 0.823752 0.687994
vt 0.813094 0.659102
vt 0.801644 0.646005
vt 0.788645 0.633259
vt 0.788928 0.636979
vt 0.590489 0.684865
vt 0.607121 0.864450
vt 0.597539 0.865800
vt 0.810618 0.686247
vt 0.799795 0.658501
vt 0.788378 0.645134
vt 0.775417 0.632165
vt 0.775570 0.635889
vt 0.616740 0.863408
vt 0.781000 0.864014
vt 0.797537 0.684836
vt 0.786562 0.657697
vt 0.774883 0.644105
vt 0.616549 0.870203
vt 0.771479 0.862432
vt 0.784534 0.683652
vt 0.773359 0.656815
vt 0.617611 0.876367
vt 0.761891 0.861350
vt 0.771611 0.682633
vt 0.626146 0.869401
vt 0.626025 0.878734
vt 0.752270 0.860579
vt 0.626242 0.887939
vt 0.752468 0.867351
vt 0.624790 0.900297
vt 0.750314 0.876787
vt 0.615390 0.903262
vt 0.612206 0.893022
vt 0.632153 0.893549
vt 0.631332 0.907200
vt 0.748140 0.886292
vt 0.743071 0.866856
vt 0.742496 0.879972
vt 0.623305 0.909520
vt 0.617583 0.911277
vt 0.609813 0.905106
vt 0.635955 0.914167
vt 0.638475 0.898568
vt 0.627087 0.908396
vt 0.741115 0.892889
vt 0.751716 0.899543
vt 0.747001 0.898311
vt 0.624457 0.914463
vt 0.618851 0.916161
vt 0.612013 0.912990
vt 0.768731 0.905374
vt 0.628007 0.913437
vt 0.739749 0.905282
vt 0.751046 0.908175
vt 0.747598 0.907209
vt 0.623574 0.917318
vt 0.620241 0.925652
vt 0.613300 0.917816
vt 0.766289 0.913118
vt 0.763826 0.903664
vt 0.636661 0.917561
vt 0.627984 0.923624
vt 0.746410 0.912074
vt 0.734464 0.917581
vt 0.735853 0.898498
vt 0.749760 0.913072
vt 0.756284 0.909832
vt 0.758702 0.901891
vt 0.761275 0.894938
vt 0.625916 0.926275
vt 0.621254 0.929343
vt 0.615232 0.927060
vt 0.764872 0.917871
vt 0.761366 0.911499
vt 0.743879 0.922119
vt 0.747800 0.917461
vt 0.754910 0.914683
vt 0.626758 0.928822
vt 0.622038 0.932220
vt 0.616224 0.930732
vt 0.610410 0.928407
vt 0.759948 0.916300
vt 0.752074 0.923726
vt 0.626125 0.931109
vt 0.622782 0.935187
vt 0.617001 0.933602
vt 0.611397 0.932065
vt 0.757238 0.925321
vt 0.750958 0.927377
vt 0.745245 0.924694
vt 0.618370 0.938241
vt 0.612171 0.934928
vt 0.756143 0.928967
vt 0.750088 0.930225
vt 0.744884 0.926887
vt 0.613541 0.939968
vt 0.755282 0.931813
vt 0.748868 0.933049
vt 0.745806 0.929408
vt 0.753219 0.936240
vt 0.692668 0.628251
vt 0.699475 0.628298
vt 0.699045 0.631977
vt 0.692234 0.631960
vt 0.706439 0.628397
vt 0.706064 0.632117
vt 0.699099 0.640275
vt 0.692361 0.640472
vt 0.685271 0.628252
vt 0.684815 0.631930
vt 0.712651 0.628523
vt 0.712309 0.632210
vt 0.705991 0.640654
vt 0.700620 0.653048
vt 0.694078 0.652960
vt 0.685065 0.640198
vt 0.679008 0.628320
vt 0.678574 0.632025
vt 0.720298 0.628721
vt 0.720019 0.632447
vt 0.712151 0.640527
vt 0.707313 0.653298
vt 0.701037 0.679178
vt 0.694684 0.679049
vt 0.686910 0.652815
vt 0.678898 0.640471
vt 0.670731 0.632128
vt 0.671155 0.628448
vt 0.719748 0.641012
vt 0.713239 0.653427
vt 0.707531 0.679306
vt 0.698977 0.857930
vt 0.694171 0.857923
vt 0.687712 0.679015
vt 0.680843 0.652813
vt 0.671163 0.640334
vt 0.665500 0.628617
vt 0.665116 0.632323
vt 0.720541 0.653794
vt 0.713273 0.679495
vt 0.703888 0.857916
vt 0.699457 0.864604
vt 0.694439 0.864580
vt 0.688912 0.858005
vt 0.681796 0.678984
vt 0.673149 0.652809
vt 0.665617 0.640670
vt 0.658303 0.628832
vt 0.657946 0.632517
vt 0.720348 0.679727
vt 0.708239 0.858026
vt 0.704583 0.864591
vt 0.698478 0.882880
vt 0.692707 0.883138
vt 0.689187 0.864678
vt 0.684452 0.858053
vt 0.674285 0.679070
vt 0.667616 0.652891
vt 0.658549 0.640646
vt 0.652157 0.629118
vt 0.651868 0.632826
vt 0.713598 0.858149
vt 0.708915 0.864713
vt 0.704385 0.883351
vt 0.696434 0.901001
vt 0.690958 0.901637
vt 0.687440 0.883013
vt 0.684725 0.864750
vt 0.678811 0.858212
vt 0.668860 0.679132
vt 0.660491 0.653037
vt 0.652519 0.641081
vt 0.645475 0.633086
vt 0.645718 0.629394
vt 0.714241 0.864804
vt 0.709158 0.883110
vt 0.702059 0.900390
vt 0.693601 0.920238
vt 0.689137 0.920245
vt 0.685873 0.901291
vt 0.682975 0.882924
vt 0.678963 0.864965
vt 0.674743 0.858298
vt 0.661871 0.679341
vt 0.654408 0.653223
vt 0.646220 0.641153
vt 0.638965 0.629818
vt 0.638823 0.633525
vt 0.715072 0.882049
vt 0.706940 0.899741
vt 0.698812 0.920380
vt 0.684271 0.919688
vt 0.681565 0.901029
vt 0.676502 0.882784
vt 0.674797 0.865069
vt 0.669523 0.858558
vt 0.655875 0.679514
vt 0.647983 0.653498
vt 0.639594 0.641716
vt 0.712987 0.898920
vt 0.702639 0.920233
vt 0.680154 0.919244
vt 0.675227 0.900517
vt 0.671831 0.882725
vt 0.669550 0.865329
vt 0.665048 0.858757
vt 0.649538 0.679828
vt 0.641236 0.653828
vt 0.708509 0.919533
vt 0.674741 0.919634
vt 0.670652 0.900180
vt 0.666276 0.882974
vt 0.665053 0.865500
vt 0.660338 0.859102
vt 0.642847 0.680144
vt 0.669770 0.920075
vt 0.665096 0.900402
vt 0.661512 0.883198
vt 0.660327 0.865883
vt 0.655366 0.859444
vt 0.664820 0.919115
vt 0.660335 0.900640
vt 0.656576 0.883387
vt 0.655335 0.866228
vt 0.661207 0.918142
vt 0.655087 0.900621
vt 0.651373 0.883592
vt 0.655743 0.917165
vt 0.649545 0.900727
vt 0.650042 0.916296
vt 1.372511 1.936682
vt 1.352313 1.942033
vt 1.337884 1.945125
vt 1.390633 1.931638
vt 1.320677 1.948662
vt 1.407477 1.922637
vt 1.304036 1.946994
vt 1.420814 1.914397
vt 1.283672 1.943175
vt 1.269716 1.940887
vt 1.246733 1.933957
vt 1.209610 0.914465
vt 1.194546 0.919913
vt 1.182940 0.921837
vt 1.222891 0.907978
vt 1.169108 0.922963
vt 1.235150 0.900219
vt 1.156179 0.922007
vt 1.243623 0.893120
vt 1.141145 0.918588
vt 1.130457 0.915627
vt 1.114316 0.908853
vt 1.614247 1.808353
vt 1.663173 1.803053
vt 1.619563 1.816237
vt 1.603104 1.815039
vt 1.597116 1.797421
vt 1.586458 1.804789
vt 1.579965 1.786902
vt 1.564864 1.777758
vt 1.564930 1.756139
vt 1.548320 1.742172
vt 1.553095 1.703553
vt 1.541675 1.704710
vt 1.554278 1.651080
vt 1.540334 1.663407
vt 1.563081 1.620217
vt 1.549437 1.625471
vt 1.574753 1.600622
vt 1.568365 1.592123
vt 1.591459 1.588221
vt 1.582232 1.581806
vt 1.640929 1.583028
vt 1.601555 1.580794
vt 1.695280 0.801585
vt 1.696750 0.821167
vt 1.679785 0.824483
vt 1.677198 0.802358
vt 1.703065 0.837263
vt 1.686116 0.843925
vt 1.710963 0.856255
vt 1.695578 0.865832
vt 1.734879 0.884976
vt 1.723632 0.898624
vt 1.932229 0.768517
vt 1.949427 0.764219
vt 1.918368 0.733542
vt 1.933247 0.724793
vt 1.894269 0.704375
vt 1.906782 0.691766
vt 1.879827 0.694450
vt 1.890319 0.679698
vt 1.781987 0.215035
vt 1.745719 0.191616
vt 1.784296 0.111337
vt 1.843255 0.150406
vt 1.703146 0.182581
vt 1.715505 0.094019
vt 1.682700 0.184177
vt 1.682970 0.095305
vt 1.672459 0.459854
vt 1.667376 0.545790
vt 1.630757 0.447179
vt 1.597345 0.526178
vt 1.564103 0.505516
vt 1.610971 0.434141
vt 1.594143 0.422618
vt 1.538450 0.484483
vt 1.580341 0.405296
vt 1.513380 0.457125
vt 0.625873 0.630749
vt 0.631940 0.630238
vt 0.631888 0.633938
vt 0.625949 0.634444
vt 0.632739 0.641957
vt 0.626855 0.642577
vt 0.613117 0.631987
vt 0.613359 0.635673
vt 0.634178 0.654291
vt 0.628113 0.654711
vt 0.614215 0.643608
vt 0.600895 0.637007
vt 0.635843 0.680623
vt 0.629786 0.681025
vt 0.615007 0.655785
vt 0.601698 0.644861
vt 0.650181 0.859927
vt 0.645697 0.860318
vt 0.616704 0.682109
vt 0.601928 0.657083
vt 0.650129 0.866763
vt 0.645620 0.867194
vt 0.636031 0.861336
vt 0.603602 0.683377
vt 0.646385 0.883171
vt 0.642084 0.882811
vt 0.635889 0.868285
vt 0.626377 0.862397
vt 0.643690 0.899450
vt 0.633780 0.881031
vt 0.761902 0.631035
vt 0.761922 0.634762
vt 0.761209 0.643072
vt 0.748190 0.629944
vt 0.748121 0.633670
vt 0.760160 0.655950
vt 0.747419 0.642169
vt 0.740559 0.633247
vt 0.740662 0.629542
vt 0.758754 0.681748
vt 0.746940 0.655189
vt 0.739990 0.641545
vt 0.734224 0.629238
vt 0.734051 0.632982
vt 0.742631 0.859909
vt 0.745937 0.680986
vt 0.739847 0.654662
vt 0.733585 0.641532
vt 0.727053 0.628956
vt 0.726818 0.632653
vt 0.732973 0.859239
vt 0.739047 0.680621
vt 0.733754 0.654422
vt 0.726463 0.640967
vt 0.733508 0.866139
vt 0.727762 0.858913
vt 0.733145 0.680298
vt 0.726949 0.653995
vt 0.735022 0.882326
vt 0.728318 0.865739
vt 0.723294 0.858611
vt 0.726550 0.680005
vt 0.730057 0.882408
vt 0.723876 0.865368
vt 0.718298 0.858381
vt 0.729991 0.898896
vt 0.725805 0.882472
vt 0.718907 0.865100
vt 0.727785 0.915908
vt 0.724986 0.899269
vt 0.720271 0.882258
vt 0.721665 0.914648
vt 0.718791 0.899049
vt 0.714915 0.916568
vt 1.159395 1.883403
vt 1.131155 1.863653
vt 1.152923 1.836344
vt 1.179996 1.850479
vt 1.188522 1.897734
vt 1.203676 1.862388
vt 1.216323 1.914895
vt 1.239714 1.935612
vt 1.522471 1.821766
vt 1.471971 1.871064
vt 1.448612 1.840263
vt 1.490924 1.791145
vt 1.453297 1.891025
vt 1.430555 1.858002
vt 1.436384 1.911498
vt 1.618290 1.925278
vt 1.068000 0.873970
vt 1.652287 1.891408
vt 1.653563 1.923891
vt 1.078081 0.836872
vt 1.089354 0.848681
vt 1.081843 0.886727
vt 1.099454 0.859569
vt 1.111552 0.869501
vt 1.938165 1.879378
vt 1.266976 0.866477
vt 1.287542 0.829562
vt 1.255737 0.880708
vt 1.243388 0.844749
vt 1.256613 0.814203
vt 1.887933 1.916457
vt 1.886520 1.880433
vt 1.416968 1.861167
vt 1.427707 1.844533
vt 1.454263 1.805726
vt 1.207984 1.849250
vt 1.224372 1.864172
vt 1.237906 1.881857
vt 1.054378 0.860426
vt 1.918347 1.913490
vt 1.609457 1.892625
vt 1.186586 1.840251
vt 0.760165 0.933308
vt 0.758647 0.938306
vt 0.761022 0.930464
vt 0.762109 0.926826
vt 0.783186 0.882408
vt 0.601511 0.896881
vt 0.604657 0.906806
vt 0.606835 0.914571
vt 0.608113 0.919332
vt 0.790404 0.866158
vt 0.597970 0.871927
vt 0.600032 0.877930
vt 0.786598 0.876065
vt 0.564303 0.688704
vt 0.562186 0.661142
vt 0.563923 0.647776
vt 0.565134 0.639330
vt 0.564822 0.635619
vt 1.506668 1.262573
vt 1.512412 1.198933
vn 0.004012 0.951715 -0.306956
vn -0.004022 0.891000 -0.453986
vn 0.860014 0.454654 -0.231657
vn 0.887936 0.439151 -0.136805
vn -0.010629 0.812089 -0.583438
vn -0.017422 0.707000 -0.706999
vn 0.843634 0.379658 -0.379658
vn 0.870465 0.402182 -0.283796
vn -0.027152 0.453823 -0.890678
vn -0.029962 0.315609 -0.948416
vn 0.827305 0.179103 -0.532436
vn 0.815457 0.262778 -0.515731
vn -0.032266 0.156353 -0.987174
vn 0.792282 0.095450 -0.602643
vn -0.032630 -0.047444 -0.998341
vn -0.030105 -0.307324 -0.951129
vn 0.792008 -0.189602 -0.580323
vn 0.815085 -0.027501 -0.578688
vn -0.022662 -0.585121 -0.810629
vn 0.785540 -0.365274 -0.499502
vn -0.011039 -0.806452 -0.591196
vn 0.789943 -0.497604 -0.358302
vn 0.003652 -0.949491 -0.313774
vn 0.804033 -0.566398 -0.180899
vn 0.019985 -0.999787 -0.005256
vn 0.824418 -0.565974 0.002987
vn 0.036355 -0.951957 0.304066
vn 0.846909 -0.504881 0.166854
vn 0.051143 -0.810438 0.583588
vn 0.868011 -0.400460 0.293579
vn 0.062885 -0.589101 0.805609
vn 0.885679 -0.271736 0.376473
vn 0.070425 -0.309780 0.948196
vn 0.899183 -0.134536 0.416377
vn 0.073023 0.000000 0.997330
vn 0.908563 0.000000 0.417749
vn 0.071258 0.254059 0.964560
vn 0.915338 0.101475 0.389692
vn 0.067048 0.452969 0.889002
vn 0.898014 0.199741 0.392013
vn 0.062996 0.586249 0.807678
vn 0.057366 0.705943 0.705942
vn 0.898537 0.310348 0.310348
vn 0.916165 0.233427 0.325813
vn 0.044014 0.890143 0.453550
vn 0.037348 0.945698 0.322894
vn 0.908629 0.393854 0.138824
vn 0.896386 0.394961 0.201242
vn 0.028289 0.987293 0.156372
vn 0.891776 0.446907 0.070783
vn 0.011733 0.987621 -0.156422
vn 0.878721 0.471459 -0.074671
vn 1.000000 0.000000 0.000001
vn 1.000000 0.000000 0.000002
vn 1.000000 -0.000000 0.000000
vn 1.000000 -0.000000 -0.000000
vn 1.000000 -0.000001 0.000000
vn 1.000000 0.000000 0.000000
vn 1.000000 -0.000003 -0.000000
vn 1.000000 -0.000003 -0.000000
vn 1.000000 -0.000001 -0.000000
vn 1.000000 -0.000003 -0.000000
vn 1.000000 0.000000 0.000000
vn 1.000000 0.000001 -0.000000
vn 1.000000 0.000001 -0.000000
vn 1.000000 0.000000 0.000001
vn 1.000000 0.000000 0.000000
vn 1.000000 0.000001 -0.000000
vn 1.000000 -0.000001 0.000000
vn 1.000000 -0.000001 -0.000001
vn 1.000000 0.000001 -0.000000
vn 1.000000 0.000000 0.000000
vn 1.000000 -0.000003 0.000000
vn 1.000000 -0.000001 -0.000000
vn 1.000000 -0.000003 0.000001
vn 1.000000 0.000001 -0.000001
vn 1.000000 0.000001 -0.000001
vn 1.000000 -0.000001 0.000001
vn 1.000000 0.000000 0.000000
vn 1.000000 -0.000001 0.000000
vn 1.000000 -0.000001 0.000001
vn 1.000000 -0.000001 -0.000001
vn 0.446730 0.007196 0.894640
vn 0.453130 -0.271024 0.849246
vn 0.450409 -0.523366 0.723339
vn 0.438558 -0.727848 0.527166
vn 0.418156 -0.865254 0.276552
vn 0.390555 -0.920552 -0.007074
vn 0.358052 -0.885114 -0.297276
vn 0.323885 -0.759176 -0.564580
vn 0.291893 -0.553406 -0.780090
vn 0.265821 -0.288381 -0.919878
vn 0.245649 -0.038531 -0.968593
vn 0.256749 0.151191 -0.954579
vn 0.243541 0.312785 -0.918071
vn 0.257440 0.438688 -0.860975
vn 0.266077 0.681617 -0.681617
vn 0.265286 0.784548 -0.560453
vn 0.291457 0.852323 -0.434280
vn 0.288816 0.911150 -0.293924
vn 0.318022 0.936411 -0.148311
vn 0.348660 0.925710 0.146618
vn 0.354802 0.886329 0.297550
vn 0.386401 0.821803 0.418729
vn 0.419902 0.641749 0.641748
vn 0.409754 0.541839 0.733834
vn 0.443922 0.406805 0.798401
vn 0.435020 0.235896 0.868971
vn 0.335968 -0.007941 0.941840
vn 0.341275 -0.295392 0.892342
vn 0.339493 -0.554454 0.759819
vn 0.330865 -0.762583 0.555874
vn 0.315958 -0.900844 0.297743
vn 0.295601 -0.955280 0.007703
vn 0.271145 -0.918443 -0.287998
vn 0.244878 -0.790904 -0.560808
vn 0.219687 -0.582571 -0.782527
vn 0.198395 -0.312735 -0.928890
vn 0.190638 -0.054050 -0.980171
vn 0.168155 0.154207 -0.973624
vn 0.175233 0.307175 -0.935381
vn 0.163308 0.447895 -0.879045
vn 0.169723 0.696848 -0.696848
vn 0.188286 0.800940 -0.568369
vn 0.180880 0.876310 -0.446502
vn 0.206807 0.934134 -0.290902
vn 0.201594 0.967411 -0.153221
vn 0.226191 0.962090 0.152380
vn 0.257589 0.909624 0.325932
vn 0.251478 0.862372 0.439401
vn 0.277519 0.679332 0.679332
vn 0.305850 0.547908 0.778622
vn 0.298947 0.433229 0.850261
vn 0.331232 0.230950 0.914848
vn 0.470566 0.228459 0.852276
vn 0.472849 0.002713 0.881139
vn 0.433737 -0.279036 0.856745
vn 0.385080 -0.545746 0.744228
vn 0.330695 -0.767752 0.548815
vn 0.276880 -0.916875 0.287537
vn 0.232024 -0.972642 -0.011518
vn 0.203896 -0.927299 -0.313917
vn 0.195851 -0.786686 -0.585464
vn 0.207241 -0.567445 -0.796905
vn 0.235470 -0.294155 -0.926297
vn 0.236081 -0.043347 -0.970766
vn 0.316292 0.148404 -0.936982
vn 0.332443 0.298613 -0.894601
vn 0.376536 0.420577 -0.825431
vn 0.423650 0.640516 -0.640515
vn 0.428966 0.731739 -0.529666
vn 0.479677 0.781809 -0.398352
vn 0.465959 0.840617 -0.276125
vn 0.513194 0.847706 -0.134263
vn 0.537940 0.832605 0.131872
vn 0.513966 0.813781 0.271291
vn 0.554803 0.741301 0.377713
vn 0.553672 0.588833 0.588832
vn 0.515222 0.507854 0.690385
vn 0.544856 0.380684 0.747135
vn 0.454898 0.404298 0.793481
vn 0.463442 0.221183 0.858079
vn 0.463012 -0.002425 0.886349
vn 0.460155 -0.274908 0.844206
vn 0.456936 -0.521753 0.720405
vn 0.453640 -0.719141 0.526352
vn 0.450547 -0.847624 0.280252
vn 0.447918 -0.894057 0.005619
vn 0.445988 -0.853088 -0.270804
vn 0.444953 -0.727979 -0.521597
vn 0.444944 -0.530579 -0.721465
vn 0.446007 -0.280333 -0.849995
vn 0.447054 -0.044582 -0.893395
vn 0.437624 0.140660 -0.888088
vn 0.450937 0.282695 -0.846605
vn 0.440756 0.407514 -0.799792
vn 0.444767 0.633317 -0.633318
vn 0.457694 0.726029 -0.513223
vn 0.447625 0.796757 -0.405968
vn 0.461084 0.847205 -0.263903
vn 0.451299 0.881386 -0.139597
vn 0.454424 0.879818 0.139350
vn 0.465175 0.834384 0.295662
vn 0.455151 0.793365 0.404240
vn 0.455073 0.629647 0.629646
vn 0.466469 0.513168 0.720462
vn 0.230784 -0.565909 0.791508
vn 0.256646 -0.776315 0.575733
vn 0.289806 -0.906943 0.305724
vn 0.326575 -0.945114 0.010427
vn 0.362990 -0.889028 -0.279047
vn 0.395411 -0.747418 -0.533869
vn 0.420962 -0.537121 -0.730953
vn 0.437688 -0.279778 -0.854490
vn 0.443515 -0.041680 -0.895298
vn 0.448176 0.139844 -0.882939
vn 0.440638 0.288464 -0.850074
vn 0.440344 0.407606 -0.799972
vn 0.423587 0.640536 -0.640537
vn 0.403347 0.750318 -0.523770
vn 0.397250 0.817686 -0.416631
vn 0.373187 0.887329 -0.270883
vn 0.365962 0.919173 -0.145581
vn 0.331157 0.931959 0.147608
vn 0.298016 0.898621 0.321975
vn 0.293361 0.851804 0.434016
vn 0.258707 0.683034 0.683034
vn 0.238682 0.563443 0.790925
vn 0.234500 0.441331 0.866162
vn 0.213259 0.245526 0.945641
vn 0.211251 0.001113 0.977431
vn 0.215088 -0.297488 0.930182
vn -0.061634 -0.587073 0.807185
vn -0.036961 -0.808831 0.586879
vn -0.006187 -0.951243 0.308380
vn 0.027534 -0.999621 -0.000622
vn 0.060775 -0.949139 -0.308937
vn 0.090255 -0.805496 -0.585689
vn 0.113210 -0.583828 -0.803946
vn 0.127606 -0.306420 -0.943305
vn 0.132210 -0.047110 -0.990102
vn 0.132956 0.155045 -0.978920
vn 0.126231 0.314571 -0.940803
vn 0.122136 0.450592 -0.884336
vn 0.102455 0.703385 -0.703386
vn 0.086568 0.811290 -0.578199
vn 0.074029 0.888562 -0.452745
vn 0.056823 0.951537 -0.302239
vn 0.041835 0.986824 -0.156296
vn 0.007842 0.987658 0.156429
vn -0.011879 0.944889 0.327174
vn -0.025397 0.890719 0.453844
vn -0.053335 0.706101 0.706100
vn -0.063748 0.584051 0.809210
vn -0.072864 0.452784 0.888638
vn -0.080792 0.252670 0.964173
vn -0.083579 -0.000070 0.996501
vn -0.077706 -0.308374 0.948086
vn -0.067202 0.253215 0.965073
vn -0.067364 0.000065 0.997728
vn -0.066741 -0.308703 0.948814
vn -0.065454 -0.587186 0.806801
vn -0.063639 -0.808058 0.585655
vn -0.061487 -0.949685 0.307111
vn -0.059219 -0.998244 -0.001485
vn -0.057060 -0.949063 -0.309878
vn -0.055217 -0.807052 -0.587893
vn -0.053862 -0.586181 -0.808388
vn -0.053113 -0.308083 -0.949876
vn -0.052931 -0.047343 -0.997475
vn -0.052546 0.156218 -0.986324
vn -0.053662 0.316461 -0.947086
vn -0.053482 0.453341 -0.889731
vn -0.054971 0.706038 -0.706037
vn -0.056644 0.812630 -0.580021
vn -0.056951 0.889561 -0.453253
vn -0.058708 0.951182 -0.302996
vn -0.059127 0.985961 -0.156159
vn -0.061350 0.985828 0.156139
vn -0.063197 0.943327 0.325793
vn -0.063392 0.889214 0.453077
vn -0.065024 0.705610 0.705611
vn -0.066447 0.584381 0.808754
vn -0.066126 0.452998 0.889056
vn -0.061740 0.253021 0.965489
vn -0.060524 0.000337 0.998167
vn -0.059160 -0.308036 0.949534
vn -0.058300 -0.586336 0.807967
vn -0.058168 -0.807356 0.587191
vn -0.059006 -0.949297 0.308795
vn -0.060324 -0.998179 0.000472
vn -0.061473 -0.949437 -0.307880
vn -0.062810 -0.807591 -0.586389
vn -0.064660 -0.586569 -0.807314
vn -0.066625 -0.308180 -0.948992
vn -0.068056 -0.047061 -0.996571
vn -0.068281 0.156098 -0.985379
vn -0.069805 0.316970 -0.945863
vn -0.069444 0.452885 -0.888860
vn -0.070015 0.705385 -0.705358
vn -0.070307 0.812558 -0.578625
vn -0.068108 0.888353 -0.454083
vn -0.066980 0.951046 -0.301705
vn -0.065254 0.985587 -0.156080
vn -0.066067 0.985314 0.157453
vn -0.067421 0.942296 0.327923
vn -0.066405 0.889029 0.453009
vn -0.064465 0.705650 0.705622
vn -0.064157 0.583711 0.809423
vn -0.062463 0.453090 0.889274
vn -0.068060 0.217030 -0.973789
vn -0.057287 0.218094 -0.974245
vn -0.032696 0.387496 -0.921291
vn -0.061431 0.364793 -0.929060
vn -0.028123 -0.432373 0.901256
vn -0.009911 -0.622053 0.782912
vn -0.151277 -0.860264 0.486889
vn -0.065043 -0.743968 0.665042
vn -0.779547 -0.611110 0.137300
vn -0.683646 -0.715624 0.143212
vn -0.504789 -0.849124 0.155486
vn -0.667204 -0.743400 0.046851
vn -0.210691 -0.892646 -0.398487
vn -0.143630 -0.934284 -0.326317
vn -0.033472 -0.783128 -0.620960
vn -0.068962 -0.715781 -0.694911
vn -0.070778 -0.349561 -0.934236
vn -0.152860 -0.625193 -0.765355
vn -0.289732 -0.701543 -0.651070
vn -0.102211 -0.475004 -0.874028
vn -0.062263 -0.043061 -0.997130
vn -0.059143 -0.077189 -0.995261
vn -0.053337 -0.166167 -0.984654
vn -0.056235 0.112052 -0.992110
vn -0.299109 -0.917316 -0.262801
vn -0.328961 -0.944301 0.008916
vn -0.846082 -0.531298 0.043220
vn -0.720535 -0.680761 -0.131886
vn -0.235029 -0.808640 -0.539317
vn -0.518323 -0.746289 -0.417605
vn -0.233215 -0.938973 -0.252863
vn -0.433051 -0.884142 -0.175388
vn -0.646394 -0.755485 0.106846
vn -0.600164 -0.799477 -0.025300
vn -0.778036 -0.619619 0.103599
vn -0.813945 -0.574671 0.085133
vn -0.301345 -0.912959 0.275130
vn -0.231086 -0.807630 0.542525
vn -0.635478 -0.698342 0.329373
vn -0.847571 -0.519073 0.110389
vn -0.036998 -0.340091 0.939664
vn -0.025736 0.000315 0.999669
vn 0.032778 -0.073598 0.996749
vn -0.019051 -0.461962 0.886695
vn -0.129460 -0.617712 0.775676
vn -0.273477 -0.707801 0.651328
vn -0.245379 -0.958639 0.144224
vn -0.321619 -0.879175 0.351586
vn 0.026621 0.870991 0.490577
vn 0.034015 0.884248 0.465778
vn 0.082518 0.853859 0.513921
vn 0.048142 0.842727 0.536185
vn -0.004048 0.264687 0.964326
vn 0.008771 0.198490 0.980064
vn -0.089788 0.181124 0.979353
vn -0.012942 0.010837 0.999858
vn -0.070149 0.261840 0.962559
vn -0.099210 0.436032 0.894446
vn -0.044484 0.390038 0.919724
vn -0.011349 0.209672 0.977706
vn -0.154665 0.895537 0.417244
vn -0.094245 0.935926 0.339354
vn -0.027300 0.889412 0.456290
vn -0.062866 0.857773 0.510170
vn -0.136791 0.578785 0.803926
vn -0.152751 0.677929 0.719082
vn -0.073596 0.639055 0.765632
vn -0.056690 0.515851 0.854800
vn -0.174075 0.855012 0.488521
vn -0.080102 0.829487 0.552752
vn 0.096741 0.525333 0.845380
vn 0.055034 0.295117 0.953875
vn 0.029382 0.354503 0.934593
vn 0.043964 0.564941 0.823959
vn 0.059652 0.798634 0.598854
vn 0.116478 0.793327 0.597549
vn -0.066715 0.800464 -0.595656
vn -0.051747 0.837179 -0.544476
vn -0.066652 0.966630 -0.247355
vn -0.065326 0.948412 -0.310239
vn -0.090487 0.923183 -0.373557
vn -0.140540 0.814703 -0.562590
vn -0.112747 0.784086 -0.610325
vn -0.074967 0.922765 -0.378002
vn -0.060909 0.989270 -0.132796
vn -0.046141 0.994506 -0.093966
vn -0.053663 0.998107 -0.030038
vn -0.067342 0.997725 0.003193
vn -0.133787 0.343580 -0.929545
vn -0.092233 0.175930 -0.980072
vn -0.087430 0.200210 -0.975844
vn -0.112161 0.355857 -0.927786
vn -0.171965 0.758415 -0.628677
vn -0.185472 0.684005 -0.705505
vn -0.135206 0.687076 -0.713895
vn -0.126119 0.743375 -0.656877
vn -0.161975 0.461968 -0.871980
vn -0.131981 0.481664 -0.866361
vn 0.023355 0.773050 -0.633915
vn -0.014971 0.809388 -0.587084
vn -0.043847 0.780196 -0.623997
vn -0.022259 0.729621 -0.683490
vn -0.051924 0.496881 -0.866264
vn -0.014016 0.497983 -0.867074
vn 0.051324 0.807948 0.587015
vn 0.914697 0.324922 0.240323
vn 0.381813 0.751515 0.538000
vn 0.282691 0.767031 0.575977
vn 0.519599 0.694811 0.497247
vn 0.466710 0.709814 0.527585
vn 0.267092 0.772342 0.576325
vn -0.039956 0.806194 0.590300
vn -0.065012 0.805539 0.588965
vn -0.066130 0.804633 0.590079
vn -0.172382 0.781803 0.599223
vn -0.075872 0.736544 0.672121
vn 0.062020 0.664481 0.744727
vn 0.122458 0.642471 0.756462
vn 0.020971 0.999690 0.013428
vn 0.899553 0.436689 0.010403
vn 0.322534 0.946504 0.010113
vn 0.230691 0.972683 0.025890
vn 0.498398 0.866929 0.005893
vn 0.463319 0.885921 0.021886
vn 0.335261 0.941716 0.027776
vn 0.021609 0.999604 0.018009
vn -0.061030 0.997989 0.017133
vn -0.066034 0.997620 0.019861
vn -0.069227 0.990149 0.121708
vn -0.029549 0.972179 0.232368
vn -0.015495 0.958098 0.286022
vn -0.022570 0.956699 0.290203
vn -0.022340 0.593454 -0.804558
vn 0.849556 0.315738 -0.422568
vn 0.249485 0.578851 -0.776330
vn 0.177242 0.584995 -0.791433
vn 0.383651 0.547150 -0.743935
vn 0.454201 0.532107 -0.714537
vn 0.426473 0.544305 -0.722394
vn 0.110450 0.592181 -0.798200
vn -0.054908 0.594533 -0.802194
vn -0.070615 0.595048 -0.800582
vn -0.179975 0.586329 -0.789827
vn -0.143436 0.587403 -0.796482
vn -0.038412 0.606837 -0.793898
vn 0.018544 0.660985 -0.750170
vn -0.027737 -0.992534 0.118775
vn -0.027737 -0.992534 0.118775
vn -0.027737 -0.992534 0.118775
vn -0.027737 -0.992534 0.118775
vn 0.105693 -0.993241 -0.047965
vn 0.105693 -0.993241 -0.047965
vn 0.105693 -0.993241 -0.047965
vn 0.105693 -0.993241 -0.047965
vn 0.143469 -0.985656 -0.088882
vn 0.143469 -0.985656 -0.088882
vn 0.143469 -0.985656 -0.088882
vn 0.143469 -0.985656 -0.088882
vn 0.132800 -0.984934 0.110765
vn 0.132800 -0.984934 0.110765
vn 0.132800 -0.984934 0.110765
vn 0.132800 -0.984934 0.110765
vn 0.135841 -0.989651 0.046231
vn 0.135841 -0.989651 0.046231
vn 0.135841 -0.989651 0.046231
vn 0.135841 -0.989651 0.046231
vn 0.190689 -0.975696 -0.107959
vn 0.190689 -0.975696 -0.107959
vn 0.190689 -0.975696 -0.107959
vn 0.190689 -0.975696 -0.107959
vn 0.110485 -0.993878 0.000000
vn 0.110485 -0.993878 0.000000
vn 0.110485 -0.993878 0.000000
vn 0.110485 -0.993878 0.000000
vn 0.110485 -0.993878 -0.000003
vn 0.110485 -0.993878 -0.000003
vn 0.110485 -0.993878 -0.000003
vn 0.110485 -0.993878 -0.000003
vn 0.110485 -0.993878 0.000001
vn 0.110485 -0.993878 0.000001
vn 0.110485 -0.993878 0.000001
vn 0.110485 -0.993878 0.000001
vn 0.110485 -0.993878 0.000003
vn 0.110485 -0.993878 0.000003
vn 0.110485 -0.993878 0.000003
vn 0.110485 -0.993878 0.000003
vn -0.359404 -0.929879 0.078453
vn -0.359404 -0.929879 0.078453
vn -0.359404 -0.929879 0.078453
vn -0.359404 -0.929879 0.078453
vn -0.271340 -0.952216 -0.140215
vn -0.271340 -0.952216 -0.140215
vn -0.271340 -0.952216 -0.140215
vn -0.271340 -0.952216 -0.140215
vn -0.384986 -0.922923 0.000000
vn -0.384985 -0.922923 0.000000
vn -0.384985 -0.922923 0.000000
vn -0.384986 -0.922923 0.000000
vn -0.384983 -0.922924 0.000000
vn -0.384983 -0.922924 0.000000
vn -0.384983 -0.922924 0.000000
vn -0.384983 -0.922924 0.000000
vn -0.384984 -0.922923 0.000001
vn -0.384984 -0.922923 0.000001
vn -0.384984 -0.922923 0.000001
vn -0.384984 -0.922923 0.000001
vn -0.384984 -0.922923 0.000000
vn -0.384984 -0.922923 0.000000
vn -0.384984 -0.922923 0.000000
vn -0.384984 -0.922923 0.000000
vn -0.384986 -0.922923 0.000000
vn -0.384986 -0.922923 0.000000
vn -0.384986 -0.922923 0.000000
vn -0.384986 -0.922923 0.000000
vn -0.384984 -0.922923 0.000000
vn -0.384984 -0.922923 0.000000
vn -0.384984 -0.922923 0.000000
vn -0.384984 -0.922923 0.000000
vn -0.384984 -0.922923 0.000000
vn -0.384984 -0.922923 0.000000
vn -0.384984 -0.922923 0.000000
vn -0.384984 -0.922923 0.000000
vn -0.384984 -0.922923 -0.000001
vn -0.384984 -0.922923 -0.000001
vn -0.384984 -0.922923 -0.000001
vn -0.384984 -0.922923 -0.000001
vn -0.370224 -0.928943 0.000002
vn -0.370224 -0.928943 0.000002
vn -0.370224 -0.928943 0.000002
vn -0.370224 -0.928943 0.000002
vn -0.370229 -0.928940 -0.000008
vn -0.370229 -0.928940 -0.000008
vn -0.370229 -0.928940 -0.000008
vn -0.370229 -0.928940 -0.000008
vn -0.370226 -0.928942 -0.000004
vn -0.370226 -0.928942 -0.000004
vn -0.370226 -0.928942 -0.000004
vn -0.370226 -0.928942 -0.000004
vn -0.370229 -0.928941 0.000000
vn -0.370229 -0.928941 0.000000
vn -0.370229 -0.928941 0.000000
vn -0.370229 -0.928941 0.000000
vn -0.370228 -0.928941 0.000000
vn -0.370228 -0.928941 0.000000
vn -0.370228 -0.928941 0.000000
vn -0.370228 -0.928941 0.000000
vn -0.370229 -0.928941 0.000000
vn -0.370229 -0.928941 0.000000
vn -0.370229 -0.928941 0.000000
vn -0.370229 -0.928941 0.000000
vn -0.370229 -0.928941 0.000000
vn -0.370229 -0.928941 0.000000
vn -0.370229 -0.928941 0.000000
vn -0.370229 -0.928941 0.000000
vn -0.370229 -0.928941 0.000000
vn -0.370229 -0.928941 0.000000
vn -0.370229 -0.928941 0.000000
vn -0.370229 -0.928941 0.000000
vn -0.046360 -0.997608 -0.051277
vn -0.046360 -0.997608 -0.051277
vn -0.046360 -0.997608 -0.051277
vn -0.046360 -0.997608 -0.051277
vn 0.000000 -1.000000 0.000000
vn 0.000000 -1.000000 0.000000
vn 0.000000 -1.000000 0.000000
vn 0.000000 -1.000000 0.000000
vn 0.000000 -1.000000 0.000000
vn 0.000000 -1.000000 0.000000
vn 0.000000 -1.000000 0.000000
vn 0.000000 -1.000000 0.000000
vn 0.000000 -1.000000 0.000000
vn 0.000000 -1.000000 0.000000
vn 0.000000 -1.000000 0.000000
vn 0.000000 -1.000000 0.000000
vn -0.483364 -0.874351 -0.043246
vn -0.483364 -0.874351 -0.043246
vn -0.483364 -0.874351 -0.043246
vn -0.483364 -0.874351 -0.043246
vn -0.525549 -0.850069 0.034358
vn -0.525549 -0.850069 0.034358
vn -0.525549 -0.850069 0.034358
vn -0.525549 -0.850069 0.034358
vn -0.510423 -0.858031 0.057028
vn -0.510423 -0.858031 0.057028
vn -0.510423 -0.858031 0.057028
vn -0.510423 -0.858030 0.057028
vn -0.077427 -0.993543 0.082927
vn -0.077427 -0.993543 0.082927
vn -0.077427 -0.993543 0.082927
vn -0.077427 -0.993543 0.082927
vn 0.000000 -1.000000 -0.000002
vn 0.000000 -1.000000 -0.000002
vn 0.000000 -1.000000 -0.000002
vn 0.000000 -1.000000 -0.000002
vn -0.410360 -0.910827 0.044719
vn -0.410360 -0.910827 0.044719
vn -0.410360 -0.910827 0.044719
vn -0.410360 -0.910827 0.044719
vn -0.965171 0.099161 -0.242100
vn -0.973148 0.071888 -0.218667
vn -0.973148 0.071888 -0.218667
vn -0.964386 0.101615 -0.244199
vn -0.981885 0.163827 0.095198
vn -0.978743 0.168794 0.116498
vn -0.978284 0.167334 0.122308
vn -0.981446 0.166082 0.095820
vn -0.953843 -0.010241 0.300131
vn -0.952835 -0.026830 0.302301
vn -0.952639 -0.029625 0.302658
vn -0.953843 -0.010241 0.300131
vn -0.949357 -0.078183 0.304317
vn -0.948749 -0.096686 0.300878
vn -0.948025 -0.101388 0.301612
vn -0.949627 -0.078702 0.303340
vn -0.949870 -0.111438 0.292112
vn -0.977050 -0.000140 0.213010
vn -0.983525 0.054654 0.172315
vn -0.953622 -0.099642 0.284036
vn -0.993631 0.098389 -0.054932
vn -0.994486 0.066235 -0.081311
vn -0.994452 0.071198 -0.077434
vn -0.993651 0.097975 -0.055305
vn -0.975012 0.159604 0.154527
vn -0.989150 0.136552 0.054186
vn -0.988801 0.137484 0.058053
vn -0.975000 0.159676 0.154527
vn -0.988745 -0.020366 -0.148218
vn -0.938397 -0.215932 -0.269784
vn -0.898834 -0.411442 0.151042
vn -0.898732 -0.376929 0.224065
vn -0.920944 -0.218034 -0.322991
vn -0.955228 0.004635 -0.295836
vn -0.953476 -0.021196 -0.300723
vn -0.916771 -0.235687 -0.322462
vn -0.302350 -0.134271 0.943693
vn -0.342230 -0.141217 0.928944
vn -0.370405 -0.140324 0.918210
vn -0.455637 -0.123078 0.881616
vn -0.321534 -0.812966 -0.485492
vn -0.341316 -0.904262 -0.256543
vn -0.442539 -0.854890 -0.270782
vn -0.424338 -0.777914 -0.463451
vn -0.308336 -0.105359 -0.945425
vn -0.303893 -0.196152 -0.932295
vn -0.573201 -0.204949 -0.793370
vn -0.370986 -0.110232 -0.922073
vn -0.283936 -0.392734 -0.874723
vn -0.294529 -0.481625 -0.825403
vn -0.403786 -0.441929 -0.801034
vn -0.395806 -0.383791 -0.834292
vn -0.317059 -0.718354 -0.619226
vn -0.319675 -0.794356 -0.516533
vn -0.392356 -0.772291 -0.499624
vn -0.390924 -0.667639 -0.633591
vn -0.301514 -0.778024 0.551152
vn -0.289796 -0.746465 0.599007
vn -0.341916 -0.745760 0.571783
vn -0.368162 -0.751249 0.547798
vn -0.339077 -0.940582 0.018254
vn -0.335149 -0.914298 0.227454
vn -0.416791 -0.883357 0.214395
vn -0.455020 -0.890116 0.025516
vn -0.300618 -0.530062 0.792883
vn -0.313997 -0.694778 0.647062
vn -0.263966 -0.454132 0.850932
vn -0.265315 -0.296932 0.917300
vn -0.413268 -0.285920 0.864557
vn -0.316000 -0.448286 0.836172
vn -0.178162 0.135811 -0.974584
vn -0.220876 0.165390 -0.961176
vn -0.944621 -0.324228 -0.050677
vn -0.943046 -0.294946 -0.153858
vn -0.220763 0.194022 0.955834
vn -0.289026 0.042645 0.956371
vn -0.575584 0.316889 0.753846
vn -0.314713 0.347277 0.883376
vn -0.960594 -0.260840 -0.096030
vn -0.970569 -0.012609 0.240491
vn -0.600718 -0.649544 0.466080
vn -0.696062 -0.594004 0.403307
vn -0.808367 -0.566452 0.160236
vn -0.882633 -0.467067 0.052990
vn -0.578408 -0.577640 0.576000
vn -0.519353 -0.684831 0.511154
vn -0.075286 0.346090 -0.935176
vn -0.789137 0.095554 -0.606739
vn 0.000926 0.205674 -0.978620
vn 0.008959 0.210123 -0.977634
vn -0.087027 0.179578 -0.979887
vn -0.091948 0.191193 -0.977236
vn -0.253508 0.884301 0.392103
vn -0.282710 0.932994 0.222704
vn -0.448895 0.868661 0.209572
vn -0.430235 0.829667 0.355740
vn -0.000752 0.090062 0.995936
vn -0.017992 0.211177 0.977282
vn -0.108495 0.202659 0.973220
vn -0.091513 0.079937 0.992590
vn -0.068693 0.464509 0.882900
vn -0.107656 0.545285 0.831309
vn -0.225387 0.537069 0.812870
vn -0.179129 0.471418 0.863526
vn -0.184015 0.772629 0.607605
vn -0.225991 0.862592 0.452618
vn -0.393785 0.817976 0.419345
vn -0.339671 0.738896 0.581942
vn -0.250387 0.859087 -0.446403
vn -0.223665 0.835998 -0.501081
vn -0.402010 0.797213 -0.450377
vn -0.413152 0.808432 -0.419218
vn -0.296319 0.954773 0.024575
vn -0.290848 0.946116 -0.142379
vn -0.460575 0.877391 -0.134368
vn -0.480510 0.876720 0.021742
vn -0.190485 0.804712 -0.562276
vn -0.125661 0.622781 -0.772240
vn -0.253047 0.607842 -0.752659
vn -0.333624 0.772364 -0.540508
vn -0.068551 0.493823 -0.866856
vn -0.032041 0.362419 -0.931465
vn -0.119618 0.366587 -0.922662
vn -0.175827 0.500926 -0.847442
vn -0.549756 -0.014839 -0.835194
vn -0.544646 0.093622 -0.833424
vn -0.786400 0.604473 0.127229
vn -0.772656 0.595885 0.218916
vn -0.575087 0.130302 0.807649
vn -0.585174 -0.001137 0.810907
vn -0.662735 0.450638 0.598086
vn -0.634793 0.415848 0.651235
vn -0.757255 0.597311 0.264168
vn -0.731105 0.560253 0.389362
vn -0.752450 0.594476 -0.283579
vn -0.763583 0.588910 -0.264813
vn -0.789849 0.607905 -0.081183
vn -0.793225 0.608792 0.012909
vn -0.665872 0.503310 -0.550721
vn -0.722665 0.589469 -0.360944
vn -0.559073 0.336732 -0.757661
vn -0.615577 0.448184 -0.648226
vn -0.820504 -0.086891 -0.564998
vn -0.826231 0.022138 -0.562897
vn -0.863869 0.494771 0.094509
vn -0.864484 0.475879 0.161886
vn -0.845190 0.046890 0.532404
vn -0.852618 -0.073740 0.517305
vn -0.862399 0.322932 0.389850
vn -0.862150 0.287303 0.417317
vn -0.863759 0.466793 0.189801
vn -0.864485 0.425777 0.267171
vn -0.856997 0.470304 -0.210642
vn -0.856629 0.477019 -0.196567
vn -0.862741 0.501952 -0.061014
vn -0.864987 0.501697 0.009868
vn -0.848761 0.375514 -0.372283
vn -0.852760 0.456565 -0.253670
vn -0.840302 0.238901 -0.486640
vn -0.846500 0.318188 -0.426843
vn -0.969557 -0.074011 -0.233412
vn -0.953205 -0.008354 -0.302209
vn -0.956684 0.286303 0.052793
vn -0.959805 0.266159 0.089068
vn -0.949455 -0.006090 0.313845
vn -0.963860 -0.067183 0.257799
vn -0.962998 0.174257 0.205596
vn -0.965407 0.149315 0.213761
vn -0.959747 0.261126 0.103436
vn -0.959359 0.241723 0.145604
vn -0.959000 0.258896 -0.115295
vn -0.955239 0.274016 -0.111503
vn -0.955748 0.292132 -0.034707
vn -0.958892 0.283719 0.005499
vn -0.956352 0.210358 -0.202829
vn -0.955703 0.259442 -0.139001
vn -0.957104 0.131328 -0.258274
vn -0.960048 0.168810 -0.223185
vn -0.998724 0.049309 0.010938
vn 0.000395 -0.999837 -0.018061
vn 0.000395 -0.999837 -0.018061
vn 0.000395 -0.999837 -0.018061
vn 0.000395 -0.999837 -0.018061
vn 0.024729 -0.999287 -0.028524
vn 0.024729 -0.999287 -0.028524
vn 0.024729 -0.999287 -0.028524
vn 0.024729 -0.999287 -0.028524
vn 0.000000 -1.000000 0.000000
vn 0.000000 -1.000000 0.000000
vn 0.000000 -1.000000 0.000000
vn 0.000000 -1.000000 0.000000
vn 0.000000 -1.000000 0.000000
vn 0.000000 -1.000000 0.000000
vn 0.000000 -1.000000 0.000000
vn 0.000000 -1.000000 0.000000
vn 0.000000 -1.000000 0.000000
vn 0.000000 -1.000000 0.000000
vn 0.000000 -1.000000 0.000000
vn 0.000000 -1.000000 0.000000
vn 0.000000 -1.000000 0.000002
vn 0.000000 -1.000000 0.000002
vn 0.000000 -1.000000 0.000002
vn 0.000000 -1.000000 0.000002
vn 0.096408 0.084162 -0.991777
vn 0.096408 0.084162 -0.991777
vn 0.038745 0.063514 -0.997229
vn 0.032902 0.061411 -0.997570
vn 0.044688 0.102513 0.993727
vn 0.044688 0.102513 0.993727
vn 0.046898 0.072808 0.996243
vn 0.046694 0.075574 0.996046
vn 0.089556 0.922223 -0.376144
vn 0.089556 0.922223 -0.376144
vn 0.089556 0.922223 -0.376144
vn 0.089556 0.922223 -0.376144
vn 0.071097 0.994227 0.080368
vn 0.071097 0.994226 0.080368
vn 0.071097 0.994227 0.080368
vn 0.071097 0.994226 0.080368
vn 0.036951 0.996720 -0.071997
vn 0.036951 0.996720 -0.071997
vn 0.036951 0.996720 -0.071997
vn 0.036951 0.996720 -0.071997
vn 0.059201 0.996968 0.050496
vn 0.059201 0.996968 0.050496
vn 0.059201 0.996968 0.050496
vn 0.059201 0.996968 0.050496
vn 0.010258 0.998128 0.060296
vn 0.010258 0.998128 0.060296
vn 0.010258 0.998128 0.060296
vn 0.010258 0.998128 0.060296
vn -0.009663 0.999307 -0.035951
vn -0.009663 0.999307 -0.035951
vn -0.009663 0.999307 -0.035951
vn -0.009663 0.999307 -0.035951
vn 0.049605 0.997234 0.055357
vn 0.049605 0.997234 0.055357
vn 0.049605 0.997234 0.055357
vn 0.049605 0.997234 0.055357
vn 0.024173 0.998552 -0.048056
vn 0.024173 0.998552 -0.048056
vn 0.024173 0.998552 -0.048056
vn 0.024173 0.998552 -0.048056
vn -0.005672 0.999937 -0.009688
vn -0.005672 0.999937 -0.009688
vn -0.005672 0.999937 -0.009688
vn -0.005672 0.999937 -0.009688
vn -0.003799 0.999950 0.009306
vn -0.003799 0.999950 0.009306
vn -0.003799 0.999950 0.009306
vn -0.003799 0.999950 0.009306
vn -0.001078 -0.999827 -0.018548
vn -0.001078 -0.999827 -0.018548
vn -0.001078 -0.999827 -0.018548
vn -0.001078 -0.999827 -0.018548
vn -0.055631 -0.998390 0.011091
vn -0.055631 -0.998390 0.011091
vn -0.055631 -0.998390 0.011091
vn -0.055631 -0.998390 0.011091
vn 0.000000 -1.000000 0.000000
vn 0.000000 -1.000000 0.000000
vn 0.000000 -1.000000 0.000000
vn 0.000000 -1.000000 0.000000
vn 0.000000 -1.000000 0.000000
vn 0.000000 -1.000000 0.000000
vn 0.000000 -1.000000 0.000000
vn 0.000000 -1.000000 0.000000
vn 0.000000 -1.000000 0.000000
vn 0.000000 -1.000000 0.000000
vn 0.000000 -1.000000 0.000000
vn 0.000000 -1.000000 0.000000
vn 0.000000 -1.000000 0.000003
vn 0.000000 -1.000000 0.000003
vn 0.000000 -1.000000 0.000003
vn 0.000000 -1.000000 0.000003
vn -0.006199 -0.999665 -0.025138
vn -0.006199 -0.999665 -0.025138
vn -0.006199 -0.999665 -0.025138
vn -0.006199 -0.999665 -0.025138
vn -0.006627 -0.999629 0.026430
vn -0.006627 -0.999629 0.026430
vn -0.006627 -0.999629 0.026430
vn -0.006627 -0.999629 0.026430
vn 0.000000 -1.000000 0.000000
vn 0.000000 -1.000000 0.000000
vn 0.000000 -1.000000 0.000000
vn 0.000000 -1.000000 0.000000
vn 0.000000 -1.000000 -0.000002
vn 0.000000 -1.000000 -0.000002
vn 0.000000 -1.000000 -0.000002
vn 0.000000 -1.000000 -0.000002
vn 0.000000 -1.000000 0.000000
vn 0.000000 -1.000000 0.000000
vn 0.000000 -1.000000 0.000000
vn 0.000000 -1.000000 0.000000
vn 0.000000 -1.000000 0.000003
vn 0.000000 -1.000000 0.000003
vn 0.000000 -1.000000 0.000003
vn 0.000000 -1.000000 0.000003
vn -0.434481 0.000001 -0.900681
vn -0.411950 0.000001 -0.911206
vn -0.767420 0.000001 -0.641145
vn -0.766695 0.000001 -0.642012
vn -0.238030 0.000001 0.971258
vn -0.213300 0.000001 0.976987
vn -0.737392 0.000003 0.675465
vn -0.735952 0.000003 0.677034
vn -0.900079 -0.000001 -0.435726
vn -0.901533 -0.000001 -0.432709
vn -0.979455 -0.001608 -0.201657
vn -0.979642 -0.001619 -0.200747
vn -0.999992 -0.000188 -0.004071
vn -0.999992 0.000179 0.004069
vn -0.978873 0.001622 0.204464
vn -0.979072 0.001634 0.203509
vn -0.886759 -0.000000 0.462232
vn -0.888471 -0.000000 0.458933
s 1
g pCylinder4
usemtl initialShadingGroup
f 1/316/1 352/317/2 353/318/3 56/319/4
f 2/320/5 366/324/6 367/325/7 55/321/8
f 393/688/9 4/689/10 53/690/11 392/691/12
f 4/689/10 394/692/13 395/693/14 53/690/11
f 5/694/15 6/696/16 51/697/17 52/695/18
f 6/696/16 7/348/19 50/349/20 51/697/17
f 7/348/19 8/342/21 49/345/22 50/349/20
f 8/342/21 9/343/23 48/344/24 49/345/22
f 9/343/23 10/346/25 47/347/26 48/344/24
f 10/346/25 11/350/27 46/351/28 47/347/26
f 11/350/27 12/352/29 45/353/30 46/351/28
f 12/352/29 13/354/31 44/355/32 45/353/30
f 13/354/31 14/698/33 43/699/34 44/355/32
f 14/698/33 15/700/35 42/701/36 43/699/34
f 15/700/35 16/702/37 61/703/38 42/701/36
f 16/702/37 282/704/39 283/705/40 61/703/38
f 17/340/41 296/338/42 297/339/43 60/341/44
f 323/334/45 19/332/46 58/333/47 322/335/48
f 19/332/46 324/330/49 325/331/50 58/333/47
f 351/322/51 1/316/1 56/319/4 350/323/52
s 7
f 2/1/53 352/2/54 1/3/55 41/4/56
f 3/7/57 366/8/58 2/1/53 41/4/56
f 4/11/59 393/12/60 3/7/57 41/4/56
f 5/15/61 394/16/62 4/11/59 41/4/56
f 6/19/63 5/15/61 41/4/56
f 7/22/64 6/19/63 41/4/56
f 8/24/65 7/22/64 41/4/56
f 9/26/66 8/24/65 41/4/56
f 10/28/67 9/26/66 41/4/56
f 11/30/68 10/28/67 41/4/56
f 12/29/69 11/30/68 41/4/56
f 13/27/70 12/29/69 41/4/56
f 14/25/71 13/27/70 41/4/56
f 15/23/72 14/25/71 41/4/56
f 16/21/73 15/23/72 41/4/56
f 17/18/74 282/20/75 16/21/73 41/4/56
f 18/14/76 296/17/77 17/18/74 41/4/56
f 19/10/78 323/13/79 18/14/76 41/4/56
f 20/6/80 324/9/81 19/10/78 41/4/56
f 1/3/55 351/5/82 20/6/80 41/4/56
s 1
f 43/31/34 42/32/36 62/33/83 63/34/84
f 44/37/32 43/31/34 63/34/84 64/38/85
f 45/41/30 44/37/32 64/38/85 65/42/86
f 46/45/28 45/41/30 65/42/86 66/46/87
f 47/49/26 46/45/28 66/46/87 67/50/88
f 48/53/24 47/49/26 67/50/88 68/54/89
f 49/57/22 48/53/24 68/54/89 69/58/90
f 50/61/20 49/57/22 69/58/90 70/62/91
f 51/65/17 50/61/20 70/62/91 71/66/92
f 52/69/18 51/65/17 71/66/92 72/70/93
f 53/77/11 395/74/14 396/73/94 73/78/95
f 392/81/12 53/77/11 73/78/95 391/82/96
f 55/83/8 367/87/7 368/88/97 75/84/98
f 56/75/4 353/79/3 354/80/99 76/76/100
f 350/71/52 56/75/4 76/76/100 349/72/101
f 58/59/47 325/63/50 326/64/102 78/60/103
f 322/55/48 58/59/47 78/60/103 321/56/104
f 60/43/44 297/47/43 298/48/105 80/44/106
f 61/35/38 283/39/40 284/40/107 81/36/108
f 42/32/36 61/35/38 81/36/108 62/33/83
f 63/706/84 62/707/83 83/708/109 84/709/110
f 64/360/85 63/706/84 84/709/110 85/361/111
f 65/357/86 64/360/85 85/361/111 86/358/112
f 66/356/87 65/357/86 86/358/112 87/359/113
f 67/362/88 66/356/87 87/359/113 88/363/114
f 68/364/89 67/362/88 88/363/114 89/365/115
f 69/366/90 68/364/89 89/365/115 90/367/116
f 70/368/91 69/366/90 90/367/116 91/369/117
f 71/714/92 70/368/91 91/369/117 92/715/118
f 72/716/93 71/714/92 92/715/118 93/717/119
f 73/720/95 396/719/94 397/718/120 94/721/121
f 391/722/96 73/720/95 94/721/121 390/723/122
f 75/374/98 368/378/97 369/379/123 96/375/124
f 76/370/100 354/371/99 355/372/125 97/373/126
f 349/376/101 76/370/100 97/373/126 348/377/127
f 78/386/103 326/385/102 327/384/128 99/387/129
f 321/388/104 78/386/103 99/387/129 320/389/130
f 80/394/106 298/393/105 299/392/131 101/395/132
f 81/710/108 284/712/107 285/713/133 82/711/134
f 62/707/83 81/710/108 82/711/134 83/708/109
f 83/89/109 82/90/134 103/91/135 104/92/136
f 84/95/110 83/89/109 104/92/136 105/858/137
f 85/99/111 84/95/110 105/858/137 106/859/138
f 86/103/112 85/99/111 106/859/138 107/104/139
f 87/107/113 86/103/112 107/104/139 108/108/140
f 88/111/114 87/107/113 108/108/140 109/112/141
f 89/115/115 88/111/114 109/112/141 110/116/142
f 90/119/116 89/115/115 110/116/142 111/120/143
f 91/123/117 90/119/116 111/120/143 112/124/144
f 92/127/118 91/123/117 112/124/144 113/128/145
f 93/131/119 92/127/118 113/128/145 114/132/146
f 94/139/121 397/136/120 398/135/147 115/140/148
f 390/143/122 94/139/121 115/140/148 389/144/149
f 96/137/124 369/141/123 370/142/150 117/138/151
f 97/129/126 355/133/125 356/134/152 118/130/153
f 348/125/127 97/129/126 118/130/153 347/126/154
f 99/113/129 327/117/128 328/118/155 120/114/156
f 320/109/130 99/113/129 120/114/156 319/110/157
f 101/97/132 299/101/131 300/102/158 102/98/159
f 82/90/134 285/93/133 286/94/160 103/91/135
f 103/724/135 286/725/160 287/726/161 139/727/162
f 104/730/136 103/724/135 139/727/162 140/731/163
f 105/96/137 104/730/136 140/731/163 141/735/164
f 106/100/138 105/96/137 141/735/164 122/400/165
f 107/397/139 106/100/138 122/400/165 123/398/166
f 108/857/140 107/397/139 123/398/166 124/856/167
f 109/403/141 108/396/140 124/399/167 125/404/168
f 110/409/142 109/403/141 125/404/168 126/410/169
f 111/416/143 110/409/142 126/410/169 127/417/170
f 112/424/144 111/416/143 127/417/170 128/425/171
f 113/754/145 112/424/144 128/425/171 129/755/172
f 114/757/146 113/754/145 129/755/172 130/758/173
f 115/766/148 398/762/147 399/761/174 131/767/175
f 389/772/149 115/766/148 131/767/175 388/773/176
f 117/518/151 370/524/150 371/525/177 133/519/178
f 118/514/153 356/515/152 357/516/179 134/517/180
f 347/522/154 118/514/153 134/517/180 346/523/181
f 120/550/156 328/541/155 329/540/182 136/551/183
f 319/561/157 120/550/156 136/551/183 318/562/184
f 102/600/159 300/587/158 301/586/185 138/601/186
f 123/398/166 122/400/165 142/405/187 143/401/188
f 124/856/167 123/398/166 143/401/188 144/855/189
f 125/404/168 124/399/167 144/402/189 145/408/190
f 126/410/169 125/404/168 145/408/190 146/415/191
f 127/417/170 126/410/169 146/415/191 147/423/192
f 128/425/171 127/417/170 147/423/192 148/430/193
f 129/755/172 128/425/171 148/430/193 149/756/194
f 130/758/173 129/755/172 149/756/194 150/760/195
f 131/767/175 399/761/174 400/765/196 151/771/197
f 388/773/176 131/767/175 151/771/197 387/777/198
f 133/519/178 371/525/177 372/534/199 153/526/200
f 134/517/180 357/516/179 358/520/201 154/521/202
f 346/523/181 134/517/180 154/521/202 345/529/203
f 136/551/183 329/540/182 330/549/204 156/560/205
f 318/562/184 136/551/183 156/560/205 317/572/206
f 138/601/186 301/586/185 302/599/207 158/612/208
f 139/727/162 287/726/161 288/728/209 159/729/210
f 140/731/163 139/727/162 159/729/210 160/734/211
f 141/735/164 140/731/163 160/734/211 161/739/212
f 122/400/165 141/735/164 161/739/212 142/405/187
f 143/401/188 142/405/187 165/411/213 166/406/214
f 144/855/189 143/401/188 166/406/214 167/854/215
f 145/408/190 144/402/189 167/407/215 168/414/216
f 146/415/191 145/408/190 168/414/216 169/422/217
f 147/423/192 146/415/191 169/422/217 170/429/218
f 148/430/193 147/423/192 170/429/218 171/434/219
f 149/756/194 148/430/193 171/434/219 172/759/220
f 150/760/195 149/756/194 172/759/220 173/764/221
f 151/771/197 400/765/196 401/770/222 174/776/223
f 387/777/198 151/771/197 174/776/223 386/781/224
f 153/526/200 372/534/199 373/543/225 176/535/226
f 154/521/202 358/520/201 359/527/227 177/528/228
f 345/529/203 154/521/202 177/528/228 344/538/229
f 156/560/205 330/549/204 331/559/230 179/571/231
f 317/572/206 156/560/205 179/571/231 316/584/232
f 158/612/208 302/599/207 303/611/233 181/621/234
f 159/729/210 288/728/209 289/732/235 162/733/236
f 160/734/211 159/729/210 162/733/236 163/738/237
f 161/739/212 160/734/211 163/738/237 164/743/238
f 142/405/187 161/739/212 164/743/238 165/411/213
f 163/738/237 162/733/236 182/737/239 183/742/240
f 164/743/238 163/738/237 183/742/240 184/747/241
f 165/411/213 164/743/238 184/747/241 185/418/242
f 166/406/214 165/411/213 185/418/242 186/412/243
f 167/854/215 166/406/214 186/412/243 187/853/244
f 168/414/216 167/407/215 187/413/244 188/421/245
f 169/422/217 168/414/216 188/421/245 189/428/246
f 170/429/218 169/422/217 189/428/246 190/433/247
f 171/434/219 170/429/218 190/433/247 191/437/248
f 172/759/220 171/434/219 191/437/248 192/763/249
f 173/764/221 172/759/220 192/763/249 193/769/250
f 174/776/223 401/770/222 402/775/251 194/780/252
f 386/781/224 174/776/223 194/780/252 385/785/253
f 176/535/226 373/543/225 374/553/254 196/544/255
f 177/528/228 359/527/227 360/536/256 197/537/257
f 344/538/229 177/528/228 197/537/257 343/547/258
f 179/571/231 331/559/230 332/570/259 199/583/260
f 316/584/232 179/571/231 199/583/260 315/597/261
f 181/621/234 303/611/233 304/620/262 201/628/263
f 162/733/236 289/732/235 290/736/264 182/737/239
f 183/742/240 182/737/239 36/741/265 35/746/266
f 184/747/241 183/742/240 35/746/266 34/751/267
f 185/418/242 184/747/241 34/751/267 33/426/268
f 186/412/243 185/418/242 33/426/268 32/419/269
f 187/853/244 186/412/243 32/419/269 31/420/270
f 188/421/245 187/413/244 31/849/270 30/427/271
f 189/428/246 188/421/245 30/427/271 29/432/272
f 190/433/247 189/428/246 29/432/272 28/436/273
f 191/437/248 190/433/247 28/436/273 27/440/274
f 192/763/249 191/437/248 27/440/274 26/768/275
f 193/769/250 192/763/249 26/768/275 25/774/276
f 194/780/252 402/775/251 403/779/277 24/784/278
f 385/785/253 194/780/252 24/784/278 384/788/279
f 196/544/255 374/553/254 375/564/280 22/554/281
f 197/537/257 360/536/256 361/545/282 21/546/283
f 343/547/258 197/537/257 21/546/283 342/557/284
f 199/583/260 332/570/259 333/582/285 39/596/286
f 315/597/261 199/583/260 39/596/286 314/609/287
f 201/628/263 304/620/262 305/627/288 37/633/289
f 182/737/239 290/736/264 291/740/290 36/741/265
f 406/789/291 407/792/292 281/795/293 280/793/294
f 243/447/295 205/448/296 245/443/297 244/441/298
f 225/154/299 207/159/300 227/166/301 226/160/302
f 214/449/303 209/460/304 217/466/305 216/458/306
f 212/450/307 208/442/308 210/444/309 213/451/310
f 202/778/311 212/450/307 213/451/310 211/782/312
f 210/444/309 214/449/303 216/458/306 213/451/310
f 216/458/306 215/478/313 211/782/312 213/451/310
f 217/466/305 203/477/314 215/478/313 216/458/306
f 221/155/315 206/147/316 218/150/317 222/156/318
f 208/442/308 219/161/319 220/162/320 210/444/309
f 219/161/319 221/155/315 222/156/318 220/162/320
f 223/459/321 209/460/304 214/449/303 224/167/322
f 214/449/303 210/444/309 220/162/320 224/167/322
f 218/150/317 225/154/299 226/160/302 222/156/318
f 226/160/302 224/167/322 220/162/320 222/156/318
f 227/166/301 223/459/321 224/167/322 226/160/302
f 233/157/323 229/163/324 235/158/325 234/851/326
f 231/850/327 228/151/328 230/152/329 232/149/330
f 206/147/316 231/148/327 232/852/330 218/150/317
f 230/152/329 233/157/323 234/851/326 232/149/330
f 234/153/326 225/154/299 218/150/317 232/852/330
f 235/844/325 207/159/300 225/154/299 234/153/326
f 239/438/331 204/750/332 236/753/333 240/439/334
f 228/151/328 237/431/335 238/435/336 230/152/329
f 237/431/335 239/438/331 240/439/334 238/435/336
f 241/168/337 229/163/324 233/157/323 242/169/338
f 233/157/323 230/152/329 238/435/336 242/169/338
f 236/753/333 243/447/295 244/441/298 240/439/334
f 244/441/298 242/169/338 238/435/336 240/439/334
f 245/443/297 241/168/337 242/169/338 244/441/298
f 336/616/339 337/623/340 265/629/341 264/624/342
f 294/752/343 295/474/344 255/455/345 254/456/346
f 251/745/347 292/744/348 293/748/349 252/749/350
f 204/750/332 251/745/347 252/749/350 236/753/333
f 293/748/349 294/752/343 254/456/346 252/749/350
f 254/456/346 243/447/295 236/753/333 252/749/350
f 255/455/345 205/448/296 243/447/295 254/456/346
f 259/608/351 334/595/352 335/607/353 260/617/354
f 248/637/355 306/632/356 307/636/357 250/640/358
f 313/618/359 259/608/351 260/617/354 312/625/360
f 309/641/361 249/643/362 253/642/363 308/639/364
f 253/642/363 250/640/358 307/636/357 308/639/364
f 335/607/353 336/616/339 264/624/342 260/617/354
f 264/624/342 311/630/365 312/625/360 260/617/354
f 265/629/341 310/634/366 311/630/365 264/624/342
f 364/578/367 365/591/368 273/592/369 272/579/370
f 269/556/371 362/555/372 363/566/373 270/567/374
f 341/568/375 269/556/371 270/567/374 340/580/376
f 363/566/373 364/578/367 272/579/370 270/567/374
f 272/579/370 339/593/377 340/580/376 270/567/374
f 273/592/369 338/605/378 339/593/377 272/579/370
f 276/787/379 404/783/380 405/786/381 277/790/382
f 266/565/383 376/576/384 377/589/385 268/577/386
f 383/791/387 276/787/379 277/790/382 382/794/388
f 379/614/389 267/604/390 271/590/391 378/603/392
f 271/590/391 268/577/386 377/589/385 378/603/392
f 405/786/381 406/789/291 280/793/294 277/790/382
f 280/793/294 381/796/393 382/794/388 277/790/382
f 281/795/293 380/797/394 381/796/393 280/793/294
f 22/554/281 375/564/280 376/576/384 266/565/383
f 384/788/279 24/784/278 276/787/379 383/791/387
f 24/784/278 403/779/277 404/783/380 276/787/379
f 25/774/276 26/768/275 212/450/307 202/778/311
f 26/768/275 27/440/274 208/442/308 212/450/307
f 27/440/274 28/436/273 219/161/319 208/442/308
f 28/436/273 29/432/272 221/155/315 219/161/319
f 29/432/272 30/427/271 206/147/316 221/155/315
f 30/427/271 31/849/270 231/148/327 206/147/316
f 31/420/270 32/419/269 228/151/328 231/850/327
f 32/419/269 33/426/268 237/431/335 228/151/328
f 33/426/268 34/751/267 239/438/331 237/431/335
f 34/751/267 35/746/266 204/750/332 239/438/331
f 35/746/266 36/741/265 251/745/347 204/750/332
f 36/741/265 291/740/290 292/744/348 251/745/347
f 37/633/289 305/627/288 306/632/356 248/637/355
f 314/609/287 39/596/286 259/608/351 313/618/359
f 39/596/286 333/582/285 334/595/352 259/608/351
f 342/557/284 21/546/283 269/556/371 341/568/375
f 21/546/283 361/545/282 362/555/372 269/556/371
f 282/704/39 17/340/41 60/341/44 283/705/40
f 284/40/107 283/39/40 60/43/44 80/44/106
f 285/713/133 284/712/107 80/394/106 101/395/132
f 286/94/160 285/93/133 101/97/132 102/98/159
f 287/726/161 286/725/160 102/600/159 138/601/186
f 288/728/209 287/726/161 138/601/186 158/612/208
f 289/732/235 288/728/209 158/612/208 181/621/234
f 290/736/264 289/732/235 181/621/234 201/628/263
f 291/740/290 290/736/264 201/628/263 37/633/289
f 292/744/348 291/740/290 37/633/289 248/637/355
f 293/748/349 292/744/348 248/637/355 250/640/358
f 250/640/358 253/642/363 294/752/343 293/748/349
f 253/642/363 249/643/362 295/474/344 294/752/343
f 296/338/42 18/336/395 59/337/396 297/339/43
f 298/48/105 297/47/43 59/51/396 79/52/397
f 299/392/131 298/393/105 79/390/397 100/391/398
f 300/102/158 299/101/131 100/105/398 121/106/399
f 301/586/185 300/587/158 121/573/399 137/574/400
f 302/599/207 301/586/185 137/574/400 157/585/401
f 303/611/233 302/599/207 157/585/401 180/598/402
f 304/620/262 303/611/233 180/598/402 200/610/403
f 305/627/288 304/620/262 200/610/403 38/619/404
f 306/632/356 305/627/288 38/619/404 257/626/405
f 307/636/357 306/632/356 257/626/405 258/631/406
f 308/639/364 307/636/357 258/631/406 262/635/407
f 261/638/408 309/641/361 308/639/364 262/635/407
f 311/630/365 310/634/366 261/638/408 262/635/407
f 312/625/360 311/630/365 262/635/407 258/631/406
f 257/626/405 313/618/359 312/625/360 258/631/406
f 38/619/404 314/609/287 313/618/359 257/626/405
f 200/610/403 315/597/261 314/609/287 38/619/404
f 180/598/402 316/584/232 315/597/261 200/610/403
f 157/585/401 317/572/206 316/584/232 180/598/402
f 137/574/400 318/562/184 317/572/206 157/585/401
f 121/573/399 319/561/157 318/562/184 137/574/400
f 100/105/398 320/109/130 319/110/157 121/106/399
f 79/390/397 321/388/104 320/389/130 100/391/398
f 59/51/396 322/55/48 321/56/104 79/52/397
f 18/336/395 323/334/45 322/335/48 59/337/396
f 324/330/49 20/326/409 57/327/410 325/331/50
f 326/64/102 325/63/50 57/67/410 77/68/411
f 327/384/128 326/385/102 77/380/411 98/381/412
f 328/118/155 327/117/128 98/121/412 119/122/413
f 329/540/182 328/541/155 119/530/413 135/531/414
f 330/549/204 329/540/182 135/531/414 155/539/415
f 331/559/230 330/549/204 155/539/415 178/548/416
f 332/570/259 331/559/230 178/548/416 198/558/417
f 333/582/285 332/570/259 198/558/417 40/569/418
f 334/595/352 333/582/285 40/569/418 246/581/419
f 335/607/353 334/595/352 246/581/419 256/594/420
f 256/594/420 263/606/421 336/616/339 335/607/353
f 263/606/421 247/615/422 337/623/340 336/616/339
f 339/593/377 338/605/378 247/615/422 263/606/421
f 340/580/376 339/593/377 263/606/421 256/594/420
f 246/581/419 341/568/375 340/580/376 256/594/420
f 40/569/418 342/557/284 341/568/375 246/581/419
f 198/558/417 343/547/258 342/557/284 40/569/418
f 178/548/416 344/538/229 343/547/258 198/558/417
f 155/539/415 345/529/203 344/538/229 178/548/416
f 135/531/414 346/523/181 345/529/203 155/539/415
f 119/530/413 347/522/154 346/523/181 135/531/414
f 98/121/412 348/125/127 347/126/154 119/122/413
f 77/380/411 349/376/101 348/377/127 98/381/412
f 57/67/410 350/71/52 349/72/101 77/68/411
f 20/326/409 351/322/51 350/323/52 57/327/410
f 352/317/2 2/320/5 55/321/8 353/318/3
f 354/80/99 353/79/3 55/83/8 75/84/98
f 355/372/125 354/371/99 75/374/98 96/375/124
f 356/134/152 355/133/125 96/137/124 117/138/151
f 357/516/179 356/515/152 117/518/151 133/519/178
f 358/520/201 357/516/179 133/519/178 153/526/200
f 359/527/227 358/520/201 153/526/200 176/535/226
f 360/536/256 359/527/227 176/535/226 196/544/255
f 361/545/282 360/536/256 196/544/255 22/554/281
f 362/555/372 361/545/282 22/554/281 266/565/383
f 363/566/373 362/555/372 266/565/383 268/577/386
f 268/577/386 271/590/391 364/578/367 363/566/373
f 271/590/391 267/604/390 365/591/368 364/578/367
f 366/324/6 3/328/423 54/329/424 367/325/7
f 368/88/97 367/87/7 54/85/424 74/86/425
f 369/379/123 368/378/97 74/382/425 95/383/426
f 370/142/150 369/141/123 95/145/426 116/146/427
f 371/525/177 370/524/150 116/532/427 132/533/428
f 372/534/199 371/525/177 132/533/428 152/542/429
f 373/543/225 372/534/199 152/542/429 175/552/430
f 374/553/254 373/543/225 175/552/430 195/563/431
f 375/564/280 374/553/254 195/563/431 23/575/432
f 376/576/384 375/564/280 23/575/432 274/588/433
f 377/589/385 376/576/384 274/588/433 275/602/434
f 378/603/392 377/589/385 275/602/434 279/613/435
f 278/622/436 379/614/389 378/603/392 279/613/435
f 381/796/393 380/797/394 278/622/436 279/613/435
f 382/794/388 381/796/393 279/613/435 275/602/434
f 274/588/433 383/791/387 382/794/388 275/602/434
f 23/575/432 384/788/279 383/791/387 274/588/433
f 195/563/431 385/785/253 384/788/279 23/575/432
f 175/552/430 386/781/224 385/785/253 195/563/431
f 152/542/429 387/777/198 386/781/224 175/552/430
f 132/533/428 388/773/176 387/777/198 152/542/429
f 116/532/427 389/772/149 388/773/176 132/533/428
f 95/145/426 390/143/122 389/144/149 116/146/427
f 74/382/425 391/722/96 390/723/122 95/383/426
f 54/85/424 392/81/12 391/82/96 74/86/425
f 3/328/423 393/688/9 392/691/12 54/329/424
f 394/692/13 5/694/15 52/695/18 395/693/14
f 396/73/94 395/74/14 52/69/18 72/70/93
f 397/718/120 396/719/94 72/716/93 93/717/119
f 398/135/147 397/136/120 93/131/119 114/132/146
f 399/761/174 398/762/147 114/757/146 130/758/173
f 400/765/196 399/761/174 130/758/173 150/760/195
f 401/770/222 400/765/196 150/760/195 173/764/221
f 402/775/251 401/770/222 173/764/221 193/769/250
f 403/779/277 402/775/251 193/769/250 25/774/276
f 404/783/380 403/779/277 25/774/276 202/778/311
f 405/786/381 404/783/380 202/778/311 211/782/312
f 211/782/312 215/478/313 406/789/291 405/786/381
f 215/478/313 203/477/314 407/792/292 406/789/291
s off
f 203/477/437 217/466/438 408/476/439 409/488/440
f 255/455/441 295/474/442 410/475/443 411/465/444
f 409/488/445 408/476/446 412/479/447 413/489/448
f 411/465/449 410/475/450 414/469/451 415/461/452
f 413/489/453 412/479/454 416/490/455 417/496/456
f 415/461/457 414/469/458 418/470/459 419/462/460
f 417/496/461 416/490/462 420/495/463 421/501/464
f 419/462/465 418/470/466 422/485/467 423/471/468
f 421/501/469 420/495/470 424/486/471 425/843/472
f 423/471/473 422/485/474 425/494/475 424/848/476
f 408/476/477 217/466/478 209/460/479 426/468/480
f 255/455/481 411/465/482 427/457/483 205/448/484
f 412/479/485 408/476/486 426/468/487 428/467/488
f 411/465/489 415/461/490 429/452/491 427/457/492
f 416/490/493 412/479/494 428/467/495 430/480/496
f 415/461/497 419/462/498 431/453/499 429/452/500
f 420/495/501 416/490/502 430/480/503 432/487/504
f 419/462/505 423/471/506 433/463/507 431/453/508
f 424/486/509 420/495/510 432/487/511 434/472/512
f 423/471/513 424/848/514 434/847/515 433/463/516
f 428/467/517 426/468/518 209/460/519 223/459/520
f 427/457/521 429/452/522 245/443/523 205/448/524
f 430/480/525 428/467/526 223/459/527 435/481/528
f 429/452/529 431/453/530 436/445/531 245/443/532
f 432/487/533 430/480/534 435/481/535 437/473/536
f 431/453/537 433/463/538 438/454/539 436/445/540
f 434/472/541 432/487/542 437/473/543 439/464/544
f 433/463/545 434/847/546 439/846/547 438/454/548
f 245/443/549 436/445/550 440/446/551 241/168/552
f 436/445/553 438/454/554 442/170/555 440/446/556
f 439/464/557 437/473/558 441/165/559 443/164/560
f 438/454/561 439/846/562 443/845/563 442/170/564
f 229/163/565 241/168/566 440/446/567 442/170/568
f 235/158/569 229/163/570 442/170/571 443/845/572
f 207/159/573 235/844/574 443/164/575 441/165/576
f 435/481/577 223/459/578 227/166/579 444/482/580
f 437/473/581 435/481/582 444/482/583 441/165/584
f 227/166/585 207/159/586 441/165/587 444/482/588
s 16
f 407/171/589 203/172/590 409/173/591 445/174/592
f 337/193/593 247/191/594 446/192/595 447/194/596
f 295/205/597 249/203/598 448/204/599 410/206/600
f 309/201/601 261/199/602 449/200/603 450/202/604
f 310/197/605 265/195/606 451/196/607 452/198/608
f 365/185/609 267/183/610 453/184/611 454/186/612
f 338/189/613 273/187/614 455/188/615 456/190/616
f 379/181/617 278/179/618 457/180/619 458/182/620
f 380/177/621 281/175/622 459/176/623 460/178/624
f 249/203/598 309/201/601 450/202/604 448/204/599
f 261/199/602 310/197/605 452/198/608 449/200/603
f 265/195/606 337/193/593 447/194/596 451/196/607
f 247/191/594 338/189/613 456/190/616 446/192/595
f 273/187/614 365/185/609 454/186/612 455/188/615
f 267/183/610 379/181/617 458/182/620 453/184/611
f 278/179/618 380/177/621 460/178/624 457/180/619
f 281/175/622 407/171/589 445/174/592 459/176/623
f 445/798/625 409/799/626 413/800/627 461/801/628
f 447/644/629 446/645/630 462/208/631 463/207/632
f 410/806/633 448/807/634 464/808/635 414/809/636
f 450/810/637 449/812/638 465/221/639 466/811/640
f 452/649/641 451/647/642 467/213/643 468/217/644
f 454/650/645 453/652/646 469/223/647 470/219/648
f 456/646/649 455/648/650 471/215/651 472/211/652
f 458/653/620 457/654/619 473/227/653 474/225/654
f 460/804/655 459/802/656 475/803/657 476/229/658
f 448/807/634 450/810/637 466/811/640 464/808/635
f 449/651/638 452/649/641 468/217/644 465/221/639
f 451/647/642 447/644/629 463/207/632 467/213/643
f 446/645/630 456/646/649 472/211/652 462/208/631
f 455/648/650 454/650/645 470/219/648 471/215/651
f 453/652/646 458/653/620 474/225/654 469/223/647
f 457/805/619 460/804/655 476/229/658 473/227/653
f 459/802/656 445/798/625 461/801/628 475/803/657
f 461/801/628 413/800/627 477/839/659 478/833/660
f 463/207/632 462/208/631 479/209/661 480/210/662
f 414/809/636 464/808/635 481/831/663 482/832/664
f 466/811/640 465/221/639 483/222/665 484/830/666
f 468/217/644 467/213/643 485/214/667 486/218/668
f 470/219/648 469/223/647 487/224/669 488/220/670
f 472/211/652 471/215/651 489/216/671 490/212/672
f 474/225/654 473/227/653 491/228/673 492/226/674
f 476/229/658 475/803/657 493/834/675 494/835/676
f 464/808/635 466/811/640 484/830/666 481/831/663
f 465/221/639 468/217/644 486/218/668 483/222/665
f 467/213/643 463/207/632 480/210/662 485/214/667
f 462/208/631 472/211/652 490/212/672 479/209/661
f 471/215/651 470/219/648 488/220/670 489/216/671
f 469/223/647 474/225/654 492/226/674 487/224/669
f 473/227/653 476/229/658 494/835/676 491/228/673
f 475/803/657 461/801/628 478/833/660 493/834/675
s 27
f 478/814/677 477/836/678 495/817/679 496/818/680
f 480/655/681 479/656/682 497/270/683 498/274/684
f 482/824/685 481/823/686 499/826/687 500/827/688
f 484/825/689 483/662/690 501/286/691 502/290/692
f 486/660/693 485/658/694 503/278/695 504/282/696
f 488/661/697 487/663/698 505/243/699 506/251/700
f 490/657/701 489/659/702 507/258/703 508/265/704
f 492/664/705 491/665/706 509/236/707 510/235/708
f 494/230/709 493/819/710 511/820/711 512/821/712
f 481/823/686 484/825/689 502/290/692 499/826/687
f 483/662/690 486/660/693 504/282/696 501/286/691
f 485/658/694 480/655/681 498/274/684 503/278/695
f 479/656/682 490/657/701 508/265/704 497/270/683
f 489/659/702 488/661/697 506/251/700 507/258/703
f 487/663/698 492/664/705 510/235/708 505/243/699
f 491/665/706 494/230/709 512/821/712 509/236/707
f 493/819/710 478/814/677 496/818/680 511/820/711
f 496/818/680 495/817/679 513/259/713 514/252/714
f 498/274/684 497/270/683 515/268/715 516/272/716
f 500/827/688 499/826/687 517/292/717 518/295/718
f 502/290/692 501/286/691 519/284/719 520/288/720
f 504/282/696 503/278/695 521/276/721 522/280/722
f 506/251/700 505/243/699 523/241/723 524/249/724
f 508/265/704 507/258/703 525/256/725 526/263/726
f 510/235/708 509/236/707 527/232/727 528/231/728
f 512/821/712 511/820/711 529/244/729 530/237/730
f 499/826/687 502/290/692 520/288/720 517/292/717
f 501/286/691 504/282/696 522/280/722 519/284/719
f 503/278/695 498/274/684 516/272/716 521/276/721
f 497/270/683 508/265/704 526/263/726 515/268/715
f 507/258/703 506/251/700 524/249/724 525/256/725
f 505/243/699 510/235/708 528/231/728 523/241/723
f 509/236/707 512/821/712 530/237/730 527/232/727
f 511/820/711 496/818/680 514/252/714 529/244/729
f 514/252/714 513/259/713 531/260/731 532/253/732
f 516/272/716 515/268/715 533/269/733 534/273/734
f 518/295/718 517/292/717 535/293/735 536/296/736
f 520/288/720 519/284/719 537/285/737 538/289/738
f 522/280/722 521/276/721 539/277/739 540/281/740
f 524/249/724 523/241/723 541/242/741 542/250/742
f 526/263/726 525/256/725 543/257/743 544/264/744
f 528/231/728 527/232/727 545/233/745 546/234/746
f 530/237/730 529/244/729 547/245/747 548/238/748
f 517/292/717 520/288/720 538/289/738 535/293/735
f 519/284/719 522/280/722 540/281/740 537/285/737
f 521/276/721 516/272/716 534/273/734 539/277/739
f 515/268/715 526/263/726 544/264/744 533/269/733
f 525/256/725 524/249/724 542/250/742 543/257/743
f 523/241/723 528/231/728 546/234/746 541/242/741
f 527/232/727 530/237/730 548/238/748 545/233/745
f 529/244/729 514/252/714 532/253/732 547/245/747
f 532/253/732 531/260/731 549/266/749 550/261/750
f 534/273/734 533/269/733 551/271/751 552/275/752
f 536/296/736 535/293/735 553/294/753 554/297/754
f 538/289/738 537/285/737 555/287/755 556/291/756
f 540/281/740 539/277/739 557/279/757 558/283/758
f 542/250/742 541/242/741 559/248/759 560/255/760
f 544/264/744 543/257/743 561/262/761 562/267/762
f 546/234/746 545/233/745 563/239/763 564/240/764
f 548/238/748 547/245/747 565/254/765 566/246/766
f 535/293/735 538/289/738 556/291/756 553/294/753
f 537/285/737 540/281/740 558/283/758 555/287/755
f 539/277/739 534/273/734 552/275/752 557/279/757
f 533/269/733 544/264/744 562/267/762 551/271/751
f 543/257/743 542/250/742 560/255/760 561/262/761
f 541/242/741 546/234/746 564/240/764 559/248/759
f 545/233/745 548/238/748 566/246/766 563/239/763
f 547/245/747 532/253/732 550/261/750 565/254/765
f 550/261/750 549/266/749 567/247/767
f 552/275/752 551/271/751 567/247/767
f 554/297/754 553/294/753 567/247/767
f 556/291/756 555/287/755 567/247/767
f 558/283/758 557/279/757 567/247/767
f 560/255/760 559/248/759 567/247/767
f 562/267/762 561/262/761 567/247/767
f 564/240/764 563/239/763 567/247/767
f 566/246/766 565/254/765 567/247/767
f 553/294/753 556/291/756 567/247/767
f 555/287/755 558/283/758 567/247/767
f 557/279/757 552/275/752 567/247/767
f 551/271/751 562/267/762 567/247/767
f 561/262/761 560/255/760 567/247/767
f 559/248/759 564/240/764 567/247/767
f 563/239/763 566/246/766 567/247/767
f 565/254/765 550/261/750 567/247/767
s off
f 413/489/768 417/496/769 569/502/770 568/503/771
f 418/470/772 414/469/773 570/483/774 571/484/775
f 417/496/776 421/501/777 572/506/778 569/502/779
f 422/485/780 418/470/781 571/484/782 573/493/783
f 421/501/784 425/843/785 574/842/786 572/506/787
f 425/494/788 422/485/789 573/493/790 574/500/791
s 33
f 477/813/792 413/838/793 568/815/794 575/816/795
f 414/822/796 482/837/797 576/828/798 570/829/799
s off
f 495/666/800 477/667/801 575/668/802 577/669/803
f 482/686/804 500/684/805 578/685/806 576/687/807
f 513/670/808 495/666/809 577/669/810 579/671/811
f 500/684/812 518/682/813 580/683/814 578/685/815
f 531/672/816 513/670/817 579/671/818 581/673/819
f 518/682/820 536/680/821 582/681/822 580/683/823
f 549/674/824 531/672/825 581/673/826 583/675/827
f 536/680/828 554/678/829 584/679/830 582/681/831
f 567/676/832 549/674/833 583/675/834 585/677/835
f 554/678/836 567/676/837 585/677/838 584/679/839
f 568/503/840 569/502/841 587/507/842 586/508/843
f 571/484/844 570/483/845 588/491/846 589/492/847
f 569/502/848 572/506/849 590/510/850 587/507/851
f 573/493/852 571/484/853 589/492/854 591/499/855
f 572/506/856 574/842/857 592/840/858 590/510/859
f 574/500/860 573/493/861 591/499/862 592/505/863
f 586/508/864 587/507/865 594/511/866 593/512/867
f 589/492/868 588/491/869 595/497/870 596/498/871
f 587/507/872 590/510/873 597/513/874 594/511/875
f 591/499/876 589/492/877 596/498/878 598/504/879
f 590/510/880 592/840/881 599/841/882 597/513/883
f 592/505/884 591/499/885 598/504/886 599/509/887
s 33
f 577/306/888 575/816/795 568/815/794 586/307/889
f 579/302/890 577/306/888 586/307/889 593/303/891
f 576/828/798 578/314/892 588/315/893 570/829/799
f 578/314/892 580/312/894 595/313/895 588/315/893
f 581/299/896 579/302/890 593/303/891 594/300/897
f 583/298/898 581/299/896 594/300/897 597/301/899
f 585/304/900 583/298/898 597/301/899 599/305/901
f 584/308/902 585/304/900 599/305/901 598/309/903
f 582/310/904 584/308/902 598/309/903 596/311/905
f 580/312/894 582/310/904 596/311/905 595/313/895
g default
v -0.332154 -1.411165 -0.979236
v 1.555033 -1.315253 -0.979236
v 1.242403 0.036425 -0.979236
v 3.265466 -0.115436 -0.979236
v 1.242403 0.036425 -1.379236
v 3.265466 -0.115436 -1.379236
v -0.332154 -1.411165 -1.379236
v 1.555033 -1.315253 -1.379236
vt 0.523848 0.913423
vt 0.464208 0.913966
vt 0.523306 0.853782
vt 0.463665 0.854325
vt 0.522763 0.794142
vt 0.463123 0.794685
vt 0.522220 0.734502
vt 0.462580 0.735045
vt 0.521678 0.674861
vt 0.462037 0.675404
vt 0.404568 0.914508
vt 0.404025 0.854868
vt 0.583489 0.912880
vt 0.582946 0.853240
vn -0.000000 0.000000 1.000000
vn -0.000000 0.000000 1.000000
vn -0.000000 0.000000 1.000000
vn -0.000000 0.000000 1.000000
vn 0.074854 0.997195 0.000000
vn 0.074854 0.997195 0.000000
vn 0.074854 0.997195 0.000000
vn 0.074854 0.997195 0.000000
vn -0.000000 0.000000 -1.000000
vn -0.000000 0.000000 -1.000000
vn -0.000000 0.000000 -1.000000
vn -0.000000 0.000000 -1.000000
vn 0.050757 -0.998711 0.000000
vn 0.050757 -0.998711 0.000000
vn 0.050757 -0.998711 0.000000
vn 0.050757 -0.998711 0.000000
vn 0.574270 -0.818666 0.000000
vn 0.574270 -0.818666 0.000000
vn 0.574270 -0.818666 0.000000
vn 0.574270 -0.818666 0.000000
vn -0.676803 0.736165 0.000000
vn -0.676803 0.736165 0.000000
vn -0.676803 0.736165 0.000000
vn -0.676803 0.736165 0.000000
s off
g pCube1
usemtl initialShadingGroup
f 600/860/906 601/861/907 603/863/908 602/862/909
f 602/862/910 603/863/911 605/865/912 604/864/913
f 604/864/914 605/865/915 607/867/916 606/866/917
f 606/866/918 607/867/919 601/869/920 600/868/921
f 601/861/922 607/870/923 605/871/924 603/863/925
f 606/872/926 600/860/927 602/862/928 604/873/929
g default
v -8.142293 0.692965 -4.060324
v -8.429479 0.644963 -4.079347
v -8.142293 0.692965 -3.251562
v -8.533055 0.716034 -3.245698
v -8.142293 1.097082 -3.655883
v -8.788073 1.090332 -3.712239
v -8.142293 0.930612 -3.982936
v -8.663653 0.809312 -4.007308
v -8.310582 0.891838 -3.991379
v -8.234771 0.677516 -4.067168
v -8.142293 0.817849 -4.040292
v -8.274767 0.788166 -4.046860
v -8.482780 0.850543 -4.000437
v -8.328419 0.660197 -4.074630
v -8.409857 0.756201 -4.054021
v -8.553025 0.725225 -4.058569
v -8.350861 1.095676 -3.674123
v -8.142293 1.019907 -3.893382
v -8.334988 0.986168 -3.907997
v -8.142293 1.077476 -3.780819
v -8.347706 1.058914 -3.800418
v -8.739039 0.913690 -3.937292
v -8.532473 0.950163 -3.923379
v -8.564794 1.093234 -3.693068
v -8.558370 1.038680 -3.820873
v -8.778326 1.017835 -3.840717
v -8.142293 1.019907 -3.418335
v -8.772345 1.006116 -3.457659
v -8.345770 1.016090 -3.430656
v -8.142293 1.077476 -3.530931
v -8.349227 1.083306 -3.545262
v -8.554426 1.011088 -3.443278
v -8.561467 1.088344 -3.560057
v -8.783026 1.093179 -3.575871
v -8.268302 0.700524 -3.248970
v -8.142293 0.930612 -3.328793
v -8.333558 0.916803 -3.339117
v -8.142293 0.817849 -3.271530
v -8.306070 0.810206 -3.277016
v -8.734625 0.886426 -3.362421
v -8.529563 0.901375 -3.349597
v -8.396694 0.707045 -3.246004
v -8.473596 0.801076 -3.282437
v -8.649719 0.793303 -3.290514
v -8.142293 0.288849 -3.655883
v -8.185088 0.294892 -3.594257
v -8.142293 0.455319 -3.328793
v -8.302397 0.534838 -3.263361
v -8.193628 0.480747 -3.307047
v -8.142293 0.568082 -3.271530
v -8.228152 0.588409 -3.258568
v -8.244649 0.505592 -3.284300
v -8.314944 0.608059 -3.244875
v -8.409039 0.631250 -3.233531
v -8.155651 0.290207 -3.635927
v -8.142293 0.366024 -3.418335
v -8.170971 0.386835 -3.392980
v -8.142293 0.308454 -3.530931
v -8.159260 0.319377 -3.506638
v -8.232409 0.431752 -3.341280
v -8.198516 0.406824 -3.366564
v -8.167323 0.289977 -3.615298
v -8.174671 0.329074 -3.481412
v -8.196235 0.343940 -3.456563
v -8.142293 0.366024 -3.893382
v -8.201113 0.354925 -3.876156
v -8.160839 0.361963 -3.888205
v -8.142293 0.308454 -3.780819
v -8.156759 0.304269 -3.767594
v -8.177887 0.356182 -3.883080
v -8.169581 0.298311 -3.754039
v -8.188515 0.297271 -3.739326
v -8.142293 0.455319 -3.982936
v -8.173223 0.452400 -3.984773
v -8.142293 0.568082 -4.040292
v -8.198947 0.561972 -4.046034
v -8.239366 0.447274 -3.986903
v -8.203102 0.447872 -3.986987
v -8.255481 0.554231 -4.052340
v -8.318828 0.549589 -4.056018
v 0.668678 0.789799 -3.676974
v 0.668678 0.780099 -3.696011
v 0.668678 0.764991 -3.711119
v 0.668678 0.745954 -3.720819
v 0.668678 0.724852 -3.724161
v 0.668678 0.703749 -3.720819
v 0.668678 0.684712 -3.711119
v 0.668678 0.669604 -3.696011
v 0.668678 0.659905 -3.676974
v 0.668678 0.656562 -3.655871
v 0.668678 0.659905 -3.634769
v 0.668678 0.669604 -3.615732
v 0.668678 0.684712 -3.600624
v 0.668678 0.703749 -3.590924
v 0.668678 0.724852 -3.587582
v 0.668678 0.745954 -3.590924
v 0.668678 0.764991 -3.600624
v 0.668678 0.780099 -3.615732
v 0.668678 0.789799 -3.634769
v 0.668678 0.793141 -3.655871
v 0.652686 0.853147 -3.697557
v 0.652686 0.833986 -3.735162
v 0.652686 0.804142 -3.765006
v 0.652686 0.766537 -3.784166
v 0.652686 0.724852 -3.790769
v 0.652686 0.683166 -3.784166
v 0.652686 0.645561 -3.765006
v 0.652686 0.615718 -3.735162
v 0.652686 0.596557 -3.697557
v 0.652686 0.589954 -3.655871
v 0.652686 0.596557 -3.614186
v 0.652686 0.615718 -3.576581
v 0.652686 0.645561 -3.546737
v 0.652686 0.683166 -3.527576
v 0.652686 0.724852 -3.520974
v 0.652686 0.766537 -3.527576
v 0.652686 0.804142 -3.546737
v 0.652686 0.833986 -3.576581
v 0.652686 0.853147 -3.614186
v 0.652686 0.859749 -3.655871
v 0.626472 0.913336 -3.717114
v 0.626472 0.885186 -3.772361
v 0.626472 0.841341 -3.816206
v 0.626472 0.786094 -3.844355
v 0.626472 0.724852 -3.854055
v 0.626472 0.663610 -3.844355
v 0.626472 0.608362 -3.816206
v 0.626472 0.564518 -3.772361
v 0.626472 0.536368 -3.717114
v 0.626472 0.526668 -3.655871
v 0.626472 0.536368 -3.594629
v 0.626472 0.564518 -3.539382
v 0.626472 0.608362 -3.495538
v 0.626472 0.663610 -3.467388
v 0.626472 0.724852 -3.457688
v 0.626472 0.786094 -3.467388
v 0.626472 0.841341 -3.495538
v 0.626472 0.885186 -3.539382
v 0.626472 0.913335 -3.594629
v 0.626472 0.923035 -3.655871
v 0.590681 0.968883 -3.735162
v 0.590681 0.932437 -3.806691
v 0.590681 0.875672 -3.863457
v 0.590681 0.804142 -3.899903
v 0.590681 0.724852 -3.912461
v 0.590681 0.645561 -3.899903
v 0.590681 0.574032 -3.863457
v 0.590681 0.517266 -3.806691
v 0.590681 0.480820 -3.735162
v 0.590681 0.468262 -3.655871
v 0.590681 0.480820 -3.576581
v 0.590681 0.517266 -3.505052
v 0.590681 0.574032 -3.448286
v 0.590681 0.645561 -3.411840
v 0.590681 0.724852 -3.399282
v 0.590681 0.804142 -3.411840
v 0.590681 0.875671 -3.448286
v 0.590681 0.932437 -3.505052
v 0.590681 0.968883 -3.576581
v 0.590681 0.981441 -3.655871
v 0.546193 1.018422 -3.751258
v 0.546193 0.974578 -3.837308
v 0.546193 0.906288 -3.905597
v 0.546193 0.820239 -3.949442
v 0.546193 0.724852 -3.964550
v 0.546193 0.629465 -3.949442
v 0.546193 0.543415 -3.905597
v 0.546193 0.475126 -3.837308
v 0.546193 0.431281 -3.751258
v 0.546193 0.416174 -3.655871
v 0.546193 0.431281 -3.560485
v 0.546193 0.475126 -3.474435
v 0.546193 0.543415 -3.406146
v 0.546193 0.629465 -3.362301
v 0.546193 0.724852 -3.347193
v 0.546193 0.820238 -3.362301
v 0.546193 0.906288 -3.406146
v 0.546193 0.974577 -3.474435
v 0.546193 1.018422 -3.560485
v 0.546193 1.033530 -3.655871
v 0.494105 1.060732 -3.765006
v 0.494105 1.010569 -3.863457
v 0.494105 0.932437 -3.941588
v 0.494105 0.833986 -3.991752
v 0.494105 0.724852 -4.009037
v 0.494105 0.615718 -3.991752
v 0.494105 0.517266 -3.941588
v 0.494105 0.439135 -3.863457
v 0.494105 0.388971 -3.765006
v 0.494105 0.371686 -3.655871
v 0.494105 0.388971 -3.546737
v 0.494105 0.439135 -3.448286
v 0.494105 0.517266 -3.370154
v 0.494105 0.615718 -3.319991
v 0.494105 0.724852 -3.302706
v 0.494105 0.833986 -3.319991
v 0.494105 0.932437 -3.370154
v 0.494105 1.010569 -3.448286
v 0.494105 1.060732 -3.546737
v 0.494105 1.078017 -3.655871
v 0.435699 1.094772 -3.776066
v 0.435699 1.039525 -3.884495
v 0.435699 0.953475 -3.970544
v 0.435699 0.845046 -4.025792
v 0.435699 0.724852 -4.044828
v 0.435699 0.604657 -4.025792
v 0.435699 0.496229 -3.970544
v 0.435699 0.410179 -3.884495
v 0.435699 0.354932 -3.776066
v 0.435699 0.335895 -3.655871
v 0.435699 0.354932 -3.535677
v 0.435699 0.410179 -3.427248
v 0.435699 0.496229 -3.341199
v 0.435699 0.604657 -3.285951
v 0.435699 0.724852 -3.266914
v 0.435699 0.845046 -3.285951
v 0.435699 0.953475 -3.341199
v 0.435699 1.039525 -3.427248
v 0.435699 1.094772 -3.535677
v 0.435699 1.113809 -3.655871
v 0.372413 1.119703 -3.784166
v 0.372413 1.060732 -3.899903
v 0.372413 0.968883 -3.991752
v 0.372413 0.853147 -4.050723
v 0.372413 0.724852 -4.071043
v 0.372413 0.596557 -4.050723
v 0.372413 0.480820 -3.991752
v 0.372413 0.388971 -3.899903
v 0.372413 0.330001 -3.784166
v 0.372413 0.309681 -3.655871
v 0.372413 0.330001 -3.527576
v 0.372413 0.388971 -3.411840
v 0.372413 0.480820 -3.319991
v 0.372413 0.596557 -3.261020
v 0.372413 0.724852 -3.240700
v 0.372413 0.853147 -3.261020
v 0.372413 0.968883 -3.319991
v 0.372413 1.060732 -3.411840
v 0.372413 1.119703 -3.527576
v 0.372413 1.140023 -3.655871
v 0.305805 1.134912 -3.789108
v 0.305805 1.073669 -3.909302
v 0.305805 0.978283 -4.004689
v 0.305805 0.858088 -4.065931
v 0.305805 0.724852 -4.087034
v 0.305805 0.591615 -4.065931
v 0.305805 0.471421 -4.004689
v 0.305805 0.376034 -3.909302
v 0.305805 0.314792 -3.789108
v 0.305805 0.293690 -3.655871
v 0.305805 0.314792 -3.522635
v 0.305805 0.376034 -3.402441
v 0.305805 0.471421 -3.307054
v 0.305805 0.591615 -3.245812
v 0.305805 0.724852 -3.224709
v 0.305805 0.858088 -3.245812
v 0.305805 0.978283 -3.307054
v 0.305805 1.073669 -3.402441
v 0.305805 1.134911 -3.522635
v 0.305805 1.156014 -3.655871
v 0.237516 1.140023 -3.790769
v 0.237516 1.078017 -3.912461
v 0.237516 0.981442 -4.009037
v 0.237516 0.859749 -4.071043
v 0.237516 0.724852 -4.092408
v 0.237516 0.589954 -4.071043
v 0.237516 0.468262 -4.009037
v 0.237516 0.371686 -3.912461
v 0.237516 0.309681 -3.790769
v 0.237516 0.288315 -3.655871
v 0.237516 0.309681 -3.520974
v 0.237516 0.371686 -3.399282
v 0.237516 0.468262 -3.302706
v 0.237516 0.589954 -3.240700
v 0.237516 0.724852 -3.219335
v 0.237516 0.859749 -3.240700
v 0.237516 0.981441 -3.302706
v 0.237516 1.078017 -3.399282
v 0.237516 1.140023 -3.520974
v 0.237516 1.161388 -3.655871
v 0.674052 0.724852 -3.655871
v -8.001822 1.076815 -3.778272
v -8.001822 1.020554 -3.888690
v -8.001822 0.932926 -3.976319
v -8.001822 0.822507 -4.032579
v -8.001822 0.700108 -4.051966
v -8.001822 0.577708 -4.032579
v -8.001822 0.467290 -3.976319
v -8.001822 0.379662 -3.888690
v -8.001822 0.323401 -3.778272
v -8.001822 0.304015 -3.655872
v -8.001822 0.323401 -3.533473
v -8.001822 0.379662 -3.423055
v -8.001822 0.467290 -3.335426
v -8.001822 0.577708 -3.279165
v -8.001822 0.700108 -3.259779
v -8.001822 0.822507 -3.279165
v -8.001822 0.932925 -3.335426
v -8.001822 1.020554 -3.423055
v -8.001822 1.076815 -3.533473
v -8.001822 1.096201 -3.655872
v -8.437941 0.652235 -4.016676
v -8.343687 0.570994 -3.996804
v -8.526168 0.712774 -3.306566
v -8.625544 0.778592 -3.344741
v -8.743394 1.031604 -3.703969
v -8.735092 0.969851 -3.813408
v -8.637413 0.792229 -3.955313
v -8.543179 0.720603 -3.998977
v -8.701628 0.881139 -3.895672
v -8.729997 0.959868 -3.487117
v -8.739096 1.034029 -3.587810
v -8.697866 0.857915 -3.405992
v -8.229767 0.354042 -3.603472
v -8.239262 0.395821 -3.486183
v -8.329691 0.558429 -3.321612
v -8.420529 0.640554 -3.296202
v -8.270075 0.470620 -3.387984
v -8.243417 0.405178 -3.843596
v -8.232685 0.356068 -3.727043
v -8.276001 0.483842 -3.937932
v -7.646086 0.693399 -3.656410
v -5.803721 0.945869 -3.326697
v -5.803721 0.832443 -3.268903
v -5.803721 0.706709 -3.248990
v -5.803721 0.580975 -3.268903
v -5.803721 0.467549 -3.326697
v -5.803721 0.377534 -3.416713
v -5.803721 0.319741 -3.530138
v -5.803721 0.299826 -3.655872
v -5.803721 0.319741 -3.781606
v -5.803721 0.377534 -3.895032
v -5.803721 0.467549 -3.985047
v -5.803721 0.580975 -4.042841
v -5.803721 0.706709 -4.062755
v -5.803721 0.832443 -4.042841
v -5.808405 0.946258 -3.991930
v -5.808405 1.036273 -3.901915
v -5.803721 1.093678 -3.781606
v -5.803721 1.113592 -3.655872
v -5.803721 1.093678 -3.530138
v -5.803721 1.035884 -3.416713
v -6.042542 0.944462 -3.327646
v -6.042542 0.831363 -3.270018
v -6.042542 0.705992 -3.250162
v -6.042542 0.580620 -3.270018
v -6.042542 0.467521 -3.327646
v -6.042542 0.377765 -3.417402
v -6.042542 0.320138 -3.530501
v -6.042542 0.300281 -3.655872
v -6.042542 0.320138 -3.781243
v -6.042542 0.377765 -3.894343
v -6.042542 0.467521 -3.984099
v -6.042542 0.580620 -4.041726
v -6.042542 0.705992 -4.061582
v -6.042542 0.831363 -4.041726
v -6.047225 0.945210 -3.990623
v -6.047225 1.034966 -3.900867
v -6.042542 1.091846 -3.781243
v -6.042542 1.111702 -3.655872
v -6.042542 1.091845 -3.530501
v -6.042542 1.034218 -3.417402
v -6.078034 0.944253 -3.327787
v -6.078034 0.831203 -3.270184
v -6.078034 0.705885 -3.250336
v -6.078034 0.580568 -3.270184
v -6.078034 0.467517 -3.327787
v -6.078034 0.377799 -3.417504
v -6.078034 0.320197 -3.530555
v -6.078034 0.300349 -3.655872
v -6.078034 0.320197 -3.781189
v -6.078034 0.377799 -3.894240
v -6.078034 0.467517 -3.983958
v -6.078034 0.580567 -4.041561
v -6.078034 0.705885 -4.061408
v -6.078034 0.831203 -4.041561
v -6.082718 0.945055 -3.990429
v -6.082718 1.034772 -3.900712
v -6.078034 1.091573 -3.781189
v -6.078034 1.111421 -3.655872
v -6.078034 1.091573 -3.530555
v -6.078034 1.033971 -3.417504
v -6.205085 0.943505 -3.328291
v -6.205085 0.830629 -3.270777
v -6.205085 0.705504 -3.250960
v -6.205085 0.580379 -3.270777
v -6.205085 0.467502 -3.328291
v -6.205085 0.377922 -3.417871
v -6.205085 0.320409 -3.530747
v -6.205085 0.300591 -3.655872
v -6.205085 0.320409 -3.780997
v -6.205085 0.377922 -3.893874
v -6.205085 0.467502 -3.983454
v -6.205085 0.580379 -4.040967
v -6.205085 0.705504 -4.060784
v -6.205085 0.830629 -4.040967
v -6.209768 0.944497 -3.989734
v -6.209768 1.034076 -3.900154
v -6.205085 1.090599 -3.780997
v -6.205085 1.110416 -3.655872
v -6.205085 1.090598 -3.530747
v -6.205085 1.033085 -3.417871
v -6.255946 0.943206 -3.328493
v -6.255946 0.830399 -3.271015
v -6.255946 0.705351 -3.251209
v -6.255946 0.580303 -3.271015
v -6.255946 0.467496 -3.328493
v -6.255946 0.377972 -3.418017
v -6.255946 0.320494 -3.530825
v -6.255946 0.300688 -3.655872
v -6.255946 0.320494 -3.780920
v -6.255946 0.377972 -3.893727
v -6.255946 0.467496 -3.983252
v -6.255946 0.580303 -4.040730
v -6.255946 0.705351 -4.060534
v -6.255946 0.830399 -4.040730
v -6.260630 0.944274 -3.989455
v -6.260630 1.033798 -3.899931
v -6.255946 1.090208 -3.780920
v -6.255946 1.110014 -3.655872
v -6.255946 1.090208 -3.530825
v -6.255946 1.032730 -3.418017
v -7.531799 0.935693 -3.333560
v -7.531799 0.824632 -3.276971
v -7.531799 0.701519 -3.257472
v -7.531799 0.578407 -3.276971
v -7.531799 0.467346 -3.333560
v -7.531799 0.379207 -3.421699
v -7.531799 0.322618 -3.532760
v -7.531799 0.303119 -3.655872
v -7.531799 0.322618 -3.778985
v -7.531799 0.379207 -3.890046
v -7.531799 0.467345 -3.978185
v -7.531799 0.578407 -4.034774
v -7.531799 0.701519 -4.054273
v -7.531799 0.824632 -4.034774
v -7.536482 0.938677 -3.982473
v -7.536482 1.026816 -3.894334
v -7.531799 1.080421 -3.778985
v -7.531799 1.099920 -3.655872
v -7.531799 1.080421 -3.532760
v -7.531799 1.023832 -3.421699
v -7.608077 0.935244 -3.333863
v -7.608077 0.824287 -3.277327
v -7.608077 0.701290 -3.257847
v -7.608077 0.578294 -3.277327
v -7.608077 0.467337 -3.333863
v -7.608077 0.379281 -3.421919
v -7.608077 0.322745 -3.532876
v -7.608077 0.303264 -3.655872
v -7.608077 0.322745 -3.778869
v -7.608077 0.379281 -3.889826
v -7.608077 0.467336 -3.977882
v -7.608077 0.578293 -4.034418
v -7.608077 0.701290 -4.053898
v -7.608077 0.824287 -4.034418
v -7.612761 0.938342 -3.982056
v -7.612761 1.026398 -3.894000
v -7.608077 1.079836 -3.778869
v -7.608077 1.099316 -3.655872
v -7.608077 1.079835 -3.532876
v -7.608077 1.023300 -3.421919
v -7.811435 0.934047 -3.334671
v -7.811435 0.823368 -3.278276
v -7.811435 0.700680 -3.258845
v -7.811435 0.577991 -3.278276
v -7.811435 0.467313 -3.334671
v -7.811435 0.379477 -3.422505
v -7.811435 0.323084 -3.533184
v -7.811435 0.303652 -3.655872
v -7.811435 0.323084 -3.778561
v -7.811435 0.379477 -3.889239
v -7.811435 0.467312 -3.977075
v -7.811435 0.577991 -4.033468
v -7.811435 0.700680 -4.052900
v -7.811435 0.823368 -4.033468
v -7.816118 0.937450 -3.980943
v -7.816118 1.025285 -3.893107
v -7.811435 1.078275 -3.778561
v -7.811435 1.097707 -3.655872
v -7.811435 1.078275 -3.533184
v -7.811435 1.021881 -3.422505
v -7.740180 0.934466 -3.334387
v -7.740180 0.823690 -3.277944
v -7.740180 0.700894 -3.258495
v -7.740180 0.578097 -3.277944
v -7.740180 0.467321 -3.334387
v -7.740180 0.379408 -3.422300
v -7.740180 0.322965 -3.533076
v -7.740180 0.303516 -3.655872
v -7.740180 0.322965 -3.778669
v -7.740180 0.379408 -3.889445
v -7.740180 0.467321 -3.977358
v -7.740180 0.578097 -4.033801
v -7.740180 0.700894 -4.053250
v -7.740180 0.823690 -4.033801
v -7.744864 0.937763 -3.981333
v -7.744864 1.025675 -3.893420
v -7.740180 1.078822 -3.778669
v -7.740180 1.098271 -3.655872
v -7.740180 1.078822 -3.533076
v -7.740180 1.022378 -3.422300
v -7.669015 0.934885 -3.334105
v -7.669015 0.824012 -3.277611
v -7.669015 0.701107 -3.258146
v -7.669015 0.578203 -3.277611
v -7.669015 0.467329 -3.334105
v -7.669015 0.379339 -3.422094
v -7.669015 0.322847 -3.532968
v -7.669015 0.303380 -3.655872
v -7.669015 0.322847 -3.778777
v -7.669015 0.379339 -3.889650
v -7.669015 0.467329 -3.977640
v -7.669015 0.578203 -4.034133
v -7.669015 0.701107 -4.053599
v -7.669015 0.824012 -4.034133
v -7.673698 0.938075 -3.981722
v -7.673698 1.026065 -3.893732
v -7.669015 1.079368 -3.778777
v -7.669015 1.098834 -3.655872
v -7.669015 1.079368 -3.532968
v -7.669015 1.022875 -3.422094
v -6.123755 1.033652 -3.417636
v -6.123755 0.943984 -3.327968
v -6.123755 0.830996 -3.270398
v -6.123755 0.705748 -3.250561
v -6.123755 0.580500 -3.270397
v -6.123755 0.467512 -3.327968
v -6.123755 0.377844 -3.417636
v -6.123755 0.320273 -3.530624
v -6.123755 0.300436 -3.655872
v -6.123755 0.320273 -3.781120
v -6.123755 0.377844 -3.894109
v -6.123755 0.467512 -3.983776
v -6.123755 0.580500 -4.041347
v -6.123755 0.705748 -4.061183
v -6.123755 0.830996 -4.041347
v -6.128438 0.944854 -3.990179
v -6.128438 1.034522 -3.900511
v -6.123755 1.091223 -3.781120
v -6.123755 1.111060 -3.655872
v -6.123755 1.091222 -3.530624
v -5.803437 1.070638 -3.386444
v -5.796817 0.976688 -3.300798
v -6.045193 1.076730 -3.375853
v -6.038592 0.983051 -3.290455
v -6.064761 1.137693 -3.329221
v -6.064761 1.047975 -3.239504
v -6.123755 1.149305 -3.328341
v -6.123755 1.059637 -3.238674
v -6.205085 1.148738 -3.328576
v -6.205085 1.059158 -3.238997
v -6.255946 1.148383 -3.328723
v -6.255946 1.058859 -3.239199
v -7.519843 1.141105 -3.314326
v -7.519843 1.052966 -3.226187
v -7.596121 1.140573 -3.314546
v -7.596121 1.052517 -3.226490
v -7.657059 1.105329 -3.340598
v -7.657059 1.017339 -3.252609
v -7.753885 1.113606 -3.340541
v -7.753885 1.025694 -3.252628
v -7.811435 1.062654 -3.384533
v -7.811435 0.974819 -3.296698
v -6.088959 1.172368 -3.292774
v -6.088959 1.082650 -3.203057
v -6.123755 1.181564 -3.284568
v -6.123755 1.091896 -3.194900
v -6.205085 1.180997 -3.284802
v -6.205085 1.091417 -3.195223
v -6.255946 1.180642 -3.284949
v -6.255946 1.091118 -3.195425
v -7.531799 1.171744 -3.288630
v -7.531799 1.083605 -3.200492
v -7.608077 1.171212 -3.288851
v -7.608077 1.083156 -3.200795
v -7.662049 1.153389 -3.301830
v -7.662049 1.065399 -3.213840
v -7.706439 1.139622 -3.312240
v -7.706439 1.051710 -3.224328
v -6.212924 0.963343 -3.348428
v -6.263785 0.963043 -3.348630
v -6.212924 1.078995 -3.259133
v -6.263785 1.078696 -3.259335
v -7.539638 0.955530 -3.353696
v -7.527682 1.072804 -3.246323
v -7.615916 0.955081 -3.353999
v -7.603961 1.072354 -3.246626
v -7.676854 0.954722 -3.354241
v -7.664898 1.037177 -3.272745
v -6.131594 0.963821 -3.348105
v -6.131594 1.079474 -3.258810
v -6.205085 1.010588 -3.396625
v -6.255946 1.010233 -3.396771
v -6.255946 1.125886 -3.307477
v -6.205085 1.126241 -3.307330
v -7.531799 1.001335 -3.400453
v -7.519843 1.118608 -3.293080
v -7.608077 1.000803 -3.400673
v -7.596121 1.118076 -3.293300
v -7.669015 1.000378 -3.400848
v -7.657059 1.082832 -3.319352
v -6.123755 1.011155 -3.396390
v -6.123755 1.126808 -3.307095
v -8.702456 0.872480 -3.417581
v -8.740013 0.903524 -3.376027
v -8.533115 0.917048 -3.362980
v -8.335302 0.930987 -3.352194
v -8.142293 0.943368 -3.341584
v -8.001822 0.945444 -3.347944
v -7.811435 0.946594 -3.347218
v -7.811435 0.987367 -3.309246
v -7.753884 1.038253 -3.265187
v -7.706439 1.064268 -3.236887
v -7.662049 1.077969 -3.226410
v -7.608077 1.095735 -3.213374
v -7.531799 1.096196 -3.213083
v -6.255946 1.103907 -3.208214
v -6.205085 1.104214 -3.208020
v -6.123755 1.104706 -3.207710
v -6.088959 1.095467 -3.215874
v -6.064761 1.060792 -3.252320
v -6.039535 0.996434 -3.302655
v -5.797763 0.990110 -3.313033
v -5.803721 0.958728 -3.339557
v 0.237516 0.995238 -3.316502
v 0.305805 0.991909 -3.320681
v 0.372413 0.982004 -3.333112
v 0.435699 0.965768 -3.353492
v 0.494105 0.943599 -3.381316
v 0.546193 0.916044 -3.415901
v 0.590681 0.883781 -3.456395
v 0.626472 0.847605 -3.501801
v 0.652686 0.808406 -3.551001
v 0.668678 0.767149 -3.602782
v -8.707047 0.887045 -3.429170
v -8.745401 0.920623 -3.389632
v -8.536667 0.932722 -3.376363
v -8.337047 0.945171 -3.365271
v -8.142293 0.956125 -3.354376
v -8.001822 0.957962 -3.360463
v -7.811435 0.959142 -3.359766
v -7.811435 0.999915 -3.321794
v -7.753884 1.050812 -3.277746
v -7.706439 1.076827 -3.249446
v -7.662049 1.090539 -3.238980
v -7.608077 1.108315 -3.225954
v -7.531799 1.108787 -3.225674
v -6.255946 1.116696 -3.221003
v -6.205085 1.117011 -3.220817
v -6.123755 1.117515 -3.220520
v -6.088959 1.108284 -3.228690
v -6.064761 1.073609 -3.265137
v -6.040478 1.009816 -3.314854
v -5.798708 1.003531 -3.325268
v -5.803721 0.971587 -3.352416
v 0.237516 1.009035 -3.330299
v 0.305805 1.005536 -3.334307
v 0.372413 0.995126 -3.346234
v 0.435699 0.978061 -3.365785
v 0.494105 0.954760 -3.392478
v 0.546193 0.925799 -3.425657
v 0.590681 0.891890 -3.464505
v 0.626472 0.853868 -3.508065
v 0.652686 0.812669 -3.555264
v 0.668678 0.769308 -3.604941
v -8.711637 0.901609 -3.440760
v -8.750790 0.937721 -3.403238
v -8.540219 0.948395 -3.389746
v -8.338791 0.959355 -3.378348
v -8.142293 0.968881 -3.367168
v -8.001822 0.970480 -3.372981
v -7.811435 0.971690 -3.372314
v -7.811435 1.012462 -3.334342
v -7.753884 1.063370 -3.290305
v -7.706439 1.089386 -3.262005
v -7.662049 1.103109 -3.251550
v -7.608077 1.120894 -3.238533
v -7.531799 1.121379 -3.238266
v -6.255946 1.129485 -3.233793
v -6.205085 1.129808 -3.233614
v -6.123755 1.130325 -3.233329
v -6.088960 1.121101 -3.241507
v -6.064761 1.086426 -3.277954
v -6.041421 1.023199 -3.327054
v -5.799654 1.016953 -3.337503
v -5.803721 0.984447 -3.365275
v 0.237516 1.022831 -3.344095
v 0.305805 1.019163 -3.347934
v 0.372413 1.008247 -3.359355
v 0.435699 0.990353 -3.378077
v 0.494105 0.965922 -3.403640
v 0.546193 0.935555 -3.435412
v 0.590681 0.900000 -3.472614
v 0.626472 0.860132 -3.514328
v 0.652686 0.816932 -3.559527
v 0.668678 0.771466 -3.607099
v -8.716227 0.916174 -3.452349
v -8.756178 0.954820 -3.416843
v -8.543772 0.964068 -3.403129
v -8.340536 0.973539 -3.391425
v -8.142293 0.981638 -3.379960
v -8.001822 0.982999 -3.385500
v -7.811435 0.984238 -3.384862
v -7.811435 1.025010 -3.346889
v -7.753885 1.075929 -3.302864
v -7.706439 1.101945 -3.274564
v -7.662049 1.115679 -3.264120
v -7.608077 1.133473 -3.251112
v -7.531799 1.133970 -3.250857
v -6.255946 1.142274 -3.246582
v -6.205085 1.142605 -3.246411
v -6.123755 1.143135 -3.246139
v -6.088960 1.133917 -3.254324
v -6.064761 1.099242 -3.290771
v -6.042364 1.036582 -3.339254
v -5.800600 1.030374 -3.349739
v -5.803721 0.997306 -3.378135
v 0.237516 1.036628 -3.357892
v 0.305805 1.032789 -3.361561
v 0.372413 1.021368 -3.372476
v 0.435699 1.002646 -3.390370
v 0.494105 0.977084 -3.414801
v 0.546193 0.945311 -3.445168
v 0.590681 0.908109 -3.480724
v 0.626472 0.866395 -3.520592
v 0.652686 0.821196 -3.563791
v 0.668678 0.773624 -3.609257
v -8.720817 0.930739 -3.463938
v -8.761566 0.971918 -3.430449
v -8.547323 0.979741 -3.416512
v -8.342280 0.987722 -3.404502
v -8.142293 0.994394 -3.392751
v -8.001822 0.995517 -3.398018
v -7.811435 0.996786 -3.397410
v -7.811435 1.037558 -3.359437
v -7.753885 1.088488 -3.315423
v -7.706439 1.114504 -3.287122
v -7.662049 1.128249 -3.276690
v -7.608077 1.146053 -3.263692
v -7.531798 1.146561 -3.263448
v -6.255946 1.155064 -3.259371
v -6.205085 1.155402 -3.259208
v -6.123755 1.155944 -3.258948
v -6.088960 1.146734 -3.267141
v -6.064760 1.112059 -3.303587
v -6.043307 1.049965 -3.351454
v -5.801546 1.043795 -3.361974
v -5.803721 1.010165 -3.390994
v 0.237516 1.050424 -3.371688
v 0.305805 1.046416 -3.375187
v 0.372413 1.034490 -3.385597
v 0.435699 1.014939 -3.402663
v 0.494105 0.988245 -3.425962
v 0.546193 0.955066 -3.454924
v 0.590681 0.916218 -3.488833
v 0.626472 0.872659 -3.526855
v 0.652686 0.825459 -3.568054
v 0.668678 0.775782 -3.611415
v -8.725407 0.945303 -3.475528
v -8.766955 0.989017 -3.444054
v -8.550875 0.995414 -3.429895
v -8.344025 1.001906 -3.417579
v -8.142293 1.007151 -3.405543
v -8.001822 1.008035 -3.410536
v -7.811435 1.009334 -3.409957
v -7.811435 1.050106 -3.371985
v -7.753885 1.101047 -3.327982
v -7.706439 1.127063 -3.299681
v -7.662049 1.140819 -3.289259
v -7.608077 1.158632 -3.276271
v -7.531798 1.159152 -3.276039
v -6.255946 1.167853 -3.272160
v -6.205085 1.168200 -3.272005
v -6.123755 1.168754 -3.271758
v -6.088960 1.159551 -3.279958
v -6.064760 1.124876 -3.316404
v -6.044250 1.063347 -3.363654
v -5.802491 1.057217 -3.374208
v -5.803721 1.023025 -3.403853
v 0.237516 1.064221 -3.385485
v 0.305805 1.060043 -3.388814
v 0.372413 1.047611 -3.398719
v 0.435699 1.027232 -3.414956
v 0.494105 0.999407 -3.437124
v 0.546193 0.964822 -3.464679
v 0.590681 0.924328 -3.496943
v 0.626472 0.878922 -3.533119
v 0.652686 0.829723 -3.572318
v 0.668678 0.777941 -3.613574
v -7.531799 1.116483 -3.212948
v -7.531799 1.103892 -3.200357
v -7.608077 1.116010 -3.213228
v -7.608077 1.103431 -3.200648
v -6.255946 1.124392 -3.208277
v -6.255946 1.111602 -3.195488
v -6.205085 1.124707 -3.208091
v -6.205085 1.111910 -3.195294
v -6.123755 1.125211 -3.207793
v -6.123755 1.112401 -3.194984
v -7.531799 1.141666 -3.238131
v -7.531799 1.129074 -3.225539
v -7.608077 1.141169 -3.238386
v -7.608077 1.128590 -3.225807
v -6.255946 1.149970 -3.233856
v -6.255946 1.137181 -3.221066
v -6.205085 1.150301 -3.233685
v -6.205085 1.137504 -3.220888
v -6.123755 1.150830 -3.233413
v -6.123755 1.138021 -3.220603
v -7.531798 1.166848 -3.263313
v -7.531798 1.154257 -3.250722
v -7.608077 1.166328 -3.263545
v -7.608077 1.153749 -3.250966
v -6.255946 1.175548 -3.259434
v -6.255946 1.162759 -3.246645
v -6.205085 1.175895 -3.259279
v -6.205085 1.163098 -3.246482
v -6.123755 1.176450 -3.259032
v -6.123755 1.163640 -3.246222
v -5.811858 0.989151 -4.020145
v -5.812804 0.976916 -4.033567
v -6.054560 0.987506 -4.039659
v -6.053617 0.999706 -4.026277
v -6.074128 1.034138 -4.100622
v -6.074127 1.046955 -4.087805
v -6.098327 1.083402 -4.122480
v -6.098326 1.070585 -4.135296
v -6.133121 1.078792 -4.144493
v -6.133121 1.091601 -4.131683
v -6.214452 1.091354 -4.131128
v -6.214452 1.078557 -4.143926
v -6.265313 1.078410 -4.143571
v -6.265313 1.091199 -4.130782
v -7.541166 1.074729 -4.134673
v -7.541165 1.087320 -4.122081
v -7.617444 1.074509 -4.134140
v -7.617444 1.087088 -4.121561
v -7.671416 1.061530 -4.116318
v -7.671416 1.074100 -4.103748
v -7.763252 1.035377 -4.063976
v -7.763252 1.022819 -4.076535
v -7.820802 0.978826 -4.025583
v -7.820802 0.991374 -4.013035
v -7.715806 1.051119 -4.102551
v -7.715806 1.063678 -4.089992
v -5.810412 0.959284 -3.982020
v -5.806184 1.062561 -3.939617
v -6.047959 1.072904 -3.945980
v -6.074128 1.123855 -4.010904
v -6.133121 1.035018 -4.112234
v -6.133121 1.124685 -4.022566
v -6.214452 0.966735 -3.973517
v -6.265313 0.966588 -3.973162
v -6.265313 1.055882 -4.088815
v -6.214452 1.056029 -4.089170
v -6.273152 1.014729 -3.925972
v -6.222291 1.014931 -3.926272
v -6.222291 1.104226 -4.041924
v -6.273152 1.104024 -4.041625
v -7.541166 0.962907 -3.964264
v -7.529210 1.070280 -4.081537
v -7.549005 1.009663 -3.918459
v -7.537049 1.117036 -4.035732
v -7.617444 0.962687 -3.963732
v -7.605488 1.070060 -4.081005
v -7.625283 1.009360 -3.918010
v -7.613328 1.116733 -4.035283
v -7.678382 0.962511 -3.963307
v -7.666426 1.044007 -4.045761
v -7.686221 1.009118 -3.917651
v -7.674265 1.090614 -4.000105
v -7.816118 0.949998 -3.968395
v -7.763252 1.110731 -3.988623
v -7.820802 1.066661 -3.937748
v -7.666426 1.022761 -4.068258
v -7.666426 1.110751 -3.980268
v -6.133121 0.966969 -3.974084
v -6.133121 1.056264 -4.089737
v -6.140961 1.015254 -3.926750
v -6.140961 1.104549 -4.042403
v -6.098326 1.160302 -4.045579
v -6.133121 1.168459 -4.054825
v -6.214452 1.034783 -4.111667
v -6.265313 1.034636 -4.111312
v -6.265313 1.124160 -4.021788
v -6.214452 1.124362 -4.022087
v -6.214452 1.168136 -4.054346
v -6.265313 1.167934 -4.054047
v -7.529210 1.049034 -4.104034
v -7.529210 1.137172 -4.015895
v -7.541166 1.162867 -4.046534
v -7.605488 1.048814 -4.103502
v -7.605488 1.136869 -4.015446
v -7.617444 1.162564 -4.046084
v -7.671416 1.149519 -4.028328
v -7.715806 1.139031 -4.014638
v -7.820802 1.054113 -3.950296
v -7.816118 1.012738 -3.905655
v -7.763251 1.098172 -4.001182
v -7.715806 1.126472 -4.027197
v -7.671416 1.136950 -4.040898
v -7.617444 1.149985 -4.058664
v -7.541166 1.150276 -4.059125
v -6.265313 1.155145 -4.066835
v -6.214452 1.155339 -4.067143
v -6.133121 1.155649 -4.067635
v -6.098326 1.147485 -4.058396
v -6.074128 1.111039 -4.023721
v -6.048902 1.060705 -3.959363
v -5.807130 1.050326 -3.953039
v -5.808740 1.023441 -3.915266
v -7.820802 1.041565 -3.962844
v -7.816118 1.000190 -3.918203
v -7.763251 1.085613 -4.013741
v -7.715806 1.113914 -4.039756
v -7.671416 1.124379 -4.053468
v -7.617444 1.137406 -4.071243
v -7.541166 1.163002 -4.066821
v -7.541166 1.150411 -4.079412
v -7.617444 1.150132 -4.078939
v -7.617444 1.162711 -4.066360
v -6.265313 1.167871 -4.074531
v -6.265313 1.155082 -4.087321
v -6.214452 1.168065 -4.074839
v -6.214452 1.155268 -4.087636
v -6.133121 1.168375 -4.075330
v -6.133121 1.155566 -4.088140
v -6.098326 1.134669 -4.071213
v -6.133121 1.142840 -4.080444
v -6.074128 1.098222 -4.036538
v -6.049845 1.048505 -3.972745
v -5.808075 1.038091 -3.966460
v -5.809074 1.010610 -3.928617
v -7.820802 1.029017 -3.975391
v -7.816118 0.987642 -3.930751
v -7.763251 1.073054 -4.026299
v -7.715806 1.101354 -4.052315
v -7.671416 1.111809 -4.066038
v -7.617444 1.124826 -4.083823
v -7.541166 1.137685 -4.071716
v -7.541166 1.125094 -4.084308
v -6.265313 1.142356 -4.079625
v -6.265313 1.129567 -4.092414
v -6.214452 1.142542 -4.079940
v -6.214452 1.129745 -4.092737
v -6.133121 1.130030 -4.093254
v -6.098327 1.121852 -4.084029
v -6.074128 1.085405 -4.049355
v -6.050788 1.036305 -3.986128
v -5.809021 1.025856 -3.979882
v -5.809409 0.997778 -3.941967
v -7.820802 1.016470 -3.987939
v -7.816118 0.975094 -3.943299
v -7.763252 1.060495 -4.038858
v -7.715806 1.088795 -4.064874
v -7.671416 1.099240 -4.078608
v -7.617444 1.112247 -4.096402
v -7.541166 1.137820 -4.092003
v -7.541166 1.125229 -4.104595
v -7.617444 1.124973 -4.104098
v -7.617444 1.137552 -4.091518
v -6.265313 1.142293 -4.100110
v -6.265313 1.129504 -4.112899
v -6.214452 1.142471 -4.100433
v -6.214452 1.129674 -4.113230
v -6.133121 1.142756 -4.100950
v -6.133121 1.129946 -4.113759
v -6.098327 1.109035 -4.096846
v -6.133121 1.117220 -4.106063
v -6.074128 1.072589 -4.062171
v -6.051731 1.024105 -3.999511
v -5.809967 1.013621 -3.993303
v -5.809743 0.984947 -3.955319
v -7.820802 1.003922 -4.000487
v -7.816118 0.962546 -3.955847
v -7.763252 1.047936 -4.051417
v -7.715806 1.076237 -4.077433
v -7.671416 1.086670 -4.091178
v -7.617444 1.099667 -4.108982
v -7.541166 1.112503 -4.096899
v -7.541165 1.099911 -4.109490
v -6.265313 1.116777 -4.105203
v -6.265313 1.103988 -4.117992
v -6.214452 1.116948 -4.105534
v -6.214452 1.104151 -4.118331
v -6.133121 1.104411 -4.118874
v -6.098327 1.096218 -4.109663
v -6.074127 1.059772 -4.074988
v -6.052674 1.011906 -4.012894
v -5.810913 1.001386 -4.006724
v -5.810078 0.972115 -3.968670
v -7.541165 1.112637 -4.117186
v -7.541165 1.100046 -4.129777
v -7.617444 1.099814 -4.129257
v -7.617444 1.112393 -4.116677
v -6.265313 1.116715 -4.125688
v -6.265313 1.103925 -4.138477
v -6.214452 1.116877 -4.126027
v -6.214452 1.104080 -4.138824
v -6.133121 1.117137 -4.126569
v -6.133121 1.104327 -4.139379
v -8.001822 0.945444 -3.963800
v -8.142293 0.943368 -3.970143
v -8.314069 0.905314 -3.979467
v -8.489880 0.864775 -3.989429
v -8.674423 0.824223 -3.997306
v -8.646586 0.804930 -3.946793
v -8.001822 0.957962 -3.951282
v -8.142293 0.956125 -3.957349
v -8.317555 0.918790 -3.967556
v -8.496979 0.879006 -3.978421
v -8.685192 0.839134 -3.987304
v -8.655760 0.817632 -3.938272
v -8.001822 0.970481 -3.938764
v -8.142293 0.968881 -3.944556
v -8.321042 0.932265 -3.955644
v -8.504078 0.893237 -3.967412
v -8.695962 0.854045 -3.977301
v -8.664933 0.830333 -3.929752
v -8.001822 0.982999 -3.926245
v -8.142293 0.981638 -3.931762
v -8.324529 0.945741 -3.943732
v -8.511177 0.907469 -3.956404
v -8.706732 0.868956 -3.967299
v -8.674107 0.843035 -3.921232
v -8.001822 0.995517 -3.913727
v -8.142293 0.994394 -3.918969
v -8.328015 0.959217 -3.931820
v -8.518275 0.921700 -3.945395
v -8.717501 0.883867 -3.957296
v -8.683280 0.855736 -3.912712
v -8.001822 1.008036 -3.901208
v -8.142293 1.007151 -3.906175
v -8.331501 0.972693 -3.919909
v -8.525373 0.935931 -3.934387
v -8.728270 0.898778 -3.947294
v -8.692453 0.868437 -3.904192
v 0.237516 1.064221 -3.926258
v 0.305805 1.060043 -3.922929
v 0.372413 1.047611 -3.913024
v 0.435699 1.027232 -3.896787
v 0.494105 0.999407 -3.874619
v 0.546193 0.964822 -3.847064
v 0.590681 0.924328 -3.814800
v 0.626472 0.878922 -3.778625
v 0.652686 0.829723 -3.739425
v 0.668678 0.777941 -3.698169
v 0.237516 1.050424 -3.940054
v 0.305805 1.046416 -3.936556
v 0.372413 1.034490 -3.926146
v 0.435699 1.014939 -3.909080
v 0.494105 0.988246 -3.885780
v 0.546193 0.955066 -3.856819
v 0.590681 0.916219 -3.822910
v 0.626472 0.872659 -3.784888
v 0.652686 0.825459 -3.743689
v 0.668678 0.775783 -3.700327
v 0.237516 1.036628 -3.953851
v 0.305805 1.032789 -3.950182
v 0.372413 1.021369 -3.939267
v 0.435699 1.002646 -3.921373
v 0.494105 0.977084 -3.896942
v 0.546193 0.945311 -3.866575
v 0.590681 0.908109 -3.831019
v 0.626472 0.866395 -3.791152
v 0.652686 0.821196 -3.747952
v 0.668678 0.773624 -3.702485
v 0.237516 1.022831 -3.967648
v 0.305805 1.019163 -3.963809
v 0.372413 1.008247 -3.952388
v 0.435699 0.990353 -3.933666
v 0.494105 0.965922 -3.908103
v 0.546193 0.935555 -3.876330
v 0.590681 0.900000 -3.839129
v 0.626472 0.860132 -3.797415
v 0.652686 0.816932 -3.752215
v 0.668678 0.771466 -3.704644
v 0.237516 1.009035 -3.981444
v 0.305805 1.005536 -3.977436
v 0.372413 0.995126 -3.965509
v 0.435699 0.978061 -3.945958
v 0.494105 0.954761 -3.919265
v 0.546193 0.925799 -3.886086
v 0.590681 0.891890 -3.847238
v 0.626472 0.853868 -3.803679
v 0.652686 0.812669 -3.756479
v 0.668678 0.769308 -3.706802
v 0.237516 0.995238 -3.995240
v 0.305805 0.991909 -3.991063
v 0.372413 0.982005 -3.978631
v 0.435699 0.965768 -3.958251
v 0.494105 0.943599 -3.930427
v 0.546193 0.916044 -3.895842
v 0.590681 0.883781 -3.855348
v 0.626472 0.847605 -3.809942
v 0.652686 0.808406 -3.760742
v 0.668678 0.767149 -3.708960
vt 0.159321 0.146709
vt 0.153678 0.149915
vt 1.273064 1.518578
vt 1.300162 1.549853
vt 0.058031 0.685057
vt 0.052825 0.681412
vt 1.507369 1.433113
vt 1.486366 1.397295
vt 0.351007 0.146373
vt 0.344032 0.146242
vt 1.452091 1.599642
vt 1.491209 1.585984
vt 0.330656 0.148940
vt 0.164602 0.143150
vt 1.334486 1.572592
vt 1.372377 1.588213
vt 0.166348 0.156742
vt 0.165522 0.150033
vt 0.331769 0.157731
vt 0.332743 0.166324
vt 0.160052 0.156177
vt 0.159731 0.151475
vt 0.345297 0.167228
vt 0.344694 0.156874
vt 0.351283 0.157125
vt 0.351579 0.167614
vt 0.338134 0.166737
vt 0.337242 0.157147
vt 0.338155 0.157050
vt 0.339029 0.166805
vt 1.411207 1.598317
vt 0.337160 0.147027
vt 0.336230 0.147300
vt 1.405699 1.596755
vt 0.364632 0.147760
vt 0.357654 0.146965
vt 1.517858 1.557724
vt 1.523767 1.516158
vt 0.357871 0.167997
vt 0.357748 0.157608
vt 0.364374 0.158207
vt 0.364164 0.168391
vt 0.052852 0.697967
vt 0.052848 0.689800
vt 0.058592 0.691488
vt 0.059155 0.697799
vt 0.365334 0.158342
vt 0.365063 0.168441
vt 0.370469 0.168742
vt 0.371094 0.159154
vt 0.365954 0.137159
vt 0.365655 0.147986
vt 0.371788 0.149338
vt 1.520217 1.472260
vt 0.126668 0.153087
vt 0.081812 0.696327
vt 1.338631 1.347774
vt 1.302344 1.367606
vt 0.068602 0.692494
vt 0.063126 0.688987
vt 1.457206 1.365978
vt 1.420690 1.345788
vt 0.065474 0.697702
vt 0.064284 0.693368
vt 0.070194 0.695111
vt 0.071797 0.697727
vt 0.122337 0.154288
vt 0.083108 0.697173
vt 0.127661 0.153727
vt 0.128630 0.154437
vt 0.076526 0.696388
vt 0.078101 0.697877
vt 1.380020 1.341207
vt 0.074932 0.694955
vt 0.140531 0.153154
vt 0.133547 0.153222
vt 1.275512 1.398601
vt 1.261593 1.438119
vt 0.134891 0.154672
vt 0.134237 0.153912
vt 0.140861 0.154030
vt 0.141144 0.154974
vt 0.153737 0.155679
vt 0.153743 0.152797
vt 0.147439 0.153726
vt 0.147422 0.155287
vt 1.259388 1.479635
vt 0.147400 0.152209
vt 1.208289 0.211289
vt 1.212500 0.208778
vt 1.222220 0.221632
vt 1.214300 0.226212
vt 1.215417 0.205710
vt 1.215915 0.205206
vt 1.228644 0.215058
vt 1.227708 0.215979
vt 1.218262 0.200810
vt 1.233123 0.206937
vt 1.219357 0.195888
vt 1.235338 0.197809
vt 1.219104 0.190799
vt 1.235103 0.188282
vt 1.217506 0.185928
vt 1.232396 0.178995
vt 1.214659 0.181663
vt 1.227353 0.170590
vt 1.210759 0.178383
vt 1.220260 0.163695
vt 1.206091 0.176441
vt 1.211535 0.158934
vt 1.201036 0.176145
vt 1.177597 0.169826
vt 1.186599 0.185990
vt 1.171303 0.177255
vt 1.184400 0.190324
vt 1.167779 0.186205
vt 1.183692 0.195149
vt 1.167029 0.195760
vt 1.184458 0.200007
vt 1.168929 0.205115
vt 1.186582 0.204476
vt 1.173228 0.213569
vt 1.189864 0.208188
vt 1.179543 0.220526
vt 1.193415 0.210523
vt 1.193996 0.210925
vt 1.187399 0.225564
vt 1.186289 0.224825
vt 1.198675 0.212398
vt 1.196242 0.228261
vt 1.203562 0.212524
vt 1.205429 0.228479
vt 1.231657 0.234233
vt 1.220209 0.240773
vt 1.240936 0.224857
vt 1.239594 0.226178
vt 1.247493 0.213282
vt 1.250862 0.200284
vt 1.250796 0.186691
vt 1.247273 0.173344
vt 1.240480 0.161053
vt 1.230783 0.150574
vt 1.218679 0.142630
vt 1.163500 0.158083
vt 1.155490 0.169986
vt 1.151346 0.183510
vt 1.150977 0.197506
vt 1.154205 0.210981
vt 1.160707 0.223051
vt 1.169983 0.232940
vt 1.181398 0.239998
vt 1.179776 0.238971
vt 1.194181 0.243773
vt 1.207424 0.244034
vt 1.240974 0.246658
vt 1.226100 0.255114
vt 1.253016 0.234576
vt 1.251294 0.236298
vt 1.261625 0.219697
vt 1.266170 0.203030
vt 1.266356 0.185608
vt 1.262192 0.168463
vt 1.253945 0.152541
vt 1.242088 0.138657
vt 1.227219 0.127498
vt 1.148108 0.147819
vt 1.139287 0.164236
vt 1.135047 0.182084
vt 1.135324 0.200181
vt 1.139985 0.217443
vt 1.148701 0.232841
vt 1.160890 0.245446
vt 1.175756 0.254350
vt 1.173627 0.253075
vt 1.192360 0.259112
vt 1.209526 0.259374
vt 1.250243 0.258955
vt 1.232008 0.269324
vt 1.265000 0.244217
vt 1.262922 0.246349
vt 1.275650 0.226121
vt 1.281377 0.205907
vt 1.281860 0.184811
vt 1.277159 0.164054
vt 1.267657 0.144723
vt 1.253968 0.127660
vt 1.236839 0.113439
vt 1.131739 0.139217
vt 1.122852 0.159900
vt 1.118876 0.181722
vt 1.119953 0.203590
vt 1.126098 0.224362
vt 1.137026 0.242871
vt 1.152099 0.258033
vt 1.170355 0.268675
vt 1.167718 0.267190
vt 1.190709 0.274378
vt 1.211720 0.274604
vt 1.259509 0.271167
vt 1.237955 0.283473
vt 1.276964 0.253788
vt 1.274551 0.256345
vt 1.289656 0.232531
vt 1.296561 0.208839
vt 1.297357 0.184157
vt 1.292181 0.159919
vt 1.281550 0.137357
vt 1.266265 0.117346
vt 1.247274 0.100315
vt 1.114726 0.132303
vt 1.106316 0.156810
vt 1.102816 0.182219
vt 1.104771 0.207568
vt 1.112421 0.231639
vt 1.125556 0.253096
vt 1.143500 0.270692
vt 1.165116 0.283016
vt 1.161967 0.281350
vt 1.189180 0.289637
vt 1.213998 0.289801
vt 1.268801 0.283338
vt 1.243969 0.297620
vt 1.288980 0.263312
vt 1.286246 0.266306
vt 1.303715 0.238927
vt 1.311785 0.211779
vt 1.312891 0.183550
vt 1.307263 0.155908
vt 1.295578 0.130248
vt 1.278853 0.107501
vt 1.258299 0.087966
vt 1.097384 0.126989
vt 1.089777 0.154759
vt 1.086842 0.183374
vt 1.089697 0.211970
vt 1.098853 0.239195
vt 1.114188 0.263490
vt 1.135001 0.283421
vt 1.159978 0.297421
vt 1.156309 0.295595
vt 1.187727 0.304957
vt 1.216351 0.305030
vt 1.278152 0.295521
vt 1.250088 0.311827
vt 1.301131 0.272823
vt 1.298078 0.276264
vt 1.317896 0.245328
vt 1.327107 0.214697
vt 1.328507 0.182907
vt 1.322420 0.151890
vt 1.309704 0.123223
vt 1.291624 0.097918
vt 1.269706 0.076200
vt 1.080010 0.123089
vt 1.073297 0.153492
vt 1.070908 0.184979
vt 1.074645 0.216666
vt 1.085299 0.246971
vt 1.102831 0.274052
vt 1.126507 0.296225
vt 1.154874 0.311959
vt 1.150680 0.309979
vt 1.186300 0.320404
vt 1.218777 0.320357
vt 1.287601 0.307782
vt 1.256374 0.326162
vt 1.313536 0.282391
vt 1.310141 0.286285
vt 1.332265 0.251774
vt 1.342596 0.217567
vt 1.344261 0.182153
vt 1.337678 0.147745
vt 1.323902 0.116111
vt 1.304473 0.088380
vt 1.281281 0.064779
vt 1.062893 0.120285
vt 1.056903 0.152685
vt 1.054949 0.186807
vt 1.059519 0.221524
vt 1.071660 0.254919
vt 1.091398 0.284804
vt 1.117916 0.309123
vt 1.149724 0.326742
vt 1.144992 0.324585
vt 1.184824 0.336054
vt 1.221276 0.335856
vt 0.260505 0.102709
vt 0.253675 0.102485
vt 0.267334 0.102947
vt 1.322522 0.296544
vt 0.274163 0.103197
vt 0.280991 0.103459
vt 0.287819 0.103732
vt 0.294646 0.104013
vt 0.301473 0.104301
vt 0.308300 0.104594
vt 0.315127 0.104892
vt 0.185358 0.101041
vt 0.192191 0.101141
vt 0.199023 0.101247
vt 0.205856 0.101359
vt 0.212688 0.101480
vt 0.219520 0.101612
vt 0.226352 0.101755
vt 0.233183 0.101914
vt 1.139044 0.339524
vt 0.240014 0.102087
vt 0.246845 0.102278
vt 1.201908 0.195439
vt 1.214922 0.206215
vt 1.214431 0.206723
vt 1.213944 0.207234
vt 1.213459 0.207746
vt 1.212978 0.208260
vt 1.192831 0.210126
vt 1.192244 0.209732
vt 1.191654 0.209342
vt 1.191061 0.208954
vt 1.190464 0.208569
vt 0.251073 0.405059
vt 0.337944 0.283998
vt 0.144743 1.237053
vt 0.256624 0.405352
vt 0.160104 0.273441
vt 0.153747 0.273084
vt 0.147390 0.272717
vt 0.141035 0.272342
vt 0.134680 0.271962
vt 0.128325 0.271578
vt 0.121969 0.271189
vt 0.115613 0.270797
vt 0.077679 0.814873
vt 0.071310 0.814888
vt 0.064942 0.814898
vt 0.058573 0.814899
vt 0.052205 0.814892
vt 0.218947 0.403928
vt 0.644256 1.067704
vt 0.224405 0.404054
vt 0.350657 0.284791
vt 0.344300 0.284402
vt 0.338742 0.173832
vt 0.337857 0.173766
vt 0.344945 0.174241
vt 0.351142 0.174630
vt 0.357340 0.175011
vt 0.363539 0.175387
vt 0.364425 0.175438
vt 0.052680 0.704967
vt 0.046467 0.705073
vt 0.058922 0.704865
vt 0.065176 0.704804
vt 0.071436 0.704819
vt 0.077689 0.704918
vt 0.122239 0.161312
vt 0.128471 0.161502
vt 0.134734 0.161748
vt 0.141011 0.162045
vt 0.147288 0.162382
vt 0.153557 0.162777
vt 0.159812 0.163236
vt 0.166044 0.163733
vt 0.332551 0.173370
vt 1.034736 1.231844
vt 1.045959 1.275314
vt 1.333119 1.166069
vt 1.305187 1.127862
vt 1.203355 1.378447
vt 1.258727 1.359252
vt 1.065190 1.316669
vt 1.098615 1.352606
vt 1.405120 1.578831
vt 1.146569 1.376126
vt 1.301258 1.325296
vt 1.332528 1.276198
vt 1.503924 1.505139
vt 1.344961 1.216554
vt 1.136531 1.049245
vt 1.088611 1.059298
vt 1.269458 1.099111
vt 1.230415 1.077111
vt 1.186266 1.057866
vt 1.050884 1.088880
vt 1.030748 1.134621
vt 1.028309 1.185110
vt 1.142048 1.164135
vt 1.132621 1.370151
vt 1.125710 1.366946
vt 1.118847 1.363593
vt 1.112039 1.360086
vt 1.105293 1.356425
vt 1.502623 1.477810
vt 1.502866 1.483247
vt 1.503115 1.488696
vt 1.503373 1.494159
vt 1.503641 1.499638
vt 0.656403 1.118244
vt 0.052265 0.802943
vt 0.058615 0.802950
vt 0.064965 0.802949
vt 0.071315 0.802940
vt 0.077665 0.802924
vt 0.116366 0.258873
vt 0.122704 0.259264
vt 0.129041 0.259650
vt 0.135378 0.260033
vt 0.141715 0.260412
vt 0.148052 0.260786
vt 0.154390 0.261152
vt 0.160729 0.261509
vt 0.146795 1.286723
vt 0.053766 1.152828
vt 0.338706 0.272073
vt 0.345044 0.272476
vt 0.351383 0.272863
vt 0.644036 1.117415
vt 0.831032 1.527659
vt 0.634664 1.067534
vt 0.631658 1.117830
vt 0.831468 1.477275
vt 0.656022 1.125623
vt 0.052274 0.801167
vt 0.058621 0.801175
vt 0.064968 0.801173
vt 0.071316 0.801164
vt 0.077663 0.801148
vt 0.116478 0.257101
vt 0.122814 0.257491
vt 0.129148 0.257878
vt 0.135482 0.258260
vt 0.141816 0.258639
vt 0.148150 0.259012
vt 0.154485 0.259378
vt 0.160821 0.259735
vt 0.147105 1.294104
vt 0.053574 1.160214
vt 0.338819 0.270301
vt 0.345154 0.270704
vt 0.351490 0.271091
vt 0.644006 1.124803
vt 0.615672 1.121866
vt 0.829226 1.460724
vt 0.278802 1.721247
vt 0.052285 0.798879
vt 0.058629 0.798887
vt 0.064973 0.798885
vt 0.071316 0.798876
vt 0.077660 0.798861
vt 0.116623 0.254818
vt 0.122955 0.255208
vt 0.129285 0.255594
vt 0.135616 0.255976
vt 0.141946 0.256355
vt 0.148276 0.256728
vt 0.154608 0.257094
vt 0.160941 0.257451
vt 0.813218 1.767454
vt 0.259340 1.723894
vt 0.338965 0.268018
vt 0.345296 0.268421
vt 0.351629 0.268808
vt 0.862100 1.765436
vt 0.829386 1.449107
vt 0.605072 1.126625
vt 0.602292 1.133787
vt 0.669534 1.793695
vt 0.052306 0.794810
vt 0.109044 1.083688
vt 0.114453 1.092790
vt 0.052320 0.792265
vt 0.058644 0.794818
vt 0.058653 0.792273
vt 0.064981 0.794816
vt 0.064986 0.792271
vt 0.071318 0.794807
vt 0.071318 0.792262
vt 0.077655 0.794792
vt 0.077652 0.792248
vt 0.116880 0.250759
vt 0.117042 0.248220
vt 0.123206 0.251147
vt 0.123363 0.248608
vt 0.129530 0.251532
vt 0.129683 0.248992
vt 0.135854 0.251913
vt 0.136002 0.249373
vt 0.142177 0.252291
vt 0.142321 0.249750
vt 0.148501 0.252664
vt 0.148641 0.250123
vt 0.154826 0.253030
vt 0.154962 0.250489
vt 0.161152 0.253387
vt 0.161285 0.250846
vt 0.812959 1.750525
vt 0.812797 1.739941
vt 0.339224 0.263957
vt 0.087550 1.083314
vt 0.092898 1.092450
vt 0.339386 0.261418
vt 0.345550 0.264359
vt 0.345708 0.261819
vt 0.351876 0.264746
vt 0.352030 0.262206
vt 0.862360 1.748509
vt 0.862522 1.737923
vt 0.669966 1.776771
vt 0.825301 1.424530
vt 0.601443 1.161291
vt 0.670236 1.766188
vt 0.250143 1.321079
vt 0.052656 0.728434
vt 0.058888 0.728431
vt 0.065118 0.728425
vt 0.071347 0.728420
vt 0.077578 0.728417
vt 0.121060 0.184555
vt 0.127285 0.184914
vt 0.133507 0.185268
vt 0.139726 0.185625
vt 0.145945 0.185990
vt 0.152162 0.186363
vt 0.158381 0.186740
vt 0.164602 0.187114
vt 0.808738 1.474401
vt 0.227059 1.321644
vt 0.343455 0.197712
vt 0.349679 0.198107
vt 0.355904 0.198488
vt 0.866585 1.472379
vt 0.593012 1.426732
vt 0.677011 1.500699
vt 0.258255 1.334726
vt 0.052678 0.724623
vt 0.058904 0.724609
vt 0.065128 0.724597
vt 0.071350 0.724595
vt 0.077573 0.724604
vt 0.121291 0.180779
vt 0.127511 0.181116
vt 0.133728 0.181453
vt 0.139945 0.181800
vt 0.146161 0.182161
vt 0.152376 0.182538
vt 0.158591 0.182926
vt 0.164808 0.183316
vt 0.808495 1.458525
vt 0.235079 1.335347
vt 0.343698 0.193903
vt 0.349917 0.194298
vt 0.356136 0.194678
vt 0.866828 1.456504
vt 0.592508 1.442601
vt 0.679839 1.481903
vt 0.264736 1.345631
vt 0.052693 0.721578
vt 0.058916 0.721555
vt 0.065136 0.721539
vt 0.071354 0.721539
vt 0.077572 0.721557
vt 0.121471 0.177762
vt 0.127686 0.178081
vt 0.133902 0.178405
vt 0.140118 0.178744
vt 0.146334 0.179102
vt 0.152549 0.179482
vt 0.158762 0.179879
vt 0.164976 0.180282
vt 0.808302 1.445842
vt 0.241487 1.346293
vt 0.343892 0.190860
vt 0.350106 0.191255
vt 0.356321 0.191635
vt 0.867022 1.443821
vt 0.596646 1.454009
vt 0.827894 1.120342
vt 0.052716 0.714467
vt 0.851182 1.067534
vt 0.058938 0.714416
vt 0.065158 0.714384
vt 0.071375 0.714390
vt 0.077587 0.714435
vt 0.121859 0.170719
vt 0.128067 0.170988
vt 0.134286 0.171278
vt 0.140512 0.171597
vt 0.146739 0.171949
vt 0.152962 0.172337
vt 0.159181 0.172758
vt 0.165396 0.173197
vt 0.769850 1.297834
vt 0.795706 1.297645
vt 0.337171 0.183037
vt 0.344345 0.183748
vt 0.350550 0.184141
vt 0.356755 0.184522
vt 0.825327 1.067761
vt 0.829021 1.067728
vt 0.052707 0.718024
vt 0.648445 1.472674
vt 0.058929 0.717988
vt 0.065147 0.717965
vt 0.071362 0.717968
vt 0.077575 0.717999
vt 0.121671 0.174241
vt 0.127882 0.174537
vt 0.134098 0.174844
vt 0.140317 0.175173
vt 0.146536 0.175529
vt 0.152753 0.175913
vt 0.158968 0.176321
vt 0.165181 0.176741
vt 0.150009 1.641332
vt 0.344119 0.187306
vt 0.056506 1.507441
vt 0.350328 0.187700
vt 0.356538 0.188081
vt 0.633030 1.471764
vt 0.827850 1.097736
vt 0.824154 1.097767
vt 0.825017 1.079353
vt 0.828710 1.079321
vt 0.824602 1.110471
vt 0.828298 1.110438
vt 0.853718 1.528791
vt 0.854086 1.478406
vt 0.851863 1.460525
vt 0.865517 1.097516
vt 0.274226 1.691179
vt 0.824106 1.847133
vt 0.868962 1.738002
vt 0.854506 1.836731
vt 0.871804 1.114523
vt 0.312382 1.558097
vt 0.114932 1.082075
vt 0.342873 1.547517
vt 0.280176 1.662052
vt 0.873025 1.472458
vt 0.856735 1.573640
vt 0.310318 1.823663
vt 0.278301 1.398966
vt 0.873268 1.456583
vt 0.856709 1.557763
vt 0.310195 1.839541
vt 0.278335 1.383089
vt 0.873462 1.443899
vt 0.872928 1.419647
vt 0.310077 1.852224
vt 0.276346 1.367594
vt 0.850031 1.097541
vt 0.850872 1.079127
vt 0.866487 1.419568
vt 0.270456 1.369204
vt 0.824127 1.864062
vt 0.871958 1.097595
vt 0.284691 1.719633
vt 0.280116 1.689568
vt 0.852022 1.448909
vt 0.851794 1.441228
vt 0.865363 1.114444
vt 0.865266 1.125031
vt 0.274286 1.663662
vt 0.274263 1.674249
vt 0.851669 1.424299
vt 0.851591 1.413712
vt 0.865212 1.388131
vt 0.272412 1.400576
vt 0.849625 1.148146
vt 0.865067 1.404008
vt 0.272446 1.384699
vt 0.849507 1.132268
vt 0.850094 1.120148
vt 0.850479 1.110244
vt 0.371354 0.138742
vt 0.370766 0.149113
vt 0.370135 0.159019
vt 0.369567 0.168692
vt 0.368850 0.175694
vt 0.847489 1.067566
vt 0.847178 1.079159
vt 0.846334 1.097574
vt 0.846782 1.110276
vt 0.846394 1.120180
vt 0.943395 1.556316
vt 0.943248 1.572194
vt 0.940785 1.837756
vt 0.940687 1.848343
vt 0.936671 1.868263
vt 0.848249 1.448941
vt 0.848090 1.460559
vt 0.850317 1.478219
vt 0.849937 1.528604
vt 0.219857 0.403949
vt 1.113903 0.325403
vt 1.122246 0.311961
vt 1.130403 0.298715
vt 1.138465 0.285582
vt 1.146529 0.272541
vt 1.154681 0.259585
vt 1.163011 0.246713
vt 1.171624 0.233929
vt 1.180678 0.221227
vt 0.370274 0.138426
vt 0.369744 0.148887
vt 0.369175 0.158884
vt 0.368665 0.168642
vt 0.367965 0.175643
vt 0.843795 1.067599
vt 0.843484 1.079192
vt 0.842638 1.097605
vt 0.843085 1.110308
vt 0.842694 1.120213
vt 0.935879 1.553268
vt 0.940152 1.572185
vt 0.936446 1.572156
vt 0.936597 1.556280
vt 0.940300 1.556308
vt 0.937690 1.837747
vt 0.933925 1.837720
vt 0.937591 1.848335
vt 0.933824 1.848306
vt 0.937434 1.865263
vt 0.933664 1.865234
vt 0.844476 1.448975
vt 0.930568 1.865185
vt 0.844317 1.460594
vt 0.846547 1.478029
vt 0.846156 1.528416
vt 0.220766 0.403970
vt 1.118750 0.328515
vt 1.126656 0.314704
vt 1.134356 0.301130
vt 1.141966 0.287691
vt 1.149577 0.274360
vt 1.157272 0.261126
vt 1.165133 0.247983
vt 1.173261 0.234924
vt 1.181809 0.221934
vt 0.369194 0.138109
vt 0.368722 0.148662
vt 0.368215 0.158748
vt 0.367764 0.168591
vt 0.367081 0.175592
vt 0.840101 1.067630
vt 0.839791 1.079224
vt 0.838941 1.097638
vt 0.839388 1.110340
vt 0.838994 1.120245
vt 0.114567 1.648510
vt 0.933351 1.572107
vt 0.114683 1.664387
vt 0.930830 1.837669
vt 0.116621 1.929952
vt 0.930729 1.848257
vt 0.116699 1.940539
vt 0.113015 1.960521
vt 0.840704 1.449008
vt 0.840545 1.460627
vt 0.842777 1.477840
vt 0.842375 1.528228
vt 0.221676 0.403991
vt 1.123670 0.331492
vt 1.131141 0.317342
vt 1.138365 0.303465
vt 1.145503 0.289746
vt 1.152646 0.276150
vt 1.159871 0.262656
vt 1.167255 0.249253
vt 1.174895 0.235925
vt 1.182935 0.222648
vt 0.368113 0.137792
vt 0.367700 0.148436
vt 0.367255 0.158613
vt 0.366863 0.168541
vt 0.366196 0.175541
vt 0.836408 1.067663
vt 0.836097 1.079257
vt 0.835244 1.097670
vt 0.835691 1.110373
vt 0.835294 1.120278
vt 0.107001 1.645588
vt 0.111587 1.664429
vt 0.107881 1.664464
vt 0.107769 1.648587
vt 0.111472 1.648552
vt 0.113526 1.929994
vt 0.109761 1.930030
vt 0.113603 1.940581
vt 0.109836 1.940615
vt 0.113727 1.957508
vt 0.109956 1.957544
vt 0.836931 1.449041
vt 0.106860 1.957547
vt 0.836772 1.460660
vt 0.839007 1.477651
vt 0.838594 1.528038
vt 0.222586 0.404012
vt 1.128702 0.334281
vt 1.135693 0.319875
vt 1.142422 0.305726
vt 1.149071 0.291755
vt 1.155732 0.277916
vt 1.162477 0.264180
vt 1.169378 0.250527
vt 1.176525 0.236934
vt 1.184058 0.223367
vt 0.367033 0.137476
vt 0.366677 0.148211
vt 0.366294 0.158477
vt 0.365963 0.168491
vt 0.365310 0.175490
vt 0.832714 1.067695
vt 0.832404 1.079288
vt 0.831547 1.097703
vt 0.831995 1.110405
vt 0.831594 1.120311
vt 0.687307 1.485069
vt 0.104786 1.664467
vt 0.686906 1.500942
vt 0.106666 1.930031
vt 0.680189 1.766431
vt 0.106741 1.940619
vt 0.679921 1.777014
vt 0.675589 1.796868
vt 0.833159 1.449074
vt 0.832999 1.460692
vt 0.835238 1.477463
vt 0.834813 1.527849
vt 0.223495 0.404033
vt 1.133822 0.336957
vt 1.140313 0.322292
vt 1.146528 0.307899
vt 1.152673 0.293706
vt 1.158838 0.279650
vt 1.165092 0.265691
vt 1.171501 0.251801
vt 1.178152 0.237949
vt 1.185176 0.224093
vt 0.683811 1.500882
vt 0.680105 1.500798
vt 0.680510 1.484925
vt 0.684212 1.485010
vt 0.677094 1.766372
vt 0.673330 1.766286
vt 0.676826 1.776955
vt 0.673060 1.776869
vt 0.676398 1.793879
vt 0.672628 1.793793
vt 0.774834 1.758852
vt 0.771053 1.758653
vt 0.133377 1.288718
vt 0.775342 1.708466
vt 0.117565 1.293386
vt 0.773124 1.691913
vt 0.773301 1.680294
vt 0.769528 1.680321
vt 0.104673 1.305835
vt 0.354789 1.913919
vt 0.354449 1.896993
vt 0.104830 1.322764
vt 0.104927 1.333350
vt 0.354237 1.886408
vt 0.107143 1.598916
vt 0.348909 1.620887
vt 0.107276 1.614793
vt 0.350877 1.601981
vt 0.111869 1.626026
vt 0.772281 1.351528
vt 0.772270 1.328920
vt 0.768573 1.328947
vt 0.137448 1.657143
vt 0.773157 1.310508
vt 0.115466 1.635263
vt 0.772699 1.341624
vt 0.797518 1.760013
vt 0.797959 1.709630
vt 0.795761 1.691744
vt 0.797912 1.098706
vt 0.255206 1.692565
vt 0.818673 1.749465
vt 0.818533 1.738879
vt 0.804800 1.126133
vt 0.804628 1.115549
vt 0.100013 1.091304
vt 0.094683 1.082156
vt 0.260943 1.673965
vt 0.260858 1.663379
vt 0.815032 1.473331
vt 0.811431 1.389146
vt 0.233692 1.320778
vt 0.256305 1.400325
vt 0.814823 1.457455
vt 0.811689 1.405022
vt 0.241685 1.334498
vt 0.256177 1.384447
vt 0.814655 1.444772
vt 0.813505 1.420540
vt 0.248070 1.345458
vt 0.254030 1.368973
vt 0.332744 0.182706
vt 0.794451 1.328758
vt 0.795318 1.310346
vt 0.807064 1.420627
vt 0.248158 1.370644
vt 0.808774 1.068533
vt 0.804352 1.098623
vt 0.086162 1.067527
vt 0.261078 1.690895
vt 0.795936 1.680128
vt 0.795720 1.672447
vt 0.798187 1.115635
vt 0.798360 1.126220
vt 0.254985 1.665050
vt 0.255070 1.675637
vt 0.795619 1.655519
vt 0.795556 1.644932
vt 0.804991 1.389232
vt 0.250432 1.401995
vt 0.793972 1.379363
vt 0.805249 1.405108
vt 0.250305 1.386119
vt 0.793877 1.363485
vt 0.794482 1.351366
vt 0.794881 1.341462
vt 0.791624 1.310372
vt 0.790754 1.328785
vt 0.791184 1.341489
vt 0.790782 1.351393
vt 0.911543 1.070641
vt 0.911274 1.086516
vt 0.906762 1.352052
vt 0.906583 1.362637
vt 0.902413 1.382525
vt 0.792163 1.680157
vt 0.791988 1.691774
vt 0.794189 1.709435
vt 0.793737 1.759820
vt 0.251998 0.405108
vt 0.787931 1.310399
vt 0.336286 0.182971
vt 0.787058 1.328813
vt 0.787487 1.341515
vt 0.787082 1.351420
vt 0.904051 1.067534
vt 0.908178 1.086484
vt 0.904472 1.086427
vt 0.904745 1.070552
vt 0.908448 1.070609
vt 0.903667 1.352019
vt 0.899903 1.351962
vt 0.903487 1.362605
vt 0.899721 1.362547
vt 0.903199 1.379532
vt 0.899429 1.379473
vt 0.788391 1.680185
vt 0.896334 1.379401
vt 0.788215 1.691802
vt 0.790420 1.709241
vt 0.789957 1.759626
vt 0.252923 0.405157
vt 0.784237 1.310427
vt 0.335400 0.182904
vt 0.783360 1.328840
vt 0.783790 1.341543
vt 0.783381 1.351447
vt 0.909457 1.439092
vt 0.901377 1.086354
vt 0.909075 1.454965
vt 0.896808 1.351888
vt 0.902677 1.720462
vt 0.896626 1.362474
vt 0.902422 1.731046
vt 0.898112 1.750903
vt 0.784618 1.680211
vt 0.784443 1.691831
vt 0.786650 1.709047
vt 0.786176 1.759432
vt 0.253848 0.405206
vt 0.780544 1.310454
vt 0.334515 0.182838
vt 0.779664 1.328867
vt 0.780093 1.341570
vt 0.779681 1.351475
vt 0.901986 1.435935
vt 0.905979 1.454910
vt 0.902274 1.454829
vt 0.902660 1.438956
vt 0.906362 1.439037
vt 0.899582 1.720407
vt 0.895818 1.720323
vt 0.899327 1.730991
vt 0.895561 1.730907
vt 0.898919 1.747914
vt 0.895149 1.747831
vt 0.780846 1.680240
vt 0.892055 1.747737
vt 0.780670 1.691858
vt 0.782881 1.708854
vt 0.782395 1.759239
vt 0.254774 0.405255
vt 0.776850 1.310481
vt 0.333629 0.182772
vt 0.775967 1.328893
vt 0.776396 1.341597
vt 0.775981 1.351502
vt 0.358482 1.604804
vt 0.899180 1.454734
vt 0.358804 1.620679
vt 0.892724 1.720229
vt 0.364190 1.886198
vt 0.892467 1.730813
vt 0.364405 1.896782
vt 0.360982 1.916812
vt 0.777073 1.680266
vt 0.776897 1.691885
vt 0.779112 1.708659
vt 0.778614 1.759045
vt 0.255699 0.405303
vt 0.355710 1.620760
vt 0.352004 1.620844
vt 0.351686 1.604970
vt 0.355388 1.604886
vt 0.361096 1.886280
vt 0.357332 1.886365
vt 0.361310 1.896864
vt 0.357544 1.896950
vt 0.361654 1.913791
vt 0.357884 1.913876
vt 0.333435 0.173436
vt 0.333643 0.166393
vt 0.332680 0.157633
vt 0.331584 0.148667
vt 1.377959 1.589548
vt 0.334319 0.173502
vt 0.334543 0.166462
vt 0.333592 0.157536
vt 0.332513 0.148393
vt 1.383524 1.590915
vt 0.335202 0.173568
vt 0.335442 0.166530
vt 0.334504 0.157438
vt 0.333442 0.148120
vt 1.389080 1.592327
vt 0.336087 0.173634
vt 0.336340 0.166599
vt 0.335416 0.157341
vt 0.334372 0.147847
vt 1.394629 1.593771
vt 0.336972 0.173700
vt 0.337237 0.166668
vt 0.336329 0.157244
vt 0.335301 0.147574
vt 1.400171 1.595245
vt 1.301741 0.316539
vt 1.291577 0.304440
vt 1.281641 0.292488
vt 1.271823 0.280615
vt 1.262082 0.268759
vt 1.252383 0.256876
vt 1.242694 0.244927
vt 1.232967 0.232875
vt 1.223120 0.220676
vt 1.306145 0.312787
vt 1.295476 0.300996
vt 1.285067 0.289380
vt 1.274800 0.277842
vt 1.264627 0.266324
vt 1.254510 0.254786
vt 1.244413 0.243198
vt 1.234281 0.231523
vt 1.224026 0.219725
vt 1.310427 0.308929
vt 1.299286 0.297454
vt 1.288426 0.286199
vt 1.277730 0.275021
vt 1.267145 0.263863
vt 1.256626 0.252688
vt 1.246131 0.241469
vt 1.235601 0.230178
vt 1.224939 0.218781
vt 1.314549 0.304914
vt 1.303006 0.293822
vt 1.291720 0.282954
vt 1.280619 0.272161
vt 1.269641 0.261382
vt 1.258736 0.250585
vt 1.247852 0.239744
vt 1.236926 0.228838
vt 1.225856 0.217841
vt 1.318577 0.300789
vt 1.306627 0.290096
vt 1.294939 0.279642
vt 1.283458 0.269256
vt 1.272110 0.258876
vt 1.260834 0.248471
vt 1.249573 0.238021
vt 1.238257 0.227505
vt 1.226779 0.216907
vt 0.266358 0.102913
vt 1.326400 0.292163
vt 0.265383 0.102879
vt 0.264407 0.102845
vt 0.263431 0.102811
vt 0.262456 0.102777
vt 0.261480 0.102743
vt 0.232207 0.101891
vt 1.144387 0.341992
vt 0.231231 0.101868
vt 0.230255 0.101846
vt 0.229279 0.101824
vt 0.228303 0.101801
vt 0.227328 0.101778
vt 0.084005 0.798841
vt 0.083993 0.794772
vt 0.083792 0.721581
vt 0.083790 0.718042
vt 0.083795 0.714506
vt 0.083918 0.705079
vt 0.083799 0.724614
vt 0.083812 0.728412
vt 0.083986 0.792228
vt 0.084011 0.801128
vt 0.084016 0.802904
vt 0.084048 0.814852
vt 0.084408 0.698063
vt 1.046309 0.118079
vt 1.267411 0.031912
vt 0.321954 0.105194
vt 1.190195 0.182622
vt 1.256508 0.044195
vt 1.245604 0.057202
vt 1.235143 0.071177
vt 1.225494 0.086245
vt 1.216994 0.102445
vt 1.209974 0.119740
vt 1.204777 0.138000
vt 1.201736 0.156953
vt 1.223855 0.351624
vt 1.262939 0.340706
vt 1.183193 0.351978
vt 1.109121 0.322136
vt 1.079797 0.295814
vt 1.057811 0.263001
vt 1.044198 0.226409
vt 1.038882 0.188593
vt 1.040584 0.151881
vt 1.292776 0.053400
vt 1.317292 0.078644
vt 1.338158 0.108728
vt 1.353085 0.143338
vt 1.360239 0.181207
vt 1.358347 0.220365
vt 1.346877 0.258328
vt 1.297189 0.320186
vt 0.119733 0.152546
vt 0.121065 0.153363
vt 0.263689 0.405277
vt 0.270053 0.405521
vt 0.276417 0.405775
vt 0.282781 0.406038
vt 0.289144 0.406306
vt 0.295508 0.406580
vt 0.301871 0.406857
vt 0.180738 0.403261
vt 0.308234 0.407138
vt 0.187107 0.403355
vt 0.193475 0.403453
vt 0.199843 0.403558
vt 0.206211 0.403671
vt 0.212579 0.403793
vt 0.795277 1.769353
vt 0.331304 0.283326
vt 0.776016 1.768870
vt 0.779868 1.768962
vt 0.783720 1.769057
vt 0.787572 1.769154
vt 0.791425 1.769252
vt 0.257446 0.405281
vt 0.831643 1.537061
vt 0.835428 1.537086
vt 0.839211 1.537114
vt 0.842994 1.537147
vt 0.846778 1.537183
vt 0.850561 1.537224
vt 0.045836 0.814872
vt 0.225314 0.404075
vt 0.231681 0.404237
vt 0.238048 0.404414
vt 0.244414 0.404608
vt 0.167189 0.257559
vt 0.167402 0.253496
vt 0.171257 0.180449
vt 0.171463 0.176927
vt 0.171087 0.183466
vt 0.170881 0.187244
vt 0.167535 0.250955
vt 0.167069 0.259843
vt 0.166975 0.261616
vt 0.166345 0.273548
vt 0.045941 0.798860
vt 0.046485 0.718052
vt 0.046495 0.714513
vt 0.045926 0.801147
vt 0.045914 0.802923
vt 0.658959 1.068598
vt 0.868541 1.765515
vt 0.877065 1.067613
vt 0.854540 1.864248
vt 0.854519 1.847318
vt 0.868800 1.748587
vt 0.357963 0.269179
vt 0.870624 1.067534
vt 0.871507 1.404087
vt 0.847708 1.544992
vt 0.823587 1.542410
vt 0.823627 1.555094
vt 0.871652 1.388210
vt 0.823653 1.570971
vt 0.871707 1.125110
vt 0.824093 1.836546
vt 0.613603 1.134210
vt 0.613080 1.151131
vt 0.600921 1.440438
vt 0.609530 1.453478
vt 0.633538 1.456960
vt 0.601426 1.424569
vt 0.612754 1.161713
vt 0.358203 0.265117
vt 0.362356 0.195044
vt 0.362130 0.198853
vt 0.358354 0.262577
vt 0.825401 1.441459
vt 0.601770 1.150709
vt 0.824194 1.120376
vt 0.599871 1.463384
vt 0.607437 1.473597
vt 0.823587 1.132496
vt 0.823681 1.148373
vt 0.825239 1.413943
vt 0.825614 1.449139
vt 0.825454 1.460757
vt 0.620957 1.486128
vt 0.632545 1.486589
vt 0.827698 1.477087
vt 0.827251 1.527467
vt 0.357016 0.285163
vt 0.827859 1.537039
vt 0.362537 0.192001
vt 0.362748 0.188447
vt 0.357827 0.271463
vt 0.644016 1.134320
vt 0.357722 0.273235
vt 0.363847 0.184942
vt 0.364734 0.184994
vt 0.365621 0.185045
vt 0.366508 0.185097
vt 0.367394 0.185148
vt 0.368281 0.185199
vt 0.362961 0.184890
vt 0.697197 1.136825
vt 0.696814 1.153750
vt 0.685725 1.456890
vt 0.682005 1.466077
vt 0.673903 1.475871
vt 0.690466 1.445720
vt 0.690811 1.429846
vt 0.696575 1.164333
vt 0.694805 1.129522
vt 0.684473 1.124205
vt 0.659734 1.487662
vt 0.648138 1.487503
vt 0.667584 1.117919
vt 0.667394 1.067530
vt 0.854346 1.537268
vt 0.685880 1.136644
vt 0.685497 1.153569
vt 0.682181 1.443110
vt 0.672888 1.455668
vt 0.648728 1.457864
vt 0.682525 1.427236
vt 0.685258 1.164154
vt 0.655505 1.135125
vt 0.342997 1.530589
vt 0.280152 1.672639
vt 0.106283 1.067524
vt 0.312583 1.530582
vt 0.312459 1.547510
vt 0.270625 1.344019
vt 0.334214 1.849790
vt 0.343293 1.837077
vt 0.264144 1.333115
vt 0.343416 1.821200
vt 0.256032 1.319468
vt 0.342795 1.558104
vt 0.120342 1.091177
vt 0.848024 1.441261
vt 0.940530 1.865272
vt 0.844253 1.441294
vt 0.932900 1.868234
vt 0.845804 1.132301
vt 0.939582 1.553297
vt 0.842101 1.132334
vt 0.933501 1.556231
vt 0.844136 1.424365
vt 0.844062 1.413778
vt 0.842212 1.148210
vt 0.847902 1.424332
vt 0.847826 1.413745
vt 0.845918 1.148178
vt 0.840482 1.441327
vt 0.116822 1.957466
vt 0.836712 1.441360
vt 0.109244 1.960557
vt 0.838399 1.132365
vt 0.110703 1.645554
vt 0.834696 1.132398
vt 0.104673 1.648588
vt 0.836601 1.424431
vt 0.836532 1.413844
vt 0.834799 1.148275
vt 0.840369 1.424398
vt 0.840297 1.413811
vt 0.838506 1.148244
vt 0.676398 1.793879
vt 0.832942 1.441393
vt 0.679493 1.793938
vt 0.829171 1.441426
vt 0.671819 1.796780
vt 0.830993 1.132431
vt 0.683541 1.481988
vt 0.827290 1.132463
vt 0.677416 1.484827
vt 0.829068 1.424497
vt 0.829003 1.413910
vt 0.827387 1.148341
vt 0.832835 1.424464
vt 0.832768 1.413877
vt 0.831093 1.148308
vt 0.773544 1.297807
vt 0.777238 1.297780
vt 0.780931 1.297753
vt 0.784625 1.297726
vt 0.788318 1.297699
vt 0.792012 1.297672
vt 0.338057 0.183103
vt 0.332382 0.267350
vt 0.332655 0.263290
vt 0.337581 0.190211
vt 0.337819 0.186659
vt 0.331858 0.182639
vt 0.337377 0.193253
vt 0.337121 0.197061
vt 0.332827 0.260751
vt 0.332228 0.269632
vt 0.332108 0.271404
vt 0.055023 1.103133
vt 1.139576 1.373210
vt 1.400324 1.577582
vt 0.335260 0.137009
vt 0.334317 0.137461
vt 1.395526 1.576338
vt 0.333373 0.137914
vt 1.390724 1.575100
vt 0.332430 0.138366
vt 1.385916 1.573867
vt 0.331485 0.138817
vt 1.381048 1.572718
vt 0.330541 0.139269
vt 1.376181 1.571575
vt 0.169203 0.130798
vt 1.522917 1.510007
vt 0.364874 0.136842
vt 1.334935 1.267868
vt 1.504719 1.510584
vt 1.522203 1.503851
vt 1.337142 1.259464
vt 1.521677 1.497634
vt 1.339142 1.250993
vt 1.521259 1.491362
vt 1.340930 1.242459
vt 1.520900 1.485040
vt 1.342499 1.233870
vt 1.520563 1.478672
vt 1.343845 1.225232
vt 1.290921 1.512014
vt 1.279325 1.479221
vt 1.281607 1.443526
vt 1.293255 1.409735
vt 1.316001 1.383548
vt 1.346980 1.366757
vt 1.382884 1.361198
vt 1.418088 1.364777
vt 1.448695 1.382027
vt 1.473345 1.408699
vt 1.491272 1.439370
vt 1.502388 1.472385
vt 1.500406 1.546165
vt 1.478104 1.569675
vt 1.444981 1.581238
vt 1.409915 1.580083
vt 1.343493 1.558212
vt 1.314072 1.538483
vt 0.153729 0.146725
vt 0.147453 0.150395
vt 0.140258 0.151968
vt 0.132869 0.152231
vt 0.125634 0.152151
vt 0.080403 0.695206
vt 0.118349 0.151387
vt 0.073233 0.693204
vt 0.066896 0.689558
vt 0.061831 0.684267
vt 0.057319 0.678240
vt 0.052637 0.672578
vt 0.372435 0.139059
vt 0.357583 0.135855
vt 0.350803 0.135159
vt 0.343423 0.135144
vt 0.336203 0.136556
vt 0.163794 0.135863
vt 0.159038 0.141590
vt 0.171679 0.173407
vt 0.172253 0.164236
vt 0.369167 0.185250
vt 0.369734 0.175745
vt 0.046634 0.668497
vt 0.329596 0.139720
vt 0.046542 0.698124
vt 0.172641 0.157300
vt 0.046635 0.688600
vt 0.046699 0.678797
vt 0.171543 0.148783
vt 0.170340 0.140015
vt 0.100394 1.069135
vt 0.045968 0.794791
vt 0.046448 0.724627
vt 0.046467 0.721593
vt 0.046422 0.728426
vt 0.045985 0.792246
vt 0.147516 1.303611
vt 0.803085 1.067533
vt 0.523122 1.750926
vt 0.818896 1.766392
vt 0.115992 1.305804
vt 0.116148 1.322732
vt 0.115596 1.612295
vt 0.124720 1.624979
vt 0.115464 1.596418
vt 0.116246 1.333319
vt 0.553522 1.750033
vt 0.552903 1.733116
vt 0.522502 1.734007
vt 0.149921 1.626520
vt 0.544846 1.443664
vt 0.535400 1.431219
vt 0.511202 1.429493
vt 0.511690 1.442169
vt 0.545435 1.459531
vt 0.512279 1.458035
vt 0.552515 1.722536
vt 0.522115 1.723427
vt 0.096196 1.171233
vt 0.096324 1.188161
vt 0.084879 1.171394
vt 0.085007 1.188323
vt 0.083139 1.510826
vt 0.090941 1.500792
vt 0.094382 1.491497
vt 0.123436 1.645165
vt 0.769003 1.341651
vt 0.098785 1.480189
vt 0.090424 1.477830
vt 0.081515 1.490663
vt 0.098651 1.464312
vt 0.090290 1.461953
vt 0.096404 1.198748
vt 0.085087 1.198910
vt 0.093584 1.164006
vt 0.083097 1.159003
vt 0.769351 1.691938
vt 0.107164 1.298566
vt 0.056343 1.492628
vt 0.056647 1.522273
vt 0.069331 1.523038
vt 0.150117 1.656164
vt 0.769463 1.310535
vt 0.053322 1.169728
vt 0.066030 1.153217
vt 0.064596 1.102849
vt 0.799131 1.769453
vt 0.772616 1.769334
vt 0.134018 1.238337
vt 0.769326 1.672641
vt 0.769251 1.655712
vt 0.768581 1.351555
vt 0.767957 1.363676
vt 0.768027 1.379552
vt 0.769204 1.645125
vt 0.771573 1.708274
vt 0.078998 1.068704
vt 0.099568 1.846856
vt 0.265960 1.720913
vt 0.069156 1.847117
vt 0.069131 1.830187
vt 0.099543 1.829927
vt 0.099240 1.525203
vt 0.075126 1.527850
vt 0.066160 1.540643
vt 0.099235 1.537888
vt 0.066176 1.556521
vt 0.099251 1.553766
vt 0.069115 1.819601
vt 0.099527 1.819340
vt 0.776867 1.672586
vt 0.364748 1.913708
vt 0.773097 1.672613
vt 0.357212 1.916898
vt 0.775363 1.363621
vt 0.354579 1.601897
vt 0.771660 1.363648
vt 0.348590 1.605013
vt 0.784408 1.672531
vt 0.902014 1.747969
vt 0.780638 1.672558
vt 0.894343 1.750820
vt 0.782768 1.363567
vt 0.905688 1.436016
vt 0.779065 1.363594
vt 0.899566 1.438861
vt 0.791949 1.672476
vt 0.906295 1.379564
vt 0.788179 1.672502
vt 0.898643 1.382468
vt 0.790174 1.363512
vt 0.907754 1.067592
vt 0.786471 1.363539
vt 0.901650 1.070479
vt 0.780551 1.655630
vt 0.776784 1.655656
vt 0.780497 1.645042
vt 0.776733 1.645070
vt 0.779146 1.379472
vt 0.775440 1.379499
vt 0.788085 1.655575
vt 0.784318 1.655601
vt 0.788027 1.644987
vt 0.784262 1.645016
vt 0.786559 1.379417
vt 0.782853 1.379444
vt 0.791852 1.655546
vt 0.791791 1.644959
vt 0.790265 1.379390
vt 0.773018 1.655684
vt 0.771733 1.379525
vt 0.772968 1.645097
vn 0.041957 0.062771 -0.997146
vn 0.097408 -0.290249 -0.951981
vn 0.067796 -0.243380 -0.967559
vn 0.009880 0.148241 -0.988902
vn 0.019789 0.244490 0.969450
vn -0.051844 0.463759 0.884444
vn -0.069052 0.522784 0.849664
vn -0.010440 0.380434 0.924749
vn -0.005949 0.981883 -0.189394
vn -0.030132 0.844601 -0.534548
vn -0.024022 0.818346 -0.574224
vn -0.003123 0.970097 -0.242698
vn -0.070774 0.472652 -0.878403
vn -0.036972 0.359030 -0.932594
vn -0.056915 0.408490 -0.910987
vn -0.074554 0.477536 -0.875443
vn -0.029773 0.357881 -0.933293
vn -0.026711 0.348063 -0.937090
vn -0.067388 0.483344 -0.872833
vn -0.069099 0.495660 -0.865764
vn 0.053281 0.058757 -0.996849
vn 0.057380 0.055696 -0.996798
vn -0.046462 0.933327 -0.356010
vn -0.042162 0.903198 -0.427148
vn -0.011343 0.995304 -0.096129
vn -0.012583 0.999174 -0.038641
vn -0.070189 0.678948 -0.730823
vn -0.065067 0.650380 -0.756818
vn -0.061413 0.803381 -0.592290
vn -0.068717 0.842050 -0.535005
vn -0.040793 0.699653 -0.713317
vn -0.047724 0.731996 -0.679635
vn -0.055131 0.592276 -0.803847
vn -0.050008 0.563734 -0.824441
vn -0.040974 0.811460 0.582970
vn -0.018742 0.949179 0.314180
vn -0.017579 0.957364 0.288351
vn -0.042734 0.800598 0.597676
vn -0.014009 0.948212 0.317329
vn -0.015660 0.950058 0.311679
vn -0.034747 0.842151 0.538121
vn -0.031279 0.856305 0.515522
vn -0.043402 0.358311 0.932593
vn -0.044830 0.391930 0.918902
vn 0.022051 0.124430 0.991983
vn 0.019827 0.063746 0.997769
vn -0.063297 0.671701 0.738113
vn -0.061024 0.689271 0.721929
vn -0.070568 0.503620 0.861038
vn -0.072774 0.518579 0.851927
vn -0.069182 0.622867 0.779263
vn -0.067567 0.638348 0.766777
vn -0.078223 0.547298 0.833274
vn -0.081836 0.563675 0.821933
vn -0.042498 -0.993988 0.100906
vn -0.024576 -0.901546 0.431984
vn -0.081350 -0.843976 0.530176
vn -0.131510 -0.965991 0.222637
vn 0.112709 -0.428112 0.896670
vn 0.097814 -0.069238 0.992793
vn 0.077032 0.115088 0.990364
vn 0.120141 -0.268136 0.955861
vn 0.073309 -0.261596 0.962389
vn 0.086764 -0.184389 0.979016
vn 0.099212 -0.491559 0.865174
vn 0.055256 -0.577866 0.814259
vn -0.116373 -0.958704 0.259507
vn -0.020094 -0.919156 0.393381
vn -0.000005 -0.998403 0.056487
vn -0.068797 -0.995394 -0.066761
vn 0.040655 -0.745672 0.665072
vn -0.049139 -0.821598 0.567945
vn 0.028226 -0.636480 0.770776
vn 0.045293 -0.716096 0.696531
vn -0.006388 -0.829605 -0.558314
vn -0.045742 -0.965680 -0.255676
vn -0.143736 -0.976230 -0.162220
vn -0.096517 -0.842105 -0.530607
vn -0.030238 -0.926486 -0.375112
vn 0.030230 -0.954856 -0.295526
vn 0.065069 -0.799970 -0.596501
vn 0.031132 -0.779483 -0.625649
vn 0.112808 -0.263307 -0.958094
vn 0.121360 -0.265774 -0.956366
vn 0.119909 -0.559915 -0.819827
vn 0.100012 -0.555120 -0.825736
vn 0.025441 -0.597466 -0.801491
vn 0.073776 -0.600964 -0.795864
vn 0.979722 0.190555 -0.061915
vn 0.982849 0.159442 -0.092664
vn 0.941983 0.292932 -0.163887
vn 0.942722 0.317252 -0.103081
vn 0.991961 0.089479 -0.089480
vn 0.982848 0.092665 -0.159444
vn 0.941984 0.163886 -0.292931
vn 0.943731 0.233851 -0.233850
vn 0.979722 0.061916 -0.190555
vn 0.942723 0.103081 -0.317251
vn 0.979722 0.000000 -0.200362
vn 0.942722 0.000000 -0.333578
vn 0.979722 -0.061915 -0.190555
vn 0.942723 -0.103080 -0.317251
vn 0.979722 -0.117769 -0.162094
vn 0.942723 -0.196072 -0.269869
vn 0.979722 -0.162094 -0.117768
vn 0.942723 -0.269869 -0.196072
vn 0.979722 -0.190554 -0.061915
vn 0.942723 -0.317252 -0.103081
vn 0.979722 -0.200361 -0.000000
vn 0.942722 -0.333578 -0.000000
vn 0.979722 -0.190556 0.061915
vn 0.942722 -0.317252 0.103081
vn 0.979722 -0.162096 0.117769
vn 0.942722 -0.269871 0.196073
vn 0.979722 -0.117770 0.162094
vn 0.942722 -0.196073 0.269871
vn 0.979722 -0.061915 0.190554
vn 0.942723 -0.103081 0.317252
vn 0.979722 0.000000 0.200361
vn 0.942722 0.000000 0.333578
vn 0.979722 0.061914 0.190554
vn 0.942723 0.103081 0.317251
vn 0.982849 0.092664 0.159443
vn 0.941983 0.163887 0.292931
vn 0.991961 0.089481 0.089479
vn 0.982849 0.159443 0.092664
vn 0.941983 0.292932 0.163887
vn 0.943730 0.233851 0.233852
vn 0.979722 0.190556 0.061915
vn 0.942722 0.317253 0.103082
vn 0.979722 0.200362 0.000000
vn 0.942723 0.333578 0.000000
vn 0.880890 0.413069 -0.231100
vn 0.882266 0.447712 -0.145470
vn 0.880890 0.231099 -0.413069
vn 0.883035 0.331852 -0.331850
vn 0.882266 0.145470 -0.447711
vn 0.882266 0.000000 -0.470752
vn 0.882266 -0.145469 -0.447711
vn 0.882266 -0.276700 -0.380845
vn 0.882266 -0.380846 -0.276701
vn 0.882265 -0.447712 -0.145471
vn 0.882266 -0.470752 -0.000000
vn 0.882266 -0.447711 0.145470
vn 0.882265 -0.380846 0.276702
vn 0.882266 -0.276702 0.380846
vn 0.882266 -0.145470 0.447711
vn 0.882266 0.000000 0.470752
vn 0.882266 0.145471 0.447711
vn 0.880890 0.231100 0.413068
vn 0.880889 0.413071 0.231101
vn 0.883032 0.331855 0.331853
vn 0.882266 0.447712 0.145471
vn 0.882266 0.470751 0.000001
vn 0.798229 0.525677 -0.294100
vn 0.800251 0.570315 -0.185306
vn 0.798229 0.294100 -0.525677
vn 0.800433 0.423856 -0.423855
vn 0.800251 0.185307 -0.570315
vn 0.800252 0.000000 -0.599664
vn 0.800251 -0.185307 -0.570315
vn 0.800251 -0.352474 -0.485139
vn 0.800252 -0.485138 -0.352473
vn 0.800252 -0.570315 -0.185306
vn 0.800252 -0.599665 -0.000000
vn 0.800252 -0.570314 0.185307
vn 0.800252 -0.485138 0.352474
vn 0.800251 -0.352474 0.485139
vn 0.800252 -0.185306 0.570314
vn 0.800252 -0.000000 0.599664
vn 0.800252 0.185307 0.570315
vn 0.798229 0.294100 0.525676
vn 0.798229 0.525676 0.294100
vn 0.800430 0.423861 0.423855
vn 0.800252 0.570314 0.185307
vn 0.800252 0.599664 0.000001
vn 0.696279 0.626401 -0.350453
vn 0.698789 0.680318 -0.221048
vn 0.696280 0.350452 -0.626401
vn 0.698293 0.506155 -0.506156
vn 0.698790 0.221049 -0.680317
vn 0.698790 -0.000000 -0.715327
vn 0.698789 -0.221049 -0.680317
vn 0.698788 -0.420460 -0.578713
vn 0.698789 -0.578713 -0.420459
vn 0.698789 -0.680318 -0.221048
vn 0.698788 -0.715329 0.000000
vn 0.698789 -0.680318 0.221049
vn 0.698789 -0.578713 0.420459
vn 0.698789 -0.420460 0.578712
vn 0.698788 -0.221048 0.680318
vn 0.698789 -0.000000 0.715328
vn 0.698789 0.221048 0.680318
vn 0.696279 0.350453 0.626401
vn 0.696280 0.626401 0.350452
vn 0.698291 0.506160 0.506154
vn 0.698790 0.680316 0.221048
vn 0.698789 0.715328 0.000001
vn 0.577704 0.712341 -0.398533
vn 0.580400 0.774475 -0.251641
vn 0.577705 0.398534 -0.712340
vn 0.579369 0.576338 -0.576339
vn 0.580400 0.251642 -0.774475
vn 0.580399 -0.000000 -0.814333
vn 0.580400 -0.251643 -0.774475
vn 0.580401 -0.478652 -0.658807
vn 0.580400 -0.658808 -0.478652
vn 0.580400 -0.774475 -0.251642
vn 0.580401 -0.814331 0.000000
vn 0.580401 -0.774475 0.251642
vn 0.580401 -0.658807 0.478652
vn 0.580401 -0.478652 0.658808
vn 0.580399 -0.251642 0.774476
vn 0.580400 -0.000000 0.814332
vn 0.580400 0.251642 0.774475
vn 0.577702 0.398534 0.712342
vn 0.577704 0.712341 0.398533
vn 0.579370 0.576339 0.576336
vn 0.580401 0.774475 0.251642
vn 0.580401 0.814331 0.000001
vn 0.445488 0.781320 -0.437126
vn 0.447993 0.850280 -0.276272
vn 0.445489 0.437126 -0.781320
vn 0.446737 0.632626 -0.632622
vn 0.447993 0.276273 -0.850280
vn 0.447994 0.000000 -0.894037
vn 0.447995 -0.276273 -0.850279
vn 0.447995 -0.525502 -0.723290
vn 0.447995 -0.723291 -0.525501
vn 0.447994 -0.850280 -0.276273
vn 0.447994 -0.894037 -0.000000
vn 0.447994 -0.850280 0.276273
vn 0.447994 -0.723291 0.525502
vn 0.447994 -0.525501 0.723291
vn 0.447995 -0.276273 0.850279
vn 0.447995 -0.000000 0.894036
vn 0.447994 0.276273 0.850279
vn 0.445488 0.437127 0.781320
vn 0.445489 0.781320 0.437125
vn 0.446737 0.632624 0.632624
vn 0.447993 0.850280 0.276273
vn 0.447993 0.894037 0.000001
vn 0.302857 0.831718 -0.465321
vn 0.304789 0.905806 -0.294313
vn 0.302857 0.465320 -0.831718
vn 0.303674 0.673717 -0.673712
vn 0.304792 0.294313 -0.905805
vn 0.304794 0.000000 -0.952418
vn 0.304791 -0.294313 -0.905805
vn 0.304791 -0.559818 -0.770524
vn 0.304791 -0.770524 -0.559818
vn 0.304789 -0.905805 -0.294314
vn 0.304788 -0.952420 0.000000
vn 0.304788 -0.905805 0.294314
vn 0.304789 -0.770524 0.559819
vn 0.304788 -0.559818 0.770524
vn 0.304789 -0.294314 0.905805
vn 0.304791 -0.000000 0.952420
vn 0.304790 0.294314 0.905805
vn 0.302858 0.465322 0.831717
vn 0.302857 0.831717 0.465322
vn 0.303673 0.673715 0.673714
vn 0.304789 0.905805 0.294314
vn 0.304789 0.952420 0.000001
vn 0.153197 0.862402 -0.482487
vn 0.154248 0.939675 -0.305318
vn 0.153197 0.482487 -0.862402
vn 0.153595 0.698716 -0.698716
vn 0.154247 0.305318 -0.939675
vn 0.154244 -0.000000 -0.988033
vn 0.154246 -0.305318 -0.939675
vn 0.154248 -0.580751 -0.799335
vn 0.154249 -0.799335 -0.580751
vn 0.154249 -0.939674 -0.305319
vn 0.154248 -0.988032 0.000000
vn 0.154248 -0.939674 0.305318
vn 0.154248 -0.799335 0.580750
vn 0.154247 -0.580751 0.799335
vn 0.154247 -0.305319 0.939675
vn 0.154247 0.000000 0.988032
vn 0.154248 0.305319 0.939674
vn 0.153198 0.482487 0.862402
vn 0.153197 0.862401 0.482488
vn 0.153598 0.698716 0.698716
vn 0.154248 0.939674 0.305318
vn 0.154248 0.988032 0.000000
vn 0.077914 0.870051 -0.486766
vn 0.078458 0.948125 -0.308063
vn 0.077915 0.486766 -0.870050
vn 0.077497 0.704980 -0.704981
vn 0.078453 0.308064 -0.948125
vn 0.078447 0.000000 -0.996918
vn 0.078453 -0.308065 -0.948125
vn 0.078457 -0.585974 -0.806523
vn 0.078458 -0.806524 -0.585973
vn 0.078459 -0.948125 -0.308064
vn 0.078459 -0.996917 0.000000
vn 0.078459 -0.948125 0.308065
vn 0.078459 -0.806523 0.585973
vn 0.078460 -0.585973 0.806523
vn 0.078459 -0.308064 0.948125
vn 0.078456 0.000000 0.996918
vn 0.078458 0.308064 0.948125
vn 0.077916 0.486766 0.870051
vn 0.077914 0.870050 0.486767
vn 0.077502 0.704980 0.704980
vn 0.078458 0.948125 0.308065
vn 0.078458 0.996918 0.000000
vn 1.000000 0.000000 0.000000
vn 0.991961 0.089477 -0.089479
vn 0.991961 0.089478 -0.089478
vn 0.991961 0.089477 -0.089478
vn 0.991961 0.089476 -0.089479
vn 0.991961 0.089477 -0.089479
vn 0.991961 0.089481 0.089480
vn 0.991961 0.089480 0.089479
vn 0.991961 0.089481 0.089478
vn 0.991961 0.089481 0.089479
vn 0.991961 0.089480 0.089479
vn -0.007619 0.952519 -0.304385
vn -0.007156 0.879032 -0.476710
vn -0.007154 0.879251 -0.476305
vn -0.007614 0.952056 -0.305829
vn -0.005794 0.689223 -0.724526
vn -0.005657 0.461911 -0.886908
vn -0.005687 0.462524 -0.886588
vn -0.005794 0.690025 -0.723763
vn -0.005524 0.297017 -0.954856
vn -0.005539 0.297595 -0.954676
vn -0.004909 0.000299 -0.999988
vn -0.004908 -0.000277 -0.999988
vn -0.003981 -0.308743 -0.951137
vn -0.003980 -0.309264 -0.950968
vn -0.003144 -0.587587 -0.809155
vn -0.003143 -0.587964 -0.808881
vn -0.002479 -0.808911 -0.587925
vn -0.002479 -0.809110 -0.587651
vn -0.002052 -0.951026 -0.309104
vn -0.002052 -0.951081 -0.308935
vn -0.001905 -0.999998 0.000000
vn -0.001905 -0.999998 -0.000000
vn -0.002053 -0.951026 0.309104
vn -0.002052 -0.951081 0.308935
vn -0.002479 -0.808911 0.587926
vn -0.002479 -0.809110 0.587652
vn -0.003144 -0.587587 0.809155
vn -0.003143 -0.587964 0.808881
vn -0.003981 -0.308744 0.951137
vn -0.003980 -0.309265 0.950968
vn -0.004910 0.000300 0.999988
vn -0.004908 -0.000276 0.999988
vn -0.005837 0.309282 0.950952
vn -0.005836 0.308761 0.951122
vn -0.006341 0.488333 0.872634
vn -0.006209 0.475972 0.879439
vn -0.006972 0.707091 0.707088
vn -0.007495 0.872716 0.488171
vn -0.007496 0.873257 0.487202
vn -0.006972 0.707091 0.707088
vn -0.007765 0.951056 0.308920
vn -0.007764 0.951001 0.309089
vn -0.007911 0.999969 0.000001
vn -0.007911 0.999969 0.000001
vn 0.020523 0.707479 -0.706436
vn 0.012952 0.871710 -0.489851
vn 0.012877 0.872953 -0.487634
vn 0.020520 0.707480 -0.706436
vn 0.009443 0.950520 -0.310519
vn 0.009394 0.951497 -0.307514
vn 0.006918 0.999976 -0.000007
vn 0.006918 0.999976 0.000007
vn 0.009453 0.950531 0.310487
vn 0.009403 0.951505 0.307490
vn 0.013001 0.871732 0.489811
vn 0.012924 0.872982 0.487582
vn 0.020658 0.707452 0.706460
vn 0.020655 0.707452 0.706460
vn 0.032691 0.486016 0.873338
vn 0.042278 0.304199 0.951670
vn 0.041815 0.313298 0.948734
vn 0.032564 0.489109 0.871615
vn 0.057993 -0.005096 0.998304
vn 0.057480 0.005037 0.998334
vn 0.073542 -0.312771 0.946977
vn 0.073085 -0.303714 0.949956
vn 0.087511 -0.588862 0.803482
vn 0.087177 -0.582267 0.808310
vn 0.098529 -0.806816 0.582529
vn 0.098355 -0.803381 0.587286
vn 0.105576 -0.946230 0.305783
vn 0.105529 -0.945276 0.308733
vn 0.107976 -0.994153 -0.000007
vn 0.107976 -0.994153 0.000007
vn 0.105566 -0.946221 -0.305814
vn 0.105518 -0.945269 -0.308759
vn 0.098457 -0.806817 -0.582540
vn 0.098281 -0.803364 -0.587322
vn 0.087557 -0.588998 -0.803377
vn 0.087231 -0.582402 -0.808207
vn 0.074034 -0.313027 -0.946855
vn 0.073596 -0.304004 -0.949824
vn 0.058774 -0.005103 -0.998258
vn 0.058260 0.005045 -0.998289
vn 0.042763 0.304460 -0.951565
vn 0.042281 0.313594 -0.948615
vn 0.032840 0.486271 -0.873191
vn 0.032710 0.489355 -0.871471
vn -0.606477 -0.795034 0.010366
vn -0.716394 -0.695961 -0.049172
vn -0.704350 -0.708754 -0.039491
vn -0.594615 -0.803906 0.012997
vn -0.555807 -0.831108 -0.018377
vn -0.624642 -0.777995 -0.067432
vn -0.619312 -0.782547 -0.063821
vn -0.555094 -0.831587 -0.018270
vn -0.797269 -0.586358 0.143340
vn -0.786490 -0.558044 0.264615
vn -0.786593 -0.556678 0.267174
vn -0.796412 -0.583528 0.158818
vn -0.617811 -0.784466 0.054062
vn -0.566754 -0.823349 0.029787
vn -0.569066 -0.821734 0.030294
vn -0.613103 -0.788394 0.050396
vn -0.783857 -0.561243 0.265659
vn -0.744629 -0.647236 0.163135
vn -0.744625 -0.647239 0.163141
vn -0.781782 -0.567134 0.259184
vn -0.791365 -0.523261 -0.316132
vn -0.808438 -0.575653 -0.122685
vn -0.807949 -0.569573 -0.151012
vn -0.791380 -0.522513 -0.317331
vn -0.791433 -0.513408 -0.331730
vn -0.791434 -0.513407 -0.331731
vn -0.711684 -0.685956 -0.151557
vn -0.704588 -0.695851 -0.139094
vn -0.801285 -0.593566 0.074988
vn -0.802707 -0.574647 0.159508
vn -0.802933 -0.573848 0.161235
vn -0.801310 -0.593284 0.076922
vn -0.735682 -0.673494 0.071950
vn -0.624150 -0.781303 -0.001554
vn -0.612654 -0.790335 -0.005002
vn -0.723948 -0.687159 0.060917
vn -0.794196 -0.588712 0.150567
vn -0.792256 -0.592501 0.145849
vn -0.806279 -0.564796 -0.175840
vn -0.804825 -0.588448 -0.077371
vn -0.804958 -0.587753 -0.081172
vn -0.806430 -0.564262 -0.176861
vn -0.788228 -0.598620 -0.142660
vn -0.784147 -0.605897 -0.134173
vn -0.392026 -0.237419 0.888790
vn -0.392026 -0.237419 0.888790
vn -0.392026 -0.237419 0.888790
vn -0.259703 -0.747043 -0.611949
vn -0.259703 -0.747043 -0.611949
vn -0.259703 -0.747043 -0.611949
vn -0.280176 -0.844975 0.455542
vn -0.280176 -0.844975 0.455542
vn -0.280176 -0.844975 0.455542
vn -0.262919 -0.730286 0.630520
vn -0.262919 -0.730286 0.630520
vn -0.262919 -0.730286 0.630520
vn -0.292305 -0.635043 0.715038
vn -0.292305 -0.635043 0.715038
vn -0.292305 -0.635043 0.715038
vn -0.275623 -0.664810 0.694305
vn -0.275623 -0.664810 0.694305
vn -0.275623 -0.664810 0.694305
vn -0.275623 -0.664810 0.694305
vn -0.275623 -0.664810 0.694305
vn -0.275623 -0.664810 0.694305
vn -0.275623 -0.664810 0.694305
vn -0.275623 -0.664810 0.694305
vn -0.275623 -0.664810 0.694305
vn -0.273544 -0.707473 0.651656
vn -0.273544 -0.707473 0.651656
vn -0.273544 -0.707473 0.651656
vn -0.279348 -0.785012 -0.552920
vn -0.279348 -0.785012 -0.552920
vn -0.279348 -0.785012 -0.552920
vn -0.295621 -0.954807 0.030869
vn -0.295621 -0.954806 0.030869
vn -0.295621 -0.954806 0.030869
vn -0.270721 -0.650194 -0.709900
vn -0.270721 -0.650194 -0.709900
vn -0.270721 -0.650194 -0.709900
vn -0.270721 -0.650194 -0.709900
vn -0.270721 -0.650194 -0.709900
vn -0.270721 -0.650194 -0.709900
vn -0.270721 -0.650194 -0.709900
vn -0.270721 -0.650194 -0.709900
vn -0.270721 -0.650194 -0.709900
vn -0.264383 -0.728786 -0.631643
vn -0.264383 -0.728786 -0.631643
vn -0.264383 -0.728786 -0.631643
vn -0.497031 0.803924 -0.326598
vn -0.497031 0.803924 -0.326598
vn -0.497031 0.803924 -0.326598
vn -0.405880 -0.171186 -0.897751
vn -0.405880 -0.171186 -0.897751
vn -0.405880 -0.171186 -0.897751
vn -0.314532 -0.569101 -0.759732
vn -0.314532 -0.569101 -0.759732
vn -0.314532 -0.569101 -0.759732
vn -0.466828 0.309293 -0.828498
vn -0.466828 0.309293 -0.828498
vn -0.466828 0.309293 -0.828498
vn -0.486530 0.614669 -0.620863
vn -0.486530 0.614669 -0.620863
vn -0.486530 0.614669 -0.620863
vn -0.495583 0.783143 0.375611
vn -0.495583 0.783143 0.375611
vn -0.495583 0.783143 0.375611
vn -0.500697 0.865231 0.026014
vn -0.500698 0.865231 0.026014
vn -0.500698 0.865231 0.026014
vn -0.485261 0.581773 0.652734
vn -0.485261 0.581773 0.652734
vn -0.485261 0.581773 0.652734
vn -0.458863 0.224378 0.859709
vn -0.458863 0.224378 0.859709
vn -0.458863 0.224378 0.859709
vn -0.008786 0.151317 0.988446
vn -0.005836 0.308811 0.951105
vn -0.004908 -0.000221 0.999988
vn -0.003980 -0.309216 0.950984
vn -0.003143 -0.587930 0.808906
vn -0.002479 -0.809091 0.587678
vn -0.002052 -0.951076 0.308951
vn -0.001905 -0.999998 -0.000000
vn -0.002053 -0.951076 -0.308951
vn -0.002479 -0.809091 -0.587678
vn -0.003143 -0.587929 -0.808907
vn -0.003981 -0.309213 -0.950984
vn -0.004909 -0.000222 -0.999988
vn -0.005933 0.284840 -0.958557
vn -0.006446 0.408781 -0.912610
vn -0.007203 0.902947 -0.429693
vn -0.007577 0.953802 -0.300342
vn -0.007912 0.999969 0.000000
vn -0.007765 0.951007 0.309073
vn -0.007524 0.890980 0.453980
vn 0.049262 0.674767 0.736385
vn 0.049262 0.674767 0.736385
vn 0.351736 0.639527 0.683584
vn 0.320079 0.646437 0.692581
vn -0.043389 -0.128708 0.990733
vn -0.005838 0.309046 0.951029
vn -0.004911 0.000038 0.999988
vn -0.003983 -0.308982 0.951060
vn -0.003142 -0.587761 0.809029
vn -0.002477 -0.809001 0.587803
vn -0.002052 -0.951051 0.309028
vn -0.001906 -0.999998 -0.000000
vn -0.002053 -0.951051 -0.309028
vn -0.002479 -0.809001 -0.587803
vn -0.003145 -0.587760 -0.809030
vn -0.003979 -0.308979 -0.951061
vn -0.004903 0.000037 -0.999988
vn -0.005924 0.284248 -0.958732
vn -0.006444 0.409486 -0.912294
vn -0.007202 0.903293 -0.428963
vn -0.007580 0.954408 -0.298408
vn -0.007913 0.999969 0.000001
vn -0.007764 0.951031 0.308997
vn -0.007523 0.890980 0.453980
vn 0.967815 0.191124 0.163724
vn 0.966780 0.193856 0.166601
vn -0.028008 0.132051 0.990847
vn -0.005838 0.309088 0.951016
vn -0.004910 0.000085 0.999988
vn -0.003982 -0.308939 0.951073
vn -0.003144 -0.587728 0.809053
vn -0.002479 -0.808984 0.587825
vn -0.002054 -0.951046 0.309041
vn -0.001906 -0.999998 0.000000
vn -0.002053 -0.951047 -0.309040
vn -0.002478 -0.808987 -0.587822
vn -0.003140 -0.587730 -0.809051
vn -0.003977 -0.308936 -0.951075
vn -0.004905 0.000084 -0.999988
vn -0.005931 0.284258 -0.958729
vn -0.006455 0.409776 -0.912163
vn -0.007203 0.903438 -0.428659
vn -0.007580 0.954556 -0.297935
vn -0.007912 0.999969 0.000001
vn -0.007765 0.951036 0.308983
vn -0.007525 0.890981 0.453978
vn 0.333421 0.666639 0.666650
vn 0.333425 0.666633 0.666655
vn 0.099865 0.703569 0.703575
vn 0.157253 0.698307 0.698312
vn -0.005838 0.308950 0.951060
vn -0.006212 0.453985 0.890988
vn -0.006212 0.453984 0.890988
vn -0.005837 0.309262 0.950959
vn -0.004910 -0.000068 0.999988
vn -0.004909 0.000277 0.999988
vn -0.003982 -0.309078 0.951028
vn -0.003981 -0.308765 0.951130
vn -0.003144 -0.587829 0.808979
vn -0.003144 -0.587602 0.809144
vn -0.002479 -0.809039 0.587750
vn -0.002479 -0.808919 0.587915
vn -0.002053 -0.951062 0.308995
vn -0.002052 -0.951028 0.309097
vn -0.001905 -0.999998 -0.000000
vn -0.001905 -0.999998 -0.000000
vn -0.002052 -0.951061 -0.308995
vn -0.002052 -0.951028 -0.309097
vn -0.002478 -0.809040 -0.587748
vn -0.002479 -0.808920 -0.587914
vn -0.003142 -0.587829 -0.808979
vn -0.003144 -0.587603 -0.809143
vn -0.003979 -0.309074 -0.951030
vn -0.003981 -0.308762 -0.951131
vn -0.004905 -0.000069 -0.999988
vn -0.004909 0.000276 -0.999988
vn -0.005932 0.285088 -0.958483
vn -0.005935 0.286021 -0.958205
vn -0.006449 0.410017 -0.912055
vn -0.006458 0.413373 -0.910539
vn -0.007578 0.954354 -0.298581
vn -0.007203 0.903556 -0.428410
vn -0.007203 0.905249 -0.424820
vn -0.007583 0.955745 -0.294099
vn -0.007912 0.999969 0.000001
vn -0.007911 0.999969 0.000000
vn -0.007765 0.951022 0.309027
vn -0.007765 0.951054 0.308926
vn -0.007525 0.890982 0.453977
vn -0.007524 0.890981 0.453978
vn -0.006971 0.707090 0.707089
vn -0.006971 0.707090 0.707089
vn -0.006972 0.707094 0.707086
vn -0.006972 0.707094 0.707086
vn -0.006211 0.453984 0.890988
vn -0.005836 0.308772 0.951118
vn -0.004908 -0.000265 0.999988
vn -0.003980 -0.309255 0.950971
vn -0.003143 -0.587957 0.808886
vn -0.002479 -0.809106 0.587657
vn -0.002052 -0.951080 0.308938
vn -0.001905 -0.999998 -0.000000
vn -0.002052 -0.951080 -0.308938
vn -0.002479 -0.809107 -0.587656
vn -0.003143 -0.587957 -0.808886
vn -0.003980 -0.309252 -0.950972
vn -0.004908 -0.000265 -0.999988
vn -0.005946 0.288605 -0.957430
vn -0.006458 0.413689 -0.910396
vn -0.007203 0.905412 -0.424474
vn -0.007576 0.954910 -0.296798
vn -0.007911 0.999969 0.000000
vn -0.007764 0.951003 0.309086
vn -0.007524 0.890981 0.453978
vn -0.006972 0.707094 0.707086
vn -0.006972 0.707094 0.707086
vn -0.006209 0.453985 0.890988
vn -0.005836 0.308982 0.951050
vn -0.004909 -0.000034 0.999988
vn -0.003979 -0.309045 0.951039
vn -0.003142 -0.587806 0.808996
vn -0.002479 -0.809025 0.587769
vn -0.002053 -0.951057 0.309007
vn -0.001905 -0.999998 0.000000
vn -0.001882 -0.987687 -0.156435
vn -0.002171 -0.891005 -0.453988
vn -0.002478 -0.809027 -0.587766
vn -0.003143 -0.587805 -0.808997
vn -0.003980 -0.309044 -0.951040
vn -0.004908 -0.000033 -0.999988
vn -0.005949 0.290041 -0.956996
vn -0.006464 0.416964 -0.908900
vn -0.007204 0.907128 -0.420793
vn -0.007578 0.956121 -0.292875
vn -0.007911 0.999969 0.000001
vn -0.007765 0.951024 0.309019
vn -0.007525 0.890980 0.453980
vn -0.165089 0.697405 0.697404
vn -0.232842 0.687672 0.687671
vn -0.006212 0.453984 0.890988
vn -0.005838 0.309032 0.951034
vn -0.004911 0.000023 0.999988
vn -0.003983 -0.308993 0.951056
vn -0.003145 -0.587768 0.809024
vn -0.002480 -0.809005 0.587796
vn -0.002053 -0.951052 0.309024
vn -0.001906 -0.999998 0.000000
vn -0.001882 -0.987687 -0.156434
vn -0.002172 -0.891004 -0.453990
vn -0.002478 -0.809006 -0.587795
vn -0.003144 -0.587767 -0.809024
vn -0.003981 -0.308994 -0.951056
vn -0.004906 0.000023 -0.999988
vn -0.005949 0.290060 -0.956990
vn -0.006467 0.417323 -0.908735
vn -0.007204 0.907321 -0.420378
vn -0.007579 0.956306 -0.292269
vn -0.007911 0.999969 0.000001
vn -0.007765 0.951030 0.309002
vn -0.007525 0.890980 0.453980
vn -0.367828 0.657536 0.657532
vn -0.367573 0.657605 0.657606
vn -0.005836 0.309135 0.951000
vn -0.006308 0.479857 0.877324
vn -0.006339 0.488151 0.872736
vn -0.005834 0.308742 0.951128
vn -0.004908 0.000136 0.999988
vn -0.004906 -0.000299 0.999988
vn -0.003980 -0.308891 0.951089
vn -0.003978 -0.309285 0.950961
vn -0.003143 -0.587694 0.809078
vn -0.003141 -0.587978 0.808871
vn -0.002479 -0.808967 0.587849
vn -0.002478 -0.809117 0.587643
vn -0.002052 -0.951042 0.309056
vn -0.002052 -0.951083 0.308929
vn -0.001905 -0.999998 0.000000
vn -0.001906 -0.999998 0.000000
vn -0.002052 -0.951042 -0.309056
vn -0.002052 -0.951083 -0.308928
vn -0.002480 -0.808968 -0.587847
vn -0.002478 -0.809119 -0.587640
vn -0.003145 -0.587694 -0.809077
vn -0.003143 -0.587979 -0.808870
vn -0.003982 -0.308891 -0.951089
vn -0.003980 -0.309284 -0.950961
vn -0.004911 0.000136 -0.999988
vn -0.004908 -0.000299 -0.999988
vn -0.010609 0.295826 -0.955183
vn -0.012472 0.298546 -0.954314
vn -0.017770 0.458398 -0.888569
vn -0.021442 0.471654 -0.881523
vn -0.018495 0.888111 -0.459257
vn -0.034815 0.706680 -0.706676
vn -0.034815 0.706680 -0.706676
vn -0.022180 0.881180 -0.472261
vn -0.012277 0.954959 -0.296484
vn -0.014187 0.954006 -0.299451
vn -0.007912 0.999969 0.000000
vn -0.007912 0.999969 0.000000
vn -0.007764 0.951041 0.308968
vn -0.007764 0.950999 0.309097
vn -0.007503 0.877366 0.479763
vn -0.007495 0.872640 0.488306
vn -0.006972 0.707088 0.707091
vn -0.006972 0.707088 0.707091
vn -0.005838 0.309012 0.951040
vn -0.006213 0.453984 0.890988
vn -0.004910 -0.000000 0.999988
vn -0.003983 -0.309014 0.951049
vn -0.003146 -0.587784 0.809012
vn -0.002480 -0.809015 0.587783
vn -0.002052 -0.951055 0.309016
vn -0.001905 -0.999998 -0.000000
vn -0.001882 -0.987687 -0.156434
vn -0.002479 -0.809014 -0.587784
vn -0.002173 -0.891004 -0.453991
vn -0.003144 -0.587782 -0.809013
vn -0.003981 -0.309014 -0.951049
vn -0.004909 -0.000000 -0.999988
vn -0.005952 0.290401 -0.956887
vn -0.006468 0.417647 -0.908586
vn -0.007579 0.956349 -0.292127
vn -0.007205 0.907494 -0.420004
vn -0.007911 0.999969 0.000001
vn -0.007765 0.951028 0.309008
vn -0.007524 0.890981 0.453979
vn -0.759229 0.460198 0.460204
vn -0.759228 0.460198 0.460207
vn -0.759228 0.460198 0.460207
vn -0.759230 0.460198 0.460204
vn -0.359413 0.659864 0.659850
vn -0.359406 0.659859 0.659859
vn 0.999205 -0.002065 -0.039819
vn 0.999480 0.005642 -0.031758
vn 0.999480 0.005642 -0.031758
vn 0.999243 -0.001181 -0.038895
vn -0.008824 0.680637 -0.732567
vn -0.008824 0.680637 -0.732567
vn -0.008824 0.680637 -0.732567
vn -0.008824 0.680637 -0.732567
vn 0.007512 -0.673250 0.739377
vn 0.007512 -0.673249 0.739377
vn 0.092738 0.657297 -0.747904
vn 0.092738 0.657297 -0.747904
vn 0.092738 0.657297 -0.747904
vn 0.092738 0.657297 -0.747904
vn -0.067659 -0.655206 0.752415
vn -0.067659 -0.655206 0.752415
vn 0.061925 0.625699 -0.777602
vn 0.061925 0.625699 -0.777603
vn 0.061925 0.625699 -0.777603
vn 0.061925 0.625699 -0.777603
vn -0.063251 -0.625597 0.777579
vn -0.063251 -0.625597 0.777579
vn -0.001977 0.611130 -0.791528
vn -0.001977 0.611130 -0.791528
vn -0.001977 0.611130 -0.791528
vn -0.001977 0.611130 -0.791528
vn 0.000453 -0.611132 0.791529
vn 0.000453 -0.611132 0.791529
vn 0.000453 -0.611132 0.791529
vn 0.000453 -0.611132 0.791529
vn -0.007333 0.645334 -0.763866
vn -0.007333 0.645333 -0.763866
vn -0.007333 0.645333 -0.763866
vn -0.007333 0.645334 -0.763866
vn 0.005796 -0.645294 0.763912
vn 0.005796 -0.645294 0.763912
vn 0.005796 -0.645294 0.763912
vn 0.005796 -0.645294 0.763912
vn -0.002581 0.675433 -0.737417
vn -0.002581 0.675433 -0.737417
vn -0.002581 0.675433 -0.737417
vn -0.002581 0.675433 -0.737417
vn 0.001047 -0.675351 0.737495
vn 0.001047 -0.675351 0.737495
vn 0.001047 -0.675351 0.737495
vn 0.001047 -0.675351 0.737495
vn -0.046126 0.689257 -0.723047
vn -0.046126 0.689257 -0.723047
vn -0.046126 0.689257 -0.723047
vn -0.046126 0.689257 -0.723047
vn 0.044544 -0.689204 0.723197
vn 0.044544 -0.689204 0.723197
vn 0.044544 -0.689204 0.723197
vn 0.044544 -0.689204 0.723197
vn -0.013650 0.671007 -0.741325
vn -0.013650 0.671007 -0.741325
vn -0.013650 0.671007 -0.741325
vn -0.013650 0.671007 -0.741325
vn -1.000000 -0.000030 0.000000
vn -1.000000 -0.000015 0.000000
vn -1.000000 -0.000015 0.000000
vn -1.000000 -0.000030 0.000000
vn 0.012016 -0.671115 0.741256
vn 0.012016 -0.671115 0.741256
vn 0.012016 -0.671115 0.741256
vn 0.012016 -0.671115 0.741256
vn 0.032354 0.684711 -0.728096
vn 0.032354 0.684711 -0.728096
vn 0.032354 0.684711 -0.728096
vn 0.032354 0.684711 -0.728096
vn -0.033654 -0.684684 0.728063
vn -0.033654 -0.684684 0.728063
vn -0.033654 -0.684684 0.728063
vn -0.033654 -0.684684 0.728062
vn -0.001976 0.611131 -0.791527
vn -0.001976 0.611131 -0.791527
vn -0.001976 0.611131 -0.791527
vn -0.001976 0.611131 -0.791527
vn 0.000454 -0.611132 0.791529
vn 0.000454 -0.611132 0.791528
vn 0.000454 -0.611132 0.791529
vn 0.000454 -0.611132 0.791528
vn 0.901100 0.306616 0.306602
vn 0.901100 0.306617 0.306601
vn 0.901100 0.306617 0.306601
vn 0.901100 0.306616 0.306602
vn 0.113234 0.779429 -0.616173
vn 0.113234 0.779429 -0.616173
vn 0.113234 0.779429 -0.616173
vn 0.113234 0.779429 -0.616173
vn -0.114765 -0.779511 0.615785
vn -0.114765 -0.779511 0.615785
vn -0.114765 -0.779511 0.615785
vn -0.114765 -0.779511 0.615785
vn -0.003901 0.805007 -0.593252
vn -0.003901 0.805008 -0.593252
vn -0.003901 0.805007 -0.593252
vn -0.003901 0.805008 -0.593252
vn 0.002384 -0.805013 0.593253
vn 0.002384 -0.805013 0.593253
vn 0.002384 -0.805013 0.593253
vn 0.002384 -0.805013 0.593253
vn -0.007552 0.740629 -0.671872
vn -0.007552 0.740629 -0.671872
vn -0.007552 0.740629 -0.671872
vn -0.007552 0.740629 -0.671872
vn 0.006011 -0.740768 0.671734
vn 0.006011 -0.740768 0.671734
vn 0.006011 -0.740768 0.671734
vn 0.006011 -0.740768 0.671734
vn -0.002267 0.642072 -0.766641
vn -0.002267 0.642072 -0.766641
vn -0.002267 0.642072 -0.766641
vn -0.002267 0.642072 -0.766641
vn 0.000741 -0.642419 0.766353
vn 0.000741 -0.642419 0.766353
vn 0.000741 -0.642419 0.766353
vn 0.000741 -0.642419 0.766353
vn -0.027251 0.629924 -0.776179
vn -0.027251 0.629923 -0.776179
vn -0.027251 0.629924 -0.776179
vn -0.027251 0.629924 -0.776179
vn 0.025775 -0.630140 0.776054
vn 0.025775 -0.630140 0.776054
vn 0.025775 -0.630140 0.776054
vn 0.025775 -0.630140 0.776054
vn 0.029208 0.661638 -0.749255
vn 0.029208 0.661638 -0.749255
vn 0.029208 0.661638 -0.749255
vn 0.029208 0.661638 -0.749255
vn -0.629198 0.549592 0.549598
vn -0.629196 0.549595 0.549597
vn -0.629196 0.549595 0.549597
vn -0.629198 0.549592 0.549598
vn -0.030803 -0.661100 0.749666
vn -0.030803 -0.661100 0.749666
vn -0.030803 -0.661100 0.749666
vn -0.030803 -0.661100 0.749666
vn -0.003900 0.805009 -0.593249
vn -0.003900 0.805009 -0.593249
vn -0.003900 0.805009 -0.593249
vn -0.003900 0.805009 -0.593249
vn 0.002384 -0.805014 0.593251
vn 0.002384 -0.805014 0.593251
vn 0.002384 -0.805014 0.593251
vn 0.002384 -0.805014 0.593251
vn -0.006978 0.710999 0.703158
vn -0.006978 0.710999 0.703158
vn -0.006978 0.710999 0.703158
vn -0.006978 0.710999 0.703158
vn 0.006978 -0.711001 -0.703157
vn 0.006978 -0.711001 -0.703157
vn 0.006978 -0.711001 -0.703157
vn 0.006978 -0.711001 -0.703157
vn -0.006979 0.710999 0.703158
vn -0.006979 0.710999 0.703158
vn -0.006979 0.710999 0.703158
vn -0.006979 0.710999 0.703158
vn -0.003892 -0.713126 -0.701025
vn -0.003892 -0.713126 -0.701025
vn -0.003892 -0.713126 -0.701025
vn -0.003892 -0.713126 -0.701025
vn -0.006981 0.710996 0.703161
vn -0.006981 0.710996 0.703161
vn -0.006981 0.710996 0.703161
vn -0.006981 0.710996 0.703161
vn 0.006978 -0.710997 -0.703160
vn 0.006978 -0.710997 -0.703160
vn 0.006978 -0.710997 -0.703160
vn 0.006978 -0.710997 -0.703160
vn -0.006974 0.711000 0.703157
vn -0.006974 0.711000 0.703157
vn -0.006974 0.711000 0.703157
vn -0.006974 0.711000 0.703157
vn 0.562544 -0.468899 -0.680939
vn 0.562544 -0.468899 -0.680939
vn 0.562544 -0.468899 -0.680939
vn 0.562544 -0.468899 -0.680939
vn 0.958947 0.116492 -0.258554
vn 0.958947 0.116492 -0.258554
vn 0.958947 0.116492 -0.258554
vn 0.958947 0.116492 -0.258554
vn -0.006978 0.711001 0.703156
vn -0.006978 0.711001 0.703156
vn -0.006978 0.711001 0.703156
vn -0.006978 0.711001 0.703156
vn -0.963125 -0.164430 0.212965
vn -0.963125 -0.164430 0.212965
vn -0.963125 -0.164430 0.212965
vn -0.963125 -0.164430 0.212965
vn 0.006981 -0.711004 -0.703153
vn 0.006981 -0.711004 -0.703153
vn 0.006981 -0.711004 -0.703153
vn 0.006981 -0.711004 -0.703153
vn -0.006883 0.686585 0.727017
vn -0.006883 0.686585 0.727017
vn -0.006883 0.686585 0.727017
vn -0.006883 0.686585 0.727017
vn 0.006888 -0.686590 -0.727013
vn 0.006888 -0.686590 -0.727013
vn 0.006888 -0.686590 -0.727013
vn 0.006888 -0.686590 -0.727013
vn -0.006886 0.686585 0.727017
vn -0.006886 0.686585 0.727017
vn -0.006886 0.686585 0.727017
vn -0.006886 0.686585 0.727017
vn -0.004328 -0.686596 -0.727026
vn -0.004328 -0.686596 -0.727026
vn -0.004328 -0.686596 -0.727026
vn -0.004328 -0.686596 -0.727026
vn -0.006891 0.686585 0.727017
vn -0.006891 0.686585 0.727017
vn -0.006891 0.686585 0.727017
vn -0.006891 0.686585 0.727017
vn 0.006887 -0.686584 -0.727018
vn 0.006887 -0.686584 -0.727018
vn 0.006887 -0.686584 -0.727018
vn 0.006887 -0.686584 -0.727018
vn -0.006883 0.686587 0.727015
vn -0.006883 0.686587 0.727015
vn -0.006883 0.686587 0.727015
vn -0.006883 0.686587 0.727015
vn 0.994718 -0.070481 -0.074625
vn 0.994718 -0.070481 -0.074625
vn 0.994718 -0.070481 -0.074625
vn 0.994718 -0.070481 -0.074625
vn 0.577798 -0.560387 -0.593394
vn 0.577798 -0.560387 -0.593394
vn 0.577798 -0.560387 -0.593394
vn 0.577798 -0.560387 -0.593394
vn -0.006892 0.686586 0.727016
vn -0.006892 0.686586 0.727016
vn -0.006892 0.686586 0.727016
vn -0.006892 0.686586 0.727016
vn 0.006889 -0.686586 -0.727016
vn 0.006889 -0.686586 -0.727016
vn 0.006889 -0.686586 -0.727016
vn 0.006889 -0.686586 -0.727016
vn -1.000000 0.000000 0.000000
vn -1.000000 0.000000 0.000000
vn -1.000000 0.000000 0.000000
vn -1.000000 0.000000 0.000000
vn -0.791434 -0.513394 -0.331751
vn -0.791433 -0.513396 -0.331750
vn -0.088435 0.634497 0.767850
vn -0.089350 0.618528 0.780666
vn -0.085481 0.669070 0.738267
vn -0.083744 0.687357 0.721476
vn 0.021532 0.707436 0.706450
vn 0.021537 0.707435 0.706450
vn -0.006969 0.707089 0.707090
vn -0.006969 0.707089 0.707090
vn -1.000000 -0.000000 0.000000
vn -1.000000 0.000000 0.000000
vn -1.000000 0.000015 0.000000
vn -1.000000 0.000015 0.000000
vn -0.759231 0.460199 0.460202
vn -0.759229 0.460198 0.460204
vn -0.759230 0.460198 0.460204
vn -0.759231 0.460199 0.460202
vn -0.629191 0.549603 0.549596
vn -0.629192 0.549602 0.549596
vn -0.629189 0.549606 0.549596
vn -0.629189 0.549606 0.549596
vn -0.367327 0.657668 0.657680
vn -0.367572 0.657604 0.657608
vn -0.359406 0.659859 0.659859
vn -0.359405 0.659857 0.659861
vn -0.172146 0.696547 0.696554
vn -0.232604 0.687710 0.687713
vn -0.006972 0.707090 0.707089
vn -0.006972 0.707090 0.707089
vn -0.006971 0.707090 0.707089
vn -0.006971 0.707090 0.707089
vn -0.006970 0.707087 0.707093
vn -0.006970 0.707087 0.707093
vn 0.101553 0.703449 0.703453
vn 0.157484 0.698281 0.698286
vn 0.333421 0.666648 0.666642
vn 0.333416 0.666646 0.666646
vn 0.901107 0.306600 0.306598
vn 0.901109 0.306599 0.306594
vn 0.901109 0.306599 0.306594
vn 0.901107 0.306600 0.306598
vn 0.297462 0.651062 0.698308
vn 0.328285 0.644939 0.690133
vn 0.955427 0.221140 0.195592
vn 0.954204 0.223839 0.198469
vn 0.049260 0.674766 0.736386
vn 0.049261 0.674766 0.736386
vn 0.986823 -0.091755 -0.133271
vn 0.988706 -0.083349 -0.124549
vn 0.988951 -0.082208 -0.123364
vn 0.986823 -0.091755 -0.133271
vn -0.006972 0.707090 0.707089
vn -0.006972 0.707090 0.707089
vn 0.153600 0.698716 0.698715
vn 0.077500 0.704980 0.704980
vn 0.303676 0.673715 0.673713
vn 0.446734 0.632626 0.632624
vn 0.579367 0.576340 0.576339
vn 0.698294 0.506155 0.506155
vn 0.800438 0.423851 0.423851
vn 0.883034 0.331852 0.331851
vn 0.943727 0.233859 0.233857
vn -0.791443 -0.513380 -0.331752
vn -0.791443 -0.513380 -0.331753
vn -0.084139 0.635317 0.767654
vn -0.085203 0.619446 0.780402
vn -0.080904 0.669642 0.738264
vn -0.079052 0.687783 0.721599
vn 0.021356 0.707441 0.706449
vn 0.021360 0.707441 0.706449
vn -0.006969 0.707090 0.707089
vn -0.006969 0.707090 0.707089
vn -1.000000 0.000000 0.000000
vn -1.000000 -0.000000 0.000000
vn -0.759233 0.460194 0.460203
vn -0.759233 0.460195 0.460203
vn -0.629190 0.549603 0.549596
vn -0.629190 0.549603 0.549596
vn -0.367572 0.657611 0.657600
vn -0.359409 0.659864 0.659852
vn -0.232791 0.687684 0.687676
vn -0.006971 0.707086 0.707094
vn -0.006971 0.707086 0.707094
vn -0.006972 0.707089 0.707090
vn -0.006972 0.707089 0.707090
vn -0.006972 0.707085 0.707094
vn -0.006972 0.707085 0.707094
vn -0.006972 0.707082 0.707097
vn -0.006972 0.707082 0.707097
vn -0.006968 0.707082 0.707097
vn -0.006968 0.707082 0.707097
vn 0.333413 0.666645 0.666648
vn 0.157297 0.698307 0.698302
vn 0.901107 0.306606 0.306592
vn 0.901107 0.306606 0.306591
vn 0.326671 0.645243 0.690614
vn 0.957706 0.216003 0.190112
vn 0.049262 0.674770 0.736383
vn 0.992119 -0.065994 -0.106516
vn 0.992311 -0.064908 -0.105385
vn -0.006972 0.707089 0.707090
vn -0.006972 0.707089 0.707090
vn 0.153597 0.698716 0.698716
vn 0.077499 0.704981 0.704979
vn 0.303673 0.673714 0.673716
vn 0.446736 0.632623 0.632626
vn 0.579369 0.576337 0.576339
vn 0.698294 0.506154 0.506155
vn 0.800434 0.423854 0.423854
vn 0.883032 0.331855 0.331854
vn 0.943728 0.233857 0.233855
vn -0.791437 -0.513391 -0.331749
vn -0.791439 -0.513388 -0.331749
vn -0.079906 0.636109 0.767450
vn -0.081114 0.620333 0.780133
vn -0.076399 0.670190 0.738247
vn -0.074435 0.688184 0.721708
vn 0.021181 0.707445 0.706451
vn 0.021185 0.707445 0.706451
vn -0.006971 0.707089 0.707090
vn -0.006971 0.707089 0.707090
vn -1.000000 0.000007 0.000000
vn -1.000000 0.000008 0.000000
vn -0.759228 0.460202 0.460204
vn -0.759228 0.460201 0.460203
vn -0.629185 0.549605 0.549601
vn -0.629185 0.549604 0.549601
vn -0.367573 0.657609 0.657602
vn -0.359408 0.659863 0.659854
vn -0.232577 0.687719 0.687714
vn -0.006972 0.707094 0.707086
vn -0.006972 0.707094 0.707085
vn -0.006972 0.707094 0.707085
vn -0.006972 0.707094 0.707085
vn -0.006971 0.707094 0.707085
vn -0.006971 0.707094 0.707085
vn 0.157505 0.698285 0.698277
vn 0.333412 0.666648 0.666646
vn 0.901108 0.306599 0.306596
vn 0.901108 0.306599 0.306595
vn 0.325047 0.645544 0.691099
vn 0.959985 0.210707 0.184475
vn 0.049261 0.674771 0.736381
vn 0.994814 -0.049212 -0.089018
vn 0.994960 -0.048180 -0.087940
vn -0.006972 0.707091 0.707088
vn -0.006972 0.707091 0.707088
vn 0.153596 0.698716 0.698716
vn 0.077499 0.704981 0.704979
vn 0.303672 0.673712 0.673717
vn 0.446735 0.632622 0.632627
vn 0.579371 0.576336 0.576338
vn 0.698295 0.506155 0.506153
vn 0.800433 0.423858 0.423854
vn 0.883032 0.331854 0.331854
vn 0.943729 0.233854 0.233853
vn -0.791440 -0.513389 -0.331745
vn -0.791438 -0.513392 -0.331745
vn -0.075734 0.636875 0.767238
vn -0.077082 0.621198 0.779854
vn -0.071965 0.670712 0.738219
vn -0.069895 0.688561 0.721802
vn 0.021007 0.707445 0.706456
vn 0.021011 0.707445 0.706456
vn -0.006972 0.707092 0.707087
vn -0.006972 0.707092 0.707087
vn -1.000000 0.000000 0.000000
vn -1.000000 0.000000 0.000000
vn -0.759221 0.460212 0.460204
vn -0.759221 0.460212 0.460204
vn -0.629189 0.549596 0.549605
vn -0.629189 0.549596 0.549605
vn -0.367574 0.657603 0.657608
vn -0.359409 0.659859 0.659857
vn -0.232818 0.687672 0.687680
vn -0.006972 0.707091 0.707089
vn -0.006972 0.707091 0.707089
vn -0.006976 0.707090 0.707089
vn -0.006976 0.707090 0.707090
vn -0.006971 0.707091 0.707089
vn -0.006971 0.707091 0.707089
vn -0.006972 0.707090 0.707090
vn -0.006972 0.707090 0.707090
vn -0.006972 0.707088 0.707091
vn -0.006972 0.707088 0.707091
vn 0.333417 0.666648 0.666643
vn 0.157274 0.698304 0.698310
vn 0.901108 0.306591 0.306604
vn 0.901108 0.306590 0.306604
vn 0.323405 0.645839 0.691594
vn 0.962258 0.205254 0.178689
vn 0.049261 0.674767 0.736385
vn 0.996855 -0.032968 -0.072065
vn 0.996961 -0.031984 -0.071039
vn -0.006972 0.707088 0.707091
vn -0.006972 0.707088 0.707091
vn 0.153596 0.698714 0.698718
vn 0.077501 0.704978 0.704982
vn 0.303672 0.673712 0.673718
vn 0.446735 0.632621 0.632628
vn 0.579369 0.576335 0.576341
vn 0.698293 0.506154 0.506156
vn 0.800435 0.423852 0.423855
vn 0.883034 0.331849 0.331854
vn 0.943729 0.233855 0.233856
vn -0.791439 -0.513395 -0.331737
vn -0.791441 -0.513391 -0.331740
vn -0.071621 0.637624 0.767011
vn -0.073105 0.622047 0.779560
vn -0.067597 0.671218 0.738172
vn -0.065425 0.688926 0.721873
vn 0.020831 0.707448 0.706459
vn 0.020835 0.707448 0.706459
vn -0.006972 0.707089 0.707090
vn -0.006972 0.707089 0.707090
vn -1.000000 0.000000 0.000000
vn -1.000000 0.000000 0.000000
vn -0.759227 0.460206 0.460200
vn -0.759227 0.460207 0.460200
vn -0.629194 0.549595 0.549600
vn -0.629194 0.549595 0.549600
vn -0.367572 0.657603 0.657609
vn -0.359406 0.659858 0.659860
vn -0.232554 0.687717 0.687724
vn -0.006972 0.707082 0.707097
vn -0.006972 0.707082 0.707097
vn -0.006972 0.707082 0.707097
vn -0.006972 0.707082 0.707097
vn -0.006972 0.707083 0.707097
vn -0.006972 0.707083 0.707097
vn 0.157533 0.698274 0.698281
vn 0.333422 0.666646 0.666643
vn 0.901102 0.306606 0.306607
vn 0.901102 0.306606 0.306608
vn 0.321750 0.646138 0.692086
vn 0.964522 0.199651 0.172735
vn 0.049261 0.674766 0.736386
vn 0.998300 -0.017240 -0.055668
vn 0.998370 -0.016307 -0.054694
vn -0.006972 0.707088 0.707091
vn -0.006972 0.707088 0.707091
vn 0.153598 0.698716 0.698716
vn 0.077503 0.704979 0.704980
vn 0.303673 0.673716 0.673714
vn 0.446735 0.632625 0.632624
vn 0.579370 0.576338 0.576338
vn 0.698294 0.506156 0.506154
vn 0.800433 0.423857 0.423855
vn 0.883033 0.331853 0.331853
vn 0.943728 0.233857 0.233857
vn -0.006972 0.707093 0.707086
vn -0.006972 0.707093 0.707086
vn -0.006975 0.707089 0.707090
vn -0.006975 0.707089 0.707090
vn -0.006972 0.707094 0.707086
vn -0.006972 0.707094 0.707086
vn -0.006970 0.707090 0.707089
vn -0.006970 0.707090 0.707089
vn -0.006968 0.707089 0.707090
vn -0.006968 0.707089 0.707090
vn -0.003409 0.855702 -0.517458
vn -0.003409 0.855702 -0.517458
vn -0.003409 0.855702 -0.517458
vn -0.003409 0.855702 -0.517458
vn -1.000000 0.000029 0.000000
vn -1.000000 0.000029 0.000000
vn -1.000000 0.000029 0.000000
vn -1.000000 0.000029 0.000000
vn 0.003195 -0.855703 0.517458
vn 0.003195 -0.855703 0.517458
vn 0.003195 -0.855703 0.517458
vn 0.003195 -0.855703 0.517458
vn -0.003410 0.855702 -0.517458
vn -0.003410 0.855702 -0.517458
vn -0.003410 0.855702 -0.517458
vn -0.003410 0.855702 -0.517458
vn 0.003197 -0.855702 0.517458
vn 0.003197 -0.855702 0.517458
vn 0.003197 -0.855702 0.517458
vn 0.003197 -0.855702 0.517458
vn -0.003413 0.855701 -0.517460
vn -0.003413 0.855701 -0.517460
vn -0.003413 0.855701 -0.517460
vn -0.003413 0.855701 -0.517460
vn 0.003196 -0.855701 0.517460
vn 0.003196 -0.855701 0.517460
vn 0.003196 -0.855701 0.517460
vn 0.003196 -0.855701 0.517460
vn 1.000000 0.000000 0.000000
vn 1.000000 0.000000 0.000000
vn 1.000000 0.000000 0.000000
vn 1.000000 0.000000 0.000000
vn -0.003409 0.855703 -0.517456
vn -0.003409 0.855703 -0.517455
vn -0.003409 0.855703 -0.517456
vn -0.003409 0.855703 -0.517455
vn 0.003195 -0.855704 0.517456
vn 0.003195 -0.855704 0.517456
vn 0.003195 -0.855704 0.517456
vn 0.003195 -0.855704 0.517456
vn -0.003834 0.855704 -0.517452
vn -0.003834 0.855704 -0.517452
vn -0.003834 0.855704 -0.517452
vn -0.003834 0.855704 -0.517452
vn -1.000000 0.000029 0.000000
vn -1.000000 0.000029 0.000000
vn -1.000000 0.000029 0.000000
vn -1.000000 0.000029 0.000000
vn 0.003622 -0.855704 0.517453
vn 0.003622 -0.855704 0.517453
vn 0.003622 -0.855704 0.517453
vn 0.003622 -0.855704 0.517453
vn -0.003836 0.855700 -0.517457
vn -0.003836 0.855701 -0.517457
vn -0.003836 0.855700 -0.517457
vn -0.003836 0.855701 -0.517457
vn 0.003623 -0.855701 0.517458
vn 0.003623 -0.855701 0.517458
vn 0.003623 -0.855701 0.517458
vn 0.003623 -0.855701 0.517458
vn -0.003837 0.855699 -0.517459
vn -0.003837 0.855699 -0.517459
vn -0.003837 0.855699 -0.517459
vn -0.003837 0.855699 -0.517459
vn 0.003625 -0.855700 0.517460
vn 0.003625 -0.855700 0.517460
vn 0.003625 -0.855700 0.517460
vn 0.003625 -0.855700 0.517460
vn 1.000000 0.000000 0.000000
vn 1.000000 0.000000 0.000000
vn 1.000000 0.000000 0.000000
vn 1.000000 0.000000 0.000000
vn -0.003834 0.855699 -0.517459
vn -0.003834 0.855699 -0.517459
vn -0.003834 0.855699 -0.517459
vn -0.003834 0.855699 -0.517459
vn 0.003623 -0.855700 0.517460
vn 0.003623 -0.855700 0.517460
vn 0.003623 -0.855700 0.517460
vn 0.003623 -0.855700 0.517460
vn -0.004259 0.855699 -0.517456
vn -0.004259 0.855699 -0.517456
vn -0.004259 0.855699 -0.517456
vn -0.004259 0.855699 -0.517456
vn -1.000000 0.000029 0.000000
vn -1.000000 0.000029 0.000000
vn -1.000000 0.000029 0.000000
vn -1.000000 0.000029 0.000000
vn 0.004047 -0.855700 0.517457
vn 0.004047 -0.855700 0.517457
vn 0.004047 -0.855700 0.517457
vn 0.004047 -0.855700 0.517457
vn -0.004262 0.855702 -0.517452
vn -0.004262 0.855702 -0.517452
vn -0.004262 0.855702 -0.517452
vn -0.004262 0.855702 -0.517452
vn 0.004049 -0.855700 0.517457
vn 0.004049 -0.855700 0.517457
vn 0.004049 -0.855700 0.517457
vn 0.004049 -0.855700 0.517457
vn -0.004258 0.855698 -0.517458
vn -0.004258 0.855698 -0.517458
vn -0.004258 0.855698 -0.517458
vn -0.004258 0.855698 -0.517458
vn 0.004048 -0.855699 0.517459
vn 0.004048 -0.855699 0.517459
vn 0.004048 -0.855699 0.517459
vn 0.004048 -0.855699 0.517459
vn 1.000000 0.000000 0.000000
vn 1.000000 0.000000 0.000000
vn 1.000000 0.000000 0.000000
vn 1.000000 0.000000 0.000000
vn -0.004263 0.855701 -0.517454
vn -0.004263 0.855701 -0.517454
vn -0.004263 0.855701 -0.517454
vn -0.004263 0.855701 -0.517454
vn 0.004047 -0.855701 0.517454
vn 0.004047 -0.855701 0.517454
vn 0.004047 -0.855701 0.517454
vn 0.004047 -0.855701 0.517454
vn 0.049262 0.736388 -0.674764
vn 0.049260 0.736386 -0.674766
vn 0.351729 0.683579 -0.639537
vn 0.320079 0.692583 -0.646435
vn 0.967806 0.163722 -0.191171
vn 0.966775 0.166611 -0.193874
vn 0.333426 0.666638 -0.666649
vn 0.333426 0.666635 -0.666652
vn 0.099864 0.703571 -0.703573
vn 0.157254 0.698307 -0.698311
vn -0.006970 0.707091 -0.707088
vn -0.006970 0.707091 -0.707088
vn -0.006972 0.707094 -0.707086
vn -0.006972 0.707094 -0.707086
vn -0.006972 0.707094 -0.707085
vn -0.006972 0.707094 -0.707085
vn -0.165085 0.697412 -0.697397
vn -0.232842 0.687675 -0.687668
vn -0.367814 0.657543 -0.657533
vn -0.367567 0.657609 -0.657606
vn -0.759227 0.460209 -0.460198
vn -0.759225 0.460215 -0.460196
vn -0.759225 0.460215 -0.460196
vn -0.759227 0.460209 -0.460198
vn -0.359399 0.659863 -0.659858
vn -0.359398 0.659863 -0.659859
vn 0.999185 0.025281 -0.031482
vn 0.997631 0.064373 -0.024269
vn 0.997631 0.064373 -0.024269
vn 0.999064 0.030693 -0.030487
vn -0.009248 -0.779676 -0.626115
vn -0.009248 -0.779676 -0.626115
vn -0.009248 -0.779676 -0.626115
vn -0.009248 -0.779676 -0.626115
vn 0.008078 0.790112 0.612909
vn 0.008078 0.790112 0.612909
vn 0.008078 0.790112 0.612909
vn 0.008078 0.790112 0.612909
vn 0.050822 -0.770530 -0.635375
vn 0.050822 -0.770530 -0.635375
vn 0.050822 -0.770530 -0.635375
vn 0.050822 -0.770530 -0.635375
vn -0.026428 0.774453 0.632079
vn -0.026428 0.774453 0.632079
vn -0.026428 0.774453 0.632079
vn -0.026428 0.774453 0.632079
vn 0.060969 -0.790665 -0.609206
vn 0.060969 -0.790665 -0.609206
vn 0.060969 -0.790665 -0.609206
vn 0.060969 -0.790665 -0.609206
vn -0.062291 0.790611 0.609142
vn -0.062291 0.790611 0.609142
vn -0.062291 0.790611 0.609142
vn -0.062291 0.790611 0.609142
vn -0.001973 -0.791527 -0.611131
vn -0.001973 -0.791527 -0.611131
vn -0.001973 -0.791527 -0.611131
vn -0.001973 -0.791527 -0.611131
vn 0.000453 0.791529 0.611131
vn 0.000453 0.791529 0.611131
vn 0.000453 0.791529 0.611131
vn 0.000453 0.791529 0.611131
vn -0.007333 -0.763865 -0.645334
vn -0.007333 -0.763865 -0.645334
vn -0.007333 -0.763865 -0.645334
vn -0.007333 -0.763865 -0.645334
vn 0.005796 0.763912 0.645295
vn 0.005796 0.763912 0.645295
vn 0.005796 0.763912 0.645295
vn 0.005796 0.763912 0.645295
vn -0.002584 -0.737419 -0.675430
vn -0.002584 -0.737419 -0.675430
vn -0.002584 -0.737419 -0.675430
vn -0.002584 -0.737419 -0.675430
vn 0.001045 0.737503 0.675344
vn 0.001045 0.737503 0.675344
vn 0.001045 0.737503 0.675344
vn 0.001045 0.737503 0.675344
vn -0.046118 -0.723049 -0.689256
vn -0.046118 -0.723049 -0.689256
vn -0.046118 -0.723049 -0.689256
vn -0.046118 -0.723049 -0.689256
vn 0.044540 0.723191 0.689210
vn 0.044540 0.723191 0.689210
vn 0.044540 0.723191 0.689210
vn 0.044540 0.723191 0.689210
vn -0.011442 -0.742665 -0.669565
vn -0.011442 -0.742665 -0.669565
vn -0.011442 -0.742665 -0.669565
vn -0.011442 -0.742665 -0.669565
vn -0.997048 -0.054291 0.054289
vn -0.997048 -0.054295 0.054289
vn -0.997048 -0.054295 0.054289
vn -0.997048 -0.054291 0.054289
vn 0.009840 0.742552 0.669716
vn 0.009840 0.742552 0.669716
vn 0.009840 0.742552 0.669716
vn 0.009840 0.742552 0.669716
vn 0.033189 -0.729403 -0.683278
vn 0.033189 -0.729403 -0.683278
vn 0.033189 -0.729403 -0.683278
vn 0.033189 -0.729403 -0.683278
vn -0.034490 0.729330 0.683292
vn -0.034490 0.729330 0.683292
vn -0.034490 0.729330 0.683293
vn -0.034490 0.729330 0.683292
vn -0.001979 -0.791527 -0.611131
vn -0.001979 -0.791527 -0.611131
vn -0.001979 -0.791527 -0.611131
vn -0.001979 -0.791527 -0.611131
vn 0.000454 0.791527 0.611134
vn 0.000454 0.791527 0.611134
vn 0.000454 0.791527 0.611134
vn 0.000454 0.791527 0.611134
vn 0.901108 0.306598 -0.306599
vn 0.901108 0.306591 -0.306604
vn 0.901108 0.306591 -0.306604
vn 0.901108 0.306598 -0.306599
vn 0.113232 -0.616175 -0.779427
vn 0.113232 -0.616175 -0.779427
vn 0.113232 -0.616175 -0.779427
vn 0.113232 -0.616175 -0.779427
vn -0.114770 0.615784 0.779511
vn -0.114770 0.615784 0.779511
vn -0.114770 0.615784 0.779511
vn -0.114770 0.615784 0.779511
vn -0.003901 -0.593253 -0.805007
vn -0.003901 -0.593253 -0.805007
vn -0.003901 -0.593253 -0.805007
vn -0.003901 -0.593252 -0.805007
vn 0.002381 0.593253 0.805012
vn 0.002381 0.593253 0.805012
vn 0.002381 0.593253 0.805012
vn 0.002381 0.593253 0.805012
vn -0.007552 -0.671872 -0.740629
vn -0.007552 -0.671872 -0.740629
vn -0.007552 -0.671872 -0.740629
vn -0.007552 -0.671872 -0.740629
vn 0.006012 0.671732 0.740770
vn 0.006012 0.671732 0.740770
vn 0.006012 0.671732 0.740770
vn 0.006012 0.671732 0.740770
vn -0.002264 -0.766651 -0.642060
vn -0.002264 -0.766651 -0.642060
vn -0.002264 -0.766651 -0.642060
vn -0.002264 -0.766651 -0.642060
vn 0.000736 0.766358 0.642413
vn 0.000736 0.766358 0.642413
vn 0.000736 0.766358 0.642413
vn 0.000736 0.766358 0.642413
vn -0.027261 -0.776180 -0.629922
vn -0.027261 -0.776180 -0.629922
vn -0.027261 -0.776180 -0.629922
vn -0.027261 -0.776180 -0.629922
vn 0.025785 0.776054 0.630139
vn 0.025785 0.776054 0.630139
vn 0.025785 0.776054 0.630139
vn 0.025785 0.776054 0.630139
vn 0.029208 -0.749247 -0.661646
vn 0.029208 -0.749247 -0.661646
vn 0.029208 -0.749247 -0.661646
vn 0.029208 -0.749247 -0.661646
vn -0.629198 0.549599 -0.549592
vn -0.629191 0.549597 -0.549602
vn -0.629191 0.549597 -0.549602
vn -0.629198 0.549599 -0.549592
vn -0.030808 0.749662 0.661104
vn -0.030808 0.749662 0.661104
vn -0.030808 0.749662 0.661104
vn -0.030808 0.749662 0.661104
vn -0.003898 -0.593252 -0.805007
vn -0.003898 -0.593252 -0.805007
vn -0.003898 -0.593252 -0.805007
vn -0.003898 -0.593252 -0.805007
vn 0.002382 0.593253 0.805012
vn 0.002382 0.593253 0.805012
vn 0.002382 0.593253 0.805012
vn 0.002382 0.593253 0.805012
vn -0.006843 0.808219 -0.588842
vn -0.006843 0.808219 -0.588842
vn -0.006843 0.808219 -0.588842
vn -0.006843 0.808219 -0.588842
vn 0.006973 -0.703161 0.710996
vn 0.006973 -0.703161 0.710996
vn 0.006973 -0.703161 0.710996
vn 0.006973 -0.703161 0.710996
vn -0.006832 0.812353 -0.583126
vn -0.006832 0.812353 -0.583126
vn -0.006832 0.812353 -0.583126
vn -0.006832 0.812353 -0.583126
vn -0.003892 -0.701023 0.713128
vn -0.003892 -0.701023 0.713128
vn -0.003892 -0.701023 0.713128
vn -0.003892 -0.701023 0.713128
vn -0.006821 0.816920 -0.576710
vn -0.006821 0.816920 -0.576710
vn -0.006821 0.816920 -0.576710
vn -0.006821 0.816920 -0.576710
vn 0.006978 -0.703153 0.711005
vn 0.006978 -0.703153 0.711005
vn 0.006978 -0.703153 0.711005
vn 0.006978 -0.703153 0.711005
vn -0.006821 0.817408 -0.576019
vn -0.006821 0.817408 -0.576019
vn -0.006821 0.817408 -0.576019
vn -0.006821 0.817408 -0.576019
vn 0.562544 -0.680935 0.468905
vn 0.562544 -0.680935 0.468904
vn 0.562544 -0.680935 0.468905
vn 0.562544 -0.680935 0.468904
vn 0.937008 -0.296391 -0.184848
vn 0.937008 -0.296391 -0.184848
vn 0.937008 -0.296391 -0.184848
vn 0.937008 -0.296391 -0.184848
vn -0.006841 0.807816 -0.589395
vn -0.006841 0.807816 -0.589395
vn -0.006841 0.807816 -0.589395
vn -0.006841 0.807816 -0.589395
vn -0.946539 0.248222 0.206032
vn -0.946539 0.248222 0.206032
vn -0.946539 0.248222 0.206032
vn -0.946539 0.248222 0.206032
vn 0.006978 -0.703161 0.710996
vn 0.006978 -0.703161 0.710996
vn 0.006978 -0.703161 0.710996
vn 0.006978 -0.703161 0.710996
vn -0.007161 0.588463 -0.808492
vn -0.007161 0.588463 -0.808492
vn -0.007161 0.588463 -0.808492
vn -0.007161 0.588463 -0.808492
vn 0.006893 -0.727016 0.686586
vn 0.006893 -0.727016 0.686586
vn 0.006893 -0.727016 0.686586
vn 0.006893 -0.727016 0.686586
vn -0.007166 0.594565 -0.804016
vn -0.007166 0.594565 -0.804016
vn -0.007166 0.594565 -0.804016
vn -0.007166 0.594565 -0.804016
vn -0.004328 -0.727025 0.686598
vn -0.004328 -0.727025 0.686598
vn -0.004328 -0.727025 0.686598
vn -0.004328 -0.727025 0.686598
vn -0.007159 0.600182 -0.799831
vn -0.007159 0.600182 -0.799831
vn -0.007159 0.600182 -0.799831
vn -0.007159 0.600182 -0.799831
vn 0.006894 -0.727017 0.686585
vn 0.006894 -0.727017 0.686585
vn 0.006894 -0.727017 0.686585
vn 0.006894 -0.727017 0.686585
vn -0.007160 0.600718 -0.799429
vn -0.007160 0.600718 -0.799429
vn -0.007160 0.600718 -0.799429
vn -0.007160 0.600718 -0.799429
vn 0.993553 0.000347 0.113370
vn 0.993553 0.000347 0.113370
vn 0.993553 0.000347 0.113370
vn 0.993553 0.000347 0.113370
vn 0.577796 -0.593395 0.560388
vn 0.577796 -0.593395 0.560388
vn 0.577796 -0.593395 0.560388
vn 0.577796 -0.593395 0.560388
vn -0.007173 0.587823 -0.808958
vn -0.007173 0.587823 -0.808958
vn -0.007173 0.587823 -0.808958
vn -0.007173 0.587823 -0.808958
vn 0.006889 -0.727015 0.686587
vn 0.006889 -0.727015 0.686587
vn 0.006889 -0.727015 0.686587
vn 0.006889 -0.727015 0.686587
vn -0.996515 -0.074825 -0.036859
vn -0.996515 -0.074825 -0.036859
vn -0.996515 -0.074825 -0.036859
vn -0.996515 -0.074825 -0.036859
vn -0.997049 -0.054273 0.054288
vn -0.997049 -0.054274 0.054288
vn -0.997048 -0.054291 0.054288
vn -0.997048 -0.054291 0.054288
vn -0.759227 0.460204 -0.460202
vn -0.759225 0.460209 -0.460202
vn -0.759225 0.460209 -0.460202
vn -0.759227 0.460204 -0.460202
vn -0.629186 0.549599 -0.549605
vn -0.629186 0.549600 -0.549605
vn -0.629194 0.549591 -0.549604
vn -0.629194 0.549591 -0.549604
vn -0.367320 0.657695 -0.657658
vn -0.367569 0.657612 -0.657602
vn -0.359402 0.659864 -0.659856
vn -0.359401 0.659876 -0.659845
vn -0.172142 0.696569 -0.696534
vn -0.232601 0.687721 -0.687703
vn -0.006971 0.707086 -0.707094
vn -0.006971 0.707086 -0.707094
vn -0.006971 0.707085 -0.707095
vn -0.006971 0.707085 -0.707095
vn -0.006972 0.707088 -0.707091
vn -0.006972 0.707088 -0.707092
vn 0.101549 0.703452 -0.703451
vn 0.157483 0.698285 -0.698282
vn 0.333415 0.666646 -0.666646
vn 0.333416 0.666649 -0.666643
vn 0.901116 0.306583 -0.306590
vn 0.901111 0.306594 -0.306593
vn 0.901111 0.306594 -0.306593
vn 0.901115 0.306583 -0.306590
vn 0.297459 0.698308 -0.651064
vn 0.328280 0.690136 -0.644937
vn 0.955424 0.195608 -0.221139
vn 0.954199 0.198490 -0.223842
vn 0.049261 0.736381 -0.674771
vn 0.049260 0.736386 -0.674766
vn 0.998165 -0.059971 0.008411
vn 0.998456 -0.055399 0.004128
vn 0.998531 -0.054097 0.002908
vn 0.998165 -0.059971 0.008411
vn -0.997049 -0.054285 0.054289
vn -0.997049 -0.054283 0.054289
vn -0.759222 0.460206 -0.460209
vn -0.759222 0.460206 -0.460208
vn -0.629190 0.549599 -0.549601
vn -0.629190 0.549599 -0.549601
vn -0.367570 0.657601 -0.657612
vn -0.359403 0.659856 -0.659863
vn -0.232792 0.687676 -0.687684
vn -0.006972 0.707095 -0.707084
vn -0.006972 0.707095 -0.707084
vn -0.006975 0.707090 -0.707090
vn -0.006975 0.707090 -0.707090
vn -0.006972 0.707096 -0.707083
vn -0.006972 0.707096 -0.707083
vn -0.006972 0.707101 -0.707078
vn -0.006972 0.707101 -0.707078
vn -0.006972 0.707097 -0.707082
vn -0.006972 0.707097 -0.707082
vn 0.333417 0.666642 -0.666650
vn 0.157300 0.698301 -0.698306
vn 0.901107 0.306595 -0.306602
vn 0.901108 0.306595 -0.306602
vn 0.326670 0.690622 -0.645235
vn 0.957705 0.190124 -0.215998
vn 0.049261 0.736388 -0.674763
vn 0.998965 -0.045155 -0.005489
vn 0.999012 -0.043939 -0.006634
vn -0.997048 -0.054291 0.054289
vn -0.997048 -0.054292 0.054289
vn -0.759229 0.460205 -0.460199
vn -0.759228 0.460204 -0.460200
vn -0.629196 0.549593 -0.549600
vn -0.629196 0.549593 -0.549600
vn -0.367573 0.657605 -0.657606
vn -0.359405 0.659862 -0.659856
vn -0.232580 0.687713 -0.687719
vn -0.006972 0.707089 -0.707091
vn -0.006972 0.707089 -0.707091
vn -0.006972 0.707088 -0.707091
vn -0.006972 0.707088 -0.707091
vn -0.006971 0.707087 -0.707092
vn -0.006971 0.707087 -0.707092
vn 0.157509 0.698276 -0.698285
vn 0.333419 0.666637 -0.666654
vn 0.901106 0.306600 -0.306603
vn 0.901106 0.306599 -0.306603
vn 0.325047 0.691104 -0.645538
vn 0.959984 0.184484 -0.210705
vn 0.049262 0.736386 -0.674766
vn 0.999272 -0.035112 -0.014912
vn 0.999295 -0.033972 -0.015977
vn -0.997050 -0.054270 0.054288
vn -0.997049 -0.054270 0.054288
vn -0.759232 0.460203 -0.460196
vn -0.759232 0.460204 -0.460195
vn -0.629187 0.549606 -0.549597
vn -0.629187 0.549606 -0.549597
vn -0.367573 0.657608 -0.657603
vn -0.359407 0.659865 -0.659852
vn -0.232818 0.687674 -0.687677
vn -0.006972 0.707097 -0.707083
vn -0.006972 0.707097 -0.707083
vn -0.006975 0.707101 -0.707078
vn -0.006975 0.707101 -0.707078
vn -0.006972 0.707096 -0.707083
vn -0.006972 0.707096 -0.707083
vn -0.006970 0.707088 -0.707091
vn -0.006970 0.707088 -0.707091
vn -0.006967 0.707086 -0.707094
vn -0.006967 0.707086 -0.707094
vn 0.333426 0.666648 -0.666640
vn 0.157277 0.698318 -0.698295
vn 0.901099 0.306622 -0.306599
vn 0.901099 0.306622 -0.306599
vn 0.323404 0.691593 -0.645839
vn 0.962259 0.178686 -0.205253
vn 0.049261 0.736385 -0.674767
vn 0.999389 -0.025272 -0.024132
vn 0.999391 -0.024213 -0.025128
vn -0.997049 -0.054284 0.054288
vn -0.997049 -0.054283 0.054288
vn -0.759228 0.460201 -0.460204
vn -0.759228 0.460200 -0.460204
vn -0.629184 0.549605 -0.549601
vn -0.629184 0.549605 -0.549602
vn -0.367568 0.657608 -0.657605
vn -0.359401 0.659866 -0.659855
vn -0.232554 0.687718 -0.687722
vn -0.006972 0.707089 -0.707090
vn -0.006972 0.707089 -0.707090
vn -0.006971 0.707090 -0.707089
vn -0.006971 0.707090 -0.707089
vn -0.006972 0.707108 -0.707072
vn -0.006972 0.707108 -0.707072
vn 0.157534 0.698289 -0.698266
vn 0.333428 0.666647 -0.666639
vn 0.901102 0.306618 -0.306597
vn 0.901102 0.306618 -0.306597
vn 0.321751 0.692088 -0.646134
vn 0.964522 0.172742 -0.199642
vn 0.049262 0.736387 -0.674764
vn 0.999328 -0.015617 -0.033166
vn 0.999312 -0.014623 -0.034091
vn -0.006972 0.707091 -0.707088
vn -0.006972 0.707091 -0.707088
vn -0.006976 0.707088 -0.707091
vn -0.006976 0.707088 -0.707091
vn -0.006972 0.707091 -0.707088
vn -0.006972 0.707091 -0.707088
vn -0.006970 0.707086 -0.707093
vn -0.006970 0.707086 -0.707093
vn -0.006970 0.707087 -0.707092
vn -0.006970 0.707087 -0.707092
vn -0.003412 -0.517458 -0.855702
vn -0.003412 -0.517458 -0.855702
vn -0.003412 -0.517458 -0.855702
vn -0.003412 -0.517458 -0.855702
vn -1.000000 -0.000015 0.000000
vn -1.000000 -0.000015 0.000000
vn -1.000000 -0.000015 0.000000
vn -1.000000 -0.000015 0.000000
vn 0.003195 0.517447 0.855710
vn 0.003195 0.517447 0.855710
vn 0.003195 0.517447 0.855709
vn 0.003195 0.517447 0.855710
vn -0.003409 -0.517470 -0.855694
vn -0.003409 -0.517471 -0.855694
vn -0.003409 -0.517470 -0.855694
vn -0.003409 -0.517470 -0.855694
vn 0.003197 0.517454 0.855705
vn 0.003197 0.517454 0.855705
vn 0.003197 0.517454 0.855705
vn 0.003197 0.517454 0.855705
vn -0.003403 -0.517468 -0.855696
vn -0.003403 -0.517469 -0.855696
vn -0.003403 -0.517469 -0.855695
vn -0.003403 -0.517469 -0.855696
vn 0.003191 0.517458 0.855703
vn 0.003191 0.517458 0.855703
vn 0.003191 0.517458 0.855703
vn 0.003191 0.517458 0.855703
vn 1.000000 -0.000014 0.000000
vn 1.000000 -0.000014 0.000000
vn 1.000000 -0.000014 0.000000
vn 1.000000 -0.000014 0.000000
vn -0.003416 -0.517460 -0.855701
vn -0.003416 -0.517460 -0.855701
vn -0.003416 -0.517460 -0.855701
vn -0.003416 -0.517460 -0.855701
vn 0.003203 0.517458 0.855703
vn 0.003203 0.517458 0.855703
vn 0.003203 0.517458 0.855703
vn 0.003203 0.517458 0.855703
vn -0.003836 -0.517470 -0.855693
vn -0.003836 -0.517470 -0.855693
vn -0.003836 -0.517469 -0.855693
vn -0.003836 -0.517469 -0.855693
vn -1.000000 0.000015 0.000000
vn -1.000000 0.000015 0.000000
vn -1.000000 0.000015 0.000000
vn -1.000000 0.000015 0.000000
vn 0.003632 0.517461 0.855699
vn 0.003632 0.517461 0.855699
vn 0.003632 0.517461 0.855699
vn 0.003632 0.517461 0.855699
vn -0.003835 -0.517455 -0.855702
vn -0.003835 -0.517455 -0.855702
vn -0.003835 -0.517455 -0.855702
vn -0.003835 -0.517455 -0.855702
vn 0.003622 0.517456 0.855702
vn 0.003622 0.517456 0.855702
vn 0.003622 0.517456 0.855702
vn 0.003622 0.517456 0.855702
vn -0.003836 -0.517453 -0.855703
vn -0.003836 -0.517452 -0.855703
vn -0.003836 -0.517453 -0.855703
vn -0.003836 -0.517452 -0.855703
vn 0.003630 0.517457 0.855701
vn 0.003630 0.517457 0.855701
vn 0.003630 0.517457 0.855701
vn 0.003630 0.517457 0.855701
vn 1.000000 -0.000014 0.000000
vn 1.000000 -0.000014 0.000000
vn 1.000000 -0.000014 0.000000
vn 1.000000 -0.000014 0.000000
vn -0.003834 -0.517456 -0.855701
vn -0.003834 -0.517456 -0.855701
vn -0.003834 -0.517456 -0.855701
vn -0.003834 -0.517456 -0.855701
vn 0.003622 0.517460 0.855700
vn 0.003622 0.517460 0.855700
vn 0.003622 0.517460 0.855700
vn 0.003622 0.517460 0.855700
vn -0.004256 -0.517456 -0.855699
vn -0.004256 -0.517456 -0.855699
vn -0.004256 -0.517456 -0.855699
vn -0.004256 -0.517456 -0.855699
vn -1.000000 0.000000 0.000000
vn -1.000000 0.000000 0.000000
vn -1.000000 0.000000 0.000000
vn -1.000000 0.000000 0.000000
vn 0.004049 0.517457 0.855700
vn 0.004049 0.517457 0.855700
vn 0.004049 0.517457 0.855700
vn 0.004049 0.517456 0.855700
vn -0.004262 -0.517454 -0.855700
vn -0.004262 -0.517454 -0.855700
vn -0.004262 -0.517454 -0.855700
vn -0.004262 -0.517454 -0.855700
vn 0.004049 0.517457 0.855699
vn 0.004049 0.517457 0.855699
vn 0.004049 0.517458 0.855699
vn 0.004049 0.517457 0.855699
vn -0.004265 -0.517456 -0.855699
vn -0.004265 -0.517456 -0.855699
vn -0.004265 -0.517456 -0.855699
vn -0.004265 -0.517456 -0.855699
vn 0.004043 0.517454 0.855701
vn 0.004043 0.517454 0.855701
vn 0.004043 0.517454 0.855701
vn 0.004043 0.517454 0.855701
vn 1.000000 -0.000028 0.000000
vn 1.000000 -0.000028 0.000000
vn 1.000000 -0.000028 0.000000
vn 1.000000 -0.000028 0.000000
vn -0.004256 -0.517458 -0.855698
vn -0.004256 -0.517458 -0.855698
vn -0.004256 -0.517458 -0.855698
vn -0.004256 -0.517458 -0.855698
vn 0.004047 0.517442 0.855709
vn 0.004047 0.517442 0.855709
vn 0.004047 0.517442 0.855709
vn 0.004047 0.517442 0.855709
vn -0.034815 0.706677 -0.706680
vn -0.034815 0.706677 -0.706680
vn 0.021445 0.707461 -0.706427
vn 0.021440 0.707461 -0.706427
vn -0.103021 0.642567 -0.759272
vn -0.109065 0.673789 -0.730830
vn -0.090651 0.579222 -0.810114
vn -0.084093 0.548307 -0.832039
vn -0.744632 -0.647230 0.163146
vn -0.744633 -0.647229 0.163146
vn -0.034815 0.706680 -0.706677
vn -0.034815 0.706680 -0.706677
vn 0.021261 0.707463 -0.706430
vn 0.021256 0.707464 -0.706430
vn -0.094878 0.644328 -0.758841
vn -0.100719 0.674989 -0.730921
vn -0.083054 0.582090 -0.808872
vn -0.076817 0.551673 -0.830516
vn -0.744636 -0.647224 0.163149
vn -0.744636 -0.647224 0.163149
vn -0.034815 0.706678 -0.706678
vn -0.034815 0.706678 -0.706678
vn 0.021076 0.707467 -0.706432
vn 0.021072 0.707467 -0.706432
vn -0.087024 0.645982 -0.758376
vn -0.092672 0.676095 -0.730963
vn -0.075712 0.584821 -0.807622
vn -0.069777 0.554889 -0.828993
vn -0.744630 -0.647232 0.163148
vn -0.744629 -0.647233 0.163148
vn -0.034816 0.706678 -0.706678
vn -0.034816 0.706678 -0.706678
vn 0.020893 0.707470 -0.706435
vn 0.020889 0.707470 -0.706435
vn -0.079446 0.647537 -0.757881
vn -0.084913 0.677119 -0.730958
vn -0.068618 0.587426 -0.806364
vn -0.062971 0.557972 -0.827468
vn -0.744630 -0.647230 0.163155
vn -0.744632 -0.647227 0.163157
vn -0.034815 0.706679 -0.706677
vn -0.034815 0.706679 -0.706677
vn 0.020708 0.707474 -0.706436
vn 0.020705 0.707474 -0.706436
vn -0.072131 0.649000 -0.757361
vn -0.077422 0.678068 -0.730910
vn -0.061761 0.589909 -0.805104
vn -0.056382 0.560917 -0.825950
vn -0.744629 -0.647230 0.163159
vn -0.744625 -0.647235 0.163157
vn -0.006088 0.713927 -0.700193
vn -0.006088 0.713927 -0.700193
vn 0.153597 0.698717 -0.698715
vn 0.077497 0.704980 -0.704981
vn 0.303676 0.673715 -0.673713
vn 0.446737 0.632622 -0.632626
vn 0.579369 0.576336 -0.576340
vn 0.698294 0.506154 -0.506156
vn 0.800435 0.423855 -0.423854
vn 0.883034 0.331852 -0.331851
vn 0.943729 0.233852 -0.233855
vn -0.006025 0.713929 -0.700193
vn -0.006025 0.713929 -0.700193
vn 0.153594 0.698714 -0.698718
vn 0.077496 0.704978 -0.704982
vn 0.303673 0.673714 -0.673715
vn 0.446736 0.632626 -0.632623
vn 0.579369 0.576339 -0.576338
vn 0.698293 0.506157 -0.506154
vn 0.800433 0.423858 -0.423853
vn 0.883032 0.331855 -0.331853
vn 0.943729 0.233852 -0.233855
vn -0.005963 0.713928 -0.700194
vn -0.005962 0.713928 -0.700194
vn 0.153595 0.698716 -0.698717
vn 0.077495 0.704980 -0.704981
vn 0.303673 0.673714 -0.673716
vn 0.446736 0.632623 -0.632625
vn 0.579370 0.576338 -0.576338
vn 0.698293 0.506155 -0.506155
vn 0.800434 0.423855 -0.423854
vn 0.883032 0.331856 -0.331853
vn 0.943729 0.233854 -0.233853
vn -0.005900 0.713927 -0.700195
vn -0.005900 0.713927 -0.700195
vn 0.153597 0.698715 -0.698717
vn 0.077494 0.704980 -0.704981
vn 0.303677 0.673712 -0.673716
vn 0.446737 0.632621 -0.632627
vn 0.579370 0.576337 -0.576338
vn 0.698298 0.506152 -0.506152
vn 0.800437 0.423851 -0.423852
vn 0.883033 0.331854 -0.331854
vn 0.943730 0.233853 -0.233853
vn -0.005837 0.713923 -0.700200
vn -0.005837 0.713923 -0.700200
vn 0.153596 0.698716 -0.698716
vn 0.077497 0.704980 -0.704981
vn 0.303677 0.673714 -0.673714
vn 0.446736 0.632624 -0.632624
vn 0.579368 0.576339 -0.576338
vn 0.698293 0.506157 -0.506155
vn 0.800432 0.423857 -0.423855
vn 0.883034 0.331852 -0.331851
vn 0.943731 0.233850 -0.233851
s 1
g polySurface3 loftedSurface10
usemtl initialShadingGroup
f 621/874/930 686/875/931 687/2276/932 609/2294/933
f 649/878/934 650/879/935 651/2287/936 611/2286/937
f 631/882/938 632/883/939 633/2291/940 613/2290/941
f 620/2306/942 622/887/943 623/2293/944 615/2243/945
f 618/890/946 619/891/947 616/2305/948 614/2302/949
f 608/894/950 617/895/951 619/891/947 618/890/946
f 616/2305/948 619/891/947 622/887/943 620/2306/942
f 622/887/943 619/891/947 617/895/951 621/874/930
f 623/2293/944 622/887/943 621/874/930 609/2294/933
f 627/896/952 628/897/953 624/898/954 612/899/955
f 1641/900/956 1642/901/957 626/902/958 625/903/959
f 625/903/959 626/902/958 628/897/953 627/896/952
f 629/2292/960 630/905/961 1643/906/962 1644/2232/963
f 1643/906/962 630/905/961 626/902/958 1642/901/957
f 624/898/954 628/897/953 632/883/939 631/882/938
f 632/883/939 628/897/953 626/902/958 630/905/961
f 633/2291/940 632/883/939 630/905/961 629/2292/960
f 639/908/964 640/909/965 641/2289/966 635/2245/967
f 637/912/968 638/913/969 636/914/970 634/915/971
f 612/899/955 624/898/954 638/913/969 637/912/968
f 636/914/970 638/913/969 640/909/965 639/908/964
f 640/909/965 638/913/969 624/898/954 631/882/938
f 641/2289/966 640/909/965 631/882/938 613/2290/941
f 645/916/972 646/917/973 642/918/974 610/919/975
f 634/915/971 636/914/970 1370/920/976 1371/921/977
f 643/2301/978 644/2303/979 646/917/973 645/916/972
f 1368/924/980 1369/925/981 639/908/964 635/2245/967
f 639/908/964 1369/925/981 1370/920/976 636/914/970
f 642/918/974 646/917/973 650/879/935 649/878/934
f 650/879/935 646/917/973 644/2303/979 648/2304/982
f 651/2287/936 650/879/935 648/2304/982 647/2299/983
f 669/928/984 670/2028/985 671/2282/986 653/2280/987
f 659/932/988 660/933/989 661/2285/990 655/2284/991
f 657/936/992 658/937/993 656/938/994 654/939/995
f 610/919/975 642/918/974 658/937/993 657/936/992
f 656/938/994 658/937/993 660/933/989 659/932/988
f 660/933/989 658/937/993 642/918/974 649/878/934
f 661/2285/990 660/933/989 649/878/934 611/2286/937
f 665/940/996 666/2029/997 662/942/998 652/943/999
f 654/939/995 656/938/994 664/944/1000 663/945/1001
f 663/945/1001 664/944/1000 666/941/997 665/1998/996
f 667/2283/1002 668/947/1003 659/932/988 655/2284/991
f 659/932/988 668/947/1003 664/944/1000 656/938/994
f 662/942/998 666/2029/997 670/2028/985 669/928/984
f 670/929/985 666/941/997 664/944/1000 668/947/1003
f 671/2281/986 670/929/985 668/947/1003 667/2283/1002
f 677/948/1004 678/949/1005 679/2279/1006 673/2278/1007
f 675/952/1008 676/953/1009 674/954/1010 672/955/1011
f 652/943/999 662/942/998 676/953/1009 675/952/1008
f 674/954/1010 676/953/1009 678/949/1005 677/948/1004
f 678/949/1005 676/953/1009 662/942/998 669/928/984
f 679/2279/1006 678/949/1005 669/928/984 653/2280/987
f 682/956/1012 683/957/1013 617/895/951 608/894/950
f 672/955/1011 674/954/1010 681/958/1014 680/959/1015
f 680/959/1015 681/958/1014 683/957/1013 682/956/1012
f 684/2277/1016 685/961/1017 677/948/1004 673/2278/1007
f 677/948/1004 685/961/1017 681/958/1014 674/954/1010
f 617/895/951 683/957/1013 686/875/931 621/874/930
f 686/875/931 683/957/1013 681/958/1014 685/961/1017
f 687/2276/932 686/875/931 685/961/1017 684/2277/1016
s 14
f 688/962/1018 689/963/1019 709/964/1020 708/965/1021
f 1705/966/1022 690/967/1023 710/968/1024 1704/969/1025
f 690/967/1023 691/970/1026 711/971/1027 710/968/1024
f 691/970/1026 692/972/1028 712/973/1029 711/971/1027
f 692/972/1028 693/974/1030 713/975/1031 712/973/1029
f 693/974/1030 694/976/1032 714/977/1033 713/975/1031
f 694/976/1032 695/978/1034 715/979/1035 714/977/1033
f 695/978/1034 696/980/1036 716/981/1037 715/979/1035
f 696/980/1036 697/982/1038 717/983/1039 716/981/1037
f 697/982/1038 698/984/1040 718/2010/1041 717/983/1039
f 698/2002/1040 699/986/1042 719/987/1043 718/985/1041
f 699/986/1042 700/988/1044 720/989/1045 719/987/1043
f 700/988/1044 701/990/1046 721/991/1047 720/989/1045
f 701/990/1046 702/992/1048 722/993/1049 721/991/1047
f 702/992/1048 703/994/1050 723/995/1051 722/993/1049
f 703/994/1050 704/996/1052 724/997/1053 723/995/1051
f 1397/998/1054 705/999/1055 725/1000/1056 1396/1001/1057
f 705/999/1055 706/1002/1058 726/1003/1059 725/1000/1056
f 706/1002/1058 707/1004/1060 727/1005/1061 726/1003/1059
f 707/1004/1060 688/962/1018 708/965/1021 727/1005/1061
f 708/965/1021 709/964/1020 729/1006/1062 728/1007/1063
f 1704/969/1025 710/968/1024 730/1008/1064 1703/1009/1065
f 710/968/1024 711/971/1027 731/1010/1066 730/1008/1064
f 711/971/1027 712/973/1029 732/1011/1067 731/1010/1066
f 712/973/1029 713/975/1031 733/1012/1068 732/1011/1067
f 713/975/1031 714/977/1033 734/1013/1069 733/1012/1068
f 714/977/1033 715/979/1035 735/1014/1070 734/1013/1069
f 715/979/1035 716/981/1037 736/1015/1071 735/1014/1070
f 716/981/1037 717/983/1039 737/1016/1072 736/1015/1071
f 717/983/1039 718/2010/1041 738/2009/1073 737/1016/1072
f 718/985/1041 719/987/1043 739/1018/1074 738/1017/1073
f 719/987/1043 720/989/1045 740/1019/1075 739/1018/1074
f 720/989/1045 721/991/1047 741/1020/1076 740/1019/1075
f 721/991/1047 722/993/1049 742/1021/1077 741/1020/1076
f 722/993/1049 723/995/1051 743/1022/1078 742/1021/1077
f 723/995/1051 724/997/1053 744/1023/1079 743/1022/1078
f 1396/1001/1057 725/1000/1056 745/1024/1080 1395/1025/1081
f 725/1000/1056 726/1003/1059 746/1026/1082 745/1024/1080
f 726/1003/1059 727/1005/1061 747/1027/1083 746/1026/1082
f 727/1005/1061 708/965/1021 728/1007/1063 747/1027/1083
f 728/1007/1063 729/1006/1062 749/1028/1084 748/1029/1085
f 1703/1009/1065 730/1008/1064 750/1030/1086 1702/1031/1087
f 730/1008/1064 731/1010/1066 751/1032/1088 750/1030/1086
f 731/1010/1066 732/1011/1067 752/1033/1089 751/1032/1088
f 732/1011/1067 733/1012/1068 753/1034/1090 752/1033/1089
f 733/1012/1068 734/1013/1069 754/1035/1091 753/1034/1090
f 734/1013/1069 735/1014/1070 755/1036/1092 754/1035/1091
f 735/1014/1070 736/1015/1071 756/1037/1093 755/1036/1092
f 736/1015/1071 737/1016/1072 757/1038/1094 756/1037/1093
f 737/1016/1072 738/2009/1073 758/2008/1095 757/1038/1094
f 738/1017/1073 739/1018/1074 759/1040/1096 758/1039/1095
f 739/1018/1074 740/1019/1075 760/1041/1097 759/1040/1096
f 740/1019/1075 741/1020/1076 761/1042/1098 760/1041/1097
f 741/1020/1076 742/1021/1077 762/1043/1099 761/1042/1098
f 742/1021/1077 743/1022/1078 763/1044/1100 762/1043/1099
f 743/1022/1078 744/1023/1079 764/1045/1101 763/1044/1100
f 1395/1025/1081 745/1024/1080 765/1046/1102 1394/1047/1103
f 745/1024/1080 746/1026/1082 766/1048/1104 765/1046/1102
f 746/1026/1082 747/1027/1083 767/1049/1105 766/1048/1104
f 747/1027/1083 728/1007/1063 748/1029/1085 767/1049/1105
f 748/1029/1085 749/1028/1084 769/1050/1106 768/1051/1107
f 1702/1031/1087 750/1030/1086 770/1052/1108 1701/1053/1109
f 750/1030/1086 751/1032/1088 771/1054/1110 770/1052/1108
f 751/1032/1088 752/1033/1089 772/1055/1111 771/1054/1110
f 752/1033/1089 753/1034/1090 773/1056/1112 772/1055/1111
f 753/1034/1090 754/1035/1091 774/1057/1113 773/1056/1112
f 754/1035/1091 755/1036/1092 775/1058/1114 774/1057/1113
f 755/1036/1092 756/1037/1093 776/1059/1115 775/1058/1114
f 756/1037/1093 757/1038/1094 777/1060/1116 776/1059/1115
f 757/1038/1094 758/2008/1095 778/2007/1117 777/1060/1116
f 758/1039/1095 759/1040/1096 779/1062/1118 778/1061/1117
f 759/1040/1096 760/1041/1097 780/1063/1119 779/1062/1118
f 760/1041/1097 761/1042/1098 781/1064/1120 780/1063/1119
f 761/1042/1098 762/1043/1099 782/1065/1121 781/1064/1120
f 762/1043/1099 763/1044/1100 783/1066/1122 782/1065/1121
f 763/1044/1100 764/1045/1101 784/1067/1123 783/1066/1122
f 1394/1047/1103 765/1046/1102 785/1068/1124 1393/1069/1125
f 765/1046/1102 766/1048/1104 786/1070/1126 785/1068/1124
f 766/1048/1104 767/1049/1105 787/1071/1127 786/1070/1126
f 767/1049/1105 748/1029/1085 768/1051/1107 787/1071/1127
f 768/1051/1107 769/1050/1106 789/1072/1128 788/1073/1129
f 1701/1053/1109 770/1052/1108 790/1074/1130 1700/1075/1131
f 770/1052/1108 771/1054/1110 791/1076/1132 790/1074/1130
f 771/1054/1110 772/1055/1111 792/1077/1133 791/1076/1132
f 772/1055/1111 773/1056/1112 793/1078/1134 792/1077/1133
f 773/1056/1112 774/1057/1113 794/1079/1135 793/1078/1134
f 774/1057/1113 775/1058/1114 795/1080/1136 794/1079/1135
f 775/1058/1114 776/1059/1115 796/1081/1137 795/1080/1136
f 776/1059/1115 777/1060/1116 797/1082/1138 796/1081/1137
f 777/1060/1116 778/2007/1117 798/2006/1139 797/1082/1138
f 778/1061/1117 779/1062/1118 799/1084/1140 798/1083/1139
f 779/1062/1118 780/1063/1119 800/1085/1141 799/1084/1140
f 780/1063/1119 781/1064/1120 801/1086/1142 800/1085/1141
f 781/1064/1120 782/1065/1121 802/1087/1143 801/1086/1142
f 782/1065/1121 783/1066/1122 803/1088/1144 802/1087/1143
f 783/1066/1122 784/1067/1123 804/1089/1145 803/1088/1144
f 1393/1069/1125 785/1068/1124 805/1090/1146 1392/1091/1147
f 785/1068/1124 786/1070/1126 806/1092/1148 805/1090/1146
f 786/1070/1126 787/1071/1127 807/1093/1149 806/1092/1148
f 787/1071/1127 768/1051/1107 788/1073/1129 807/1093/1149
f 788/1073/1129 789/1072/1128 809/1094/1150 808/1095/1151
f 1700/1075/1131 790/1074/1130 810/1096/1152 1699/1097/1153
f 790/1074/1130 791/1076/1132 811/1098/1154 810/1096/1152
f 791/1076/1132 792/1077/1133 812/1099/1155 811/1098/1154
f 792/1077/1133 793/1078/1134 813/1100/1156 812/1099/1155
f 793/1078/1134 794/1079/1135 814/1101/1157 813/1100/1156
f 794/1079/1135 795/1080/1136 815/1102/1158 814/1101/1157
f 795/1080/1136 796/1081/1137 816/1103/1159 815/1102/1158
f 796/1081/1137 797/1082/1138 817/1104/1160 816/1103/1159
f 797/1082/1138 798/2006/1139 818/2005/1161 817/1104/1160
f 798/1083/1139 799/1084/1140 819/1106/1162 818/1105/1161
f 799/1084/1140 800/1085/1141 820/1107/1163 819/1106/1162
f 800/1085/1141 801/1086/1142 821/1108/1164 820/1107/1163
f 801/1086/1142 802/1087/1143 822/1109/1165 821/1108/1164
f 802/1087/1143 803/1088/1144 823/1110/1166 822/1109/1165
f 803/1088/1144 804/1089/1145 824/1111/1167 823/1110/1166
f 1392/1091/1147 805/1090/1146 825/1112/1168 1391/1113/1169
f 805/1090/1146 806/1092/1148 826/1114/1170 825/1112/1168
f 806/1092/1148 807/1093/1149 827/1115/1171 826/1114/1170
f 807/1093/1149 788/1073/1129 808/1095/1151 827/1115/1171
f 808/1095/1151 809/1094/1150 829/1116/1172 828/1117/1173
f 1699/1097/1153 810/1096/1152 830/1118/1174 1698/1119/1175
f 810/1096/1152 811/1098/1154 831/1120/1176 830/1118/1174
f 811/1098/1154 812/1099/1155 832/1121/1177 831/1120/1176
f 812/1099/1155 813/1100/1156 833/1122/1178 832/1121/1177
f 813/1100/1156 814/1101/1157 834/1123/1179 833/1122/1178
f 814/1101/1157 815/1102/1158 835/1124/1180 834/1123/1179
f 815/1102/1158 816/1103/1159 836/1125/1181 835/1124/1180
f 816/1103/1159 817/1104/1160 837/1126/1182 836/1125/1181
f 817/1104/1160 818/2005/1161 838/2004/1183 837/1126/1182
f 818/1105/1161 819/1106/1162 839/1128/1184 838/1127/1183
f 819/1106/1162 820/1107/1163 840/1129/1185 839/1128/1184
f 820/1107/1163 821/1108/1164 841/1130/1186 840/1129/1185
f 821/1108/1164 822/1109/1165 842/1131/1187 841/1130/1186
f 822/1109/1165 823/1110/1166 843/1132/1188 842/1131/1187
f 823/1110/1166 824/1111/1167 844/1133/1189 843/1132/1188
f 1391/1113/1169 825/1112/1168 845/1134/1190 1390/1135/1191
f 825/1112/1168 826/1114/1170 846/1136/1192 845/1134/1190
f 826/1114/1170 827/1115/1171 847/1137/1193 846/1136/1192
f 827/1115/1171 808/1095/1151 828/1117/1173 847/1137/1193
f 828/1117/1173 829/1116/1172 849/1138/1194 848/1139/1195
f 1698/1119/1175 830/1118/1174 850/1140/1196 1697/1141/1197
f 830/1118/1174 831/1120/1176 851/1142/1198 850/1140/1196
f 831/1120/1176 832/1121/1177 852/1143/1199 851/1142/1198
f 832/1121/1177 833/1122/1178 853/1144/1200 852/1143/1199
f 833/1122/1178 834/1123/1179 854/1145/1201 853/1144/1200
f 834/1123/1179 835/1124/1180 855/1146/1202 854/1145/1201
f 835/1124/1180 836/1125/1181 856/1147/1203 855/1146/1202
f 836/1125/1181 837/1126/1182 857/1148/1204 856/1147/1203
f 837/1126/1182 838/2004/1183 858/2003/1205 857/1148/1204
f 838/1127/1183 839/1128/1184 859/1150/1206 858/1149/1205
f 839/1128/1184 840/1129/1185 860/1151/1207 859/1150/1206
f 840/1129/1185 841/1130/1186 861/1152/1208 860/1151/1207
f 841/1130/1186 842/1131/1187 862/1153/1209 861/1152/1208
f 842/1131/1187 843/1132/1188 863/1154/1210 862/1153/1209
f 843/1132/1188 844/1133/1189 864/1155/1211 863/1154/1210
f 1390/1135/1191 845/1134/1190 865/1156/1212 1389/1157/1213
f 845/1134/1190 846/1136/1192 866/1158/1214 865/1156/1212
f 846/1136/1192 847/1137/1193 867/1159/1215 866/1158/1214
f 847/1137/1193 828/1117/1173 848/1139/1195 867/1159/1215
f 848/1139/1195 849/1138/1194 869/2027/1216 868/2012/1217
f 1697/1141/1197 850/1140/1196 870/1973/1218 1696/1163/1219
f 850/1140/1196 851/1142/1198 871/2026/1220 870/1973/1218
f 851/1142/1198 852/1143/1199 872/2025/1221 871/2026/1220
f 852/1143/1199 853/1144/1200 873/2024/1222 872/2025/1221
f 853/1144/1200 854/1145/1201 874/2023/1223 873/2024/1222
f 854/1145/1201 855/1146/1202 875/2022/1224 874/2023/1223
f 855/1146/1202 856/1147/1203 876/2021/1225 875/2022/1224
f 856/1147/1203 857/1148/1204 877/2020/1226 876/2021/1225
f 857/1148/1204 858/2003/1205 878/2000/1227 877/2020/1226
f 858/1149/1205 859/1150/1206 879/2019/1228 878/1999/1227
f 859/1150/1206 860/1151/1207 880/2018/1229 879/2019/1228
f 860/1151/1207 861/1152/1208 881/2017/1230 880/2018/1229
f 861/1152/1208 862/1153/1209 882/2016/1231 881/2017/1230
f 862/1153/1209 863/1154/1210 883/2015/1232 882/2016/1231
f 863/1154/1210 864/1155/1211 884/2014/1233 883/2015/1232
f 1389/1157/1213 865/1156/1212 885/1980/1234 1388/1179/1235
f 865/1156/1212 866/1158/1214 886/2013/1236 885/1980/1234
f 866/1158/1214 867/1159/1215 887/2011/1237 886/2013/1236
f 867/1159/1215 848/1139/1195 868/2012/1217 887/2011/1237
f 689/963/1019 688/962/1018 888/1182/1238
f 690/967/1023 1705/966/1022 1695/1183/1239 1685/1184/1240 1675/1185/1241 1665/1186/1242 1655/1187/1243 689/963/1019 888/1182/1238
f 691/970/1026 690/967/1023 888/1182/1238
f 692/972/1028 691/970/1026 888/1182/1238
f 693/974/1030 692/972/1028 888/1182/1238
f 694/976/1032 693/974/1030 888/1182/1238
f 695/978/1034 694/976/1032 888/1182/1238
f 696/980/1036 695/978/1034 888/1182/1238
f 697/982/1038 696/980/1036 888/1182/1238
f 698/984/1040 697/982/1038 888/1182/1238
f 699/986/1042 698/2002/1040 888/1182/1238
f 700/988/1044 699/986/1042 888/1182/1238
f 701/990/1046 700/988/1044 888/1182/1238
f 702/992/1048 701/990/1046 888/1182/1238
f 703/994/1050 702/992/1048 888/1182/1238
f 704/996/1052 703/994/1050 888/1182/1238
f 705/999/1055 1397/998/1054 1366/1188/1244 1335/1189/1245 1304/1190/1246 1273/1191/1247 1242/1192/1248 704/996/1052 888/1182/1238
f 706/1002/1058 705/999/1055 888/1182/1238
f 707/1004/1060 706/1002/1058 888/1182/1238
f 688/962/1018 707/1004/1060 888/1182/1238
s 17
f 868/1161/1249 869/1160/1250 945/1193/1251 946/2062/1252
f 1696/1972/1253 870/1162/1254 944/2051/1255 1454/1196/1256
f 870/1162/1254 871/1164/1257 943/2030/1258 944/2051/1255
f 871/1164/1257 872/1165/1259 942/2031/1260 943/2030/1258
f 872/1165/1259 873/1166/1261 941/2032/1262 942/2031/1260
f 873/1166/1261 874/1167/1263 940/2033/1264 941/2032/1262
f 874/1167/1263 875/1168/1265 939/2034/1266 940/2033/1264
f 875/1168/1265 876/1169/1267 938/2035/1268 939/2034/1266
f 876/1169/1267 877/1170/1269 937/2036/1270 938/2035/1268
f 877/1170/1269 878/2001/1271 936/2038/1272 937/2036/1270
f 878/1171/1271 879/1172/1273 935/2039/1274 936/2037/1272
f 879/1172/1273 880/1173/1275 934/2040/1276 935/2039/1274
f 880/1173/1275 881/1174/1277 933/2041/1278 934/2040/1276
f 881/1174/1277 882/1175/1279 932/2042/1280 933/2041/1278
f 882/1175/1279 883/1176/1281 931/2043/1282 932/2042/1280
f 883/1176/1281 884/1177/1283 930/1210/1284 931/2043/1282
f 1388/1979/1285 885/1178/1286 949/2059/1287 1387/1212/1288
f 885/1178/1286 886/1180/1289 948/2060/1290 949/2059/1287
f 886/1180/1289 887/1181/1291 947/2061/1292 948/2060/1290
f 887/1181/1291 868/1161/1249 946/2062/1252 947/2061/1292
s 20
f 1641/900/1293 625/903/1294 890/1215/1295 1640/1216/1296
f 625/903/1294 627/896/1297 889/1217/1298 890/1215/1295
f 627/896/1297 612/899/1299 908/1218/1300 889/1217/1298
f 612/899/1299 637/912/1301 907/1219/1302 908/1218/1300
f 637/912/1301 634/915/1303 906/1220/1304 907/1219/1302
f 634/915/1303 1371/921/1305 1372/1221/1306 906/1220/1304
f 643/2301/1307 645/916/1308 904/1222/1309 905/1223/1310
f 645/916/1308 610/919/1311 903/1224/1312 904/1222/1309
f 610/919/1311 657/936/1313 902/1225/1314 903/1224/1312
f 657/936/1313 654/939/1315 901/1226/1316 902/1225/1314
f 654/939/1315 663/945/1317 900/1227/1318 901/1226/1316
f 663/945/1317 665/1998/1319 899/1991/1320 900/1227/1318
f 665/940/1319 652/943/1321 898/1229/1322 899/1228/1320
f 652/943/1321 675/952/1323 897/1230/1324 898/1229/1322
f 675/952/1323 672/955/1325 896/1231/1326 897/1230/1324
f 672/955/1325 680/959/1327 895/1232/1328 896/1231/1326
f 680/959/1327 682/956/1329 894/1233/1330 895/1232/1328
f 682/956/1329 608/894/1331 893/1234/1332 894/1233/1330
f 608/894/1331 618/890/1333 892/1235/1334 893/1234/1332
f 618/890/1333 614/2302/1335 891/2296/1336 892/1235/1334
s 22
f 609/877/1337 687/876/1338 910/2258/1339 909/2275/1340
f 611/881/1341 651/880/1342 912/2268/1343 911/2267/1344
f 613/885/1345 633/884/1346 914/2272/1347 913/2271/1348
f 615/889/1349 623/888/1350 916/2274/1351 915/2242/1352
f 623/888/1350 609/877/1337 909/2275/1340 916/2274/1351
f 629/904/1353 1644/907/1354 1645/1245/1355 917/2273/1356
f 633/884/1346 629/904/1353 917/2273/1356 914/2272/1347
f 635/911/1357 641/910/1358 919/2270/1359 918/2247/1360
f 641/910/1358 613/885/1345 913/2271/1348 919/2270/1359
f 1368/2244/1361 635/911/1357 918/2247/1360 1367/1249/1362
f 651/880/1342 647/927/1363 920/2269/1364 912/2268/1343
f 653/931/1365 671/930/1366 922/2263/1367 921/2262/1368
f 655/935/1369 661/934/1370 924/2266/1371 923/2265/1372
f 661/934/1370 611/881/1341 911/2267/1344 924/2266/1371
f 667/946/1373 655/935/1369 923/2265/1372 925/2264/1374
f 671/930/1366 667/946/1373 925/2264/1374 922/2263/1367
f 673/951/1375 679/950/1376 927/2261/1377 926/2260/1378
f 679/950/1376 653/931/1365 921/2262/1368 927/2261/1377
f 684/960/1379 673/951/1375 926/2260/1378 928/2259/1380
f 687/876/1338 684/960/1379 928/2259/1380 910/2258/1339
s off
f 909/1238/1381 910/1237/1382 929/1259/1383
f 911/1240/1384 912/1239/1385 929/1259/1386
f 913/1242/1387 914/1241/1388 929/1259/1389
f 915/1244/1390 916/1243/1391 929/1259/1392
f 916/1243/1393 909/1238/1394 929/1259/1395
f 917/1246/1396 1645/2230/1397 1639/1260/1398 1633/1261/1399 1627/1262/1400 1621/1263/1401 1615/1264/1402 915/1244/1403 929/1259/1404
f 914/1241/1405 917/1246/1406 929/1259/1407
f 918/1248/1408 919/1247/1409 929/1259/1410
f 919/1247/1411 913/1242/1412 929/1259/1413
f 920/1250/1414 1212/2257/1415 1243/2255/1416 1274/2253/1417 1305/2251/1418 1336/2249/1419 1367/2246/1420 918/1248/1421 929/1259/1422
f 912/1239/1423 920/1250/1424 929/1259/1425
f 921/1252/1426 922/1251/1427 929/1259/1428
f 923/1254/1429 924/1253/1430 929/1259/1431
f 924/1253/1432 911/1240/1433 929/1259/1434
f 925/1255/1435 923/1254/1436 929/1259/1437
f 922/1251/1438 925/1255/1439 929/1259/1440
f 926/1257/1441 927/1256/1442 929/1259/1443
f 927/1256/1444 921/1252/1445 929/1259/1446
f 928/1258/1447 926/1257/1448 929/1259/1449
f 910/1237/1450 928/1258/1451 929/1259/1452
s 17
f 931/1209/1282 930/2058/1284 950/2077/1453 951/1271/1454
f 932/1208/1280 931/1209/1282 951/1271/1454 952/1272/1455
f 933/1207/1278 932/1208/1280 952/1272/1455 953/1273/1456
f 934/1206/1276 933/1207/1278 953/1273/1456 954/1274/1457
f 935/1205/1274 934/1206/1276 954/1274/1457 955/1275/1458
f 936/1997/1272 935/1205/1274 955/1275/1458 956/1996/1459
f 937/1203/1270 936/1204/1272 956/1276/1459 957/1277/1460
f 938/1202/1268 937/1203/1270 957/1277/1460 958/1278/1461
f 939/1201/1266 938/1202/1268 958/1278/1461 959/1279/1462
f 940/1200/1264 939/1201/1266 959/1279/1462 960/1280/1463
f 941/1199/1262 940/1200/1264 960/1280/1463 961/1281/1464
f 942/1198/1260 941/1199/1262 961/1281/1464 962/1282/1465
f 943/1197/1258 942/1198/1260 962/1282/1465 963/1283/1466
f 944/2072/1255 943/1197/1258 963/1283/1466 964/2071/1467
f 946/1194/1252 945/2045/1251 965/2228/1468 966/1286/1469
f 947/1214/1292 946/1194/1252 966/1286/1469 967/1287/1470
f 948/1213/1290 947/1214/1292 967/1287/1470 968/1288/1471
f 949/2119/1287 948/1213/1290 968/1288/1471 969/2125/1472
s 27
f 1386/1290/1473 1150/2118/1474 1152/2117/1475 1385/1293/1476
s 17
f 951/1271/1454 950/2077/1453 970/2076/1477 971/1295/1478
f 952/1272/1455 951/1271/1454 971/1295/1478 972/1296/1479
f 953/1273/1456 952/1272/1455 972/1296/1479 973/1297/1480
f 954/1274/1457 953/1273/1456 973/1297/1480 974/1298/1481
f 955/1275/1458 954/1274/1457 974/1298/1481 975/1299/1482
f 956/1996/1459 955/1275/1458 975/1299/1482 976/1995/1483
f 957/1277/1460 956/1276/1459 976/1300/1483 977/1301/1484
f 958/1278/1461 957/1277/1460 977/1301/1484 978/1302/1485
f 959/1279/1462 958/1278/1461 978/1302/1485 979/1303/1486
f 960/1280/1463 959/1279/1462 979/1303/1486 980/1304/1487
f 961/1281/1464 960/1280/1463 980/1304/1487 981/1305/1488
f 962/1282/1465 961/1281/1464 981/1305/1488 982/1306/1489
f 963/1283/1466 962/1282/1465 982/1306/1489 983/1307/1490
f 964/2071/1467 963/1283/1466 983/1307/1490 984/2070/1491
f 966/1286/1469 965/2228/1468 985/2227/1492 986/1310/1493
f 967/1287/1470 966/1286/1469 986/1310/1493 987/1311/1494
f 968/1288/1471 967/1287/1470 987/1311/1494 988/1312/1495
f 969/2125/1472 968/1288/1471 988/1312/1495 989/2123/1496
s 27
f 1385/1293/1476 1152/2117/1475 1154/2114/1497 1384/1315/1498
s 17
f 971/1295/1478 970/2076/1477 1131/2073/1499 1132/1317/1500
f 972/1296/1479 971/1295/1478 1132/1317/1500 1133/1318/1501
f 973/1297/1480 972/1296/1479 1133/1318/1501 1134/1319/1502
f 974/1298/1481 973/1297/1480 1134/1319/1502 1135/1320/1503
f 975/1299/1482 974/1298/1481 1135/1320/1503 1136/1321/1504
f 976/1995/1483 975/1299/1482 1136/1321/1504 1137/1986/1505
f 977/1301/1484 976/1300/1483 1137/1322/1505 1138/1323/1506
f 978/1302/1485 977/1301/1484 1138/1323/1506 1139/1324/1507
f 979/1303/1486 978/1302/1485 1139/1324/1507 1140/1325/1508
f 980/1304/1487 979/1303/1486 1140/1325/1508 1141/1326/1509
f 981/1305/1488 980/1304/1487 1141/1326/1509 1142/1327/1510
f 982/1306/1489 981/1305/1488 1142/1327/1510 1143/1328/1511
f 983/1307/1490 982/1306/1489 1143/1328/1511 1144/1329/1512
f 984/2070/1491 983/1307/1490 1144/1329/1512 1145/2063/1513
f 986/1310/1493 985/2227/1492 1146/2219/1514 1147/1332/1515
f 987/1311/1494 986/1310/1493 1147/1332/1515 1148/1333/1516
f 988/1312/1495 987/1311/1494 1148/1333/1516 1149/1334/1517
f 989/2123/1496 988/1312/1495 1149/1334/1517 1130/2084/1518
s 28
f 1383/1336/1519 1172/2113/1520 1174/2105/1521 1382/2200/1522
s 17
f 991/1340/1523 990/2308/1524 1010/2312/1525 1011/1343/1526
f 992/1344/1527 991/1340/1523 1011/1343/1526 1012/1345/1528
f 993/1346/1529 992/1344/1527 1012/1345/1528 1013/1347/1530
f 994/1348/1531 993/1346/1529 1013/1347/1530 1014/1349/1532
f 995/1350/1533 994/1348/1531 1014/1349/1532 1015/1351/1534
f 996/1987/1535 995/1350/1533 1015/1351/1534 1016/1994/1536
f 997/1354/1537 996/1352/1535 1016/1353/1536 1017/1355/1538
f 998/1356/1539 997/1354/1537 1017/1355/1538 1018/1357/1540
f 999/1358/1541 998/1356/1539 1018/1357/1540 1019/1359/1542
f 1000/1360/1543 999/1358/1541 1019/1359/1542 1020/1361/1544
f 1001/1362/1545 1000/1360/1543 1020/1361/1544 1021/1363/1546
f 1002/1364/1547 1001/1362/1545 1021/1363/1546 1022/1365/1548
f 1003/1366/1549 1002/1364/1547 1022/1365/1548 1023/1367/1550
f 1004/2064/1551 1003/1366/1549 1023/1367/1550 1024/2069/1552
f 1006/1370/1553 1005/2220/1554 1025/2226/1555 1026/1373/1556
f 1007/1374/1557 1006/1370/1553 1026/1373/1556 1027/1375/1558
f 1008/1376/1559 1007/1374/1557 1027/1375/1558 1028/1377/1560
f 1009/2101/1561 1008/1376/1559 1028/1377/1560 1029/2104/1562
s 28
f 1381/2206/1563 1176/1381/1564 1178/2112/1565 1380/2207/1566
s 17
f 1011/1343/1526 1010/2312/1525 1030/2311/1567 1031/1385/1568
f 1012/1345/1528 1011/1343/1526 1031/1385/1568 1032/1386/1569
f 1013/1347/1530 1012/1345/1528 1032/1386/1569 1033/1387/1570
f 1014/1349/1532 1013/1347/1530 1033/1387/1570 1034/1388/1571
f 1015/1351/1534 1014/1349/1532 1034/1388/1571 1035/1389/1572
f 1016/1994/1536 1015/1351/1534 1035/1389/1572 1036/1993/1573
f 1017/1355/1538 1016/1353/1536 1036/1390/1573 1037/1391/1574
f 1018/1357/1540 1017/1355/1538 1037/1391/1574 1038/1392/1575
f 1019/1359/1542 1018/1357/1540 1038/1392/1575 1039/1393/1576
f 1020/1361/1544 1019/1359/1542 1039/1393/1576 1040/1394/1577
f 1021/1363/1546 1020/1361/1544 1040/1394/1577 1041/1395/1578
f 1022/1365/1548 1021/1363/1546 1041/1395/1578 1042/1396/1579
f 1023/1367/1550 1022/1365/1548 1042/1396/1579 1043/1397/1580
f 1024/2069/1552 1023/1367/1550 1043/1397/1580 1044/2068/1581
f 1026/1373/1556 1025/2226/1555 1045/2225/1582 1046/1400/1583
f 1027/1375/1558 1026/1373/1556 1046/1400/1583 1047/1401/1584
f 1028/1377/1560 1027/1375/1558 1047/1401/1584 1048/1402/1585
f 1029/2104/1562 1028/1377/1560 1048/1402/1585 1049/2103/1586
s 28
f 1380/2207/1566 1178/2112/1565 1180/2111/1587 1379/2208/1588
s 17
f 1031/1385/1568 1030/2311/1567 1050/2309/1589 1051/1407/1590
f 1032/1386/1569 1031/1385/1568 1051/1407/1590 1052/1408/1591
f 1033/1387/1570 1032/1386/1569 1052/1408/1591 1053/1409/1592
f 1034/1388/1571 1033/1387/1570 1053/1409/1592 1054/1410/1593
f 1035/1389/1572 1034/1388/1571 1054/1410/1593 1055/1411/1594
f 1036/1993/1573 1035/1389/1572 1055/1411/1594 1056/1992/1595
f 1037/1391/1574 1036/1390/1573 1056/1412/1595 1057/1413/1596
f 1038/1392/1575 1037/1391/1574 1057/1413/1596 1058/1414/1597
f 1039/1393/1576 1038/1392/1575 1058/1414/1598 1059/1415/1599
f 1040/1394/1577 1039/1393/1576 1059/1415/1599 1060/1416/1600
f 1041/1395/1578 1040/1394/1577 1060/1416/1600 1061/1417/1601
f 1042/1396/1579 1041/1395/1578 1061/1417/1601 1062/1418/1602
f 1043/1397/1580 1042/1396/1579 1062/1418/1602 1063/1419/1603
f 1044/2068/1581 1043/1397/1580 1063/1419/1603 1064/2067/1604
f 1046/1400/1583 1045/2225/1582 1065/2224/1605 1066/1422/1606
f 1047/1401/1584 1046/1400/1583 1066/1422/1606 1067/1423/1607
f 1048/1402/1585 1047/1401/1584 1067/1423/1607 1068/1424/1608
f 1049/2103/1586 1048/1402/1585 1068/1424/1608 1069/2102/1609
s 28
f 1379/2208/1588 1180/2111/1587 1182/2110/1610 1378/2204/1611
s 17
f 1051/1407/1590 1050/2309/1589 1110/2310/1612 1111/1429/1613
f 1052/1408/1591 1051/1407/1590 1111/1429/1613 1112/1430/1614
f 1053/1409/1592 1052/1408/1591 1112/1430/1614 1113/1431/1615
f 1054/1410/1593 1053/1409/1592 1113/1431/1615 1114/1432/1616
f 1055/1411/1594 1054/1410/1593 1114/1432/1616 1115/1433/1617
f 1056/1992/1595 1055/1411/1594 1115/1433/1617 1116/1988/1618
f 1057/1413/1596 1056/1412/1595 1116/1434/1618 1117/1435/1619
f 1058/1414/1597 1057/1413/1596 1117/1435/1619 1118/1436/1620
f 1059/1415/1599 1058/1414/1598 1118/1436/1621 1119/1437/1622
f 1060/1416/1600 1059/1415/1599 1119/1437/1622 1120/1438/1623
f 1061/1417/1601 1060/1416/1600 1120/1438/1623 1121/1439/1624
f 1062/1418/1602 1061/1417/1601 1121/1439/1624 1122/1440/1625
f 1063/1419/1603 1062/1418/1602 1122/1440/1625 1123/1441/1626
f 1064/2067/1604 1063/1419/1603 1123/1441/1626 1124/2065/1627
f 1066/1422/1606 1065/2224/1605 1125/2221/1628 1126/1444/1629
f 1067/1423/1607 1066/1422/1606 1126/1444/1629 1127/1445/1630
f 1068/1424/1608 1067/1423/1607 1127/1445/1630 1128/1446/1631
f 1069/2102/1609 1068/1424/1608 1128/1446/1631 1129/2121/1632
s 28
f 1378/2204/1611 1182/2110/1610 1184/2107/1633 1377/1449/1634
s 17
f 1071/1450/1635 1070/2075/1636 905/1223/1637 904/1222/1638
f 1072/1452/1639 1071/1450/1635 904/1222/1638 903/1224/1640
f 1073/1453/1641 1072/1452/1639 903/1224/1640 902/1225/1642
f 1074/1454/1643 1073/1453/1641 902/1225/1642 901/1226/1644
f 1075/1455/1645 1074/1454/1643 901/1226/1644 900/1227/1646
f 1076/1990/1647 1075/1455/1645 900/1227/1646 899/1991/1648
f 1077/1457/1649 1076/1456/1647 899/1228/1648 898/1229/1650
f 1078/1458/1651 1077/1457/1649 898/1229/1650 897/1230/1652
f 1079/1459/1653 1078/1458/1651 897/1230/1652 896/1231/1654
f 1080/1460/1655 1079/1459/1653 896/1231/1654 895/1232/1656
f 1081/1461/1657 1080/1460/1655 895/1232/1656 894/1233/1658
f 1082/1462/1659 1081/1461/1657 894/1233/1658 893/1234/1660
f 1083/1463/1661 1082/1462/1659 893/1234/1660 892/1235/1662
f 1084/2295/1663 1083/1463/1661 892/1235/1662 891/2296/1664
f 1085/2218/1665 1506/1466/1666 1640/1216/1667 890/1215/1668
f 1086/1467/1669 1085/2218/1665 890/1215/1668 889/1217/1670
f 1087/1468/1671 1086/1467/1669 889/1217/1670 908/1218/1672
f 1088/1469/1673 1087/1468/1671 908/1218/1672 907/1219/1674
f 1089/2132/1675 1088/1469/1673 907/1219/1674 906/1220/1676
f 1373/2126/1677 1089/2132/1675 906/1220/1676 1372/1221/1678
f 1091/1472/1679 1090/2074/1680 1070/2075/1636 1071/1450/1635
f 1092/1474/1681 1091/1472/1679 1071/1450/1635 1072/1452/1639
f 1093/1475/1682 1092/1474/1681 1072/1452/1639 1073/1453/1641
f 1094/1476/1683 1093/1475/1682 1073/1453/1641 1074/1454/1643
f 1095/1477/1684 1094/1476/1683 1074/1454/1643 1075/1455/1645
f 1096/1989/1685 1095/1477/1684 1075/1455/1645 1076/1990/1647
f 1097/1479/1686 1096/1478/1685 1076/1456/1647 1077/1457/1649
f 1098/1480/1687 1097/1479/1686 1077/1457/1649 1078/1458/1651
f 1099/1481/1688 1098/1480/1689 1078/1458/1651 1079/1459/1653
f 1100/1482/1690 1099/1481/1688 1079/1459/1653 1080/1460/1655
f 1101/1483/1691 1100/1482/1690 1080/1460/1655 1081/1461/1657
f 1102/1484/1692 1101/1483/1691 1081/1461/1657 1082/1462/1659
f 1103/1485/1693 1102/1484/1692 1082/1462/1659 1083/1463/1661
f 1104/2066/1694 1103/1485/1693 1083/1463/1661 1084/2295/1663
f 1106/1487/1695 1105/2222/1696 1085/2218/1665 1086/1467/1669
f 1107/1489/1697 1106/1487/1695 1086/1467/1669 1087/1468/1671
f 1108/1490/1698 1107/1489/1697 1087/1468/1671 1088/1469/1673
f 1109/2122/1699 1108/1490/1698 1088/1469/1673 1089/2132/1675
s 31
f 1375/1492/1700 1168/1493/1701 1170/1494/1702 1374/1495/1703
s 17
f 1111/1429/1613 1110/2310/1612 1090/2074/1680 1091/1472/1679
f 1112/1430/1614 1111/1429/1613 1091/1472/1679 1092/1474/1681
f 1113/1431/1615 1112/1430/1614 1092/1474/1681 1093/1475/1682
f 1114/1432/1616 1113/1431/1615 1093/1475/1682 1094/1476/1683
f 1115/1433/1617 1114/1432/1616 1094/1476/1683 1095/1477/1684
f 1116/1988/1618 1115/1433/1617 1095/1477/1684 1096/1989/1685
f 1117/1435/1619 1116/1434/1618 1096/1478/1685 1097/1479/1686
f 1118/1436/1620 1117/1435/1619 1097/1479/1686 1098/1480/1687
f 1119/1437/1622 1118/1436/1621 1098/1480/1689 1099/1481/1688
f 1120/1438/1623 1119/1437/1622 1099/1481/1688 1100/1482/1690
f 1121/1439/1624 1120/1438/1623 1100/1482/1690 1101/1483/1691
f 1122/1440/1625 1121/1439/1624 1101/1483/1691 1102/1484/1692
f 1123/1441/1626 1122/1440/1625 1102/1484/1692 1103/1485/1693
f 1124/2065/1627 1123/1441/1626 1103/1485/1693 1104/2066/1694
f 1126/1444/1629 1125/2221/1628 1105/2222/1696 1106/1487/1695
f 1127/1445/1630 1126/1444/1629 1106/1487/1695 1107/1489/1697
f 1128/1446/1631 1127/1445/1630 1107/1489/1697 1108/1490/1698
f 1129/2121/1632 1128/1446/1631 1108/1490/1698 1109/2122/1699
s 28
f 1377/1449/1634 1184/2107/1633 1186/1496/1704 1376/1497/1705
f 1382/2200/1522 1174/2105/1521 1176/1381/1564 1381/2206/1563
s 17
f 1132/1317/1500 1131/2073/1499 990/2308/1524 991/1340/1523
f 1133/1318/1501 1132/1317/1500 991/1340/1523 992/1344/1527
f 1134/1319/1502 1133/1318/1501 992/1344/1527 993/1346/1529
f 1135/1320/1503 1134/1319/1502 993/1346/1529 994/1348/1531
f 1136/1321/1504 1135/1320/1503 994/1348/1531 995/1350/1533
f 1137/1986/1505 1136/1321/1504 995/1350/1533 996/1987/1535
f 1138/1323/1506 1137/1322/1505 996/1352/1535 997/1354/1537
f 1139/1324/1507 1138/1323/1506 997/1354/1537 998/1356/1539
f 1140/1325/1508 1139/1324/1507 998/1356/1539 999/1358/1541
f 1141/1326/1509 1140/1325/1508 999/1358/1541 1000/1360/1543
f 1142/1327/1510 1141/1326/1509 1000/1360/1543 1001/1362/1545
f 1143/1328/1511 1142/1327/1510 1001/1362/1545 1002/1364/1547
f 1144/1329/1512 1143/1328/1511 1002/1364/1547 1003/1366/1549
f 1145/2063/1513 1144/1329/1512 1003/1366/1549 1004/2064/1551
f 1147/1332/1515 1146/2219/1514 1005/2220/1554 1006/1370/1553
f 1148/1333/1516 1147/1332/1515 1006/1370/1553 1007/1374/1557
f 1149/1334/1517 1148/1333/1516 1007/1374/1557 1008/1376/1559
f 1130/2084/1518 1149/1334/1517 1008/1376/1559 1009/2101/1561
s 32
f 1387/2052/1706 949/2120/1707 1150/2118/1708 1386/1290/1709
s off
f 949/1211/1710 969/1289/1711 1152/1292/1712 1150/1291/1713
s 17
f 950/1270/1453 930/2078/1284 1151/2146/1714 1153/2145/1715
s off
f 969/1289/1716 989/1313/1717 1154/1314/1718 1152/1292/1719
s 17
f 970/1294/1477 950/1270/1453 1153/2145/1720 1155/2142/1721
s off
f 989/1313/1722 1130/2124/1723 1156/2094/1724 1154/1314/1725
s 17
f 1131/2155/1499 970/1294/1477 1155/2142/1726 1157/2148/1727
s off
f 1200/1503/1728 1201/2093/1729 1202/1505/1730 1203/2082/1731
f 1189/1507/1732 1188/2160/1733 1190/1509/1734 1191/2167/1735
f 1201/2093/1736 1204/2091/1737 1205/1512/1738 1202/1505/1739
f 1192/1513/1740 1189/1507/1741 1191/2167/1742 1193/2165/1743
f 1204/2091/1744 1206/2089/1745 1207/1516/1746 1205/1512/1747
f 1194/1517/1748 1192/1513/1749 1193/2165/1750 1195/2163/1751
f 1206/2089/1752 1208/2088/1753 1209/2087/1754 1207/1516/1755
f 1196/1521/1756 1194/1517/1757 1195/2163/1758 1197/2162/1759
f 1109/1491/1760 1089/2116/1761 1170/2115/1762 1168/2109/1763
s 33
f 1089/1470/1764 1373/1471/1765 1374/1495/1766 1170/1494/1767
s off
f 1070/2144/1768 1090/1473/1769 1169/2137/1770 1171/2143/1771
f 1129/2098/1772 1109/1491/1773 1168/2109/1774 1166/2097/1775
f 1090/1473/1776 1110/2152/1777 1167/2151/1778 1169/2137/1779
f 1210/1527/1780 1200/1503/1781 1203/2082/1782 1211/2081/1783
f 1188/2160/1784 1198/2159/1785 1199/2156/1786 1190/1509/1787
s 34
f 1384/1315/1788 1154/2114/1789 1172/2113/1790 1383/1336/1791
s off
f 1154/1314/1792 1156/2094/1793 1174/1338/1794 1172/1337/1795
f 1157/2148/1796 1155/2142/1797 1173/2141/1798 1175/2133/1799
f 1158/2095/1800 1160/2100/1801 1178/1382/1802 1176/2106/1803
f 1161/2154/1804 1159/2149/1805 1177/2134/1806 1179/2140/1807
f 1160/2100/1808 1162/2099/1809 1180/1404/1810 1178/1382/1811
f 1163/2153/1812 1161/2154/1813 1179/2140/1814 1181/2139/1815
f 1162/2099/1816 1164/2096/1817 1182/1426/1818 1180/1404/1819
f 1165/2150/1820 1163/2153/1821 1181/2139/1822 1183/2138/1823
f 1164/2096/1824 1166/2097/1825 1184/1448/1826 1182/1426/1827
f 1167/2151/1828 1165/2150/1829 1183/2138/1830 1185/2135/1831
f 1166/2097/1832 1168/2109/1833 1186/2108/1834 1184/1448/1835
s 35
f 1168/1493/1836 1375/1492/1837 1376/1497/1838 1186/1496/1839
s off
f 1169/2137/1840 1167/2151/1841 1185/2135/1842 1187/2136/1843
f 1156/2094/1844 1158/2095/1845 1176/2106/1846 1174/1338/1847
f 1159/2149/1848 1157/2148/1849 1175/2133/1850 1177/2134/1851
f 1010/1342/1852 990/1341/1853 1188/1508/1854 1189/2168/1855
f 1159/1536/1856 1161/1535/1857 1191/1510/1858 1190/2157/1859
f 1030/1384/1860 1010/1342/1861 1189/2168/1862 1192/2166/1863
f 1161/1535/1864 1163/1540/1865 1193/1514/1866 1191/1510/1867
f 1050/1406/1868 1030/1384/1869 1192/2166/1870 1194/2164/1871
f 1163/1540/1872 1165/1543/1873 1195/1518/1874 1193/1514/1875
f 1110/1428/1876 1050/1406/1877 1194/2164/1878 1196/2161/1879
f 1165/1543/1880 1167/1526/1881 1197/1522/1882 1195/1518/1883
f 1167/1526/1884 1110/1428/1885 1196/2161/1886 1197/1522/1887
f 990/1341/1888 1131/2307/1889 1198/2158/1890 1188/1508/1891
f 1131/1316/1892 1157/1502/1893 1199/1530/1894 1198/1529/1895
f 1157/1502/1896 1159/1536/1897 1190/2157/1898 1199/1530/1899
f 1009/1378/1900 1029/1379/1901 1201/1504/1902 1200/2083/1903
f 1160/1534/1904 1158/1533/1905 1203/1506/1906 1202/2092/1907
f 1029/1379/1908 1049/1403/1909 1204/1511/1910 1201/1504/1911
f 1162/1539/1912 1160/1534/1913 1202/2092/1914 1205/2090/1915
f 1049/1403/1916 1069/1425/1917 1206/1515/1918 1204/1511/1919
f 1164/1542/1920 1162/1539/1921 1205/2090/1922 1207/2086/1923
f 1069/1425/1924 1129/1447/1925 1208/1519/1926 1206/1515/1927
f 1129/1447/1928 1166/1525/1929 1209/1520/1930 1208/1519/1931
f 1166/1525/1932 1164/1542/1933 1207/2086/1934 1209/1520/1935
f 1130/1335/1936 1009/1378/1937 1200/2083/1938 1210/2079/1939
f 1158/1533/1940 1156/1501/1941 1211/1528/1942 1203/1506/1943
f 1156/1501/1944 1130/2085/1945 1210/2080/1946 1211/1528/1947
s 22
f 647/927/1363 1213/2256/1948 1212/1265/1949 920/2269/1364
s 1
f 647/2288/983 648/926/982 1214/1548/1950 1213/1547/1951
f 1215/1549/1952 1214/1548/1950 648/926/982 644/923/979
f 1216/1550/1953 1215/1549/1952 644/923/979 643/922/978
s 20
f 1217/1551/1954 1216/1550/1955 643/922/1307 905/2298/1310
s 17
f 1070/2297/1636 1218/2131/1956 1217/1551/1957 905/2298/1637
s 33
f 1219/1553/1958 1218/1552/1959 1070/1451/1960 1171/1524/1961
s 31
f 1169/1523/1962 1220/1554/1963 1219/1553/1964 1171/1524/1965
s 35
f 1221/1555/1966 1220/1554/1967 1169/1523/1968 1187/1546/1969
s 28
f 1185/1545/1970 1222/1556/1971 1221/1555/1972 1187/1546/1973
f 1183/1544/1974 1223/2173/1975 1222/1556/1971 1185/1545/1970
f 1181/1541/1976 1224/2182/1977 1223/2173/1975 1183/1544/1974
f 1179/1538/1978 1225/2181/1979 1224/2182/1977 1181/1541/1976
f 1177/1537/1980 1226/2180/1981 1225/2181/1979 1179/1538/1978
f 1175/1532/1982 1227/2169/1983 1226/2180/1981 1177/1537/1980
f 1173/1531/1984 1228/1562/1985 1227/2169/1983 1175/1532/1982
s 34
f 1155/1500/1986 1229/1563/1987 1228/1562/1988 1173/1531/1989
s 27
f 1153/1499/1990 1230/1564/1991 1229/1563/1992 1155/1500/1993
f 1151/1498/1994 1231/1565/1995 1230/1564/1991 1153/1499/1990
s 32
f 930/2147/1996 1232/2057/1997 1231/1565/1998 1151/1498/1999
s 17
f 884/1177/1283 1233/1985/2000 1232/1566/2001 930/1210/1284
s 14
f 864/1155/1211 1234/1568/2002 1233/1567/2003 884/2014/1233
f 844/1133/1189 1235/1569/2004 1234/1568/2002 864/1155/1211
f 824/1111/1167 1236/1570/2005 1235/1569/2004 844/1133/1189
f 804/1089/1145 1237/1571/2006 1236/1570/2005 824/1111/1167
f 784/1067/1123 1238/1572/2007 1237/1571/2006 804/1089/1145
f 764/1045/1101 1239/1573/2008 1238/1572/2007 784/1067/1123
f 744/1023/1079 1240/1574/2009 1239/1573/2008 764/1045/1101
f 724/997/1053 1241/1575/2010 1240/1574/2009 744/1023/1079
f 704/996/1052 1242/1192/1248 1241/1575/2010 724/997/1053
s 22
f 1213/2256/1948 1244/2254/2011 1243/1266/2012 1212/1265/1949
s 1
f 1213/1547/1951 1214/1548/1950 1245/1577/2013 1244/1576/2014
f 1246/1578/2015 1245/1577/2013 1214/1548/1950 1215/1549/1952
f 1247/1579/2016 1246/1578/2015 1215/1549/1952 1216/1550/1953
s 20
f 1248/1580/2017 1247/1579/2018 1216/1550/1955 1217/1551/1954
s 17
f 1218/2131/1956 1249/2130/2019 1248/1580/2020 1217/1551/1957
s 33
f 1250/1582/2021 1249/1581/2022 1218/1552/1959 1219/1553/1958
s 31
f 1220/1554/1963 1251/1583/2023 1250/1582/2024 1219/1553/1964
s 35
f 1252/1584/2025 1251/1583/2026 1220/1554/1967 1221/1555/1966
s 28
f 1222/1556/1971 1253/1585/2027 1252/1584/2028 1221/1555/1972
f 1223/2173/1975 1254/2175/2029 1253/1585/2027 1222/1556/1971
s 43
f 1399/1587/2030 1398/1588/2031 1400/1589/2032 1401/1590/2033
f 1403/1591/2034 1402/1592/2035 1398/1588/2031 1399/1587/2030
f 1405/1593/2036 1404/1594/2037 1402/1592/2035 1403/1591/2034
f 1407/1595/2038 1406/1596/2039 1404/1594/2037 1405/1593/2036
s 28
f 1228/1562/1985 1259/1597/2040 1258/2171/2041 1227/2169/1983
s 34
f 1229/1563/1987 1260/1599/2042 1259/1597/2043 1228/1562/1988
s 27
f 1230/1564/1991 1261/1600/2044 1260/1599/2045 1229/1563/1992
f 1231/1565/1995 1262/1601/2046 1261/1600/2044 1230/1564/1991
s 32
f 1232/2057/1997 1263/2056/2047 1262/1601/2048 1231/1565/1998
s 17
f 1233/1985/2000 1264/1984/2049 1263/1602/2050 1232/1566/2001
s 14
f 1234/1568/2002 1265/1604/2051 1264/1603/2052 1233/1567/2003
f 1235/1569/2004 1266/1605/2053 1265/1604/2051 1234/1568/2002
f 1236/1570/2005 1267/1606/2054 1266/1605/2053 1235/1569/2004
f 1237/1571/2006 1268/1607/2055 1267/1606/2054 1236/1570/2005
f 1238/1572/2007 1269/1608/2056 1268/1607/2055 1237/1571/2006
f 1239/1573/2008 1270/1609/2057 1269/1608/2056 1238/1572/2007
f 1240/1574/2009 1271/1610/2058 1270/1609/2057 1239/1573/2008
f 1241/1575/2010 1272/1611/2059 1271/1610/2058 1240/1574/2009
f 1242/1192/1248 1273/1191/1247 1272/1611/2059 1241/1575/2010
s 22
f 1244/2254/2011 1275/2252/2060 1274/1267/2061 1243/1266/2012
s 1
f 1244/1576/2014 1245/1577/2013 1276/1613/2062 1275/1612/2063
f 1277/1614/2064 1276/1613/2062 1245/1577/2013 1246/1578/2015
f 1278/1615/2065 1277/1614/2064 1246/1578/2015 1247/1579/2016
s 20
f 1279/1616/2066 1278/1615/2067 1247/1579/2018 1248/1580/2017
s 17
f 1249/2130/2019 1280/2129/2068 1279/1616/2069 1248/1580/2020
s 33
f 1281/1618/2070 1280/1617/2071 1249/1581/2022 1250/1582/2021
s 31
f 1251/1583/2023 1282/1619/2072 1281/1618/2073 1250/1582/2024
s 35
f 1283/1620/2074 1282/1619/2075 1251/1583/2026 1252/1584/2025
s 28
f 1253/1585/2027 1284/1621/2076 1283/1620/2077 1252/1584/2028
f 1254/2175/2029 1285/2187/2078 1284/1621/2076 1253/1585/2027
f 1255/2179/2079 1286/2196/2080 1285/2187/2078 1254/2175/2029
f 1256/2178/2081 1287/2195/2082 1286/2196/2080 1255/2179/2079
f 1257/2177/2083 1288/2194/2084 1287/2195/2082 1256/2178/2081
f 1258/2171/2041 1289/2183/2085 1288/2194/2084 1257/2177/2083
f 1259/1597/2040 1290/1630/2086 1289/2183/2085 1258/2171/2041
s 34
f 1260/1599/2042 1291/1631/2087 1290/1630/2088 1259/1597/2043
s 27
f 1261/1600/2044 1292/1632/2089 1291/1631/2090 1260/1599/2045
f 1262/1601/2046 1293/1633/2091 1292/1632/2089 1261/1600/2044
s 32
f 1263/2056/2047 1294/2055/2092 1293/1633/2093 1262/1601/2048
s 17
f 1264/1984/2049 1295/1983/2094 1294/1634/2095 1263/1602/2050
s 14
f 1265/1604/2051 1296/1636/2096 1295/1635/2097 1264/1603/2052
f 1266/1605/2053 1297/1637/2098 1296/1636/2096 1265/1604/2051
f 1267/1606/2054 1298/1638/2099 1297/1637/2098 1266/1605/2053
f 1268/1607/2055 1299/1639/2100 1298/1638/2099 1267/1606/2054
f 1269/1608/2056 1300/1640/2101 1299/1639/2100 1268/1607/2055
f 1270/1609/2057 1301/1641/2102 1300/1640/2101 1269/1608/2056
f 1271/1610/2058 1302/1642/2103 1301/1641/2102 1270/1609/2057
f 1272/1611/2059 1303/1643/2104 1302/1642/2103 1271/1610/2058
f 1273/1191/1247 1304/1190/1246 1303/1643/2104 1272/1611/2059
s 22
f 1275/2252/2060 1306/2250/2105 1305/1268/2106 1274/1267/2061
s 1
f 1275/1612/2063 1276/1613/2062 1307/1645/2107 1306/1644/2108
f 1308/1646/2109 1307/1645/2107 1276/1613/2062 1277/1614/2064
f 1309/1647/2110 1308/1646/2109 1277/1614/2064 1278/1615/2065
s 20
f 1310/1648/2111 1309/1647/2112 1278/1615/2067 1279/1616/2066
s 17
f 1280/2129/2068 1311/2128/2113 1310/1648/2114 1279/1616/2069
s 33
f 1312/1650/2115 1311/1649/2116 1280/1617/2071 1281/1618/2070
s 31
f 1282/1619/2072 1313/1651/2117 1312/1650/2118 1281/1618/2073
s 35
f 1314/1652/2119 1313/1651/2120 1282/1619/2075 1283/1620/2074
s 28
f 1284/1621/2076 1315/1653/2121 1314/1652/2122 1283/1620/2077
f 1285/2187/2078 1316/2189/2123 1315/1653/2121 1284/1621/2076
s 44
f 1409/1655/2124 1408/1656/2125 1410/1657/2126 1411/1658/2127
f 1413/1659/2128 1412/1660/2129 1408/1656/2125 1409/1655/2124
f 1415/1661/2130 1414/1662/2131 1412/1660/2129 1413/1659/2128
f 1417/1663/2132 1416/1664/2133 1414/1662/2131 1415/1661/2130
s 28
f 1290/1630/2086 1321/1665/2134 1320/2185/2135 1289/2183/2085
s 34
f 1291/1631/2087 1322/1667/2136 1321/1665/2137 1290/1630/2088
s 27
f 1292/1632/2089 1323/1668/2138 1322/1667/2139 1291/1631/2090
f 1293/1633/2091 1324/1669/2140 1323/1668/2138 1292/1632/2089
s 32
f 1294/2055/2092 1325/2054/2141 1324/1669/2142 1293/1633/2093
s 17
f 1295/1983/2094 1326/1982/2143 1325/1670/2144 1294/1634/2095
s 14
f 1296/1636/2096 1327/1672/2145 1326/1671/2146 1295/1635/2097
f 1297/1637/2098 1328/1673/2147 1327/1672/2145 1296/1636/2096
f 1298/1638/2099 1329/1674/2148 1328/1673/2147 1297/1637/2098
f 1299/1639/2100 1330/1675/2149 1329/1674/2148 1298/1638/2099
f 1300/1640/2101 1331/1676/2150 1330/1675/2149 1299/1639/2100
f 1301/1641/2102 1332/1677/2151 1331/1676/2150 1300/1640/2101
f 1302/1642/2103 1333/1678/2152 1332/1677/2151 1301/1641/2102
f 1303/1643/2104 1334/1679/2153 1333/1678/2152 1302/1642/2103
f 1304/1190/1246 1335/1189/1245 1334/1679/2153 1303/1643/2104
s 22
f 1306/2250/2105 1337/2248/2154 1336/1269/2155 1305/1268/2106
s 1
f 1306/1644/2108 1307/1645/2107 1338/1681/2156 1337/1680/2157
f 1339/1682/2158 1338/1681/2156 1307/1645/2107 1308/1646/2109
f 1340/1683/2159 1339/1682/2158 1308/1646/2109 1309/1647/2110
s 20
f 1341/1684/2160 1340/1683/2161 1309/1647/2112 1310/1648/2111
s 17
f 1311/2128/2113 1342/2127/2162 1341/1684/2163 1310/1648/2114
s 33
f 1343/1686/2164 1342/1685/2165 1311/1649/2116 1312/1650/2115
s 31
f 1313/1651/2117 1344/1687/2166 1343/1686/2167 1312/1650/2118
s 35
f 1345/1688/2168 1344/1687/2169 1313/1651/2120 1314/1652/2119
s 28
f 1315/1653/2121 1346/1689/2170 1345/1688/2171 1314/1652/2122
f 1316/2189/2123 1347/2202/2172 1346/1689/2170 1315/1653/2121
f 1317/2193/2173 1348/2211/2174 1347/2202/2172 1316/2189/2123
f 1318/2192/2175 1349/2210/2176 1348/2211/2174 1317/2193/2173
f 1319/2191/2177 1350/2209/2178 1349/2210/2176 1318/2192/2175
f 1320/2185/2135 1351/2198/2179 1350/2209/2178 1319/2191/2177
f 1321/1665/2134 1352/1698/2180 1351/2198/2179 1320/2185/2135
s 34
f 1322/1667/2136 1353/1699/2181 1352/1698/2182 1321/1665/2137
s 27
f 1323/1668/2138 1354/1700/2183 1353/1699/2184 1322/1667/2139
f 1324/1669/2140 1355/1701/2185 1354/1700/2183 1323/1668/2138
s 32
f 1325/2054/2141 1356/2053/2186 1355/1701/2187 1324/1669/2142
s 17
f 1326/1982/2143 1357/1981/2188 1356/1702/2189 1325/1670/2144
s 14
f 1327/1672/2145 1358/1704/2190 1357/1703/2191 1326/1671/2146
f 1328/1673/2147 1359/1705/2192 1358/1704/2190 1327/1672/2145
f 1329/1674/2148 1360/1706/2193 1359/1705/2192 1328/1673/2147
f 1330/1675/2149 1361/1707/2194 1360/1706/2193 1329/1674/2148
f 1331/1676/2150 1362/1708/2195 1361/1707/2194 1330/1675/2149
f 1332/1677/2151 1363/1709/2196 1362/1708/2195 1331/1676/2150
f 1333/1678/2152 1364/1710/2197 1363/1709/2196 1332/1677/2151
f 1334/1679/2153 1365/1711/2198 1364/1710/2197 1333/1678/2152
f 1335/1189/1245 1366/1188/1244 1365/1711/2198 1334/1679/2153
s 22
f 1337/2248/2154 1368/2244/1361 1367/1249/1362 1336/1269/2155
s 1
f 1337/1680/2157 1338/1681/2156 1369/925/981 1368/924/980
f 1370/920/976 1369/925/981 1338/1681/2156 1339/1682/2158
f 1371/921/977 1370/920/976 1339/1682/2158 1340/1683/2159
s 20
f 1372/1221/1306 1371/921/1305 1340/1683/2161 1341/1684/2160
s 17
f 1342/2127/2162 1373/2126/1677 1372/1221/1678 1341/1684/2163
s 33
f 1374/1495/1766 1373/1471/1765 1342/1685/2165 1343/1686/2164
s 31
f 1344/1687/2166 1375/1492/1700 1374/1495/1703 1343/1686/2167
s 35
f 1376/1497/1838 1375/1492/1837 1344/1687/2169 1345/1688/2168
s 28
f 1346/1689/2170 1377/1449/1634 1376/1497/1705 1345/1688/2171
f 1347/2202/2172 1378/2204/1611 1377/1449/1634 1346/1689/2170
s 45
f 1419/1712/2199 1418/1713/2200 1420/1714/2201 1421/1715/2202
f 1423/1716/2203 1422/1717/2204 1418/1713/2200 1419/1712/2199
f 1425/1718/2205 1424/1719/2206 1422/1717/2204 1423/1716/2203
f 1427/1720/2207 1426/1721/2208 1424/1719/2206 1425/1718/2205
s 28
f 1352/1698/2180 1383/1336/1519 1382/2200/1522 1351/2198/2179
s 34
f 1353/1699/2181 1384/1315/1788 1383/1336/1791 1352/1698/2182
s 27
f 1354/1700/2183 1385/1293/1476 1384/1315/1498 1353/1699/2184
f 1355/1701/2185 1386/1290/1473 1385/1293/1476 1354/1700/2183
s 32
f 1356/2053/2186 1387/2052/1706 1386/1290/1709 1355/1701/2187
s 17
f 1357/1981/2188 1388/1979/1285 1387/1212/1288 1356/1702/2189
s 14
f 1358/1704/2190 1389/1157/1213 1388/1179/1235 1357/1703/2191
f 1359/1705/2192 1390/1135/1191 1389/1157/1213 1358/1704/2190
f 1360/1706/2193 1391/1113/1169 1390/1135/1191 1359/1705/2192
f 1361/1707/2194 1392/1091/1147 1391/1113/1169 1360/1706/2193
f 1362/1708/2195 1393/1069/1125 1392/1091/1147 1361/1707/2194
f 1363/1709/2196 1394/1047/1103 1393/1069/1125 1362/1708/2195
f 1364/1710/2197 1395/1025/1081 1394/1047/1103 1363/1709/2196
f 1365/1711/2198 1396/1001/1057 1395/1025/1081 1364/1710/2197
f 1366/1188/1244 1397/998/1054 1396/1001/1057 1365/1711/2198
s off
f 1255/1623/2209 1254/2176/2210 1400/1589/2211 1398/1588/2212
f 1254/1586/2213 1223/2174/2214 1401/1590/2215 1400/1589/2216
f 1223/1557/2217 1224/1558/2218 1399/1587/2219 1401/1590/2220
f 1256/1625/2221 1255/1623/2222 1398/1588/2223 1402/1592/2224
f 1224/1558/2225 1225/1559/2226 1403/1591/2227 1399/1587/2228
f 1257/1627/2229 1256/1625/2230 1402/1592/2231 1404/1594/2232
f 1225/1559/2233 1226/1560/2234 1405/1593/2235 1403/1591/2236
f 1227/1561/2237 1258/2172/2238 1406/1596/2239 1407/1595/2240
f 1258/1598/2241 1257/1627/2242 1404/1594/2243 1406/1596/2244
f 1226/1560/2245 1227/2170/2246 1407/1595/2247 1405/1593/2248
f 1317/1691/2249 1316/2190/2250 1410/1657/2251 1408/1656/2252
f 1316/1654/2253 1285/2188/2254 1411/1658/2255 1410/1657/2256
f 1285/1622/2257 1286/1624/2258 1409/1655/2259 1411/1658/2260
f 1318/1693/2261 1317/1691/2262 1408/1656/2263 1412/1660/2264
f 1286/1624/2265 1287/1626/2266 1413/1659/2267 1409/1655/2268
f 1319/1695/2269 1318/1693/2270 1412/1660/2271 1414/1662/2272
f 1287/1626/2273 1288/1628/2274 1415/1661/2275 1413/1659/2276
f 1289/1629/2277 1320/2186/2278 1416/1664/2279 1417/1663/2280
f 1320/1666/2281 1319/1695/2282 1414/1662/2283 1416/1664/2284
f 1288/1628/2285 1289/2184/2286 1417/1663/2287 1415/1661/2288
f 1379/1405/2289 1378/2205/2290 1420/1714/2291 1418/1713/2292
f 1378/1427/2293 1347/2203/2294 1421/1715/2295 1420/1714/2296
f 1347/1690/2297 1348/1692/2298 1419/1712/2299 1421/1715/2300
f 1380/1383/2301 1379/1405/2302 1418/1713/2303 1422/1717/2304
f 1348/1692/2305 1349/1694/2306 1423/1716/2307 1419/1712/2308
f 1381/1380/2309 1380/1383/2310 1422/1717/2311 1424/1719/2312
f 1349/1694/2313 1350/1696/2314 1425/1718/2315 1423/1716/2316
f 1351/1697/2317 1382/2201/2318 1426/1721/2319 1427/1720/2320
f 1382/1339/2321 1381/1380/2322 1424/1719/2323 1426/1721/2324
f 1350/1696/2325 1351/2199/2326 1427/2197/2327 1425/1718/2328
s 46
f 1428/1722/2329 1429/1723/2330 1430/2372/2331 1431/1725/2332
f 1431/1725/2332 1430/2372/2331 1432/2353/2333 1433/1727/2334
s 47
f 1434/1728/2335 1435/1729/2336 1436/2366/2337 1437/2389/2338
f 1438/2426/2339 1439/2367/2340 1440/2371/2341 1441/2428/2342
f 1441/2428/2342 1440/2371/2341 1442/2370/2343 1443/2427/2344
f 1443/2427/2344 1442/2370/2343 1444/2369/2345 1445/2393/2346
f 1445/2393/2346 1444/2369/2345 1446/2368/2347 1447/1741/2348
s 48
f 1448/1742/2349 1449/1743/2350 1450/2359/2351 1451/1745/2352
s 47
f 1447/1741/2348 1446/2368/2347 1452/2343/2353 1453/1747/2354
f 1437/2389/2338 1436/2366/2337 1439/2367/2340 1438/2426/2339
s 49
f 1454/2046/2355 944/2364/2356 1429/1723/2357 1428/1722/2358
s off
f 944/1195/2359 964/1284/2360 1430/1724/2361 1429/2365/2362
f 965/1285/2363 945/2229/2364 1455/2362/2365 1456/2361/2366
f 964/1284/2367 984/1308/2368 1432/1726/2369 1430/1724/2370
f 985/1309/2371 965/1285/2372 1456/2361/2373 1457/2352/2374
f 984/1308/2375 1145/2313/2376 1458/2317/2377 1432/1726/2378
f 1146/2360/2379 985/1309/2380 1457/2352/2381 1459/2337/2382
f 1460/2325/2383 1461/2334/2384 1462/2333/2385 1463/2324/2386
f 1464/2386/2387 1465/2378/2388 1466/2377/2389 1467/2385/2390
f 1461/2334/2391 1468/2332/2392 1469/2331/2393 1462/2333/2394
f 1470/2384/2395 1464/2386/2396 1467/2385/2397 1471/2383/2398
f 1468/2332/2399 1472/2330/2400 1473/2327/2401 1469/2331/2402
f 1474/2382/2403 1470/2384/2404 1471/2383/2405 1475/2381/2406
f 1472/2330/2407 1476/2329/2408 1477/2328/2409 1473/2327/2410
f 1478/2379/2411 1474/2382/2412 1475/2381/2413 1479/2380/2414
f 1104/1486/2415 1084/2358/2416 1450/1744/2417 1449/2342/2418
s 50
f 1084/1464/2419 1480/2212/2420 1451/1745/2421 1450/2359/2422
s off
f 1085/2356/2423 1105/1488/2424 1481/2339/2425 1482/2357/2426
f 1124/2326/2427 1104/1486/2428 1449/2342/2429 1483/2320/2430
f 1105/1488/2431 1125/2355/2432 1484/2346/2433 1481/2339/2434
f 1485/2315/2435 1460/2325/2436 1463/2324/2437 1486/2323/2438
f 1465/2378/2439 1487/2374/2440 1488/2376/2441 1466/2377/2442
s 51
f 1433/1727/2443 1432/2353/2444 1435/1729/2445 1434/1728/2446
s off
f 1432/1726/2447 1458/2317/2448 1436/1730/2449 1435/2354/2450
f 1459/2337/2451 1457/2352/2452 1489/2351/2453 1490/2335/2454
f 1491/2318/2455 1492/2322/2456 1440/1734/2457 1439/1733/2458
f 1493/2350/2459 1494/2338/2460 1495/2336/2461 1496/2349/2462
f 1492/2322/2463 1497/2321/2464 1442/1736/2465 1440/1734/2466
f 1498/2348/2467 1493/2350/2468 1496/2349/2469 1499/2347/2470
f 1497/2321/2471 1500/2319/2472 1444/1738/2473 1442/1736/2474
f 1501/2345/2475 1498/2348/2476 1499/2347/2477 1502/2344/2478
f 1500/2319/2479 1483/2320/2480 1446/1740/2481 1444/1738/2482
f 1484/2346/2483 1501/2345/2484 1502/2344/2485 1503/2341/2486
f 1483/2320/2487 1449/2342/2488 1452/1746/2489 1446/1740/2490
s 52
f 1449/1743/2491 1448/1742/2492 1453/1747/2493 1452/2343/2494
s off
f 1481/2339/2495 1484/2346/2496 1503/2341/2497 1504/2340/2498
f 1458/2317/2499 1491/2318/2500 1439/1733/2501 1436/1730/2502
f 1494/2338/2503 1459/2337/2504 1490/2335/2505 1495/2336/2506
f 1025/1372/2507 1005/1371/2508 1465/1758/2509 1464/1757/2510
f 1494/1787/2511 1493/1786/2512 1467/1760/2513 1466/1759/2514
f 1045/1399/2515 1025/1372/2516 1464/1757/2517 1470/1763/2518
f 1493/1786/2519 1498/1791/2520 1471/1764/2521 1467/1760/2522
f 1065/1421/2523 1045/1399/2524 1470/1763/2525 1474/1767/2526
f 1498/1791/2527 1501/1794/2528 1475/1768/2529 1471/1764/2530
f 1125/1443/2531 1065/1421/2532 1474/1767/2533 1478/1771/2534
f 1501/1794/2535 1484/1777/2536 1479/1772/2537 1475/1768/2538
f 1484/1777/2539 1125/1443/2540 1478/1771/2541 1479/1772/2542
f 1005/1371/2543 1146/2373/2544 1487/1780/2545 1465/1758/2546
f 1146/1331/2547 1459/1752/2548 1488/1781/2549 1487/2375/2550
f 1459/1752/2551 1494/1787/2552 1466/1759/2553 1488/1781/2554
f 1004/1368/2555 1024/1369/2556 1461/1754/2557 1460/1753/2558
f 1492/1785/2559 1491/1784/2560 1463/1756/2561 1462/1755/2562
f 1024/1369/2563 1044/1398/2564 1468/1761/2565 1461/1754/2566
f 1497/1790/2567 1492/1785/2568 1462/1755/2569 1469/1762/2570
f 1044/1398/2571 1064/1420/2572 1472/1765/2573 1468/1761/2574
f 1500/1793/2575 1497/1790/2576 1469/1762/2577 1473/1766/2578
f 1064/1420/2579 1124/1442/2580 1476/1769/2581 1472/1765/2582
f 1124/1442/2583 1483/1776/2584 1477/1770/2585 1476/1769/2586
f 1483/1776/2587 1500/1793/2588 1473/1766/2589 1477/1770/2590
f 1145/1330/2591 1004/1368/2592 1460/1753/2593 1485/2316/2594
f 1491/1784/2595 1458/1751/2596 1486/1779/2597 1463/1756/2598
f 1458/1751/2599 1145/2314/2600 1485/1778/2601 1486/1779/2602
s 50
f 1505/1798/2603 1506/2217/2604 1085/1465/2605 1482/1775/2606
s 48
f 1481/1774/2607 1507/1799/2608 1505/1798/2609 1482/1775/2610
s 52
f 1508/1800/2611 1507/1799/2612 1481/1774/2613 1504/1797/2614
s 47
f 1503/1796/2615 1509/1801/2616 1508/1800/2617 1504/1797/2618
f 1502/1795/2619 1510/2407/2620 1509/1801/2616 1503/1796/2615
f 1499/1792/2621 1511/2425/2622 1510/2407/2620 1502/1795/2619
f 1496/1789/2623 1512/2424/2624 1511/2425/2622 1499/1792/2621
f 1495/1788/2625 1513/2423/2626 1512/2424/2624 1496/1789/2623
f 1490/1783/2627 1514/2403/2628 1513/2423/2626 1495/1788/2625
f 1489/1782/2629 1515/1807/2630 1514/2403/2628 1490/1783/2627
s 51
f 1457/1750/2631 1516/1808/2632 1515/1807/2633 1489/1782/2634
s 46
f 1456/1749/2635 1517/1809/2636 1516/1808/2637 1457/1750/2638
f 1455/1748/2639 1518/1810/2640 1517/1809/2636 1456/1749/2635
s 49
f 945/2363/2641 1519/2044/2642 1518/1810/2643 1455/1748/2644
s 50
f 1520/1812/2645 1521/2216/2646 1506/2217/2604 1505/1798/2603
s 48
f 1507/1799/2608 1522/1814/2647 1520/1812/2648 1505/1798/2609
s 52
f 1523/1815/2649 1522/1814/2650 1507/1799/2612 1508/1800/2611
s 47
f 1509/1801/2616 1524/1816/2651 1523/1815/2652 1508/1800/2617
f 1510/2407/2620 1525/2409/2653 1524/1816/2651 1509/1801/2616
s 60
f 1526/1818/2654 1527/1819/2655 1528/1820/2656 1529/1821/2657
f 1530/1822/2658 1531/1823/2659 1527/1819/2655 1526/1818/2654
f 1532/1824/2660 1533/1825/2661 1531/1823/2659 1530/1822/2658
f 1534/1826/2662 1535/1827/2663 1533/1825/2661 1532/1824/2660
s 47
f 1515/1807/2630 1536/1828/2664 1537/2405/2665 1514/2403/2628
s 51
f 1516/1808/2632 1538/1830/2666 1536/1828/2667 1515/1807/2633
s 46
f 1517/1809/2636 1539/1831/2668 1538/1830/2669 1516/1808/2637
f 1518/1810/2640 1540/1832/2670 1539/1831/2668 1517/1809/2636
s 49
f 1519/2044/2642 1541/2050/2671 1540/1832/2672 1518/1810/2643
s 50
f 1542/1834/2673 1543/2215/2674 1521/2216/2646 1520/1812/2645
s 48
f 1522/1814/2647 1544/1836/2675 1542/1834/2676 1520/1812/2648
s 52
f 1545/1837/2677 1544/1836/2678 1522/1814/2650 1523/1815/2649
s 47
f 1524/1816/2651 1546/1838/2679 1545/1837/2680 1523/1815/2652
f 1525/2409/2653 1547/2399/2681 1546/1838/2679 1524/1816/2651
f 1548/2421/2682 1549/2422/2683 1547/2399/2681 1525/2409/2653
f 1550/2419/2684 1551/2420/2685 1549/2422/2683 1548/2421/2682
f 1552/2417/2686 1553/2418/2687 1551/2420/2685 1550/2419/2684
f 1537/2405/2665 1554/2395/2688 1553/2418/2687 1552/2417/2686
f 1536/1828/2664 1555/1847/2689 1554/2395/2688 1537/2405/2665
s 51
f 1538/1830/2666 1556/1848/2690 1555/1847/2691 1536/1828/2667
s 46
f 1539/1831/2668 1557/1849/2692 1556/1848/2693 1538/1830/2669
f 1540/1832/2670 1558/1850/2694 1557/1849/2692 1539/1831/2668
s 49
f 1541/2050/2671 1559/2049/2695 1558/1850/2696 1540/1832/2672
s 50
f 1560/1852/2697 1561/2214/2698 1543/2215/2674 1542/1834/2673
s 48
f 1544/1836/2675 1562/1854/2699 1560/1852/2700 1542/1834/2676
s 52
f 1563/1855/2701 1562/1854/2702 1544/1836/2678 1545/1837/2677
s 47
f 1546/1838/2679 1564/1856/2703 1563/1855/2704 1545/1837/2680
f 1547/2399/2681 1565/2401/2705 1564/1856/2703 1546/1838/2679
s 61
f 1566/1858/2706 1567/1859/2707 1568/1860/2708 1569/1861/2709
f 1570/1862/2710 1571/1863/2711 1567/1859/2707 1566/1858/2706
f 1572/1864/2712 1573/1865/2713 1571/1863/2711 1570/1862/2710
f 1574/1866/2714 1575/1867/2715 1573/1865/2713 1572/1864/2712
s 47
f 1555/1847/2689 1576/1868/2716 1577/2397/2717 1554/2395/2688
s 51
f 1556/1848/2690 1578/1870/2718 1576/1868/2719 1555/1847/2691
s 46
f 1557/1849/2692 1579/1871/2720 1578/1870/2721 1556/1848/2693
f 1558/1850/2694 1580/1872/2722 1579/1871/2720 1557/1849/2692
s 49
f 1559/2049/2695 1581/2048/2723 1580/1872/2724 1558/1850/2696
s 50
f 1582/1874/2725 1583/2213/2726 1561/2214/2698 1560/1852/2697
s 48
f 1562/1854/2699 1584/1876/2727 1582/1874/2728 1560/1852/2700
s 52
f 1585/1877/2729 1584/1876/2730 1562/1854/2702 1563/1855/2701
s 47
f 1564/1856/2703 1586/1878/2731 1585/1877/2732 1563/1855/2704
f 1565/2401/2705 1587/2391/2733 1586/1878/2731 1564/1856/2703
f 1588/2415/2734 1589/2416/2735 1587/2391/2733 1565/2401/2705
f 1590/2413/2736 1591/2414/2737 1589/2416/2735 1588/2415/2734
f 1592/2411/2738 1593/2412/2739 1591/2414/2737 1590/2413/2736
f 1577/2397/2717 1594/2387/2740 1593/2412/2739 1592/2411/2738
f 1576/1868/2716 1595/1887/2741 1594/2387/2740 1577/2397/2717
s 51
f 1578/1870/2718 1596/1888/2742 1595/1887/2743 1576/1868/2719
s 46
f 1579/1871/2720 1597/1889/2744 1596/1888/2745 1578/1870/2721
f 1580/1872/2722 1598/1890/2746 1597/1889/2744 1579/1871/2720
s 49
f 1581/2048/2723 1599/2047/2747 1598/1890/2748 1580/1872/2724
s 50
f 1451/1745/2421 1480/2212/2420 1583/2213/2726 1582/1874/2725
s 48
f 1584/1876/2727 1448/1742/2349 1451/1745/2352 1582/1874/2728
s 52
f 1453/1747/2493 1448/1742/2492 1584/1876/2730 1585/1877/2729
s 47
f 1586/1878/2731 1447/1741/2348 1453/1747/2354 1585/1877/2732
f 1587/2391/2733 1445/2393/2346 1447/1741/2348 1586/1878/2731
s 62
f 1600/1892/2749 1601/1893/2750 1602/1894/2751 1603/1895/2752
f 1604/1896/2753 1605/1897/2754 1601/1893/2750 1600/1892/2749
f 1606/1898/2755 1607/1899/2756 1605/1897/2754 1604/1896/2753
f 1608/1900/2757 1609/1901/2758 1607/1899/2756 1606/1898/2755
s 47
f 1595/1887/2741 1434/1728/2335 1437/2389/2338 1594/2387/2740
s 51
f 1596/1888/2742 1433/1727/2443 1434/1728/2446 1595/1887/2743
s 46
f 1597/1889/2744 1431/1725/2332 1433/1727/2334 1596/1888/2745
f 1598/1890/2746 1428/1722/2329 1431/1725/2332 1597/1889/2744
s 49
f 1599/2047/2747 1454/2046/2355 1428/1722/2358 1598/1890/2748
s off
f 1548/1840/2759 1525/2410/2760 1528/1820/2761 1527/1819/2762
f 1525/1817/2763 1510/2408/2764 1529/1821/2765 1528/1820/2766
f 1510/1802/2767 1511/1803/2768 1526/1818/2769 1529/1821/2770
f 1550/1842/2771 1548/1840/2772 1527/1819/2773 1531/1823/2774
f 1511/1803/2775 1512/1804/2776 1530/1822/2777 1526/1818/2778
f 1552/1844/2779 1550/1842/2780 1531/1823/2781 1533/1825/2782
f 1512/1804/2783 1513/1805/2784 1532/1824/2785 1530/1822/2786
f 1514/1806/2787 1537/2406/2788 1535/1827/2789 1534/1826/2790
f 1537/1829/2791 1552/1844/2792 1533/1825/2793 1535/1827/2794
f 1513/1805/2795 1514/2404/2796 1534/1826/2797 1532/1824/2798
f 1588/1880/2799 1565/2402/2800 1568/1860/2801 1567/1859/2802
f 1565/1857/2803 1547/2400/2804 1569/1861/2805 1568/1860/2806
f 1547/1839/2807 1549/1841/2808 1566/1858/2809 1569/1861/2810
f 1590/1882/2811 1588/1880/2812 1567/1859/2813 1571/1863/2814
f 1549/1841/2815 1551/1843/2816 1570/1862/2817 1566/1858/2818
f 1592/1884/2819 1590/1882/2820 1571/1863/2821 1573/1865/2822
f 1551/1843/2823 1553/1845/2824 1572/1864/2825 1570/1862/2826
f 1554/1846/2827 1577/2398/2828 1575/1867/2829 1574/1866/2830
f 1577/1869/2831 1592/1884/2832 1573/1865/2833 1575/1867/2834
f 1553/1845/2835 1554/2396/2836 1574/1866/2837 1572/1864/2838
f 1443/1737/2839 1445/2394/2840 1602/1894/2841 1601/1893/2842
f 1445/1739/2843 1587/2392/2844 1603/1895/2845 1602/1894/2846
f 1587/1879/2847 1589/1881/2848 1600/1892/2849 1603/1895/2850
f 1441/1735/2851 1443/1737/2852 1601/1893/2853 1605/1897/2854
f 1589/1881/2855 1591/1883/2856 1604/1896/2857 1600/1892/2858
f 1438/1732/2859 1441/1735/2860 1605/1897/2861 1607/1899/2862
f 1591/1883/2863 1593/1885/2864 1606/1898/2865 1604/1896/2866
f 1594/1886/2867 1437/2390/2868 1609/1901/2869 1608/1900/2870
f 1437/1731/2871 1438/1732/2872 1607/1899/2873 1609/1901/2874
f 1593/1885/2875 1594/2388/2876 1608/1900/2877 1606/1898/2878
s 17
f 1480/1773/2879 1084/2223/1663 891/1236/1664 1610/1902/2880
s 20
f 614/893/1335 1611/1903/2881 1610/1902/2882 891/1236/1336
s 1
f 614/893/949 616/892/948 1612/1904/2883 1611/1903/2884
f 620/886/942 1613/1905/2885 1612/1904/2883 616/892/948
f 1614/2241/2886 1613/1905/2885 620/886/942 615/2300/945
s 22
f 1615/2240/2887 1614/1906/2888 615/889/1349 915/2242/1352
s 17
f 1583/1875/2889 1480/1773/2879 1610/1902/2880 1616/1907/2890
s 20
f 1611/1903/2881 1617/1908/2891 1616/1907/2892 1610/1902/2882
s 1
f 1611/1903/2884 1612/1904/2883 1618/1909/2893 1617/1908/2894
f 1613/1905/2885 1619/1910/2895 1618/1909/2893 1612/1904/2883
f 1620/2239/2896 1619/1910/2895 1613/1905/2885 1614/2241/2886
s 22
f 1621/2238/2897 1620/1911/2898 1614/1906/2888 1615/2240/2887
s 17
f 1561/1853/2899 1583/1875/2889 1616/1907/2890 1622/1912/2900
s 20
f 1617/1908/2891 1623/1913/2901 1622/1912/2902 1616/1907/2892
s 1
f 1617/1908/2894 1618/1909/2893 1624/1914/2903 1623/1913/2904
f 1619/1910/2895 1625/1915/2905 1624/1914/2903 1618/1909/2893
f 1626/2237/2906 1625/1915/2905 1619/1910/2895 1620/2239/2896
s 22
f 1627/2236/2907 1626/1916/2908 1620/1911/2898 1621/2238/2897
s 17
f 1543/1835/2909 1561/1853/2899 1622/1912/2900 1628/1917/2910
s 20
f 1623/1913/2901 1629/1918/2911 1628/1917/2912 1622/1912/2902
s 1
f 1623/1913/2904 1624/1914/2903 1630/1919/2913 1629/1918/2914
f 1625/1915/2905 1631/1920/2915 1630/1919/2913 1624/1914/2903
f 1632/2235/2916 1631/1920/2915 1625/1915/2905 1626/2237/2906
s 22
f 1633/2234/2917 1632/1921/2918 1626/1916/2908 1627/2236/2907
s 17
f 1521/1813/2919 1543/1835/2909 1628/1917/2910 1634/1922/2920
s 20
f 1629/1918/2911 1635/1923/2921 1634/1922/2922 1628/1917/2912
s 1
f 1629/1918/2914 1630/1919/2913 1636/1924/2923 1635/1923/2924
f 1631/1920/2915 1637/1925/2925 1636/1924/2923 1630/1919/2913
f 1638/2233/2926 1637/1925/2925 1631/1920/2915 1632/2235/2916
s 22
f 1639/2231/2927 1638/1926/2928 1632/1921/2918 1633/2234/2917
s 17
f 1506/1466/1666 1521/1813/2919 1634/1922/2920 1640/1216/1667
s 20
f 1635/1923/2921 1641/900/1293 1640/1216/1296 1634/1922/2922
s 1
f 1635/1923/2924 1636/1924/2923 1642/901/957 1641/900/956
f 1637/1925/2925 1643/906/962 1642/901/957 1636/1924/2923
f 1644/2232/963 1643/906/962 1637/1925/2925 1638/2233/2926
s 22
f 1645/1245/1355 1644/907/1354 1638/1926/2928 1639/2231/2927
s 17
f 869/1160/1250 1646/1978/2929 1519/1811/2930 945/1193/1251
s 14
f 849/1138/1194 1647/1928/2931 1646/1927/2932 869/2027/1216
f 829/1116/1172 1648/1929/2933 1647/1928/2931 849/1138/1194
f 809/1094/1150 1649/1930/2934 1648/1929/2933 829/1116/1172
f 789/1072/1128 1650/1931/2935 1649/1930/2934 809/1094/1150
f 769/1050/1106 1651/1932/2936 1650/1931/2935 789/1072/1128
f 749/1028/1084 1652/1933/2937 1651/1932/2936 769/1050/1106
f 729/1006/1062 1653/1934/2938 1652/1933/2937 749/1028/1084
f 709/964/1020 1654/1935/2939 1653/1934/2938 729/1006/1062
f 689/963/1019 1655/1187/1243 1654/1935/2939 709/964/1020
s 17
f 1646/1978/2929 1656/1977/2940 1541/1833/2941 1519/1811/2930
s 14
f 1647/1928/2931 1657/1937/2942 1656/1936/2943 1646/1927/2932
f 1648/1929/2933 1658/1938/2944 1657/1937/2942 1647/1928/2931
f 1649/1930/2934 1659/1939/2945 1658/1938/2944 1648/1929/2933
f 1650/1931/2935 1660/1940/2946 1659/1939/2945 1649/1930/2934
f 1651/1932/2936 1661/1941/2947 1660/1940/2946 1650/1931/2935
f 1652/1933/2937 1662/1942/2948 1661/1941/2947 1651/1932/2936
f 1653/1934/2938 1663/1943/2949 1662/1942/2948 1652/1933/2937
f 1654/1935/2939 1664/1944/2950 1663/1943/2949 1653/1934/2938
f 1655/1187/1243 1665/1186/1242 1664/1944/2950 1654/1935/2939
s 17
f 1656/1977/2940 1666/1976/2951 1559/1851/2952 1541/1833/2941
s 14
f 1657/1937/2942 1667/1946/2953 1666/1945/2954 1656/1936/2943
f 1658/1938/2944 1668/1947/2955 1667/1946/2953 1657/1937/2942
f 1659/1939/2945 1669/1948/2956 1668/1947/2955 1658/1938/2944
f 1660/1940/2946 1670/1949/2957 1669/1948/2956 1659/1939/2945
f 1661/1941/2947 1671/1950/2958 1670/1949/2957 1660/1940/2946
f 1662/1942/2948 1672/1951/2959 1671/1950/2958 1661/1941/2947
f 1663/1943/2949 1673/1952/2960 1672/1951/2959 1662/1942/2948
f 1664/1944/2950 1674/1953/2961 1673/1952/2960 1663/1943/2949
f 1665/1186/1242 1675/1185/1241 1674/1953/2961 1664/1944/2950
s 17
f 1666/1976/2951 1676/1975/2962 1581/1873/2963 1559/1851/2952
s 14
f 1667/1946/2953 1677/1955/2964 1676/1954/2965 1666/1945/2954
f 1668/1947/2955 1678/1956/2966 1677/1955/2964 1667/1946/2953
f 1669/1948/2956 1679/1957/2967 1678/1956/2966 1668/1947/2955
f 1670/1949/2957 1680/1958/2968 1679/1957/2967 1669/1948/2956
f 1671/1950/2958 1681/1959/2969 1680/1958/2968 1670/1949/2957
f 1672/1951/2959 1682/1960/2970 1681/1959/2969 1671/1950/2958
f 1673/1952/2960 1683/1961/2971 1682/1960/2970 1672/1951/2959
f 1674/1953/2961 1684/1962/2972 1683/1961/2971 1673/1952/2960
f 1675/1185/1241 1685/1184/1240 1684/1962/2972 1674/1953/2961
s 17
f 1676/1975/2962 1686/1974/2973 1599/1891/2974 1581/1873/2963
s 14
f 1677/1955/2964 1687/1964/2975 1686/1963/2976 1676/1954/2965
f 1678/1956/2966 1688/1965/2977 1687/1964/2975 1677/1955/2964
f 1679/1957/2967 1689/1966/2978 1688/1965/2977 1678/1956/2966
f 1680/1958/2968 1690/1967/2979 1689/1966/2978 1679/1957/2967
f 1681/1959/2969 1691/1968/2980 1690/1967/2979 1680/1958/2968
f 1682/1960/2970 1692/1969/2981 1691/1968/2980 1681/1959/2969
f 1683/1961/2971 1693/1970/2982 1692/1969/2981 1682/1960/2970
f 1684/1962/2972 1694/1971/2983 1693/1970/2982 1683/1961/2971
f 1685/1184/1240 1695/1183/1239 1694/1971/2983 1684/1962/2972
s 17
f 1686/1974/2973 1696/1972/1253 1454/1196/1256 1599/1891/2974
s 14
f 1687/1964/2975 1697/1141/1197 1696/1163/1219 1686/1963/2976
f 1688/1965/2977 1698/1119/1175 1697/1141/1197 1687/1964/2975
f 1689/1966/2978 1699/1097/1153 1698/1119/1175 1688/1965/2977
f 1690/1967/2979 1700/1075/1131 1699/1097/1153 1689/1966/2978
f 1691/1968/2980 1701/1053/1109 1700/1075/1131 1690/1967/2979
f 1692/1969/2981 1702/1031/1087 1701/1053/1109 1691/1968/2980
f 1693/1970/2982 1703/1009/1065 1702/1031/1087 1692/1969/2981
f 1694/1971/2983 1704/969/1025 1703/1009/1065 1693/1970/2982
f 1695/1183/1239 1705/966/1022 1704/969/1025 1694/1971/2983
g default
v -8.142293 0.692965 0.905938
v -8.429479 0.644963 0.886915
v -8.142293 0.692965 1.714700
v -8.533055 0.716034 1.720564
v -8.142293 1.097082 1.310380
v -8.788073 1.090332 1.254024
v -8.142293 0.930612 0.983326
v -8.663653 0.809312 0.958954
v -8.310582 0.891838 0.974883
v -8.234771 0.677516 0.899095
v -8.142293 0.817849 0.925970
v -8.274767 0.788166 0.919403
v -8.482780 0.850543 0.965825
v -8.328419 0.660197 0.891632
v -8.409857 0.756201 0.912241
v -8.553025 0.725225 0.907693
v -8.350861 1.095676 1.292140
v -8.142293 1.019907 1.072881
v -8.334988 0.986168 1.058265
v -8.142293 1.077476 1.185443
v -8.347706 1.058914 1.165844
v -8.739039 0.913690 1.028971
v -8.532473 0.950163 1.042884
v -8.564794 1.093234 1.273195
v -8.558370 1.038680 1.145389
v -8.778326 1.017835 1.125546
v -8.142293 1.019907 1.547927
v -8.772345 1.006116 1.508603
v -8.345770 1.016090 1.535606
v -8.142293 1.077476 1.435331
v -8.349227 1.083306 1.421000
v -8.554426 1.011088 1.522985
v -8.561467 1.088344 1.406206
v -8.783026 1.093179 1.390392
v -8.268302 0.700524 1.717293
v -8.142293 0.930612 1.637470
v -8.333558 0.916803 1.627146
v -8.142293 0.817849 1.694732
v -8.306070 0.810206 1.689247
v -8.734625 0.886426 1.603841
v -8.529563 0.901375 1.616665
v -8.396694 0.707045 1.720258
v -8.473596 0.801076 1.683825
v -8.649719 0.793303 1.675748
v -8.142293 0.288849 1.310380
v -8.185088 0.294892 1.372005
v -8.142293 0.455319 1.637470
v -8.302397 0.534838 1.702901
v -8.193628 0.480747 1.659215
v -8.142293 0.568082 1.694732
v -8.228152 0.588409 1.707694
v -8.244649 0.505592 1.681962
v -8.314944 0.608059 1.721387
v -8.409039 0.631250 1.732731
v -8.155651 0.290207 1.330335
v -8.142293 0.366024 1.547927
v -8.170971 0.386835 1.573283
v -8.142293 0.308454 1.435331
v -8.159260 0.319377 1.459625
v -8.232409 0.431752 1.624982
v -8.198516 0.406824 1.599699
v -8.167323 0.289977 1.350965
v -8.174671 0.329074 1.484850
v -8.196235 0.343940 1.509699
v -8.142293 0.366024 1.072881
v -8.201113 0.354925 1.090107
v -8.160839 0.361963 1.078057
v -8.142293 0.308454 1.185443
v -8.156759 0.304269 1.198668
v -8.177887 0.356182 1.083183
v -8.169581 0.298311 1.212223
v -8.188515 0.297271 1.226936
v -8.142293 0.455319 0.983326
v -8.173223 0.452400 0.981489
v -8.142293 0.568082 0.925970
v -8.198947 0.561972 0.920228
v -8.239366 0.447274 0.979359
v -8.203102 0.447872 0.979275
v -8.255481 0.554231 0.913923
v -8.318828 0.549589 0.910244
v 0.668678 0.789799 1.289289
v 0.668678 0.780099 1.270252
v 0.668678 0.764991 1.255144
v 0.668678 0.745954 1.245444
v 0.668678 0.724852 1.242101
v 0.668678 0.703749 1.245444
v 0.668678 0.684712 1.255144
v 0.668678 0.669604 1.270252
v 0.668678 0.659905 1.289289
v 0.668678 0.656562 1.310391
v 0.668678 0.659905 1.331493
v 0.668678 0.669604 1.350530
v 0.668678 0.684712 1.365638
v 0.668678 0.703749 1.375338
v 0.668678 0.724852 1.378680
v 0.668678 0.745954 1.375338
v 0.668678 0.764991 1.365638
v 0.668678 0.780099 1.350530
v 0.668678 0.789799 1.331493
v 0.668678 0.793141 1.310391
v 0.652686 0.853147 1.268705
v 0.652686 0.833986 1.231100
v 0.652686 0.804142 1.201257
v 0.652686 0.766537 1.182096
v 0.652686 0.724852 1.175494
v 0.652686 0.683166 1.182096
v 0.652686 0.645561 1.201257
v 0.652686 0.615718 1.231100
v 0.652686 0.596557 1.268705
v 0.652686 0.589954 1.310391
v 0.652686 0.596557 1.352077
v 0.652686 0.615718 1.389682
v 0.652686 0.645561 1.419525
v 0.652686 0.683166 1.438686
v 0.652686 0.724852 1.445288
v 0.652686 0.766537 1.438686
v 0.652686 0.804142 1.419525
v 0.652686 0.833986 1.389682
v 0.652686 0.853147 1.352077
v 0.652686 0.859749 1.310391
v 0.626472 0.913336 1.249149
v 0.626472 0.885186 1.193901
v 0.626472 0.841341 1.150057
v 0.626472 0.786094 1.121907
v 0.626472 0.724852 1.112207
v 0.626472 0.663610 1.121907
v 0.626472 0.608362 1.150057
v 0.626472 0.564518 1.193901
v 0.626472 0.536368 1.249149
v 0.626472 0.526668 1.310391
v 0.626472 0.536368 1.371633
v 0.626472 0.564518 1.426880
v 0.626472 0.608362 1.470725
v 0.626472 0.663610 1.498875
v 0.626472 0.724852 1.508574
v 0.626472 0.786094 1.498875
v 0.626472 0.841341 1.470725
v 0.626472 0.885186 1.426880
v 0.626472 0.913335 1.371633
v 0.626472 0.923035 1.310391
v 0.590681 0.968883 1.231100
v 0.590681 0.932437 1.159571
v 0.590681 0.875672 1.102805
v 0.590681 0.804142 1.066360
v 0.590681 0.724852 1.053801
v 0.590681 0.645561 1.066360
v 0.590681 0.574032 1.102805
v 0.590681 0.517266 1.159571
v 0.590681 0.480820 1.231100
v 0.590681 0.468262 1.310391
v 0.590681 0.480820 1.389682
v 0.590681 0.517266 1.461210
v 0.590681 0.574032 1.517977
v 0.590681 0.645561 1.554422
v 0.590681 0.724852 1.566981
v 0.590681 0.804142 1.554422
v 0.590681 0.875671 1.517977
v 0.590681 0.932437 1.461210
v 0.590681 0.968883 1.389682
v 0.590681 0.981441 1.310391
v 0.546193 1.018422 1.215004
v 0.546193 0.974578 1.128954
v 0.546193 0.906288 1.060665
v 0.546193 0.820239 1.016821
v 0.546193 0.724852 1.001713
v 0.546193 0.629465 1.016821
v 0.546193 0.543415 1.060665
v 0.546193 0.475126 1.128954
v 0.546193 0.431281 1.215004
v 0.546193 0.416174 1.310391
v 0.546193 0.431281 1.405778
v 0.546193 0.475126 1.491827
v 0.546193 0.543415 1.560117
v 0.546193 0.629465 1.603961
v 0.546193 0.724852 1.619069
v 0.546193 0.820238 1.603961
v 0.546193 0.906288 1.560117
v 0.546193 0.974577 1.491827
v 0.546193 1.018422 1.405778
v 0.546193 1.033530 1.310391
v 0.494105 1.060732 1.201257
v 0.494105 1.010569 1.102805
v 0.494105 0.932437 1.024674
v 0.494105 0.833986 0.974510
v 0.494105 0.724852 0.957225
v 0.494105 0.615718 0.974510
v 0.494105 0.517266 1.024674
v 0.494105 0.439135 1.102805
v 0.494105 0.388971 1.201257
v 0.494105 0.371686 1.310391
v 0.494105 0.388971 1.419525
v 0.494105 0.439135 1.517977
v 0.494105 0.517266 1.596108
v 0.494105 0.615718 1.646271
v 0.494105 0.724852 1.663557
v 0.494105 0.833986 1.646271
v 0.494105 0.932437 1.596108
v 0.494105 1.010569 1.517977
v 0.494105 1.060732 1.419525
v 0.494105 1.078017 1.310391
v 0.435699 1.094772 1.190197
v 0.435699 1.039525 1.081768
v 0.435699 0.953475 0.995718
v 0.435699 0.845046 0.940471
v 0.435699 0.724852 0.921434
v 0.435699 0.604657 0.940471
v 0.435699 0.496229 0.995718
v 0.435699 0.410179 1.081768
v 0.435699 0.354932 1.190197
v 0.435699 0.335895 1.310391
v 0.435699 0.354932 1.430585
v 0.435699 0.410179 1.539014
v 0.435699 0.496229 1.625064
v 0.435699 0.604657 1.680311
v 0.435699 0.724852 1.699348
v 0.435699 0.845046 1.680311
v 0.435699 0.953475 1.625063
v 0.435699 1.039525 1.539014
v 0.435699 1.094772 1.430585
v 0.435699 1.113809 1.310391
v 0.372413 1.119703 1.182096
v 0.372413 1.060732 1.066360
v 0.372413 0.968883 0.974510
v 0.372413 0.853147 0.915540
v 0.372413 0.724852 0.895220
v 0.372413 0.596557 0.915540
v 0.372413 0.480820 0.974510
v 0.372413 0.388971 1.066360
v 0.372413 0.330001 1.182096
v 0.372413 0.309681 1.310391
v 0.372413 0.330001 1.438686
v 0.372413 0.388971 1.554422
v 0.372413 0.480820 1.646271
v 0.372413 0.596557 1.705242
v 0.372413 0.724852 1.725562
v 0.372413 0.853147 1.705242
v 0.372413 0.968883 1.646271
v 0.372413 1.060732 1.554422
v 0.372413 1.119703 1.438686
v 0.372413 1.140023 1.310391
v 0.305805 1.134912 1.177154
v 0.305805 1.073669 1.056960
v 0.305805 0.978283 0.961573
v 0.305805 0.858088 0.900331
v 0.305805 0.724852 0.879229
v 0.305805 0.591615 0.900331
v 0.305805 0.471421 0.961573
v 0.305805 0.376034 1.056960
v 0.305805 0.314792 1.177154
v 0.305805 0.293690 1.310391
v 0.305805 0.314792 1.443627
v 0.305805 0.376034 1.563822
v 0.305805 0.471421 1.659209
v 0.305805 0.591615 1.720450
v 0.305805 0.724852 1.741553
v 0.305805 0.858088 1.720450
v 0.305805 0.978283 1.659209
v 0.305805 1.073669 1.563822
v 0.305805 1.134911 1.443627
v 0.305805 1.156014 1.310391
v 0.237516 1.140023 1.175494
v 0.237516 1.078017 1.053801
v 0.237516 0.981442 0.957225
v 0.237516 0.859749 0.895220
v 0.237516 0.724852 0.873854
v 0.237516 0.589954 0.895220
v 0.237516 0.468262 0.957225
v 0.237516 0.371686 1.053801
v 0.237516 0.309681 1.175494
v 0.237516 0.288315 1.310391
v 0.237516 0.309681 1.445288
v 0.237516 0.371686 1.566981
v 0.237516 0.468262 1.663557
v 0.237516 0.589954 1.725562
v 0.237516 0.724852 1.746927
v 0.237516 0.859749 1.725562
v 0.237516 0.981441 1.663557
v 0.237516 1.078017 1.566981
v 0.237516 1.140023 1.445288
v 0.237516 1.161388 1.310391
v 0.674052 0.724852 1.310391
v -8.001822 1.076815 1.187991
v -8.001822 1.020554 1.077572
v -8.001822 0.932926 0.989944
v -8.001822 0.822507 0.933683
v -8.001822 0.700108 0.914297
v -8.001822 0.577708 0.933683
v -8.001822 0.467290 0.989944
v -8.001822 0.379662 1.077572
v -8.001822 0.323401 1.187991
v -8.001822 0.304015 1.310390
v -8.001822 0.323401 1.432790
v -8.001822 0.379662 1.543208
v -8.001822 0.467290 1.630836
v -8.001822 0.577708 1.687097
v -8.001822 0.700108 1.706483
v -8.001822 0.822507 1.687097
v -8.001822 0.932925 1.630836
v -8.001822 1.020554 1.543208
v -8.001822 1.076815 1.432790
v -8.001822 1.096201 1.310390
v -8.437941 0.652235 0.949586
v -8.343687 0.570994 0.969458
v -8.526168 0.712774 1.659696
v -8.625544 0.778592 1.621521
v -8.743394 1.031604 1.262293
v -8.735092 0.969851 1.152854
v -8.637413 0.792229 1.010950
v -8.543179 0.720603 0.967285
v -8.701628 0.881139 1.070590
v -8.729997 0.959868 1.479146
v -8.739096 1.034029 1.378452
v -8.697866 0.857915 1.560271
v -8.229767 0.354042 1.362790
v -8.239262 0.395821 1.480079
v -8.329691 0.558429 1.644650
v -8.420529 0.640554 1.670060
v -8.270075 0.470620 1.578278
v -8.243417 0.405178 1.122667
v -8.232685 0.356068 1.239219
v -8.276001 0.483842 1.028331
v -7.646086 0.693399 1.309852
v -5.803721 0.945869 1.639565
v -5.803721 0.832443 1.697359
v -5.803721 0.706709 1.717273
v -5.803721 0.580975 1.697359
v -5.803721 0.467549 1.639565
v -5.803721 0.377534 1.549550
v -5.803721 0.319741 1.436124
v -5.803721 0.299826 1.310390
v -5.803721 0.319741 1.184657
v -5.803721 0.377534 1.071230
v -5.803721 0.467549 0.981215
v -5.803721 0.580975 0.923421
v -5.803721 0.706709 0.903508
v -5.803721 0.832443 0.923421
v -5.808405 0.946258 0.974332
v -5.808405 1.036273 1.064348
v -5.803721 1.093678 1.184657
v -5.803721 1.113592 1.310390
v -5.803721 1.093678 1.436124
v -5.803721 1.035884 1.549550
v -6.042542 0.944462 1.638617
v -6.042542 0.831363 1.696244
v -6.042542 0.705992 1.716100
v -6.042542 0.580620 1.696244
v -6.042542 0.467521 1.638617
v -6.042542 0.377765 1.548861
v -6.042542 0.320138 1.435762
v -6.042542 0.300281 1.310390
v -6.042542 0.320138 1.185019
v -6.042542 0.377765 1.071920
v -6.042542 0.467521 0.982163
v -6.042542 0.580620 0.924536
v -6.042542 0.705992 0.904680
v -6.042542 0.831363 0.924536
v -6.047225 0.945210 0.975639
v -6.047225 1.034966 1.065395
v -6.042542 1.091846 1.185019
v -6.042542 1.111702 1.310390
v -6.042542 1.091845 1.435762
v -6.042542 1.034218 1.548861
v -6.078034 0.944253 1.638476
v -6.078034 0.831203 1.696078
v -6.078034 0.705885 1.715926
v -6.078034 0.580568 1.696078
v -6.078034 0.467517 1.638476
v -6.078034 0.377799 1.548759
v -6.078034 0.320197 1.435708
v -6.078034 0.300349 1.310390
v -6.078034 0.320197 1.185073
v -6.078034 0.377799 1.072022
v -6.078034 0.467517 0.982304
v -6.078034 0.580567 0.924702
v -6.078034 0.705885 0.904854
v -6.078034 0.831203 0.924702
v -6.082718 0.945055 0.975833
v -6.082718 1.034772 1.065551
v -6.078034 1.091573 1.185073
v -6.078034 1.111421 1.310390
v -6.078034 1.091573 1.435708
v -6.078034 1.033971 1.548759
v -6.205085 0.943505 1.637971
v -6.205085 0.830629 1.695485
v -6.205085 0.705504 1.715302
v -6.205085 0.580379 1.695485
v -6.205085 0.467502 1.637971
v -6.205085 0.377922 1.548392
v -6.205085 0.320409 1.435515
v -6.205085 0.300591 1.310390
v -6.205085 0.320409 1.185266
v -6.205085 0.377922 1.072388
v -6.205085 0.467502 0.982809
v -6.205085 0.580379 0.925295
v -6.205085 0.705504 0.905478
v -6.205085 0.830629 0.925295
v -6.209768 0.944497 0.976529
v -6.209768 1.034076 1.066108
v -6.205085 1.090599 1.185266
v -6.205085 1.110416 1.310390
v -6.205085 1.090598 1.435515
v -6.205085 1.033085 1.548392
v -6.255946 0.943206 1.637769
v -6.255946 0.830399 1.695247
v -6.255946 0.705351 1.715053
v -6.255946 0.580303 1.695248
v -6.255946 0.467496 1.637769
v -6.255946 0.377972 1.548245
v -6.255946 0.320494 1.435438
v -6.255946 0.300688 1.310390
v -6.255946 0.320494 1.185343
v -6.255946 0.377972 1.072535
v -6.255946 0.467496 0.983011
v -6.255946 0.580303 0.925532
v -6.255946 0.705351 0.905728
v -6.255946 0.830399 0.925532
v -6.260630 0.944274 0.976807
v -6.260630 1.033798 1.066331
v -6.255946 1.090208 1.185343
v -6.255946 1.110014 1.310390
v -6.255946 1.090208 1.435438
v -6.255946 1.032730 1.548245
v -7.531799 0.935693 1.632703
v -7.531799 0.824632 1.689291
v -7.531799 0.701519 1.708790
v -7.531799 0.578407 1.689291
v -7.531799 0.467346 1.632703
v -7.531799 0.379207 1.544564
v -7.531799 0.322618 1.433502
v -7.531799 0.303119 1.310390
v -7.531799 0.322618 1.187278
v -7.531799 0.379207 1.076216
v -7.531799 0.467345 0.988077
v -7.531799 0.578407 0.931489
v -7.531799 0.701519 0.911990
v -7.531799 0.824632 0.931489
v -7.536482 0.938677 0.983789
v -7.536482 1.026816 1.071928
v -7.531799 1.080421 1.187278
v -7.531799 1.099920 1.310390
v -7.531799 1.080421 1.433502
v -7.531799 1.023832 1.544564
v -7.608077 0.935244 1.632400
v -7.608077 0.824287 1.688936
v -7.608077 0.701290 1.708416
v -7.608077 0.578294 1.688936
v -7.608077 0.467337 1.632400
v -7.608077 0.379281 1.544344
v -7.608077 0.322745 1.433387
v -7.608077 0.303264 1.310390
v -7.608077 0.322745 1.187393
v -7.608077 0.379281 1.076436
v -7.608077 0.467336 0.988380
v -7.608077 0.578293 0.931845
v -7.608077 0.701290 0.912364
v -7.608077 0.824287 0.931845
v -7.612761 0.938342 0.984207
v -7.612761 1.026398 1.072263
v -7.608077 1.079836 1.187393
v -7.608077 1.099316 1.310390
v -7.608077 1.079835 1.433387
v -7.608077 1.023300 1.544344
v -7.811435 0.934047 1.631592
v -7.811435 0.823368 1.687986
v -7.811435 0.700680 1.707417
v -7.811435 0.577991 1.687986
v -7.811435 0.467313 1.631592
v -7.811435 0.379477 1.543757
v -7.811435 0.323084 1.433078
v -7.811435 0.303652 1.310390
v -7.811435 0.323084 1.187702
v -7.811435 0.379477 1.077023
v -7.811435 0.467312 0.989187
v -7.811435 0.577991 0.932794
v -7.811435 0.700680 0.913362
v -7.811435 0.823368 0.932794
v -7.816118 0.937450 0.985320
v -7.816118 1.025285 1.073155
v -7.811435 1.078275 1.187702
v -7.811435 1.097707 1.310390
v -7.811435 1.078275 1.433078
v -7.811435 1.021881 1.543757
v -7.740180 0.934466 1.631875
v -7.740180 0.823690 1.688318
v -7.740180 0.700894 1.707767
v -7.740180 0.578097 1.688318
v -7.740180 0.467321 1.631875
v -7.740180 0.379408 1.543962
v -7.740180 0.322965 1.433186
v -7.740180 0.303516 1.310390
v -7.740180 0.322965 1.187593
v -7.740180 0.379408 1.076818
v -7.740180 0.467321 0.988904
v -7.740180 0.578097 0.932461
v -7.740180 0.700894 0.913013
v -7.740180 0.823690 0.932461
v -7.744864 0.937763 0.984930
v -7.744864 1.025675 1.072842
v -7.740180 1.078822 1.187593
v -7.740180 1.098271 1.310390
v -7.740180 1.078822 1.433186
v -7.740180 1.022378 1.543962
v -7.669015 0.934885 1.632158
v -7.669015 0.824012 1.688651
v -7.669015 0.701107 1.708117
v -7.669015 0.578203 1.688651
v -7.669015 0.467329 1.632158
v -7.669015 0.379339 1.544168
v -7.669015 0.322847 1.433294
v -7.669015 0.303380 1.310390
v -7.669015 0.322847 1.187486
v -7.669015 0.379339 1.076612
v -7.669015 0.467329 0.988622
v -7.669015 0.578203 0.932129
v -7.669015 0.701107 0.912663
v -7.669015 0.824012 0.932129
v -7.673698 0.938075 0.984540
v -7.673698 1.026065 1.072530
v -7.669015 1.079368 1.187486
v -7.669015 1.098834 1.310390
v -7.669015 1.079368 1.433294
v -7.669015 1.022875 1.544168
v -6.123755 1.033652 1.548627
v -6.123755 0.943984 1.638294
v -6.123755 0.830996 1.695865
v -6.123755 0.705748 1.715702
v -6.123755 0.580500 1.695865
v -6.123755 0.467512 1.638294
v -6.123755 0.377844 1.548627
v -6.123755 0.320273 1.435638
v -6.123755 0.300436 1.310390
v -6.123755 0.320273 1.185143
v -6.123755 0.377844 1.072154
v -6.123755 0.467512 0.982486
v -6.123755 0.580500 0.924915
v -6.123755 0.705748 0.905079
v -6.123755 0.830996 0.924915
v -6.128438 0.944854 0.976084
v -6.128438 1.034522 1.065752
v -6.123755 1.091223 1.185143
v -6.123755 1.111060 1.310390
v -6.123755 1.091222 1.435638
v -5.803437 1.070638 1.579819
v -5.796817 0.976688 1.665464
v -6.045193 1.076730 1.590409
v -6.038592 0.983051 1.675808
v -6.064761 1.137693 1.637042
v -6.064761 1.047975 1.726759
v -6.123755 1.149305 1.637921
v -6.123755 1.059637 1.727588
v -6.205085 1.148738 1.637686
v -6.205085 1.059158 1.727265
v -6.255946 1.148383 1.637539
v -6.255946 1.058859 1.727063
v -7.519843 1.141105 1.651937
v -7.519843 1.052966 1.740076
v -7.596121 1.140573 1.651717
v -7.596121 1.052517 1.739773
v -7.657059 1.105329 1.625664
v -7.657059 1.017339 1.713654
v -7.753885 1.113606 1.625721
v -7.753885 1.025694 1.713634
v -7.811435 1.062654 1.581729
v -7.811435 0.974819 1.669564
v -6.088959 1.172368 1.673488
v -6.088959 1.082650 1.763205
v -6.123755 1.181564 1.681695
v -6.123755 1.091896 1.771362
v -6.205085 1.180997 1.681460
v -6.205085 1.091417 1.771039
v -6.255946 1.180642 1.681313
v -6.255946 1.091118 1.770837
v -7.531799 1.171744 1.677632
v -7.531799 1.083605 1.765771
v -7.608077 1.171212 1.677412
v -7.608077 1.083156 1.765468
v -7.662049 1.153389 1.664433
v -7.662049 1.065399 1.752423
v -7.706439 1.139622 1.654022
v -7.706439 1.051710 1.741935
v -6.212924 0.963343 1.617835
v -6.263785 0.963043 1.617633
v -6.212924 1.078995 1.707129
v -6.263785 1.078696 1.706927
v -7.539638 0.955530 1.612566
v -7.527682 1.072804 1.719939
v -7.615916 0.955081 1.612263
v -7.603961 1.072354 1.719636
v -7.676854 0.954722 1.612021
v -7.664898 1.037177 1.693517
v -6.131594 0.963821 1.618158
v -6.131594 1.079474 1.707452
v -6.205085 1.010588 1.569638
v -6.255946 1.010233 1.569491
v -6.255946 1.125886 1.658785
v -6.205085 1.126241 1.658932
v -7.531799 1.001335 1.565810
v -7.519843 1.118608 1.673183
v -7.608077 1.000803 1.565590
v -7.596121 1.118076 1.672963
v -7.669015 1.000378 1.565414
v -7.657059 1.082832 1.646910
v -6.123755 1.011155 1.569873
v -6.123755 1.126808 1.659167
v -8.702456 0.872480 1.548681
v -8.740013 0.903524 1.590236
v -8.533115 0.917048 1.603282
v -8.335302 0.930987 1.614069
v -8.142293 0.943368 1.624678
v -8.001822 0.945444 1.618318
v -7.811435 0.946594 1.619044
v -7.811435 0.987367 1.657016
v -7.753884 1.038253 1.701075
v -7.706439 1.064268 1.729376
v -7.662049 1.077969 1.739853
v -7.608077 1.095735 1.752888
v -7.531799 1.096196 1.753180
v -6.255946 1.103907 1.758048
v -6.205085 1.104214 1.758242
v -6.123755 1.104706 1.758552
v -6.088959 1.095467 1.750389
v -6.064761 1.060792 1.713942
v -6.039535 0.996434 1.663608
v -5.797763 0.990110 1.653229
v -5.803721 0.958728 1.626706
v 0.237516 0.995238 1.649760
v 0.305805 0.991909 1.645582
v 0.372413 0.982004 1.633150
v 0.435699 0.965768 1.612771
v 0.494105 0.943599 1.584946
v 0.546193 0.916044 1.550361
v 0.590681 0.883781 1.509867
v 0.626472 0.847605 1.464461
v 0.652686 0.808406 1.415262
v 0.668678 0.767149 1.363480
v -8.707047 0.887045 1.537092
v -8.745401 0.920623 1.576630
v -8.536667 0.932722 1.589899
v -8.337047 0.945171 1.600991
v -8.142293 0.956125 1.611886
v -8.001822 0.957962 1.605799
v -7.811435 0.959142 1.606496
v -7.811435 0.999915 1.644469
v -7.753884 1.050812 1.688516
v -7.706439 1.076827 1.716817
v -7.662049 1.090539 1.727283
v -7.608077 1.108315 1.740309
v -7.531799 1.108787 1.740588
v -6.255946 1.116696 1.745259
v -6.205085 1.117011 1.745445
v -6.123755 1.117515 1.745743
v -6.088959 1.108284 1.737572
v -6.064761 1.073609 1.701125
v -6.040478 1.009816 1.651408
v -5.798708 1.003531 1.640994
v -5.803721 0.971587 1.613846
v 0.237516 1.009035 1.635963
v 0.305805 1.005536 1.631955
v 0.372413 0.995126 1.620029
v 0.435699 0.978061 1.600478
v 0.494105 0.954760 1.573785
v 0.546193 0.925799 1.540606
v 0.590681 0.891890 1.501758
v 0.626472 0.853868 1.458198
v 0.652686 0.812669 1.410998
v 0.668678 0.769308 1.361322
v -8.711637 0.901609 1.525503
v -8.750790 0.937721 1.563025
v -8.540219 0.948395 1.576516
v -8.338791 0.959355 1.587914
v -8.142293 0.968881 1.599094
v -8.001822 0.970480 1.593281
v -7.811435 0.971690 1.593948
v -7.811435 1.012462 1.631921
v -7.753884 1.063370 1.675957
v -7.706439 1.089386 1.704257
v -7.662049 1.103109 1.714713
v -7.608077 1.120894 1.727729
v -7.531799 1.121379 1.727997
v -6.255946 1.129485 1.732470
v -6.205085 1.129808 1.732648
v -6.123755 1.130325 1.732933
v -6.088960 1.121101 1.724755
v -6.064761 1.086426 1.688308
v -6.041421 1.023199 1.639208
v -5.799654 1.016953 1.628759
v -5.803721 0.984447 1.600987
v 0.237516 1.022831 1.622167
v 0.305805 1.019163 1.618328
v 0.372413 1.008247 1.606907
v 0.435699 0.990353 1.588185
v 0.494105 0.965922 1.562623
v 0.546193 0.935555 1.530850
v 0.590681 0.900000 1.493648
v 0.626472 0.860132 1.451934
v 0.652686 0.816932 1.406735
v 0.668678 0.771466 1.359163
v -8.716227 0.916174 1.513913
v -8.756178 0.954820 1.549419
v -8.543772 0.964068 1.563133
v -8.340536 0.973539 1.574837
v -8.142293 0.981638 1.586303
v -8.001822 0.982999 1.580763
v -7.811435 0.984238 1.581401
v -7.811435 1.025010 1.619373
v -7.753885 1.075929 1.663398
v -7.706439 1.101945 1.691699
v -7.662049 1.115679 1.702143
v -7.608077 1.133473 1.715150
v -7.531799 1.133970 1.715406
v -6.255946 1.142274 1.719681
v -6.205085 1.142605 1.719851
v -6.123755 1.143135 1.720124
v -6.088960 1.133917 1.711938
v -6.064761 1.099242 1.675492
v -6.042364 1.036582 1.627008
v -5.800600 1.030374 1.616524
v -5.803721 0.997306 1.588128
v 0.237516 1.036628 1.608370
v 0.305805 1.032789 1.604702
v 0.372413 1.021368 1.593786
v 0.435699 1.002646 1.575892
v 0.494105 0.977084 1.551461
v 0.546193 0.945311 1.521094
v 0.590681 0.908109 1.485539
v 0.626472 0.866395 1.445671
v 0.652686 0.821196 1.402472
v 0.668678 0.773624 1.357005
v -8.720817 0.930739 1.502324
v -8.761566 0.971918 1.535814
v -8.547323 0.979741 1.549750
v -8.342280 0.987722 1.561760
v -8.142293 0.994394 1.573511
v -8.001822 0.995517 1.568244
v -7.811435 0.996786 1.568853
v -7.811435 1.037558 1.606825
v -7.753885 1.088488 1.650839
v -7.706439 1.114504 1.679140
v -7.662049 1.128249 1.689573
v -7.608077 1.146053 1.702570
v -7.531798 1.146561 1.702815
v -6.255946 1.155064 1.706892
v -6.205085 1.155402 1.707054
v -6.123755 1.155944 1.707314
v -6.088960 1.146734 1.699121
v -6.064760 1.112059 1.662675
v -6.043307 1.049965 1.614809
v -5.801546 1.043795 1.604289
v -5.803721 1.010165 1.575268
v 0.237516 1.050424 1.594574
v 0.305805 1.046416 1.591075
v 0.372413 1.034490 1.580665
v 0.435699 1.014939 1.563600
v 0.494105 0.988245 1.540300
v 0.546193 0.955066 1.511339
v 0.590681 0.916218 1.477429
v 0.626472 0.872659 1.439407
v 0.652686 0.825459 1.398208
v 0.668678 0.775782 1.354847
v -8.725407 0.945303 1.490735
v -8.766955 0.989017 1.522208
v -8.550875 0.995414 1.536367
v -8.344025 1.001906 1.548683
v -8.142293 1.007151 1.560719
v -8.001822 1.008035 1.555726
v -7.811435 1.009334 1.556305
v -7.811435 1.050106 1.594277
v -7.753885 1.101047 1.638280
v -7.706439 1.127063 1.666581
v -7.662049 1.140819 1.677003
v -7.608077 1.158632 1.689991
v -7.531798 1.159152 1.690223
v -6.255946 1.167853 1.694102
v -6.205085 1.168200 1.694257
v -6.123755 1.168754 1.694504
v -6.088960 1.159551 1.686305
v -6.064760 1.124876 1.649858
v -6.044250 1.063347 1.602609
v -5.802491 1.057217 1.592054
v -5.803721 1.023025 1.562409
v 0.237516 1.064221 1.580777
v 0.305805 1.060043 1.577448
v 0.372413 1.047611 1.567544
v 0.435699 1.027232 1.551307
v 0.494105 0.999407 1.529138
v 0.546193 0.964822 1.501583
v 0.590681 0.924328 1.469320
v 0.626472 0.878922 1.433144
v 0.652686 0.829723 1.393945
v 0.668678 0.777941 1.352689
v -7.531799 1.116483 1.753314
v -7.531799 1.103892 1.765906
v -7.608077 1.116010 1.753035
v -7.608077 1.103431 1.765614
v -6.255946 1.124392 1.757985
v -6.255946 1.111602 1.770774
v -6.205085 1.124707 1.758171
v -6.205085 1.111910 1.770968
v -6.123755 1.125211 1.758469
v -6.123755 1.112401 1.771278
v -7.531799 1.141666 1.728132
v -7.531799 1.129074 1.740723
v -7.608077 1.141169 1.727876
v -7.608077 1.128590 1.740455
v -6.255946 1.149970 1.732407
v -6.255946 1.137181 1.745196
v -6.205085 1.150301 1.732577
v -6.205085 1.137504 1.745374
v -6.123755 1.150830 1.732850
v -6.123755 1.138021 1.745659
v -7.531798 1.166848 1.702949
v -7.531798 1.154257 1.715541
v -7.608077 1.166328 1.702717
v -7.608077 1.153749 1.715297
v -6.255946 1.175548 1.706828
v -6.255946 1.162759 1.719618
v -6.205085 1.175895 1.706983
v -6.205085 1.163098 1.719780
v -6.123755 1.176450 1.707230
v -6.123755 1.163640 1.720040
v -5.811858 0.989151 0.946117
v -5.812804 0.976916 0.932695
v -6.054560 0.987506 0.926603
v -6.053617 0.999706 0.939986
v -6.074128 1.034138 0.865641
v -6.074127 1.046955 0.878458
v -6.098327 1.083402 0.843782
v -6.098326 1.070585 0.830966
v -6.133121 1.078792 0.821770
v -6.133121 1.091601 0.834579
v -6.214452 1.091354 0.835134
v -6.214452 1.078557 0.822337
v -6.265313 1.078410 0.822691
v -6.265313 1.091199 0.835481
v -7.541166 1.074729 0.831590
v -7.541165 1.087320 0.844181
v -7.617444 1.074509 0.832122
v -7.617444 1.087088 0.844701
v -7.671416 1.061530 0.849945
v -7.671416 1.074100 0.862514
v -7.763252 1.035377 0.902287
v -7.763252 1.022819 0.889727
v -7.820802 0.978826 0.940680
v -7.820802 0.991374 0.953228
v -7.715806 1.051119 0.863711
v -7.715806 1.063678 0.876270
v -5.810412 0.959284 0.984242
v -5.806184 1.062561 1.026645
v -6.047959 1.072904 1.020282
v -6.074128 1.123855 0.955358
v -6.133121 1.035018 0.854029
v -6.133121 1.124685 0.943696
v -6.214452 0.966735 0.992746
v -6.265313 0.966588 0.993100
v -6.265313 1.055882 0.877448
v -6.214452 1.056029 0.877093
v -6.273152 1.014729 1.040290
v -6.222291 1.014931 1.039991
v -6.222291 1.104226 0.924338
v -6.273152 1.104024 0.924637
v -7.541166 0.962907 1.001998
v -7.529210 1.070280 0.884725
v -7.549005 1.009663 1.047803
v -7.537049 1.117036 0.930530
v -7.617444 0.962687 1.002531
v -7.605488 1.070060 0.885258
v -7.625283 1.009360 1.048252
v -7.613328 1.116733 0.930979
v -7.678382 0.962511 1.002956
v -7.666426 1.044007 0.920501
v -7.686221 1.009118 1.048611
v -7.674265 1.090614 0.966157
v -7.816118 0.949998 0.997868
v -7.763252 1.110731 0.977640
v -7.820802 1.066661 1.028515
v -7.666426 1.022761 0.898004
v -7.666426 1.110751 0.985994
v -6.133121 0.966969 0.992178
v -6.133121 1.056264 0.876525
v -6.140961 1.015254 1.039512
v -6.140961 1.104549 0.923859
v -6.098326 1.160302 0.920683
v -6.133121 1.168459 0.911438
v -6.214452 1.034783 0.854596
v -6.265313 1.034636 0.854950
v -6.265313 1.124160 0.944475
v -6.214452 1.124362 0.944175
v -6.214452 1.168136 0.911916
v -6.265313 1.167934 0.912216
v -7.529210 1.049034 0.862228
v -7.529210 1.137172 0.950367
v -7.541166 1.162867 0.919729
v -7.605488 1.048814 0.862761
v -7.605488 1.136869 0.950816
v -7.617444 1.162564 0.920178
v -7.671416 1.149519 0.937934
v -7.715806 1.139031 0.951624
v -7.820802 1.054113 1.015966
v -7.816118 1.012738 1.060607
v -7.763251 1.098172 0.965081
v -7.715806 1.126472 0.939065
v -7.671416 1.136950 0.925364
v -7.617444 1.149985 0.907598
v -7.541166 1.150276 0.907137
v -6.265313 1.155145 0.899427
v -6.214452 1.155339 0.899119
v -6.133121 1.155649 0.898628
v -6.098326 1.147485 0.907866
v -6.074128 1.111039 0.942542
v -6.048902 1.060705 1.006900
v -5.807130 1.050326 1.013224
v -5.808740 1.023441 1.050997
v -7.820802 1.041565 1.003419
v -7.816118 1.000190 1.048059
v -7.763251 1.085613 0.952522
v -7.715806 1.113914 0.926507
v -7.671416 1.124379 0.912794
v -7.617444 1.137406 0.895019
v -7.541166 1.163002 0.899442
v -7.541166 1.150411 0.886850
v -7.617444 1.150132 0.887323
v -7.617444 1.162711 0.899903
v -6.265313 1.167871 0.891731
v -6.265313 1.155082 0.878942
v -6.214452 1.168065 0.891424
v -6.214452 1.155268 0.878626
v -6.133121 1.168375 0.890932
v -6.133121 1.155566 0.878122
v -6.098326 1.134669 0.895050
v -6.133121 1.142840 0.885818
v -6.074128 1.098222 0.929725
v -6.049845 1.048505 0.993517
v -5.808075 1.038091 0.999802
v -5.809074 1.010610 1.037646
v -7.820802 1.029017 0.990871
v -7.816118 0.987642 1.035511
v -7.763251 1.073054 0.939963
v -7.715806 1.101354 0.913947
v -7.671416 1.111809 0.900224
v -7.617444 1.124826 0.882440
v -7.541166 1.137685 0.894546
v -7.541166 1.125094 0.881955
v -6.265313 1.142356 0.886638
v -6.265313 1.129567 0.873848
v -6.214452 1.142542 0.886322
v -6.214452 1.129745 0.873525
v -6.133121 1.130030 0.873008
v -6.098327 1.121852 0.882233
v -6.074128 1.085405 0.916908
v -6.050788 1.036305 0.980134
v -5.809021 1.025856 0.986381
v -5.809409 0.997778 1.024295
v -7.820802 1.016470 0.978323
v -7.816118 0.975094 1.022963
v -7.763252 1.060495 0.927404
v -7.715806 1.088795 0.901388
v -7.671416 1.099240 0.887654
v -7.617444 1.112247 0.869860
v -7.541166 1.137820 0.874259
v -7.541166 1.125229 0.861668
v -7.617444 1.124973 0.862164
v -7.617444 1.137552 0.874744
v -6.265313 1.142293 0.866153
v -6.265313 1.129504 0.853364
v -6.214452 1.142471 0.865829
v -6.214452 1.129674 0.853033
v -6.133121 1.142756 0.865313
v -6.133121 1.129946 0.852503
v -6.098327 1.109035 0.869416
v -6.133121 1.117220 0.860199
v -6.074128 1.072589 0.904091
v -6.051731 1.024105 0.966751
v -5.809967 1.013621 0.972960
v -5.809743 0.984947 1.010944
v -7.820802 1.003922 0.965775
v -7.816118 0.962546 1.010415
v -7.763252 1.047936 0.914845
v -7.715806 1.076237 0.888829
v -7.671416 1.086670 0.875084
v -7.617444 1.099667 0.857281
v -7.541166 1.112503 0.869363
v -7.541165 1.099911 0.856772
v -6.265313 1.116777 0.861059
v -6.265313 1.103988 0.848270
v -6.214452 1.116948 0.860728
v -6.214452 1.104151 0.847931
v -6.133121 1.104411 0.847389
v -6.098327 1.096218 0.856599
v -6.074127 1.059772 0.891274
v -6.052674 1.011906 0.953369
v -5.810913 1.001386 0.959538
v -5.810078 0.972115 0.997593
v -7.541165 1.112637 0.849077
v -7.541165 1.100046 0.836485
v -7.617444 1.099814 0.837006
v -7.617444 1.112393 0.849585
v -6.265313 1.116715 0.840574
v -6.265313 1.103925 0.827785
v -6.214452 1.116877 0.840235
v -6.214452 1.104080 0.827438
v -6.133121 1.117137 0.839694
v -6.133121 1.104327 0.826884
v -8.001822 0.945444 1.002462
v -8.142293 0.943368 0.996120
v -8.314069 0.905314 0.986795
v -8.489880 0.864775 0.976833
v -8.674423 0.824223 0.968956
v -8.646586 0.804930 1.019470
v -8.001822 0.957962 1.014980
v -8.142293 0.956125 1.008913
v -8.317555 0.918790 0.998707
v -8.496979 0.879006 0.987842
v -8.685192 0.839134 0.978959
v -8.655760 0.817632 1.027990
v -8.001822 0.970481 1.027499
v -8.142293 0.968881 1.021707
v -8.321042 0.932265 1.010619
v -8.504078 0.893237 0.998850
v -8.695962 0.854045 0.988961
v -8.664933 0.830333 1.036510
v -8.001822 0.982999 1.040017
v -8.142293 0.981638 1.034500
v -8.324529 0.945741 1.022530
v -8.511177 0.907469 1.009858
v -8.706732 0.868956 0.998963
v -8.674107 0.843035 1.045030
v -8.001822 0.995517 1.052536
v -8.142293 0.994394 1.047293
v -8.328015 0.959217 1.034442
v -8.518275 0.921700 1.020867
v -8.717501 0.883867 1.008966
v -8.683280 0.855736 1.053550
v -8.001822 1.008036 1.065054
v -8.142293 1.007151 1.060087
v -8.331501 0.972693 1.046353
v -8.525373 0.935931 1.031875
v -8.728270 0.898778 1.018968
v -8.692453 0.868437 1.062070
v 0.237516 1.064221 1.040004
v 0.305805 1.060043 1.043333
v 0.372413 1.047611 1.053238
v 0.435699 1.027232 1.069475
v 0.494105 0.999407 1.091644
v 0.546193 0.964822 1.119199
v 0.590681 0.924328 1.151462
v 0.626472 0.878922 1.187638
v 0.652686 0.829723 1.226837
v 0.668678 0.777941 1.268094
v 0.237516 1.050424 1.026208
v 0.305805 1.046416 1.029706
v 0.372413 1.034490 1.040117
v 0.435699 1.014939 1.057182
v 0.494105 0.988246 1.080482
v 0.546193 0.955066 1.109443
v 0.590681 0.916219 1.143353
v 0.626472 0.872659 1.181374
v 0.652686 0.825459 1.222574
v 0.668678 0.775783 1.265935
v 0.237516 1.036628 1.012411
v 0.305805 1.032789 1.016080
v 0.372413 1.021369 1.026995
v 0.435699 1.002646 1.044889
v 0.494105 0.977084 1.069320
v 0.546193 0.945311 1.099688
v 0.590681 0.908109 1.135243
v 0.626472 0.866395 1.175111
v 0.652686 0.821196 1.218310
v 0.668678 0.773624 1.263777
v 0.237516 1.022831 0.998615
v 0.305805 1.019163 1.002453
v 0.372413 1.008247 1.013874
v 0.435699 0.990353 1.032597
v 0.494105 0.965922 1.058159
v 0.546193 0.935555 1.089932
v 0.590681 0.900000 1.127134
v 0.626472 0.860132 1.168847
v 0.652686 0.816932 1.214047
v 0.668678 0.771466 1.261619
v 0.237516 1.009035 0.984818
v 0.305805 1.005536 0.988827
v 0.372413 0.995126 1.000753
v 0.435699 0.978061 1.020304
v 0.494105 0.954761 1.046997
v 0.546193 0.925799 1.080176
v 0.590681 0.891890 1.119024
v 0.626472 0.853868 1.162584
v 0.652686 0.812669 1.209784
v 0.668678 0.769308 1.259460
v 0.237516 0.995238 0.971022
v 0.305805 0.991909 0.975200
v 0.372413 0.982005 0.987632
v 0.435699 0.965768 1.008011
v 0.494105 0.943599 1.035836
v 0.546193 0.916044 1.070421
v 0.590681 0.883781 1.110915
v 0.626472 0.847605 1.156320
v 0.652686 0.808406 1.205520
v 0.668678 0.767149 1.257302
vt 0.075323 0.413961
vt 0.069739 0.417274
vt 1.960131 1.642518
vt 1.939173 1.606837
vt 0.743794 0.073880
vt 0.738758 0.070004
vt 1.714190 1.683944
vt 1.728328 1.722985
vt 0.388319 0.212232
vt 0.381342 0.212206
vt 1.798832 1.530246
vt 1.757883 1.536561
vt 0.368009 0.215104
vt 0.080536 0.410302
vt 1.909556 1.578234
vt 1.875139 1.555983
vt 0.082554 0.423868
vt 0.081595 0.417168
vt 0.369253 0.223878
vt 0.370356 0.232455
vt 0.076248 0.423415
vt 0.075831 0.418719
vt 0.382923 0.233170
vt 0.382164 0.222827
vt 0.388756 0.222979
vt 0.389209 0.233462
vt 0.375753 0.232787
vt 0.374717 0.223211
vt 0.375629 0.223101
vt 0.376649 0.232842
vt 1.838793 1.538985
vt 0.374483 0.213094
vt 0.373558 0.213381
vt 0.372433 0.203106
vt 0.401963 0.213415
vt 0.394974 0.212724
vt 1.726539 1.559504
vt 1.713168 1.599302
vt 0.395506 0.233750
vt 0.395228 0.223365
vt 0.401862 0.223865
vt 0.401805 0.234050
vt 0.738048 0.086537
vt 0.738408 0.078384
vt 0.744066 0.080332
vt 0.744348 0.086661
vt 0.402824 0.223985
vt 0.402705 0.234087
vt 0.408115 0.234307
vt 0.408596 0.224711
vt 1.712885 1.605505
vt 0.402989 0.213625
vt 0.409142 0.214885
vt 0.409634 0.204598
vt 0.773795 0.086950
vt 0.766952 0.086150
vt 1.864591 1.798549
vt 1.903881 1.785647
vt 0.754004 0.081785
vt 0.748702 0.078037
vt 1.751305 1.759083
vt 1.783540 1.785577
vt 0.750659 0.086853
vt 0.749662 0.082467
vt 0.755476 0.084470
vt 0.756962 0.087157
vt 0.769451 0.087977
vt 0.768217 0.087026
vt 0.774752 0.087625
vt 0.775681 0.088374
vt 0.761720 0.086011
vt 0.763222 0.087561
vt 1.822699 1.797479
vt 0.760196 0.084510
vt 0.056614 0.420803
vt 0.780680 0.087355
vt 1.935903 1.760049
vt 1.956776 1.723721
vt 0.050970 0.422502
vt 0.781321 0.088087
vt 0.056971 0.421668
vt 0.057283 0.422601
vt 0.069921 0.423033
vt 0.069865 0.420153
vt 0.063570 0.421208
vt 0.063591 0.422767
vt 1.966495 1.683299
vt 0.063495 0.419693
vt 1.236423 0.568377
vt 1.240651 0.565735
vt 1.250462 0.578463
vt 1.242506 0.583234
vt 1.243572 0.562554
vt 1.244075 0.562030
vt 1.256942 0.571670
vt 1.255998 0.572624
vt 1.246431 0.557508
vt 1.261517 0.563309
vt 1.247512 0.552491
vt 1.263841 0.553914
vt 1.247203 0.547370
vt 1.263699 0.544111
vt 1.245478 0.542575
vt 1.261015 0.534592
vt 1.242413 0.538559
vt 1.255832 0.526116
vt 1.238182 0.535782
vt 1.221206 0.518558
vt 1.220848 0.537032
vt 1.212024 0.521797
vt 1.216762 0.539653
vt 1.204463 0.527734
vt 1.213713 0.543444
vt 1.198988 0.535585
vt 1.211913 0.548002
vt 1.195900 0.544600
vt 1.211474 0.552909
vt 1.195343 0.554051
vt 1.212406 0.557757
vt 1.197298 0.563237
vt 1.214624 0.562158
vt 1.201583 0.571502
vt 1.217955 0.565771
vt 1.207854 0.578271
vt 1.221519 0.568004
vt 1.222104 0.568388
vt 1.215661 0.583111
vt 1.214558 0.582399
vt 1.226791 0.569741
vt 1.224464 0.585634
vt 1.231685 0.569741
vt 1.233630 0.585681
vt 1.259744 0.591144
vt 1.248255 0.597851
vt 1.269128 0.581568
vt 1.267770 0.582917
vt 1.275875 0.569749
vt 1.279525 0.556421
vt 1.279812 0.542377
vt 1.276660 0.528455
vt 1.270132 0.515539
vt 1.214928 0.501332
vt 1.202008 0.507573
vt 1.191604 0.517151
vt 1.184216 0.529033
vt 1.180201 0.542277
vt 1.179740 0.555956
vt 1.182804 0.569151
vt 1.189140 0.580988
vt 1.198275 0.590681
vt 1.209578 0.597546
vt 1.207973 0.596545
vt 1.222282 0.601158
vt 1.235478 0.601266
vt 1.268785 0.603774
vt 1.253871 0.612314
vt 1.280970 0.591586
vt 1.279225 0.593319
vt 1.289859 0.576556
vt 1.294865 0.559613
vt 1.295715 0.541701
vt 1.292393 0.523754
vt 1.285071 0.506671
vt 1.206793 0.484736
vt 1.190895 0.494467
vt 1.178225 0.507735
vt 1.169323 0.523492
vt 1.164636 0.540732
vt 1.164415 0.558394
vt 1.168653 0.575374
vt 1.177050 0.590590
vt 1.189014 0.603063
vt 1.203726 0.611836
vt 1.201620 0.610581
vt 1.220223 0.616495
vt 1.237320 0.616661
vt 1.277714 0.616350
vt 1.259446 0.626685
vt 1.292640 0.601651
vt 1.290534 0.603770
vt 1.303651 0.583572
vt 1.310020 0.563244
vt 1.311494 0.541758
vt 1.308176 0.520145
vt 1.300424 0.499278
vt 1.196988 0.469081
vt 1.178879 0.482460
vt 1.164426 0.499299
vt 1.154309 0.518728
vt 1.149126 0.539761
vt 1.149245 0.561227
vt 1.154706 0.581833
vt 1.165179 0.600294
vt 1.179963 0.615445
vt 1.198038 0.626060
vt 1.195428 0.624581
vt 1.218269 0.631744
vt 1.239197 0.631958
vt 1.286608 0.628882
vt 1.265033 0.641014
vt 1.304251 0.611723
vt 1.301805 0.614238
vt 1.317374 0.590704
vt 1.325093 0.567147
vt 1.327213 0.542309
vt 1.323985 0.517346
vt 1.316021 0.493112
vt 1.185786 0.454552
vt 1.166155 0.471473
vt 1.150301 0.491656
vt 1.139179 0.514548
vt 1.133622 0.539210
vt 1.134149 0.564353
vt 1.140868 0.588485
vt 1.153434 0.610097
vt 1.171046 0.627846
vt 1.192470 0.640275
vt 1.189348 0.638600
vt 1.216406 0.646980
vt 1.241130 0.647227
vt 1.295521 0.641390
vt 1.270682 0.655348
vt 1.315897 0.621787
vt 1.313124 0.624708
vt 1.331120 0.597902
vt 1.340168 0.571205
vt 1.342925 0.543166
vt 1.339815 0.515107
vt 1.331748 0.487916
vt 1.173498 0.441233
vt 1.152912 0.461373
vt 1.135924 0.484616
vt 1.123937 0.510780
vt 1.118079 0.538953
vt 1.119057 0.567700
vt 1.127062 0.595306
vt 1.141736 0.620012
vt 1.162194 0.640288
vt 1.186982 0.654542
vt 1.183340 0.652687
vt 1.214608 0.662272
vt 1.243132 0.662528
vt 1.304503 0.653905
vt 1.276445 0.669737
vt 1.327674 0.631847
vt 1.324580 0.635182
vt 1.344973 0.605135
vt 1.355315 0.575321
vt 1.358682 0.544159
vt 1.355674 0.513195
vt 1.347513 0.483420
vt 1.160474 0.429109
vt 1.139327 0.451973
vt 1.121361 0.477972
vt 1.108575 0.507260
vt 1.102449 0.538877
vt 1.103900 0.571206
vt 1.113212 0.602282
vt 1.130016 0.630068
vt 1.153333 0.652794
vt 1.181528 0.668938
vt 1.177357 0.666909
vt 1.212839 0.677688
vt 1.245216 0.677923
vt 1.313603 0.666475
vt 1.282398 0.684239
vt 1.339711 0.641944
vt 1.336276 0.645697
vt 1.359009 0.612400
vt 1.370609 0.579413
vt 1.374543 0.545127
vt 1.371576 0.511366
vt 1.363250 0.479310
vt 1.147119 0.418052
vt 1.125588 0.443004
vt 1.106670 0.471496
vt 1.093072 0.503822
vt 1.086668 0.538875
vt 1.088591 0.574817
vt 1.099231 0.609414
vt 1.118199 0.640317
vt 1.144377 0.665399
vt 1.176040 0.683588
vt 1.171327 0.681361
vt 1.211043 0.693307
vt 1.247395 0.693482
vt 1.322880 0.679143
vt 0.900011 0.057118
vt 0.913677 0.056983
vt 0.912701 0.056991
vt 0.920510 0.056934
vt 0.927343 0.056899
vt 0.934177 0.056874
vt 0.941010 0.056857
vt 0.947843 0.056847
vt 0.818036 0.059063
vt 0.824866 0.058857
vt 0.831696 0.058654
vt 0.838527 0.058457
vt 0.845357 0.058264
vt 0.852188 0.058079
vt 0.859019 0.057901
vt 0.865850 0.057735
vt 1.135239 0.678143
vt 0.879514 0.057440
vt 0.878538 0.057461
vt 0.886346 0.057316
vt 0.893178 0.057208
vt 1.229303 0.552872
vt 1.243075 0.563080
vt 1.242583 0.563608
vt 1.242094 0.564137
vt 1.241609 0.564667
vt 1.241128 0.565200
vt 1.220931 0.567624
vt 1.220341 0.567246
vt 1.219748 0.566874
vt 1.219153 0.566503
vt 1.218554 0.566135
vt 0.910610 0.359517
vt 0.377323 0.350038
vt 0.522678 1.067534
vt 0.739118 1.698224
vt 0.077641 0.540709
vt 0.071279 0.540416
vt 0.064918 0.540114
vt 0.058557 0.539803
vt 0.052196 0.539486
vt 0.775873 0.205480
vt 0.769512 0.205170
vt 0.763152 0.204855
vt 0.756792 0.204537
vt 0.750434 0.204214
vt 0.744075 0.203886
vt 0.737717 0.203550
vt 0.731358 0.203205
vt 0.878465 0.359788
vt 0.157531 1.713041
vt 0.699281 1.644919
vt 0.390047 0.350639
vt 0.383685 0.350346
vt 0.376468 0.239872
vt 0.375581 0.239820
vt 0.382676 0.240188
vt 0.388878 0.240484
vt 0.395081 0.240772
vt 0.401285 0.241055
vt 0.402171 0.241093
vt 0.737561 0.093513
vt 0.407485 0.241320
vt 0.743801 0.093706
vt 0.750055 0.093937
vt 0.756316 0.094236
vt 0.762580 0.094603
vt 0.768847 0.095007
vt 0.775094 0.095423
vt 0.051142 0.429528
vt 0.057372 0.429659
vt 0.063629 0.429858
vt 0.069891 0.430134
vt 0.076146 0.430483
vt 0.082382 0.430875
vt 0.370271 0.239503
vt 1.832194 1.160637
vt 1.804217 1.125524
vt 1.586585 1.342392
vt 1.627672 1.365884
vt 1.618445 1.095555
vt 1.575716 1.135666
vt 1.769793 1.095609
vt 1.724616 1.076431
vt 1.841235 1.559254
vt 1.671239 1.074513
vt 1.550733 1.184015
vt 1.542207 1.241598
vt 1.543407 1.250186
vt 1.555182 1.301127
vt 1.813727 1.368876
vt 1.853379 1.340152
vt 1.672020 1.377563
vt 1.716641 1.381725
vt 1.764801 1.381290
vt 1.875761 1.297755
vt 1.875490 1.247779
vt 1.857123 1.200686
vt 1.761830 1.266226
vt 1.845724 1.561354
vt 1.850216 1.563449
vt 1.854712 1.565541
vt 1.859216 1.567627
vt 1.863794 1.569642
vt 1.726985 1.640857
vt 1.727736 1.635466
vt 1.728481 1.630062
vt 1.729221 1.624643
vt 1.729954 1.619207
vt 0.432296 1.117077
vt 0.732053 0.191276
vt 0.738393 0.191620
vt 0.744733 0.191955
vt 0.751073 0.192282
vt 0.757414 0.192604
vt 0.763754 0.192922
vt 0.770096 0.193235
vt 0.776440 0.193546
vt 0.052775 0.527552
vt 0.059118 0.527867
vt 0.065460 0.528177
vt 0.071802 0.528479
vt 0.078146 0.528771
vt 0.521946 1.117240
vt 0.584051 1.437035
vt 0.377906 0.338103
vt 0.384249 0.338411
vt 0.390593 0.338703
vt 0.156447 1.663341
vt 0.698982 1.635502
vt 0.695210 1.635185
vt 0.168810 1.662602
vt 0.701091 1.585162
vt 0.431264 1.124393
vt 0.732156 0.189503
vt 0.738494 0.189847
vt 0.744831 0.190182
vt 0.751168 0.190509
vt 0.757506 0.190830
vt 0.763844 0.191148
vt 0.770183 0.191462
vt 0.776524 0.191772
vt 0.052862 0.525778
vt 0.059201 0.526093
vt 0.065540 0.526403
vt 0.071880 0.526704
vt 0.078221 0.526997
vt 0.521843 1.124627
vt 0.584001 1.429648
vt 0.377992 0.336329
vt 0.384333 0.336637
vt 0.390674 0.336929
vt 0.156283 1.655955
vt 0.184684 1.658148
vt 0.699400 1.568546
vt 0.237202 1.719765
vt 0.732289 0.187220
vt 0.738623 0.187563
vt 0.744957 0.187897
vt 0.751291 0.188224
vt 0.757625 0.188546
vt 0.763959 0.188863
vt 0.770295 0.189177
vt 0.776631 0.189487
vt 0.052972 0.523493
vt 0.059308 0.523808
vt 0.065644 0.524117
vt 0.071980 0.524419
vt 0.078318 0.524711
vt 0.294119 1.369501
vt 0.428565 1.067530
vt 0.378104 0.334044
vt 0.384441 0.334352
vt 0.390779 0.334644
vt 0.887750 1.461532
vt 0.699944 1.556939
vt 0.696173 1.556847
vt 0.197747 1.645880
vt 0.563952 1.443864
vt 0.732526 0.183158
vt 0.062093 1.083666
vt 0.067578 1.092722
vt 0.732675 0.180618
vt 0.738854 0.183501
vt 0.738999 0.180960
vt 0.745182 0.183834
vt 0.745322 0.181293
vt 0.751508 0.184160
vt 0.751645 0.181618
vt 0.757836 0.184482
vt 0.757968 0.181940
vt 0.764164 0.184799
vt 0.764292 0.182258
vt 0.770493 0.185113
vt 0.770617 0.182572
vt 0.046840 0.519110
vt 0.776944 0.182882
vt 0.053170 0.519429
vt 0.053294 0.516887
vt 0.059499 0.519743
vt 0.059619 0.517201
vt 0.065828 0.520052
vt 0.065944 0.517510
vt 0.072158 0.520353
vt 0.072269 0.517811
vt 0.078489 0.520645
vt 0.078596 0.518103
vt 0.299951 1.353608
vt 0.303597 1.343669
vt 0.378302 0.329980
vt 0.402836 1.730272
vt 0.400433 1.719960
vt 0.378426 0.327438
vt 0.384633 0.330287
vt 0.384753 0.327745
vt 0.390965 0.330579
vt 0.391081 0.328036
vt 0.887747 1.478461
vt 0.887746 1.489048
vt 0.564446 1.460788
vt 0.197825 1.628950
vt 0.197874 1.618364
vt 0.564756 1.471369
vt 0.205180 1.319860
vt 0.736394 0.116908
vt 0.742619 0.117225
vt 0.748843 0.117537
vt 0.755064 0.117851
vt 0.761286 0.118172
vt 0.767508 0.118499
vt 0.773732 0.118828
vt 0.779959 0.119152
vt 0.056385 0.453133
vt 0.062609 0.453430
vt 0.068832 0.453729
vt 0.075055 0.454029
vt 0.081279 0.454327
vt 0.395074 1.094347
vt 0.340206 1.461298
vt 0.381539 0.263678
vt 0.387768 0.263981
vt 0.393998 0.264268
vt 0.887700 1.754617
vt 0.199339 1.352792
vt 0.572521 1.736834
vt 0.213407 1.333439
vt 0.736610 0.113110
vt 0.742831 0.113411
vt 0.749051 0.113712
vt 0.755269 0.114023
vt 0.761487 0.114347
vt 0.767706 0.114683
vt 0.773926 0.115027
vt 0.780147 0.115368
vt 0.056570 0.449324
vt 0.062787 0.449610
vt 0.069004 0.449905
vt 0.075220 0.450210
vt 0.081439 0.450518
vt 0.400543 1.079441
vt 0.336605 1.445833
vt 0.381725 0.259867
vt 0.387948 0.260168
vt 0.394172 0.260455
vt 0.887698 1.770495
vt 0.199427 1.336914
vt 0.570727 1.755756
vt 0.219979 1.344288
vt 0.736778 0.110076
vt 0.742998 0.110364
vt 0.749215 0.110656
vt 0.755432 0.110964
vt 0.761649 0.111291
vt 0.767866 0.111635
vt 0.774084 0.111991
vt 0.780302 0.112346
vt 0.056714 0.446281
vt 0.062927 0.446557
vt 0.069140 0.446849
vt 0.075354 0.447159
vt 0.081570 0.447476
vt 0.296122 1.747848
vt 0.333729 1.433479
vt 0.381873 0.256821
vt 0.388092 0.257122
vt 0.394312 0.257409
vt 0.885657 1.085243
vt 0.194990 1.325619
vt 0.709365 1.228308
vt 0.737150 0.102989
vt 0.734392 1.176301
vt 0.743370 0.103241
vt 0.749592 0.103509
vt 0.755814 0.103810
vt 0.762036 0.104148
vt 0.768257 0.104512
vt 0.774477 0.104899
vt 0.050827 0.438946
vt 0.057032 0.439168
vt 0.063243 0.439416
vt 0.069458 0.439702
vt 0.075674 0.440025
vt 0.081890 0.440370
vt 0.369717 0.248782
vt 0.569054 1.067883
vt 0.762884 1.227352
vt 0.382218 0.249703
vt 0.388429 0.250003
vt 0.394639 0.250291
vt 0.708545 1.175670
vt 0.401737 0.250604
vt 0.736968 0.106534
vt 0.393001 1.469412
vt 0.743187 0.106805
vt 0.749406 0.107086
vt 0.755623 0.107391
vt 0.761841 0.107722
vt 0.768058 0.108076
vt 0.774276 0.108447
vt 0.050667 0.442478
vt 0.056877 0.442728
vt 0.063088 0.442990
vt 0.069299 0.443279
vt 0.075512 0.443594
vt 0.081726 0.443924
vt 0.505310 1.471474
vt 0.382046 0.253264
vt 0.569682 1.082702
vt 0.388260 0.253565
vt 0.394475 0.253852
vt 0.158154 1.308824
vt 0.710071 1.205711
vt 0.706376 1.205621
vt 0.169845 1.294149
vt 0.711542 1.187336
vt 0.191521 1.316332
vt 0.710097 1.218422
vt 0.721618 1.637387
vt 0.723658 1.587043
vt 0.722030 1.569098
vt 0.892404 1.431478
vt 0.232374 1.689739
vt 0.881307 1.478480
vt 0.881305 1.489068
vt 0.885797 1.403981
vt 0.885858 1.414569
vt 0.073454 1.091061
vt 0.067968 1.082006
vt 0.238143 1.671151
vt 0.238079 1.660564
vt 0.881258 1.754634
vt 0.881871 1.140917
vt 0.211055 1.318199
vt 0.233992 1.397508
vt 0.881255 1.770512
vt 0.881775 1.125040
vt 0.219282 1.331778
vt 0.233892 1.381630
vt 0.881254 1.783196
vt 0.880120 1.109505
vt 0.225855 1.342627
vt 0.231773 1.366153
vt 0.732246 1.206254
vt 0.733697 1.187878
vt 0.886559 1.109485
vt 0.225898 1.367813
vt 0.881310 1.461551
vt 0.885962 1.431498
vt 0.059197 1.067528
vt 0.238249 1.688079
vt 0.722574 1.557492
vt 0.722601 1.549808
vt 0.892301 1.414550
vt 0.892237 1.403964
vt 0.232203 1.662225
vt 0.232269 1.672812
vt 0.723038 1.532885
vt 0.723312 1.522301
vt 0.888312 1.140897
vt 0.228117 1.399168
vt 0.730160 1.256817
vt 0.888215 1.125022
vt 0.228017 1.383291
vt 0.730569 1.240945
vt 0.731559 1.228851
vt 0.732272 1.218965
vt 0.408549 0.204297
vt 0.408117 0.214675
vt 0.407634 0.224590
vt 0.407212 0.234270
vt 0.406600 0.241282
vt 0.730700 1.176211
vt 0.730005 1.187788
vt 0.728550 1.206164
vt 0.728576 1.218874
vt 0.727860 1.228760
vt 0.308163 1.075391
vt 0.307109 1.088776
vt 0.290013 1.320853
vt 0.289353 1.329663
vt 0.288297 1.349805
vt 0.718802 1.557400
vt 0.718259 1.569006
vt 0.719898 1.586729
vt 0.717845 1.637075
vt 0.879376 0.359769
vt 1.139999 0.681534
vt 1.148683 0.668332
vt 1.157201 0.655354
vt 1.165629 0.642495
vt 1.174047 0.629717
vt 1.182521 0.616997
vt 1.191115 0.604313
vt 1.199901 0.591642
vt 1.208981 0.578942
vt 0.407464 0.203997
vt 0.407092 0.214465
vt 0.406672 0.224469
vt 0.406310 0.234233
vt 0.405715 0.241245
vt 0.727007 1.176121
vt 0.726312 1.187698
vt 0.724855 1.206073
vt 0.724880 1.218783
vt 0.724161 1.228670
vt 0.299836 1.067534
vt 0.308554 1.088593
vt 0.300212 1.088352
vt 0.301264 1.073671
vt 0.309617 1.074467
vt 0.291371 1.320676
vt 0.283157 1.320435
vt 0.290706 1.329552
vt 0.282498 1.329453
vt 0.289647 1.343099
vt 0.281448 1.343389
vt 0.715031 1.557309
vt 0.280122 1.342817
vt 0.714487 1.568916
vt 0.716136 1.586416
vt 0.714073 1.636762
vt 0.880285 0.359751
vt 1.144827 0.684760
vt 1.153071 0.671165
vt 1.161129 0.657834
vt 1.169103 0.644645
vt 1.177068 0.631555
vt 1.185087 0.618537
vt 1.193215 0.605565
vt 1.201522 0.592608
vt 1.210104 0.579620
vt 0.406379 0.203696
vt 0.406066 0.214255
vt 0.405710 0.224348
vt 0.405408 0.234197
vt 0.404829 0.241207
vt 0.723315 1.176031
vt 0.722620 1.187607
vt 0.721158 1.205982
vt 0.721184 1.218693
vt 0.720462 1.228579
vt 0.566732 1.111429
vt 0.298788 1.088135
vt 0.567735 1.124917
vt 0.281822 1.320225
vt 0.583990 1.354328
vt 0.281166 1.329302
vt 0.584617 1.362790
vt 0.585618 1.384481
vt 0.711259 1.557215
vt 0.710714 1.568823
vt 0.712374 1.586101
vt 0.710300 1.636447
vt 0.881195 0.359732
vt 1.149730 0.687842
vt 1.157534 0.673888
vt 1.165114 0.660231
vt 1.172614 0.646739
vt 1.180110 0.633360
vt 1.187660 0.620065
vt 1.195316 0.606816
vt 1.203140 0.593583
vt 1.211223 0.580306
vt 0.405295 0.203396
vt 0.405041 0.214045
vt 0.404748 0.224227
vt 0.404506 0.234160
vt 0.403944 0.241169
vt 0.719622 1.175940
vt 0.718927 1.187516
vt 0.717463 1.205892
vt 0.717489 1.218603
vt 0.716763 1.228489
vt 0.558274 1.104959
vt 0.569113 1.125139
vt 0.560636 1.125402
vt 0.559625 1.110591
vt 0.568109 1.111026
vt 0.585367 1.354541
vt 0.577002 1.354788
vt 0.585996 1.363047
vt 0.577633 1.363364
vt 0.586998 1.377276
vt 0.578642 1.378041
vt 0.707488 1.557124
vt 0.577286 1.377923
vt 0.706942 1.568731
vt 0.708613 1.585788
vt 0.706527 1.636133
vt 0.882104 0.359713
vt 1.154748 0.690733
vt 1.162066 0.676502
vt 1.169146 0.662550
vt 1.176154 0.648783
vt 1.183169 0.635142
vt 1.190240 0.621583
vt 1.197416 0.608071
vt 1.204754 0.594563
vt 1.212339 0.580996
vt 0.404210 0.203095
vt 0.404015 0.213835
vt 0.403786 0.224106
vt 0.403605 0.234123
vt 0.403058 0.241131
vt 0.715930 1.175850
vt 0.715235 1.187426
vt 0.713767 1.205802
vt 0.713793 1.218512
vt 0.713064 1.228399
vt 0.563095 1.753005
vt 0.559283 1.125595
vt 0.562628 1.737134
vt 0.575646 1.354972
vt 0.554805 1.471671
vt 0.576278 1.363508
vt 0.554494 1.461088
vt 0.557732 1.441029
vt 0.703716 1.557032
vt 0.703171 1.568639
vt 0.704851 1.585475
vt 0.702755 1.635818
vt 0.883014 0.359695
vt 1.159854 0.693504
vt 1.166667 0.678995
vt 1.173228 0.664778
vt 1.179731 0.650767
vt 1.186248 0.636888
vt 1.192829 0.623089
vt 1.199517 0.609326
vt 1.206365 0.595551
vt 1.213450 0.581694
vt 0.565722 1.737024
vt 0.569426 1.736905
vt 0.569891 1.752777
vt 0.566189 1.752895
vt 0.557898 1.471561
vt 0.561661 1.471441
vt 0.557587 1.460979
vt 0.561351 1.460858
vt 0.557088 1.444057
vt 0.560858 1.443936
vt 0.738101 1.688189
vt 0.734324 1.687926
vt 0.508438 1.118482
vt 0.739440 1.637817
vt 0.492389 1.122258
vt 0.737496 1.621228
vt 0.737863 1.609615
vt 0.734091 1.609579
vt 0.478821 1.133965
vt 0.917731 1.379451
vt 0.917893 1.362522
vt 0.478030 1.150876
vt 0.477535 1.161452
vt 0.917994 1.351936
vt 0.464887 1.426726
vt 0.920538 1.086373
vt 0.464130 1.442585
vt 0.923066 1.067534
vt 0.468087 1.454057
vt 0.742268 1.280876
vt 0.742630 1.258272
vt 0.738933 1.258237
vt 0.491886 1.486557
vt 0.743820 1.239875
vt 0.471162 1.463481
vt 0.742849 1.270980
vt 0.760761 1.689722
vt 0.762035 1.639354
vt 0.760132 1.621435
vt 0.288681 1.400631
vt 0.423230 1.098679
vt 0.305663 1.354669
vt 0.309332 1.344736
vt 0.295336 1.428116
vt 0.295253 1.417529
vt 0.393300 1.718948
vt 0.395679 1.729265
vt 0.412240 1.114743
vt 0.409183 1.124881
vt 0.401332 1.095606
vt 0.299733 1.691181
vt 0.333614 1.460159
vt 0.335587 1.377481
vt 0.406832 1.080711
vt 0.299856 1.707057
vt 0.330045 1.444687
vt 0.331004 1.392684
vt 0.411226 1.068813
vt 0.301539 1.722590
vt 0.327194 1.432326
vt 0.328469 1.408100
vt 0.370603 0.248835
vt 0.764810 1.258475
vt 0.765982 1.240079
vt 0.295098 1.722620
vt 0.334573 1.408244
vt 0.299800 1.370548
vt 0.295122 1.400600
vt 0.399484 1.745762
vt 0.417126 1.098534
vt 0.760499 1.609823
vt 0.760409 1.602139
vt 0.288813 1.417559
vt 0.288895 1.428146
vt 0.415288 1.125024
vt 0.418344 1.114887
vt 0.760587 1.585212
vt 0.760699 1.574625
vt 0.293291 1.691211
vt 0.341691 1.377625
vt 0.763496 1.309064
vt 0.293415 1.707087
vt 0.337108 1.392827
vt 0.763663 1.293188
vt 0.764468 1.281080
vt 0.765030 1.271183
vt 0.762287 1.240044
vt 0.761114 1.258441
vt 0.761333 1.271149
vt 0.760767 1.281045
vt 0.198817 1.760915
vt 0.199486 1.745051
vt 0.210687 1.479714
vt 0.211134 1.469136
vt 0.215803 1.449359
vt 0.756726 1.609788
vt 0.756359 1.621402
vt 0.758268 1.639097
vt 0.756986 1.689467
vt 0.911536 0.359526
vt 0.758594 1.240011
vt 0.374149 0.249047
vt 0.757417 1.258407
vt 0.757637 1.271115
vt 0.757068 1.281012
vt 0.206228 1.764209
vt 0.202580 1.745162
vt 0.206283 1.745312
vt 0.205610 1.761176
vt 0.201910 1.761025
vt 0.213781 1.479824
vt 0.217542 1.479977
vt 0.214227 1.469247
vt 0.217991 1.469399
vt 0.214941 1.452333
vt 0.218709 1.452486
vt 0.752953 1.609754
vt 0.221801 1.452636
vt 0.752586 1.621368
vt 0.754503 1.638840
vt 0.753209 1.689212
vt 0.912463 0.359534
vt 0.754900 1.239977
vt 0.373262 0.248994
vt 0.753720 1.258373
vt 0.753940 1.271081
vt 0.753368 1.280978
vt 0.927632 1.455003
vt 0.209375 1.745463
vt 0.927415 1.470879
vt 0.220634 1.480128
vt 0.923788 1.736430
vt 0.221083 1.469550
vt 0.923643 1.747015
vt 0.919541 1.766917
vt 0.749181 1.609720
vt 0.748814 1.621334
vt 0.750737 1.638584
vt 0.749432 1.688956
vt 0.913390 0.359542
vt 0.751207 1.239943
vt 0.372376 0.248941
vt 0.750023 1.258339
vt 0.750243 1.271048
vt 0.749668 1.280944
vt 0.920129 1.451923
vt 0.924320 1.470857
vt 0.920614 1.470814
vt 0.920834 1.454938
vt 0.924537 1.454981
vt 0.920692 1.736407
vt 0.916928 1.736363
vt 0.920548 1.746992
vt 0.916781 1.746948
vt 0.920316 1.763920
vt 0.916546 1.763876
vt 0.745408 1.609685
vt 0.913451 1.763814
vt 0.745041 1.621299
vt 0.746971 1.638329
vt 0.745655 1.688700
vt 0.914316 0.359551
vt 0.747513 1.239909
vt 0.371490 0.248888
vt 0.746327 1.258305
vt 0.746546 1.271013
vt 0.745968 1.280910
vt 0.930584 1.070581
vt 0.917519 1.470751
vt 0.930435 1.086458
vt 0.913833 1.736300
vt 0.927950 1.352020
vt 0.913686 1.746887
vt 0.927851 1.362606
vt 0.923836 1.382525
vt 0.741636 1.609650
vt 0.741268 1.621264
vt 0.743206 1.638073
vt 0.741878 1.688444
vt 0.915243 0.359559
vt 0.927340 1.086448
vt 0.923633 1.086422
vt 0.923785 1.070546
vt 0.927488 1.070571
vt 0.924854 1.352010
vt 0.921089 1.351984
vt 0.924755 1.362596
vt 0.920988 1.362570
vt 0.924597 1.379525
vt 0.920826 1.379499
vt 0.371155 0.239556
vt 0.371257 0.232510
vt 0.370163 0.223766
vt 0.368933 0.214817
vt 1.869892 1.553655
vt 0.372039 0.239609
vt 0.372158 0.232566
vt 0.371074 0.223655
vt 0.369858 0.214530
vt 1.864669 1.551298
vt 0.372924 0.239661
vt 0.373058 0.232621
vt 0.371984 0.223544
vt 0.370782 0.214243
vt 1.859462 1.548899
vt 0.373810 0.239714
vt 0.373957 0.232676
vt 0.372895 0.223433
vt 0.371707 0.213956
vt 1.854268 1.546470
vt 0.374695 0.239767
vt 0.374855 0.232732
vt 0.373806 0.223322
vt 0.372633 0.213668
vt 1.849088 1.544013
vt 1.327436 0.675628
vt 1.317592 0.663238
vt 1.308010 0.650950
vt 1.298565 0.638715
vt 1.289203 0.626496
vt 1.279875 0.614270
vt 1.270524 0.602025
vt 1.261068 0.589758
vt 1.251368 0.577477
vt 1.331847 0.672015
vt 1.321506 0.659905
vt 1.311455 0.647924
vt 1.301565 0.635994
vt 1.291772 0.624086
vt 1.282025 0.612183
vt 1.272262 0.600279
vt 1.262397 0.588377
vt 1.252282 0.576497
vt 1.336140 0.668300
vt 1.325336 0.656481
vt 1.314836 0.644828
vt 1.304519 0.633230
vt 1.294315 0.621653
vt 1.284164 0.610087
vt 1.274000 0.598534
vt 1.263731 0.587003
vt 1.253201 0.575522
vt 1.340282 0.664436
vt 1.329080 0.652971
vt 1.318156 0.641675
vt 1.307434 0.630430
vt 1.296836 0.619203
vt 1.286296 0.607988
vt 1.275740 0.596793
vt 1.265071 0.585634
vt 1.254127 0.574551
vt 1.344331 0.660471
vt 1.332728 0.649375
vt 1.321406 0.638459
vt 1.310304 0.627589
vt 1.299333 0.616731
vt 1.288420 0.605883
vt 1.277483 0.595055
vt 1.266417 0.584272
vt 1.255059 0.573585
vt 0.911724 0.057000
vt 1.348303 0.656395
vt 0.910749 0.057009
vt 0.909772 0.057017
vt 0.908796 0.057026
vt 0.907820 0.057034
vt 0.906844 0.057043
vt 0.877562 0.057480
vt 1.165062 0.696163
vt 0.876586 0.057500
vt 0.875610 0.057520
vt 0.874634 0.057540
vt 0.873658 0.057560
vt 0.872682 0.057580
vt 0.046636 0.523173
vt 0.776824 0.185423
vt 0.050499 0.446012
vt 0.780490 0.108819
vt 0.780690 0.105292
vt 0.781300 0.095874
vt 0.050349 0.449040
vt 0.050157 0.452833
vt 0.046968 0.516569
vt 0.046522 0.525458
vt 0.046433 0.527231
vt 0.955069 0.359098
vt 0.781940 0.088873
vt 1.133921 0.407775
vt 1.367619 0.443898
vt 0.954677 0.056842
vt 1.225653 0.535943
vt 1.249692 0.709297
vt 1.288662 0.698925
vt 1.209127 0.709196
vt 1.170393 0.698721
vt 1.106210 0.650858
vt 1.085006 0.616711
vt 1.073013 0.578476
vt 1.070638 0.538830
vt 1.077390 0.500282
vt 1.091905 0.464917
vt 1.111912 0.434067
vt 1.378893 0.475191
vt 1.352037 0.449101
vt 1.387548 0.509350
vt 1.390581 0.545900
vt 1.386141 0.583392
vt 1.373285 0.619713
vt 1.352213 0.652194
vt 1.336089 0.454928
vt 1.320037 0.461816
vt 1.304141 0.470061
vt 1.288679 0.479868
vt 1.273964 0.491370
vt 1.260364 0.504621
vt 1.248312 0.519536
vt 0.049560 0.421109
vt 0.050292 0.421762
vt 0.916170 0.359568
vt 0.742967 1.698380
vt 0.746818 1.698538
vt 0.750668 1.698699
vt 0.754518 1.698861
vt 0.758368 1.699023
vt 0.370674 0.349466
vt 0.883924 0.359676
vt 0.703062 1.645069
vt 0.706843 1.645224
vt 0.710622 1.645382
vt 0.714403 1.645543
vt 0.718183 1.645710
vt 0.724999 0.202848
vt 0.903938 0.359356
vt 0.897570 0.359441
vt 0.891202 0.359542
vt 0.884833 0.359658
vt 0.872098 0.359932
vt 0.865731 0.360087
vt 0.859364 0.360252
vt 0.852997 0.360425
vt 0.846631 0.360605
vt 0.840264 0.360789
vt 0.833897 0.360978
vt 0.827532 0.361170
vt 0.045836 0.539165
vt 0.948700 0.359102
vt 0.942331 0.359111
vt 0.935962 0.359127
vt 0.929593 0.359151
vt 0.923224 0.359184
vt 0.916987 0.359461
vt 0.084567 0.524755
vt 0.084740 0.520690
vt 0.087851 0.447558
vt 0.088010 0.444022
vt 0.088175 0.440485
vt 0.088597 0.431277
vt 0.087720 0.450589
vt 0.087559 0.454384
vt 0.084848 0.518148
vt 0.084469 0.527041
vt 0.084394 0.528815
vt 0.083883 0.540753
vt 0.088858 0.424316
vt 0.087592 0.415805
vt 0.086212 0.407056
vt 0.744417 1.227183
vt 0.748110 1.227216
vt 0.751804 1.227250
vt 0.755497 1.227284
vt 0.759192 1.227318
vt 0.375035 0.249099
vt 0.504589 1.486288
vt 0.712237 1.175760
vt 0.402624 0.250643
vt 0.403512 0.250681
vt 0.404399 0.250719
vt 0.405286 0.250757
vt 0.406174 0.250795
vt 0.730933 0.102728
vt 1.843926 1.541523
vt 0.371497 0.203572
vt 0.374695 0.239767
vt 0.370560 0.204038
vt 0.369623 0.204504
vt 0.368686 0.204970
vt 0.367748 0.205436
vt 0.084894 0.397863
vt 0.366810 0.205901
vt 0.766578 1.227386
vt 1.712468 1.611688
vt 0.403126 0.202795
vt 1.711855 1.617897
vt 1.711125 1.624141
vt 1.710328 1.630423
vt 1.709501 1.636746
vt 1.708675 1.643113
vt 1.544820 1.258758
vt 1.730677 1.613746
vt 1.546448 1.267310
vt 1.548297 1.275830
vt 1.550367 1.284313
vt 1.552661 1.292748
vt 1.726229 1.646234
vt 1.716961 1.075667
vt 1.868371 1.571651
vt 1.709309 1.075075
vt 1.701662 1.074651
vt 1.694029 1.074387
vt 1.686411 1.074280
vt 1.678813 1.074325
vt 1.941377 1.645726
vt 1.946815 1.680080
vt 1.938080 1.714765
vt 1.920480 1.745874
vt 1.893351 1.767487
vt 1.859834 1.778364
vt 1.823519 1.777300
vt 1.789553 1.767378
vt 1.762594 1.744850
vt 1.743206 1.714139
vt 1.731156 1.680720
vt 1.730885 1.608248
vt 1.741597 1.574044
vt 1.767803 1.554982
vt 1.802476 1.549637
vt 1.836747 1.557149
vt 1.898084 1.590737
vt 1.923426 1.615487
vt 0.069725 0.414087
vt 0.063506 0.417880
vt 0.056307 0.419628
vt 0.780020 0.086350
vt 0.048875 0.420122
vt 0.772810 0.085973
vt 0.765619 0.084966
vt 0.758584 0.082691
vt 0.752436 0.078775
vt 0.747622 0.073261
vt 0.743389 0.067037
vt 0.738967 0.061170
vt 0.402041 0.202494
vt 0.394737 0.201616
vt 0.387947 0.201022
vt 0.380567 0.201119
vt 0.373369 0.202639
vt 0.079585 0.403033
vt 0.074939 0.408852
vt 0.506052 1.456680
vt 0.404912 1.067532
vt 0.655515 1.814709
vt 0.302484 1.746830
vt 0.583941 1.420131
vt 0.371511 0.333475
vt 0.406675 1.746761
vt 0.616335 1.811335
vt 0.421358 1.068417
vt 0.541040 1.420033
vt 0.540357 1.403117
vt 0.552346 1.419500
vt 0.551662 1.402584
vt 0.490124 1.134567
vt 0.489332 1.151478
vt 0.542952 1.080192
vt 0.535482 1.090477
vt 0.532349 1.099880
vt 0.478565 1.473813
vt 0.739153 1.270946
vt 0.528319 1.111326
vt 0.536753 1.113409
vt 0.545237 1.100292
vt 0.472578 1.440556
vt 0.480977 1.453730
vt 0.528974 1.127190
vt 0.537408 1.129274
vt 0.473334 1.424696
vt 0.539929 1.392539
vt 0.551235 1.392006
vt 0.488838 1.162054
vt 0.543887 1.427169
vt 0.554533 1.431826
vt 0.733723 1.621194
vt 0.481715 1.126847
vt 0.585927 1.811920
vt 0.585722 1.794992
vt 0.616129 1.794407
vt 0.656408 1.493057
vt 0.625996 1.492736
vt 0.625941 1.509666
vt 0.656353 1.509985
vt 0.375553 0.256267
vt 0.570330 1.097502
vt 0.556352 1.067534
vt 0.740723 1.227149
vt 0.740126 1.239841
vt 0.612584 1.489706
vt 0.588499 1.492609
vt 0.579670 1.505497
vt 0.612714 1.502390
vt 0.622462 1.799208
vt 0.631406 1.812020
vt 0.655533 1.802024
vt 0.579855 1.521373
vt 0.612899 1.518266
vt 0.622507 1.783331
vt 0.655577 1.786147
vt 0.585593 1.784406
vt 0.616001 1.783822
vt 0.625907 1.520253
vt 0.656319 1.520572
vt 0.521722 1.134143
vt 0.571780 1.437049
vt 0.574866 1.487344
vt 0.584425 1.486745
vt 0.762220 1.699188
vt 0.734016 1.601897
vt 0.734220 1.584970
vt 0.738568 1.280841
vt 0.737743 1.292950
vt 0.737552 1.308826
vt 0.734347 1.574383
vt 0.735674 1.637562
vt 0.371724 0.329411
vt 0.375737 0.252712
vt 0.375922 0.249152
vt 0.375394 0.259312
vt 0.375195 0.263123
vt 0.371857 0.326870
vt 0.371392 0.335760
vt 0.371299 0.337533
vt 0.741557 1.601967
vt 0.927692 1.379535
vt 0.737786 1.601931
vt 0.920065 1.382499
vt 0.745149 1.293018
vt 0.926769 1.067560
vt 0.741446 1.292984
vt 0.920690 1.070496
vt 0.749097 1.602036
vt 0.923412 1.763943
vt 0.745328 1.602002
vt 0.915771 1.766873
vt 0.752555 1.293086
vt 0.923832 1.451967
vt 0.748852 1.293051
vt 0.917739 1.454875
vt 0.756639 1.602105
vt 0.211848 1.452221
vt 0.752868 1.602070
vt 0.219571 1.449512
vt 0.759960 1.293153
vt 0.202528 1.764058
vt 0.756258 1.293120
vt 0.208702 1.761326
vt 0.745521 1.585073
vt 0.741754 1.585039
vt 0.745641 1.574487
vt 0.741876 1.574452
vt 0.748671 1.308928
vt 0.744965 1.308895
vt 0.753054 1.585142
vt 0.749287 1.585108
vt 0.753170 1.574556
vt 0.749406 1.574521
vt 0.756084 1.308997
vt 0.752377 1.308962
vt 0.756821 1.585177
vt 0.756935 1.574590
vt 0.759790 1.309030
vt 0.737986 1.585004
vt 0.741258 1.308861
vt 0.738112 1.574417
vt 0.158034 1.323637
vt 0.400532 0.257682
vt 0.887693 1.783179
vt 0.468409 1.490333
vt 0.879217 1.085263
vt 0.429908 1.133811
vt 0.725955 0.186865
vt 0.053322 1.069188
vt 0.451740 1.786570
vt 0.243078 1.718107
vt 0.471286 1.139194
vt 0.469408 1.156019
vt 0.460029 1.138013
vt 0.458151 1.154837
vt 0.186429 1.645754
vt 0.186507 1.628825
vt 0.418077 1.474848
vt 0.427013 1.465812
vt 0.431531 1.456988
vt 0.183690 1.306321
vt 0.706401 1.218332
vt 0.437243 1.446281
vt 0.429221 1.442949
vt 0.418853 1.454634
vt 0.191072 1.339297
vt 0.182124 1.326488
vt 0.438992 1.430500
vt 0.430969 1.427167
vt 0.190985 1.355175
vt 0.468232 1.166541
vt 0.456976 1.165359
vt 0.186557 1.618238
vt 0.469550 1.131710
vt 0.459729 1.125499
vt 0.695628 1.568452
vt 0.195156 1.653113
vt 0.421338 1.785767
vt 0.421904 1.768848
vt 0.452307 1.769651
vt 0.473813 1.811935
vt 0.504226 1.811659
vt 0.503949 1.794733
vt 0.473537 1.795009
vt 0.730558 0.109776
vt 0.394594 1.454684
vt 0.391383 1.484155
vt 0.402920 1.485339
vt 0.400849 0.250566
vt 0.707849 1.187246
vt 0.462647 1.465106
vt 0.438455 1.466908
vt 0.429048 1.479381
vt 0.462199 1.477782
vt 0.501760 1.505182
vt 0.492567 1.492549
vt 0.468641 1.503014
vt 0.428509 1.495249
vt 0.461661 1.493651
vt 0.502026 1.521057
vt 0.468906 1.518890
vt 0.422257 1.758266
vt 0.452661 1.759069
vt 0.503776 1.784148
vt 0.473363 1.784423
vt 0.397117 0.334920
vt 0.156024 1.646442
vt 0.443462 1.117742
vt 0.447732 1.067534
vt 0.439236 1.067852
vt 0.721965 1.645879
vt 0.396410 0.350917
vt 0.695500 1.644772
vt 0.167125 1.712960
vt 0.397297 0.330855
vt 0.726198 0.182803
vt 0.696214 1.549163
vt 0.696677 1.532240
vt 0.705666 1.228218
vt 0.730751 0.106252
vt 0.704657 1.240311
vt 0.400397 0.260727
vt 0.730388 0.112796
vt 0.704223 1.256183
vt 0.400228 0.264539
vt 0.730168 0.116577
vt 0.696966 1.521657
vt 0.397409 0.328312
vt 0.726350 0.180264
vt 0.397016 0.337205
vt 0.725818 0.189148
vt 0.697329 1.584849
vt 0.396938 0.338979
vt 0.725712 0.190920
vt 0.703754 1.549348
vt 0.553994 1.444166
vt 0.699985 1.549256
vt 0.561501 1.440908
vt 0.712061 1.240492
vt 0.567025 1.755875
vt 0.708358 1.240402
vt 0.572986 1.752705
vt 0.711293 1.549533
vt 0.585618 1.376576
vt 0.707524 1.549439
vt 0.577286 1.385159
vt 0.719464 1.240673
vt 0.566732 1.104379
vt 0.715762 1.240583
vt 0.558274 1.110660
vt 0.718832 1.549716
vt 0.288297 1.342647
vt 0.715062 1.549624
vt 0.280122 1.350704
vt 0.726869 1.240854
vt 0.308163 1.067612
vt 0.723166 1.240764
vt 0.299836 1.073541
vt 0.707975 1.532517
vt 0.704209 1.532425
vt 0.708257 1.521934
vt 0.704494 1.521841
vt 0.715339 1.256455
vt 0.711634 1.256365
vt 0.715507 1.532700
vt 0.711741 1.532608
vt 0.715784 1.522117
vt 0.712021 1.522026
vt 0.722749 1.256636
vt 0.719044 1.256545
vt 0.719273 1.532793
vt 0.719548 1.522209
vt 0.726455 1.256727
vt 0.700443 1.532333
vt 0.707928 1.256274
vt 0.700730 1.521749
vt 0.407061 0.250833
vt 0.731350 0.093323
vt 0.731740 0.086401
vt 0.732756 0.067116
vt 0.733153 0.056824
vt 0.732256 0.076903
vt 0.400690 0.254126
vt 0.158248 1.293992
vt 0.735711 1.698632
vt 0.511898 1.068215
vn 0.041958 0.062771 -0.997146
vn 0.097407 -0.290249 -0.951981
vn 0.067799 -0.243380 -0.967559
vn 0.009877 0.148241 -0.988902
vn 0.019789 0.244490 0.969450
vn -0.051844 0.463759 0.884443
vn -0.069053 0.522784 0.849664
vn -0.010440 0.380434 0.924749
vn -0.005950 0.981883 -0.189394
vn -0.030133 0.844601 -0.534548
vn -0.024022 0.818346 -0.574224
vn -0.003124 0.970097 -0.242698
vn -0.070775 0.472652 -0.878403
vn -0.036974 0.359029 -0.932594
vn -0.056916 0.408490 -0.910987
vn -0.074555 0.477536 -0.875443
vn 0.007281 0.330947 -0.943621
vn -0.026710 0.348063 -0.937090
vn -0.067388 0.483344 -0.872833
vn -0.017348 0.491539 -0.870683
vn 0.056575 0.020787 -0.998182
vn 0.057381 0.055696 -0.996798
vn -0.023976 0.940868 -0.337923
vn -0.042162 0.903198 -0.427148
vn -0.011343 0.995304 -0.096129
vn -0.004812 0.999718 -0.023250
vn -0.032200 0.691721 -0.721447
vn -0.065068 0.650379 -0.756817
vn -0.061414 0.803381 -0.592290
vn -0.037100 0.854521 -0.518091
vn -0.040792 0.699653 -0.713317
vn -0.047724 0.731996 -0.679635
vn -0.055131 0.592276 -0.803847
vn -0.050006 0.563734 -0.824441
vn -0.040975 0.811460 0.582970
vn -0.018742 0.949179 0.314180
vn -0.017578 0.957364 0.288351
vn -0.042733 0.800598 0.597676
vn -0.004643 0.949206 0.314621
vn -0.015661 0.950058 0.311679
vn -0.034748 0.842151 0.538121
vn -0.013573 0.862772 0.505412
vn -0.003183 0.333349 0.942798
vn -0.044830 0.391930 0.918902
vn 0.022051 0.124430 0.991983
vn 0.040550 0.026446 0.998828
vn -0.063297 0.671701 0.738113
vn -0.028381 0.697148 0.716365
vn -0.024539 0.496450 0.867718
vn -0.072774 0.518579 0.851927
vn -0.069184 0.622867 0.779263
vn -0.067568 0.638348 0.766777
vn -0.078224 0.547298 0.833274
vn -0.081837 0.563675 0.821933
vn -0.042497 -0.993988 0.100906
vn -0.024578 -0.901546 0.431984
vn -0.081341 -0.843977 0.530176
vn -0.131505 -0.965991 0.222637
vn 0.112709 -0.428112 0.896670
vn 0.097812 -0.069238 0.992794
vn 0.077030 0.115088 0.990364
vn 0.120137 -0.268136 0.955861
vn 0.073483 -0.294446 0.952839
vn 0.086764 -0.184389 0.979016
vn 0.099209 -0.491559 0.865175
vn 0.079534 -0.586209 0.806247
vn 0.082337 -0.949863 0.301631
vn -0.020092 -0.919156 0.393381
vn -0.000005 -0.998403 0.056487
vn 0.091425 -0.995792 -0.006320
vn 0.040653 -0.745672 0.665072
vn 0.075744 -0.810289 0.581114
vn 0.028231 -0.636480 0.770776
vn 0.045293 -0.716096 0.696531
vn -0.006386 -0.829605 -0.558314
vn -0.045740 -0.965680 -0.255676
vn -0.143734 -0.976230 -0.162220
vn -0.096513 -0.842105 -0.530607
vn 0.091239 -0.945185 -0.313529
vn 0.030231 -0.954856 -0.295526
vn 0.065067 -0.799970 -0.596501
vn 0.089155 -0.803368 -0.588771
vn 0.085844 -0.298060 -0.950679
vn 0.121361 -0.265774 -0.956366
vn 0.119912 -0.559915 -0.819827
vn 0.090111 -0.582173 -0.808056
vn 0.025438 -0.597466 -0.801491
vn 0.073775 -0.600964 -0.795864
vn 0.979722 0.190555 -0.061915
vn 0.982849 0.159443 -0.092665
vn 0.941983 0.292931 -0.163886
vn 0.942722 0.317252 -0.103081
vn 0.991961 0.089478 -0.089478
vn 0.982849 0.092665 -0.159443
vn 0.941984 0.163886 -0.292931
vn 0.943730 0.233853 -0.233852
vn 0.979722 0.061916 -0.190555
vn 0.942723 0.103081 -0.317251
vn 0.979722 0.000000 -0.200361
vn 0.942723 -0.000000 -0.333577
vn 0.979722 -0.061915 -0.190555
vn 0.942723 -0.103080 -0.317251
vn 0.979722 -0.117770 -0.162095
vn 0.942723 -0.196072 -0.269869
vn 0.979722 -0.162096 -0.117769
vn 0.942723 -0.269870 -0.196072
vn 0.979722 -0.190555 -0.061915
vn 0.942722 -0.317252 -0.103081
vn 0.979722 -0.200361 0.000000
vn 0.942723 -0.333578 -0.000000
vn 0.979722 -0.190555 0.061915
vn 0.942723 -0.317251 0.103081
vn 0.979722 -0.162096 0.117769
vn 0.942722 -0.269870 0.196073
vn 0.979722 -0.117770 0.162095
vn 0.942722 -0.196073 0.269870
vn 0.979722 -0.061915 0.190555
vn 0.942723 -0.103081 0.317251
vn 0.979722 -0.000000 0.200361
vn 0.942723 0.000000 0.333577
vn 0.979722 0.061914 0.190555
vn 0.942723 0.103081 0.317251
vn 0.982848 0.092664 0.159444
vn 0.941983 0.163886 0.292931
vn 0.991961 0.089482 0.089480
vn 0.982849 0.159443 0.092664
vn 0.941983 0.292931 0.163886
vn 0.943730 0.233853 0.233853
vn 0.979722 0.190555 0.061915
vn 0.942723 0.317251 0.103081
vn 0.979722 0.200362 0.000000
vn 0.942723 0.333578 0.000000
vn 0.880890 0.413069 -0.231100
vn 0.882266 0.447711 -0.145470
vn 0.880889 0.231100 -0.413070
vn 0.883033 0.331854 -0.331852
vn 0.882266 0.145470 -0.447712
vn 0.882266 0.000000 -0.470751
vn 0.882266 -0.145469 -0.447711
vn 0.882266 -0.276700 -0.380846
vn 0.882266 -0.380846 -0.276701
vn 0.882266 -0.447712 -0.145470
vn 0.882266 -0.470752 -0.000000
vn 0.882266 -0.447711 0.145471
vn 0.882266 -0.380846 0.276701
vn 0.882266 -0.276701 0.380846
vn 0.882266 -0.145470 0.447711
vn 0.882266 0.000000 0.470751
vn 0.882266 0.145470 0.447711
vn 0.880890 0.231101 0.413068
vn 0.880889 0.413069 0.231100
vn 0.883033 0.331854 0.331851
vn 0.882266 0.447711 0.145471
vn 0.882266 0.470752 0.000001
vn 0.798229 0.525676 -0.294100
vn 0.800252 0.570315 -0.185306
vn 0.798229 0.294100 -0.525677
vn 0.800434 0.423855 -0.423854
vn 0.800252 0.185307 -0.570315
vn 0.800252 0.000000 -0.599664
vn 0.800252 -0.185306 -0.570315
vn 0.800252 -0.352474 -0.485139
vn 0.800252 -0.485139 -0.352474
vn 0.800252 -0.570314 -0.185306
vn 0.800252 -0.599664 -0.000000
vn 0.800252 -0.570315 0.185307
vn 0.800252 -0.485138 0.352474
vn 0.800252 -0.352474 0.485138
vn 0.800252 -0.185307 0.570315
vn 0.800252 -0.000000 0.599664
vn 0.800252 0.185307 0.570315
vn 0.798229 0.294101 0.525676
vn 0.798229 0.525676 0.294100
vn 0.800434 0.423858 0.423852
vn 0.800251 0.570315 0.185307
vn 0.800252 0.599664 0.000001
vn 0.696279 0.626401 -0.350453
vn 0.698789 0.680318 -0.221048
vn 0.696280 0.350452 -0.626401
vn 0.698295 0.506154 -0.506155
vn 0.698789 0.221049 -0.680317
vn 0.698789 -0.000000 -0.715328
vn 0.698789 -0.221049 -0.680317
vn 0.698789 -0.420459 -0.578713
vn 0.698788 -0.578713 -0.420460
vn 0.698789 -0.680318 -0.221048
vn 0.698789 -0.715328 0.000000
vn 0.698788 -0.680318 0.221049
vn 0.698789 -0.578713 0.420459
vn 0.698788 -0.420460 0.578713
vn 0.698788 -0.221049 0.680318
vn 0.698788 -0.000000 0.715329
vn 0.698788 0.221049 0.680319
vn 0.696279 0.350453 0.626402
vn 0.696280 0.626401 0.350452
vn 0.698295 0.506158 0.506151
vn 0.698789 0.680318 0.221049
vn 0.698788 0.715329 0.000001
vn 0.577704 0.712341 -0.398533
vn 0.580401 0.774475 -0.251641
vn 0.577704 0.398534 -0.712340
vn 0.579370 0.576338 -0.576338
vn 0.580401 0.251642 -0.774475
vn 0.580400 -0.000000 -0.814331
vn 0.580401 -0.251642 -0.774475
vn 0.580401 -0.478652 -0.658807
vn 0.580400 -0.658808 -0.478652
vn 0.580400 -0.774475 -0.251642
vn 0.580401 -0.814331 0.000000
vn 0.580401 -0.774475 0.251642
vn 0.580401 -0.658807 0.478652
vn 0.580400 -0.478652 0.658808
vn 0.580400 -0.251642 0.774475
vn 0.580400 -0.000000 0.814331
vn 0.580400 0.251643 0.774475
vn 0.577703 0.398534 0.712341
vn 0.577704 0.712341 0.398533
vn 0.579372 0.576338 0.576335
vn 0.580400 0.774475 0.251642
vn 0.580400 0.814331 0.000001
vn 0.445488 0.781320 -0.437126
vn 0.447994 0.850280 -0.276272
vn 0.445489 0.437126 -0.781320
vn 0.446737 0.632626 -0.632622
vn 0.447994 0.276272 -0.850279
vn 0.447993 -0.000000 -0.894037
vn 0.447994 -0.276273 -0.850279
vn 0.447994 -0.525502 -0.723290
vn 0.447994 -0.723291 -0.525502
vn 0.447994 -0.850280 -0.276273
vn 0.447994 -0.894037 -0.000000
vn 0.447994 -0.850280 0.276273
vn 0.447994 -0.723291 0.525502
vn 0.447994 -0.525501 0.723291
vn 0.447995 -0.276273 0.850279
vn 0.447995 -0.000000 0.894036
vn 0.447995 0.276273 0.850279
vn 0.445489 0.437126 0.781320
vn 0.445488 0.781320 0.437126
vn 0.446736 0.632624 0.632624
vn 0.447994 0.850280 0.276273
vn 0.447994 0.894037 0.000001
vn 0.302857 0.831718 -0.465321
vn 0.304789 0.905805 -0.294313
vn 0.302858 0.465320 -0.831718
vn 0.303676 0.673716 -0.673712
vn 0.304790 0.294313 -0.905805
vn 0.304790 0.000000 -0.952420
vn 0.304790 -0.294314 -0.905805
vn 0.304790 -0.559818 -0.770524
vn 0.304790 -0.770524 -0.559818
vn 0.304789 -0.905805 -0.294314
vn 0.304789 -0.952420 0.000000
vn 0.304788 -0.905805 0.294314
vn 0.304789 -0.770524 0.559818
vn 0.304790 -0.559818 0.770524
vn 0.304789 -0.294314 0.905805
vn 0.304788 -0.000000 0.952420
vn 0.304789 0.294314 0.905805
vn 0.302858 0.465322 0.831717
vn 0.302856 0.831717 0.465322
vn 0.303672 0.673715 0.673714
vn 0.304789 0.905805 0.294314
vn 0.304790 0.952420 0.000001
vn 0.153197 0.862402 -0.482487
vn 0.154249 0.939674 -0.305318
vn 0.153196 0.482487 -0.862402
vn 0.153595 0.698716 -0.698716
vn 0.154248 0.305318 -0.939675
vn 0.154249 0.000000 -0.988032
vn 0.154248 -0.305318 -0.939674
vn 0.154248 -0.580751 -0.799335
vn 0.154248 -0.799335 -0.580751
vn 0.154249 -0.939674 -0.305319
vn 0.154248 -0.988032 0.000000
vn 0.154249 -0.939674 0.305318
vn 0.154249 -0.799335 0.580750
vn 0.154249 -0.580751 0.799335
vn 0.154248 -0.305319 0.939675
vn 0.154248 0.000000 0.988032
vn 0.154249 0.305319 0.939674
vn 0.153198 0.482487 0.862402
vn 0.153197 0.862401 0.482488
vn 0.153598 0.698716 0.698716
vn 0.154249 0.939674 0.305318
vn 0.154248 0.988032 0.000000
vn 0.077913 0.870051 -0.486766
vn 0.078458 0.948125 -0.308063
vn 0.077911 0.486766 -0.870051
vn 0.077495 0.704980 -0.704981
vn 0.078456 0.308064 -0.948125
vn 0.078457 0.000000 -0.996917
vn 0.078456 -0.308064 -0.948125
vn 0.078456 -0.585974 -0.806523
vn 0.078457 -0.806524 -0.585973
vn 0.078459 -0.948125 -0.308064
vn 0.078459 -0.996917 0.000000
vn 0.078460 -0.948125 0.308065
vn 0.078459 -0.806523 0.585973
vn 0.078459 -0.585973 0.806523
vn 0.078460 -0.308064 0.948125
vn 0.078460 0.000000 0.996917
vn 0.078460 0.308064 0.948125
vn 0.077916 0.486766 0.870051
vn 0.077915 0.870050 0.486767
vn 0.077501 0.704980 0.704980
vn 0.078458 0.948125 0.308065
vn 0.078457 0.996918 0.000000
vn 1.000000 0.000000 0.000000
vn 0.991961 0.089477 -0.089479
vn 0.991961 0.089479 -0.089479
vn 0.991961 0.089478 -0.089479
vn 0.991961 0.089477 -0.089480
vn 0.991961 0.089478 -0.089480
vn 0.991961 0.089481 0.089480
vn 0.991961 0.089480 0.089479
vn 0.991961 0.089482 0.089479
vn 0.991961 0.089482 0.089479
vn 0.991961 0.089480 0.089479
vn -0.007619 0.952519 -0.304385
vn -0.007156 0.879032 -0.476710
vn -0.007154 0.879251 -0.476305
vn -0.007614 0.952056 -0.305829
vn -0.005794 0.689223 -0.724526
vn -0.005657 0.461911 -0.886908
vn -0.005687 0.462524 -0.886588
vn -0.005794 0.690025 -0.723763
vn -0.005524 0.297017 -0.954856
vn -0.005539 0.297595 -0.954676
vn -0.004909 0.000299 -0.999988
vn -0.004908 -0.000277 -0.999988
vn -0.003981 -0.308743 -0.951137
vn -0.003980 -0.309264 -0.950968
vn -0.003144 -0.587587 -0.809155
vn -0.003143 -0.587964 -0.808881
vn -0.002479 -0.808911 -0.587925
vn -0.002479 -0.809110 -0.587651
vn -0.002052 -0.951026 -0.309104
vn -0.002052 -0.951081 -0.308935
vn -0.001905 -0.999998 0.000000
vn -0.001905 -0.999998 -0.000000
vn -0.002053 -0.951026 0.309104
vn -0.002052 -0.951081 0.308935
vn -0.002479 -0.808911 0.587926
vn -0.002479 -0.809110 0.587652
vn -0.003144 -0.587587 0.809155
vn -0.003143 -0.587964 0.808881
vn -0.003981 -0.308744 0.951137
vn -0.003980 -0.309265 0.950968
vn -0.004910 0.000300 0.999988
vn -0.004908 -0.000276 0.999988
vn -0.005837 0.309282 0.950952
vn -0.005836 0.308761 0.951122
vn -0.006341 0.488333 0.872634
vn -0.006336 0.487059 0.873346
vn -0.006972 0.707091 0.707088
vn -0.007495 0.872716 0.488171
vn -0.007591 0.879616 0.475623
vn -0.006972 0.707091 0.707088
vn -0.007765 0.951056 0.308920
vn -0.007764 0.951001 0.309089
vn -0.007911 0.999969 0.000001
vn -0.007911 0.999969 0.000001
vn 0.012876 0.872953 -0.487634
vn 0.020520 0.707480 -0.706436
vn 0.009393 0.951497 -0.307514
vn 0.006918 0.999976 0.000007
vn 0.009404 0.951505 0.307490
vn 0.012924 0.872982 0.487582
vn 0.020654 0.707452 0.706460
vn 0.041817 0.313298 0.948734
vn 0.032565 0.489109 0.871615
vn 0.057481 0.005037 0.998334
vn 0.073087 -0.303714 0.949956
vn 0.087179 -0.582267 0.808310
vn 0.098356 -0.803381 0.587286
vn 0.105528 -0.945276 0.308733
vn 0.107976 -0.994153 0.000007
vn 0.105517 -0.945269 -0.308759
vn 0.098280 -0.803364 -0.587322
vn 0.087230 -0.582402 -0.808207
vn 0.073595 -0.304005 -0.949824
vn 0.058258 0.005045 -0.998289
vn 0.042279 0.313595 -0.948615
vn 0.032710 0.489355 -0.871471
vn -0.606476 -0.795034 0.010366
vn -0.716394 -0.695961 -0.049172
vn -0.704349 -0.708755 -0.039491
vn -0.594614 -0.803907 0.012997
vn -0.555807 -0.831108 -0.018377
vn -0.624642 -0.777994 -0.067432
vn -0.619313 -0.782546 -0.063821
vn -0.555094 -0.831587 -0.018270
vn -0.797269 -0.586358 0.143340
vn -0.786490 -0.558043 0.264614
vn -0.786593 -0.556677 0.267174
vn -0.796412 -0.583528 0.158818
vn -0.617813 -0.784464 0.054062
vn -0.566755 -0.823348 0.029787
vn -0.569068 -0.821733 0.030294
vn -0.613105 -0.788392 0.050396
vn -0.783859 -0.561241 0.265658
vn -0.744628 -0.647237 0.163136
vn -0.744624 -0.647240 0.163141
vn -0.781783 -0.567133 0.259183
vn -0.791364 -0.523262 -0.316132
vn -0.808438 -0.575653 -0.122685
vn -0.807949 -0.569573 -0.151012
vn -0.791379 -0.522514 -0.317331
vn -0.791431 -0.513411 -0.331732
vn -0.791434 -0.513407 -0.331731
vn -0.711685 -0.685956 -0.151556
vn -0.704589 -0.695851 -0.139094
vn -0.801284 -0.593566 0.074988
vn -0.802706 -0.574648 0.159508
vn -0.802933 -0.573849 0.161235
vn -0.801310 -0.593284 0.076922
vn -0.735684 -0.673493 0.071949
vn -0.624151 -0.781302 -0.001554
vn -0.612655 -0.790334 -0.005002
vn -0.723950 -0.687158 0.060917
vn -0.794197 -0.588711 0.150567
vn -0.792257 -0.592500 0.145849
vn -0.806279 -0.564796 -0.175840
vn -0.804825 -0.588447 -0.077371
vn -0.804958 -0.587753 -0.081172
vn -0.806430 -0.564261 -0.176861
vn -0.788228 -0.598619 -0.142659
vn -0.784147 -0.605897 -0.134173
vn -0.392026 -0.237419 0.888790
vn -0.392026 -0.237419 0.888790
vn -0.392026 -0.237419 0.888790
vn -0.259703 -0.747043 -0.611949
vn -0.259703 -0.747043 -0.611949
vn -0.259703 -0.747043 -0.611949
vn -0.280177 -0.844975 0.455542
vn -0.280177 -0.844975 0.455542
vn -0.280177 -0.844975 0.455542
vn -0.272561 -0.682291 0.678372
vn -0.262918 -0.730287 0.630520
vn -0.271612 -0.699659 0.660836
vn -0.292305 -0.635043 0.715037
vn -0.292305 -0.635043 0.715038
vn -0.292305 -0.635043 0.715037
vn -0.274350 -0.693486 0.666190
vn -0.275623 -0.664810 0.694305
vn -0.275623 -0.664810 0.694305
vn -0.275623 -0.664810 0.694305
vn -0.275623 -0.664810 0.694305
vn -0.275623 -0.664810 0.694305
vn -0.275623 -0.664810 0.694305
vn -0.273544 -0.707473 0.651656
vn -0.277071 -0.730437 -0.624255
vn -0.279347 -0.785013 -0.552920
vn -0.273202 -0.721305 -0.636458
vn -0.295622 -0.954806 0.030869
vn -0.295622 -0.954806 0.030869
vn -0.295622 -0.954806 0.030869
vn -0.269136 -0.675112 -0.686870
vn -0.270721 -0.650194 -0.709900
vn -0.270721 -0.650194 -0.709900
vn -0.270721 -0.650194 -0.709900
vn -0.270721 -0.650194 -0.709900
vn -0.270721 -0.650194 -0.709900
vn -0.270721 -0.650194 -0.709900
vn -0.264383 -0.728786 -0.631643
vn -0.497031 0.803924 -0.326598
vn -0.497031 0.803924 -0.326598
vn -0.497031 0.803924 -0.326598
vn -0.405880 -0.171186 -0.897751
vn -0.405880 -0.171186 -0.897751
vn -0.405880 -0.171186 -0.897751
vn -0.314532 -0.569101 -0.759732
vn -0.314532 -0.569101 -0.759732
vn -0.314532 -0.569101 -0.759732
vn -0.466827 0.309293 -0.828499
vn -0.466827 0.309293 -0.828499
vn -0.466827 0.309293 -0.828499
vn -0.486531 0.614669 -0.620862
vn -0.486531 0.614669 -0.620862
vn -0.486531 0.614669 -0.620862
vn -0.495586 0.783142 0.375610
vn -0.495586 0.783142 0.375610
vn -0.495586 0.783142 0.375610
vn -0.500695 0.865233 0.026014
vn -0.500695 0.865233 0.026014
vn -0.500695 0.865233 0.026014
vn -0.485261 0.581773 0.652734
vn -0.485261 0.581773 0.652734
vn -0.485261 0.581773 0.652734
vn -0.458864 0.224378 0.859708
vn -0.458864 0.224378 0.859708
vn -0.458864 0.224378 0.859708
vn -0.006212 0.453984 0.890988
vn -0.005837 0.308811 0.951105
vn -0.004908 -0.000221 0.999988
vn -0.003980 -0.309216 0.950984
vn -0.003143 -0.587930 0.808906
vn -0.002479 -0.809091 0.587678
vn -0.002052 -0.951076 0.308951
vn -0.001905 -0.999998 -0.000000
vn -0.002053 -0.951076 -0.308951
vn -0.002479 -0.809091 -0.587678
vn -0.003143 -0.587929 -0.808907
vn -0.003979 -0.309213 -0.950984
vn -0.004907 -0.000222 -0.999988
vn -0.005933 0.284840 -0.958557
vn -0.006447 0.408781 -0.912610
vn -0.007203 0.902947 -0.429693
vn -0.007577 0.953802 -0.300342
vn -0.007912 0.999969 0.000000
vn -0.007764 0.951007 0.309073
vn -0.009328 0.987631 0.156517
vn 0.049261 0.674767 0.736385
vn 0.049261 0.674767 0.736385
vn 0.351731 0.639528 0.683585
vn 0.320078 0.646438 0.692581
vn -0.006214 0.453984 0.890988
vn -0.005838 0.309046 0.951029
vn -0.004909 0.000038 0.999988
vn -0.003981 -0.308982 0.951060
vn -0.003144 -0.587761 0.809029
vn -0.002479 -0.809001 0.587803
vn -0.002052 -0.951051 0.309028
vn -0.001905 -0.999998 -0.000000
vn -0.002052 -0.951051 -0.309028
vn -0.002479 -0.809001 -0.587803
vn -0.003143 -0.587760 -0.809030
vn -0.003981 -0.308979 -0.951061
vn -0.004909 0.000037 -0.999988
vn -0.005930 0.284248 -0.958732
vn -0.006449 0.409486 -0.912294
vn -0.007203 0.903293 -0.428963
vn -0.007580 0.954408 -0.298408
vn -0.007912 0.999969 0.000001
vn -0.007765 0.951031 0.308997
vn -0.007524 0.890980 0.453980
vn 0.967814 0.191127 0.163728
vn 0.966779 0.193858 0.166603
vn -0.006212 0.453984 0.890988
vn -0.005837 0.309088 0.951016
vn -0.004909 0.000085 0.999988
vn -0.003981 -0.308939 0.951073
vn -0.003144 -0.587728 0.809053
vn -0.002480 -0.808984 0.587825
vn -0.002053 -0.951046 0.309041
vn -0.001905 -0.999998 0.000000
vn -0.002052 -0.951047 -0.309040
vn -0.002478 -0.808987 -0.587822
vn -0.003143 -0.587730 -0.809051
vn -0.003981 -0.308936 -0.951074
vn -0.004910 0.000084 -0.999988
vn -0.005931 0.284258 -0.958729
vn -0.006544 0.430419 -0.902606
vn -0.007176 0.894696 -0.446618
vn -0.007580 0.954556 -0.297935
vn -0.007911 0.999969 0.000001
vn -0.007765 0.951036 0.308983
vn -0.007524 0.890981 0.453978
vn 0.333425 0.666638 0.666649
vn 0.333425 0.666633 0.666655
vn 0.099864 0.703569 0.703575
vn 0.157254 0.698307 0.698312
vn -0.005837 0.308950 0.951060
vn -0.006212 0.453985 0.890988
vn -0.006370 0.496386 0.868079
vn -0.005837 0.309262 0.950959
vn -0.004910 -0.000068 0.999988
vn -0.004909 0.000277 0.999988
vn -0.003982 -0.309078 0.951028
vn -0.003981 -0.308765 0.951130
vn -0.003144 -0.587829 0.808979
vn -0.003144 -0.587602 0.809144
vn -0.002480 -0.809039 0.587750
vn -0.002479 -0.808919 0.587915
vn -0.002053 -0.951062 0.308995
vn -0.002053 -0.951028 0.309097
vn -0.001905 -0.999998 -0.000000
vn -0.001905 -0.999998 -0.000000
vn -0.002052 -0.951061 -0.308995
vn -0.002052 -0.951028 -0.309097
vn -0.002478 -0.809040 -0.587748
vn -0.002479 -0.808920 -0.587914
vn -0.003142 -0.587829 -0.808979
vn -0.003144 -0.587603 -0.809143
vn -0.003979 -0.309074 -0.951030
vn -0.003981 -0.308762 -0.951131
vn -0.004908 -0.000069 -0.999988
vn -0.004909 0.000276 -0.999988
vn -0.005933 0.285088 -0.958483
vn -0.005935 0.286021 -0.958205
vn -0.006604 0.444336 -0.895836
vn -0.006598 0.445389 -0.895313
vn -0.007578 0.954354 -0.298581
vn -0.007148 0.886339 -0.462982
vn -0.007162 0.892766 -0.450465
vn -0.007583 0.955745 -0.294099
vn -0.007911 0.999969 0.000001
vn -0.007911 0.999969 0.000000
vn -0.007765 0.951022 0.309027
vn -0.007765 0.951054 0.308926
vn -0.007524 0.890982 0.453977
vn -0.007524 0.890981 0.453978
vn -0.006972 0.707090 0.707089
vn -0.006972 0.707090 0.707089
vn -0.006972 0.707094 0.707086
vn -0.006972 0.707094 0.707086
vn -0.006416 0.509257 0.860591
vn -0.005836 0.308772 0.951118
vn -0.004908 -0.000265 0.999988
vn -0.003980 -0.309255 0.950971
vn -0.003143 -0.587957 0.808886
vn -0.002479 -0.809106 0.587657
vn -0.002052 -0.951080 0.308938
vn -0.001905 -0.999998 -0.000000
vn -0.002052 -0.951080 -0.308938
vn -0.002479 -0.809107 -0.587656
vn -0.003143 -0.587957 -0.808886
vn -0.003980 -0.309252 -0.950972
vn -0.004907 -0.000265 -0.999988
vn -0.005946 0.288605 -0.957430
vn -0.006621 0.450792 -0.892604
vn -0.007141 0.887155 -0.461416
vn -0.007576 0.954910 -0.296798
vn -0.007911 0.999969 0.000000
vn -0.007764 0.951003 0.309086
vn -0.007521 0.888881 0.458076
vn -0.006972 0.707094 0.707086
vn -0.006972 0.707094 0.707086
vn -0.006210 0.453985 0.890988
vn -0.005836 0.308982 0.951050
vn -0.004908 -0.000034 0.999988
vn -0.003979 -0.309045 0.951039
vn -0.003142 -0.587806 0.808996
vn -0.002478 -0.809025 0.587769
vn -0.002052 -0.951057 0.309007
vn -0.001905 -0.999998 0.000000
vn -0.002052 -0.951058 -0.309007
vn -0.002479 -0.809027 -0.587766
vn -0.003144 -0.587805 -0.808996
vn -0.003981 -0.309044 -0.951040
vn -0.004909 -0.000033 -0.999988
vn -0.005950 0.290041 -0.956996
vn -0.006466 0.416964 -0.908900
vn -0.007204 0.907128 -0.420793
vn -0.007578 0.956121 -0.292875
vn -0.007911 0.999969 0.000001
vn -0.007765 0.951024 0.309019
vn -0.007467 0.858291 0.513109
vn -0.165088 0.697405 0.697404
vn -0.232842 0.687672 0.687671
vn -0.006212 0.453984 0.890988
vn -0.005838 0.309032 0.951034
vn -0.004911 0.000023 0.999988
vn -0.003982 -0.308993 0.951056
vn -0.003144 -0.587768 0.809024
vn -0.002480 -0.809005 0.587796
vn -0.002053 -0.951052 0.309024
vn -0.001905 -0.999998 0.000000
vn -0.002052 -0.951052 -0.309023
vn -0.002479 -0.809006 -0.587795
vn -0.003143 -0.587767 -0.809024
vn -0.003980 -0.308994 -0.951056
vn -0.004908 0.000023 -0.999988
vn -0.005949 0.290060 -0.956990
vn -0.006465 0.417323 -0.908735
vn -0.007203 0.907321 -0.420378
vn -0.007578 0.956306 -0.292269
vn -0.007911 0.999969 0.000001
vn -0.007765 0.951030 0.309002
vn -0.007499 0.874626 0.484741
vn -0.367824 0.657537 0.657534
vn -0.367572 0.657605 0.657606
vn -0.005837 0.309135 0.951000
vn -0.006310 0.479857 0.877324
vn -0.006340 0.488151 0.872736
vn -0.005836 0.308742 0.951128
vn -0.004909 0.000136 0.999988
vn -0.004907 -0.000299 0.999988
vn -0.003981 -0.308891 0.951089
vn -0.003979 -0.309285 0.950961
vn -0.003144 -0.587694 0.809077
vn -0.003142 -0.587978 0.808871
vn -0.002479 -0.808967 0.587849
vn -0.002478 -0.809117 0.587643
vn -0.002052 -0.951042 0.309056
vn -0.002052 -0.951083 0.308929
vn -0.001905 -0.999998 0.000000
vn -0.001905 -0.999998 0.000000
vn -0.002053 -0.951042 -0.309056
vn -0.002052 -0.951083 -0.308928
vn -0.002479 -0.808968 -0.587847
vn -0.002479 -0.809119 -0.587640
vn -0.003144 -0.587694 -0.809077
vn -0.003143 -0.587979 -0.808870
vn -0.003981 -0.308891 -0.951089
vn -0.003980 -0.309284 -0.950961
vn -0.004909 0.000136 -0.999988
vn -0.004908 -0.000299 -0.999988
vn -0.010608 0.295826 -0.955183
vn -0.012472 0.298546 -0.954314
vn -0.017769 0.458398 -0.888569
vn -0.021441 0.471654 -0.881523
vn -0.018495 0.888111 -0.459257
vn -0.034814 0.706680 -0.706676
vn -0.034814 0.706680 -0.706676
vn -0.022180 0.881180 -0.472261
vn -0.012276 0.954959 -0.296484
vn -0.014187 0.954006 -0.299451
vn -0.007912 0.999969 0.000000
vn -0.007912 0.999969 0.000000
vn -0.007765 0.951041 0.308968
vn -0.007765 0.950999 0.309097
vn -0.007503 0.877366 0.479763
vn -0.007495 0.872640 0.488306
vn -0.006971 0.707088 0.707091
vn -0.006971 0.707088 0.707091
vn -0.005838 0.309012 0.951040
vn -0.006213 0.453984 0.890988
vn -0.004910 -0.000000 0.999988
vn -0.003983 -0.309014 0.951049
vn -0.003146 -0.587784 0.809012
vn -0.002480 -0.809015 0.587783
vn -0.002053 -0.951055 0.309016
vn -0.001905 -0.999998 -0.000000
vn -0.002052 -0.951054 -0.309017
vn -0.002478 -0.809014 -0.587784
vn -0.003142 -0.587782 -0.809013
vn -0.003980 -0.309014 -0.951049
vn -0.004908 -0.000000 -0.999988
vn -0.005950 0.290401 -0.956887
vn -0.006466 0.417647 -0.908586
vn -0.007579 0.956349 -0.292127
vn -0.007205 0.907494 -0.420004
vn -0.007911 0.999969 0.000001
vn -0.007764 0.951028 0.309008
vn -0.007523 0.890981 0.453979
vn -0.759229 0.460198 0.460204
vn -0.759228 0.460198 0.460207
vn -0.759228 0.460198 0.460207
vn -0.759230 0.460198 0.460204
vn -0.359409 0.659865 0.659851
vn -0.359408 0.659858 0.659858
vn 0.999205 -0.002065 -0.039819
vn 0.999480 0.005642 -0.031758
vn 0.999480 0.005642 -0.031758
vn 0.999243 -0.001181 -0.038895
vn -0.008824 0.680637 -0.732567
vn -0.008824 0.680637 -0.732567
vn 0.007511 -0.673249 0.739377
vn 0.007511 -0.673250 0.739377
vn 0.007511 -0.673250 0.739377
vn 0.007511 -0.673249 0.739377
vn 0.092751 0.657296 -0.747903
vn 0.092751 0.657296 -0.747903
vn 0.092751 0.657296 -0.747903
vn 0.092751 0.657296 -0.747903
vn -0.067655 -0.655206 0.752415
vn -0.067655 -0.655206 0.752415
vn -0.067655 -0.655206 0.752415
vn -0.067655 -0.655206 0.752415
vn 0.061929 0.625699 -0.777602
vn 0.061929 0.625699 -0.777602
vn 0.061929 0.625699 -0.777602
vn 0.061929 0.625699 -0.777602
vn -0.063253 -0.625596 0.777578
vn -0.063253 -0.625596 0.777578
vn -0.063253 -0.625596 0.777578
vn -0.063253 -0.625597 0.777578
vn -0.001975 0.611130 -0.791528
vn -0.001975 0.611130 -0.791528
vn -0.001975 0.611130 -0.791528
vn -0.001975 0.611130 -0.791528
vn 0.000455 -0.611132 0.791529
vn 0.000455 -0.611132 0.791529
vn 0.000455 -0.611132 0.791529
vn 0.000455 -0.611132 0.791529
vn -0.007333 0.645334 -0.763866
vn -0.007333 0.645333 -0.763866
vn -0.007333 0.645333 -0.763866
vn -0.007333 0.645334 -0.763866
vn 0.005796 -0.645294 0.763912
vn 0.005796 -0.645294 0.763912
vn 0.005796 -0.645294 0.763912
vn 0.005796 -0.645294 0.763912
vn -0.002583 0.675433 -0.737417
vn -0.002583 0.675433 -0.737417
vn -0.002583 0.675433 -0.737417
vn -0.002583 0.675433 -0.737417
vn 0.001046 -0.675351 0.737495
vn 0.001046 -0.675351 0.737495
vn 0.001046 -0.675351 0.737495
vn 0.001046 -0.675351 0.737495
vn -0.046119 0.689257 -0.723047
vn -0.046119 0.689257 -0.723047
vn -0.046119 0.689257 -0.723047
vn -0.046119 0.689257 -0.723047
vn 0.044540 -0.689204 0.723197
vn 0.044540 -0.689204 0.723197
vn 0.044540 -0.689204 0.723197
vn 0.044540 -0.689204 0.723197
vn -0.013647 0.671007 -0.741325
vn -0.013647 0.671007 -0.741325
vn -0.013647 0.671007 -0.741325
vn -0.013647 0.671007 -0.741325
vn -1.000000 -0.000030 0.000000
vn -1.000000 -0.000015 0.000000
vn -1.000000 -0.000015 0.000000
vn -1.000000 -0.000030 0.000000
vn 0.012016 -0.671115 0.741256
vn 0.012016 -0.671115 0.741256
vn 0.012016 -0.671115 0.741256
vn 0.012016 -0.671115 0.741256
vn 0.032357 0.684711 -0.728096
vn 0.032357 0.684711 -0.728096
vn 0.032357 0.684711 -0.728096
vn 0.032357 0.684711 -0.728096
vn -0.033654 -0.684684 0.728063
vn -0.033654 -0.684684 0.728063
vn -0.033654 -0.684684 0.728063
vn -0.033654 -0.684684 0.728062
vn -0.001976 0.611131 -0.791527
vn -0.001976 0.611131 -0.791527
vn -0.001976 0.611131 -0.791527
vn -0.001976 0.611131 -0.791527
vn 0.000454 -0.611132 0.791529
vn 0.000454 -0.611132 0.791528
vn 0.000454 -0.611132 0.791529
vn 0.000454 -0.611132 0.791528
vn 0.901101 0.306615 0.306601
vn 0.901102 0.306615 0.306599
vn 0.901102 0.306615 0.306599
vn 0.901101 0.306615 0.306601
vn 0.113229 0.779429 -0.616173
vn 0.113229 0.779429 -0.616173
vn 0.113229 0.779429 -0.616173
vn 0.113229 0.779429 -0.616173
vn -0.114768 -0.779511 0.615785
vn -0.114768 -0.779511 0.615785
vn -0.114768 -0.779511 0.615785
vn -0.114768 -0.779511 0.615785
vn -0.003899 0.805007 -0.593252
vn -0.003899 0.805008 -0.593252
vn -0.003899 0.805007 -0.593252
vn -0.003899 0.805008 -0.593252
vn 0.002386 -0.805013 0.593253
vn 0.002386 -0.805013 0.593253
vn 0.002386 -0.805013 0.593253
vn 0.002386 -0.805013 0.593253
vn -0.007552 0.740629 -0.671872
vn -0.007552 0.740629 -0.671872
vn -0.007552 0.740629 -0.671872
vn -0.007552 0.740629 -0.671872
vn 0.006011 -0.740768 0.671734
vn 0.006011 -0.740768 0.671734
vn 0.006011 -0.740768 0.671734
vn 0.006011 -0.740768 0.671734
vn -0.002267 0.642072 -0.766641
vn -0.002267 0.642072 -0.766641
vn -0.002267 0.642072 -0.766641
vn -0.002267 0.642072 -0.766641
vn 0.000739 -0.642419 0.766353
vn 0.000739 -0.642419 0.766353
vn 0.000739 -0.642419 0.766353
vn 0.000739 -0.642419 0.766353
vn -0.027257 0.629923 -0.776179
vn -0.027257 0.629923 -0.776179
vn -0.027257 0.629923 -0.776179
vn -0.027257 0.629923 -0.776179
vn 0.025780 -0.630140 0.776054
vn 0.025780 -0.630140 0.776054
vn 0.025780 -0.630140 0.776054
vn 0.025780 -0.630140 0.776054
vn 0.029208 0.661638 -0.749255
vn 0.029208 0.661638 -0.749255
vn 0.029208 0.661638 -0.749255
vn 0.029208 0.661638 -0.749255
vn -0.629194 0.549594 0.549601
vn -0.629192 0.549598 0.549599
vn -0.629192 0.549598 0.549599
vn -0.629194 0.549594 0.549601
vn -0.030802 -0.661100 0.749666
vn -0.030802 -0.661100 0.749666
vn -0.030802 -0.661100 0.749666
vn -0.030802 -0.661100 0.749666
vn -0.003901 0.805009 -0.593249
vn -0.003901 0.805009 -0.593249
vn -0.003901 0.805009 -0.593249
vn -0.003901 0.805009 -0.593249
vn 0.002383 -0.805014 0.593251
vn 0.002383 -0.805014 0.593251
vn 0.002383 -0.805014 0.593251
vn 0.002383 -0.805014 0.593251
vn -0.006978 0.710999 0.703158
vn -0.006978 0.710999 0.703158
vn -0.006978 0.710999 0.703158
vn -0.006978 0.710999 0.703158
vn 0.006975 -0.711001 -0.703157
vn 0.006975 -0.711001 -0.703157
vn 0.006975 -0.711001 -0.703157
vn 0.006975 -0.711001 -0.703157
vn -0.006979 0.710999 0.703158
vn -0.006979 0.710999 0.703158
vn -0.003893 -0.713126 -0.701025
vn -0.003893 -0.713126 -0.701025
vn -0.003893 -0.713126 -0.701025
vn -0.003893 -0.713126 -0.701025
vn -0.006979 0.710996 0.703161
vn -0.006979 0.710996 0.703161
vn -0.006979 0.710996 0.703161
vn -0.006979 0.710996 0.703161
vn 0.006981 -0.710997 -0.703160
vn 0.006981 -0.710997 -0.703160
vn 0.006981 -0.710997 -0.703160
vn 0.006981 -0.710997 -0.703160
vn -0.006974 0.711000 0.703157
vn -0.006974 0.711000 0.703157
vn -0.006974 0.711000 0.703157
vn -0.006974 0.711000 0.703157
vn 0.562544 -0.468899 -0.680939
vn 0.562544 -0.468899 -0.680939
vn 0.562544 -0.468899 -0.680939
vn 0.562544 -0.468899 -0.680939
vn 0.958948 0.116492 -0.258552
vn 0.958948 0.116491 -0.258552
vn 0.958948 0.116491 -0.258552
vn 0.958948 0.116491 -0.258552
vn -0.006980 0.711001 0.703156
vn -0.006980 0.711001 0.703156
vn -0.006980 0.711001 0.703156
vn -0.006980 0.711001 0.703156
vn -0.963125 -0.164429 0.212964
vn -0.963125 -0.164429 0.212964
vn -0.963125 -0.164429 0.212964
vn -0.963125 -0.164429 0.212964
vn 0.006978 -0.711004 -0.703153
vn 0.006978 -0.711004 -0.703153
vn 0.006978 -0.711004 -0.703153
vn 0.006978 -0.711004 -0.703153
vn -0.006888 0.686585 0.727017
vn -0.006888 0.686585 0.727017
vn -0.006888 0.686585 0.727017
vn -0.006888 0.686585 0.727017
vn 0.006885 -0.686590 -0.727013
vn 0.006885 -0.686590 -0.727013
vn 0.006885 -0.686590 -0.727013
vn 0.006885 -0.686590 -0.727013
vn -0.006886 0.686585 0.727017
vn -0.006886 0.686585 0.727017
vn -0.006886 0.686585 0.727017
vn -0.006886 0.686585 0.727017
vn -0.004328 -0.686596 -0.727026
vn -0.004328 -0.686596 -0.727026
vn -0.004328 -0.686596 -0.727026
vn -0.004328 -0.686596 -0.727026
vn -0.006886 0.686585 0.727017
vn -0.006886 0.686585 0.727017
vn 0.006887 -0.686584 -0.727018
vn 0.006887 -0.686584 -0.727018
vn 0.006887 -0.686584 -0.727018
vn 0.006887 -0.686584 -0.727018
vn -0.006887 0.686587 0.727015
vn -0.006887 0.686587 0.727015
vn 0.994718 -0.070482 -0.074626
vn 0.994718 -0.070482 -0.074626
vn 0.994718 -0.070482 -0.074626
vn 0.994718 -0.070482 -0.074626
vn 0.577799 -0.560386 -0.593393
vn 0.577799 -0.560386 -0.593393
vn 0.577799 -0.560386 -0.593393
vn 0.577799 -0.560386 -0.593393
vn -0.006887 0.686586 0.727016
vn -0.006887 0.686586 0.727016
vn -0.006887 0.686586 0.727016
vn -0.006887 0.686586 0.727016
vn 0.006887 -0.686586 -0.727016
vn 0.006887 -0.686586 -0.727016
vn 0.006887 -0.686586 -0.727016
vn 0.006887 -0.686586 -0.727016
vn -1.000000 0.000000 0.000000
vn -1.000000 0.000000 0.000000
vn -1.000000 0.000000 0.000000
vn -1.000000 0.000000 0.000000
vn -0.791433 -0.513395 -0.331752
vn -0.791432 -0.513397 -0.331751
vn -0.088435 0.634497 0.767850
vn -0.089351 0.618528 0.780666
vn -0.085481 0.669070 0.738267
vn -0.040654 0.696573 0.716333
vn 0.021533 0.707436 0.706450
vn -0.006970 0.707089 0.707090
vn -0.006970 0.707089 0.707090
vn -1.000000 -0.000000 0.000000
vn -1.000000 0.000000 0.000000
vn -1.000000 0.000015 0.000000
vn -1.000000 0.000015 0.000000
vn -0.759235 0.460196 0.460198
vn -0.759232 0.460196 0.460202
vn -0.759233 0.460196 0.460202
vn -0.759235 0.460196 0.460198
vn -0.629192 0.549602 0.549596
vn -0.629192 0.549602 0.549596
vn -0.629193 0.549603 0.549593
vn -0.629193 0.549603 0.549593
vn -0.367327 0.657668 0.657680
vn -0.367573 0.657604 0.657608
vn -0.359407 0.659858 0.659859
vn -0.359407 0.659856 0.659861
vn -0.172145 0.696548 0.696554
vn -0.232604 0.687710 0.687713
vn -0.006972 0.707090 0.707089
vn -0.006972 0.707090 0.707089
vn -0.006971 0.707090 0.707089
vn -0.006971 0.707090 0.707089
vn -0.006971 0.707087 0.707093
vn -0.006971 0.707087 0.707093
vn 0.101549 0.703449 0.703454
vn 0.157481 0.698281 0.698286
vn 0.333411 0.666650 0.666644
vn 0.333410 0.666647 0.666647
vn 0.901106 0.306601 0.306599
vn 0.901108 0.306600 0.306595
vn 0.901108 0.306600 0.306595
vn 0.901106 0.306601 0.306599
vn 0.297466 0.651061 0.698308
vn 0.328286 0.644938 0.690132
vn 0.955428 0.221139 0.195591
vn 0.954206 0.223835 0.198465
vn 0.049261 0.674766 0.736386
vn 0.049261 0.674766 0.736386
vn 0.986823 -0.091754 -0.133270
vn 0.988707 -0.083349 -0.124548
vn 0.988951 -0.082207 -0.123364
vn 0.986823 -0.091754 -0.133270
vn -0.006972 0.707090 0.707089
vn -0.006972 0.707090 0.707089
vn 0.153598 0.698716 0.698716
vn 0.077499 0.704980 0.704980
vn 0.303674 0.673715 0.673714
vn 0.446736 0.632625 0.632624
vn 0.579369 0.576339 0.576337
vn 0.698293 0.506156 0.506155
vn 0.800435 0.423853 0.423854
vn 0.883034 0.331853 0.331852
vn 0.943729 0.233856 0.233854
vn -0.791442 -0.513381 -0.331753
vn -0.791441 -0.513381 -0.331754
vn -0.084140 0.635317 0.767654
vn -0.085204 0.619446 0.780402
vn -0.080905 0.669642 0.738264
vn -0.038151 0.696701 0.716347
vn 0.021357 0.707441 0.706449
vn -0.006970 0.707090 0.707089
vn -0.006970 0.707090 0.707089
vn -1.000000 0.000000 0.000000
vn -1.000000 -0.000000 0.000000
vn -0.759231 0.460196 0.460204
vn -0.759231 0.460196 0.460205
vn -0.629189 0.549604 0.549597
vn -0.629189 0.549604 0.549597
vn -0.367572 0.657611 0.657600
vn -0.359406 0.659865 0.659852
vn -0.232792 0.687684 0.687676
vn -0.006972 0.707086 0.707094
vn -0.006972 0.707086 0.707094
vn -0.006973 0.707089 0.707090
vn -0.006973 0.707089 0.707090
vn -0.006972 0.707085 0.707094
vn -0.006972 0.707085 0.707094
vn -0.006971 0.707082 0.707097
vn -0.006971 0.707082 0.707097
vn -0.006970 0.707082 0.707097
vn -0.006970 0.707082 0.707097
vn 0.333412 0.666646 0.666648
vn 0.157297 0.698307 0.698302
vn 0.901107 0.306606 0.306591
vn 0.901107 0.306606 0.306591
vn 0.326671 0.645243 0.690614
vn 0.957706 0.216002 0.190112
vn 0.049261 0.674770 0.736383
vn 0.992119 -0.065994 -0.106515
vn 0.992311 -0.064908 -0.105385
vn -0.006972 0.707089 0.707090
vn -0.006972 0.707089 0.707090
vn 0.153598 0.698716 0.698716
vn 0.077499 0.704981 0.704979
vn 0.303674 0.673713 0.673715
vn 0.446735 0.632623 0.632626
vn 0.579368 0.576338 0.576339
vn 0.698293 0.506155 0.506156
vn 0.800435 0.423854 0.423854
vn 0.883033 0.331853 0.331852
vn 0.943728 0.233857 0.233855
vn -0.791437 -0.513391 -0.331749
vn -0.791438 -0.513388 -0.331749
vn -0.079906 0.636109 0.767450
vn -0.081114 0.620333 0.780133
vn -0.076399 0.670190 0.738247
vn -0.035672 0.696820 0.716359
vn 0.021181 0.707445 0.706451
vn -0.006971 0.707089 0.707090
vn -0.006971 0.707089 0.707090
vn -1.000000 0.000007 0.000000
vn -1.000000 0.000008 0.000000
vn -0.759225 0.460204 0.460206
vn -0.759225 0.460204 0.460206
vn -0.629186 0.549604 0.549600
vn -0.629186 0.549604 0.549600
vn -0.367572 0.657609 0.657602
vn -0.359408 0.659863 0.659854
vn -0.232576 0.687719 0.687714
vn -0.006972 0.707094 0.707086
vn -0.006972 0.707094 0.707085
vn -0.006972 0.707094 0.707085
vn -0.006972 0.707094 0.707085
vn -0.006970 0.707094 0.707085
vn -0.006970 0.707094 0.707085
vn 0.157508 0.698284 0.698277
vn 0.333414 0.666648 0.666645
vn 0.901108 0.306599 0.306596
vn 0.901108 0.306599 0.306595
vn 0.325047 0.645544 0.691099
vn 0.959985 0.210709 0.184476
vn 0.049261 0.674771 0.736381
vn 0.994814 -0.049211 -0.089018
vn 0.994960 -0.048180 -0.087939
vn -0.006972 0.707091 0.707088
vn -0.006972 0.707091 0.707088
vn 0.153599 0.698716 0.698715
vn 0.077501 0.704981 0.704979
vn 0.303673 0.673712 0.673717
vn 0.446736 0.632621 0.632627
vn 0.579370 0.576337 0.576338
vn 0.698293 0.506157 0.506154
vn 0.800434 0.423856 0.423853
vn 0.883033 0.331853 0.331853
vn 0.943729 0.233855 0.233854
vn -0.791439 -0.513390 -0.331745
vn -0.791437 -0.513392 -0.331746
vn -0.075734 0.636875 0.767238
vn -0.077082 0.621198 0.779854
vn -0.071964 0.670712 0.738219
vn -0.033218 0.696931 0.716369
vn 0.021006 0.707445 0.706456
vn -0.006972 0.707092 0.707087
vn -0.006972 0.707092 0.707087
vn -1.000000 0.000000 0.000000
vn -1.000000 0.000000 0.000000
vn -0.759222 0.460212 0.460203
vn -0.759222 0.460211 0.460203
vn -0.629186 0.549598 0.549607
vn -0.629186 0.549598 0.549607
vn -0.367573 0.657603 0.657608
vn -0.359409 0.659859 0.659857
vn -0.232817 0.687672 0.687680
vn -0.006972 0.707091 0.707089
vn -0.006972 0.707091 0.707089
vn -0.006974 0.707090 0.707089
vn -0.006974 0.707090 0.707090
vn -0.006972 0.707091 0.707089
vn -0.006972 0.707091 0.707089
vn -0.006971 0.707090 0.707090
vn -0.006971 0.707090 0.707090
vn -0.006970 0.707088 0.707091
vn -0.006970 0.707088 0.707091
vn 0.333416 0.666649 0.666643
vn 0.157274 0.698304 0.698310
vn 0.901108 0.306591 0.306605
vn 0.901108 0.306591 0.306605
vn 0.323404 0.645839 0.691594
vn 0.962258 0.205254 0.178690
vn 0.049261 0.674767 0.736385
vn 0.996855 -0.032968 -0.072065
vn 0.996961 -0.031984 -0.071040
vn -0.006972 0.707088 0.707091
vn -0.006972 0.707088 0.707091
vn 0.153598 0.698714 0.698718
vn 0.077503 0.704978 0.704982
vn 0.303672 0.673712 0.673718
vn 0.446736 0.632621 0.632628
vn 0.579371 0.576335 0.576340
vn 0.698294 0.506154 0.506156
vn 0.800434 0.423853 0.423856
vn 0.883033 0.331850 0.331856
vn 0.943728 0.233855 0.233856
vn -0.791441 -0.513393 -0.331736
vn -0.791442 -0.513390 -0.331739
vn -0.071621 0.637624 0.767011
vn -0.073105 0.622047 0.779560
vn -0.067597 0.671218 0.738172
vn -0.030787 0.697042 0.716369
vn 0.020831 0.707448 0.706459
vn -0.006972 0.707089 0.707090
vn -0.006972 0.707089 0.707090
vn -1.000000 0.000000 0.000000
vn -1.000000 0.000000 0.000000
vn -0.759228 0.460205 0.460200
vn -0.759228 0.460206 0.460200
vn -0.629189 0.549598 0.549603
vn -0.629189 0.549598 0.549603
vn -0.367573 0.657602 0.657609
vn -0.359407 0.659858 0.659860
vn -0.232554 0.687717 0.687724
vn -0.006972 0.707082 0.707097
vn -0.006972 0.707082 0.707097
vn -0.006972 0.707082 0.707097
vn -0.006972 0.707082 0.707097
vn -0.006971 0.707083 0.707097
vn -0.006971 0.707083 0.707097
vn 0.157534 0.698274 0.698281
vn 0.333422 0.666646 0.666643
vn 0.901102 0.306606 0.306607
vn 0.901102 0.306606 0.306608
vn 0.321753 0.646137 0.692085
vn 0.964522 0.199650 0.172734
vn 0.049262 0.674766 0.736386
vn 0.998300 -0.017240 -0.055668
vn 0.998370 -0.016307 -0.054694
vn -0.006972 0.707088 0.707091
vn -0.006972 0.707088 0.707091
vn 0.153598 0.698716 0.698716
vn 0.077503 0.704979 0.704980
vn 0.303672 0.673716 0.673714
vn 0.446735 0.632625 0.632624
vn 0.579370 0.576338 0.576338
vn 0.698294 0.506155 0.506154
vn 0.800434 0.423856 0.423853
vn 0.883033 0.331854 0.331853
vn 0.943729 0.233855 0.233855
vn -0.006972 0.707093 0.707086
vn -0.006972 0.707093 0.707086
vn -0.006975 0.707089 0.707090
vn -0.006975 0.707089 0.707090
vn -0.006972 0.707094 0.707086
vn -0.006972 0.707094 0.707086
vn -0.006972 0.707090 0.707089
vn -0.006972 0.707090 0.707089
vn -0.006972 0.707089 0.707090
vn -0.006972 0.707089 0.707090
vn -0.003409 0.855702 -0.517458
vn -0.003409 0.855702 -0.517458
vn -0.003409 0.855702 -0.517458
vn -0.003409 0.855702 -0.517458
vn -1.000000 0.000029 0.000000
vn -1.000000 0.000029 0.000000
vn -1.000000 0.000029 0.000000
vn -1.000000 0.000029 0.000000
vn 0.003195 -0.855703 0.517458
vn 0.003195 -0.855703 0.517458
vn 0.003195 -0.855703 0.517458
vn 0.003195 -0.855703 0.517458
vn -0.003410 0.855702 -0.517458
vn -0.003410 0.855702 -0.517458
vn -0.003410 0.855702 -0.517458
vn -0.003410 0.855702 -0.517458
vn 0.003197 -0.855702 0.517458
vn 0.003197 -0.855702 0.517458
vn 0.003197 -0.855702 0.517458
vn 0.003197 -0.855702 0.517458
vn -0.003412 0.855701 -0.517460
vn -0.003412 0.855701 -0.517460
vn -0.003412 0.855701 -0.517460
vn -0.003412 0.855701 -0.517460
vn 0.003198 -0.855701 0.517460
vn 0.003198 -0.855701 0.517460
vn 0.003198 -0.855701 0.517460
vn 0.003198 -0.855701 0.517460
vn 1.000000 0.000000 0.000000
vn 1.000000 0.000000 0.000000
vn 1.000000 0.000000 0.000000
vn 1.000000 0.000000 0.000000
vn -0.003409 0.855703 -0.517456
vn -0.003409 0.855703 -0.517455
vn -0.003409 0.855703 -0.517456
vn -0.003409 0.855703 -0.517455
vn 0.003197 -0.855704 0.517456
vn 0.003197 -0.855704 0.517456
vn 0.003197 -0.855704 0.517456
vn 0.003197 -0.855704 0.517456
vn -0.003834 0.855704 -0.517452
vn -0.003834 0.855704 -0.517452
vn -0.003834 0.855704 -0.517452
vn -0.003834 0.855704 -0.517452
vn -1.000000 0.000029 0.000000
vn -1.000000 0.000029 0.000000
vn -1.000000 0.000029 0.000000
vn -1.000000 0.000029 0.000000
vn 0.003622 -0.855704 0.517453
vn 0.003622 -0.855704 0.517453
vn 0.003622 -0.855704 0.517453
vn 0.003622 -0.855704 0.517453
vn -0.003836 0.855700 -0.517457
vn -0.003836 0.855701 -0.517457
vn -0.003836 0.855700 -0.517457
vn -0.003836 0.855701 -0.517457
vn 0.003623 -0.855701 0.517458
vn 0.003623 -0.855701 0.517458
vn 0.003623 -0.855701 0.517458
vn 0.003623 -0.855701 0.517458
vn -0.003833 0.855699 -0.517459
vn -0.003833 0.855699 -0.517459
vn -0.003833 0.855699 -0.517459
vn -0.003833 0.855699 -0.517459
vn 0.003624 -0.855700 0.517460
vn 0.003624 -0.855700 0.517460
vn 0.003624 -0.855700 0.517460
vn 0.003624 -0.855700 0.517460
vn 1.000000 0.000000 0.000000
vn 1.000000 0.000000 0.000000
vn 1.000000 0.000000 0.000000
vn 1.000000 0.000000 0.000000
vn -0.003836 0.855699 -0.517459
vn -0.003836 0.855699 -0.517459
vn -0.003836 0.855699 -0.517459
vn -0.003836 0.855699 -0.517459
vn 0.003623 -0.855700 0.517460
vn 0.003623 -0.855700 0.517460
vn 0.003623 -0.855700 0.517460
vn 0.003623 -0.855700 0.517460
vn -0.004259 0.855699 -0.517456
vn -0.004259 0.855699 -0.517456
vn -0.004259 0.855699 -0.517456
vn -0.004259 0.855699 -0.517456
vn -1.000000 0.000029 0.000000
vn -1.000000 0.000029 0.000000
vn -1.000000 0.000029 0.000000
vn -1.000000 0.000029 0.000000
vn 0.004046 -0.855700 0.517457
vn 0.004046 -0.855700 0.517457
vn 0.004046 -0.855700 0.517457
vn 0.004046 -0.855700 0.517457
vn -0.004262 0.855702 -0.517452
vn -0.004262 0.855702 -0.517452
vn -0.004262 0.855702 -0.517452
vn -0.004262 0.855702 -0.517452
vn 0.004049 -0.855700 0.517457
vn 0.004049 -0.855700 0.517457
vn 0.004049 -0.855700 0.517457
vn 0.004049 -0.855700 0.517457
vn -0.004261 0.855698 -0.517458
vn -0.004261 0.855698 -0.517458
vn -0.004261 0.855698 -0.517458
vn -0.004261 0.855698 -0.517458
vn 0.004045 -0.855699 0.517459
vn 0.004045 -0.855699 0.517459
vn 0.004045 -0.855699 0.517459
vn 0.004045 -0.855699 0.517459
vn 1.000000 0.000000 0.000000
vn 1.000000 0.000000 0.000000
vn 1.000000 0.000000 0.000000
vn 1.000000 0.000000 0.000000
vn -0.004262 0.855701 -0.517454
vn -0.004262 0.855701 -0.517454
vn -0.004262 0.855701 -0.517454
vn -0.004262 0.855701 -0.517454
vn 0.004049 -0.855701 0.517454
vn 0.004049 -0.855701 0.517454
vn 0.004049 -0.855701 0.517454
vn 0.004049 -0.855701 0.517454
vn 0.049262 0.736388 -0.674764
vn 0.049262 0.736386 -0.674766
vn 0.351727 0.683579 -0.639537
vn 0.320077 0.692584 -0.646435
vn 0.967806 0.163723 -0.191172
vn 0.966775 0.166612 -0.193875
vn 0.333426 0.666638 -0.666649
vn 0.333424 0.666636 -0.666652
vn 0.099864 0.703571 -0.703573
vn 0.157254 0.698307 -0.698311
vn -0.006972 0.707091 -0.707088
vn -0.006972 0.707091 -0.707088
vn -0.006972 0.707094 -0.707086
vn -0.006972 0.707094 -0.707086
vn -0.006972 0.707094 -0.707085
vn -0.006972 0.707094 -0.707085
vn -0.165088 0.697412 -0.697397
vn -0.232841 0.687676 -0.687668
vn -0.367822 0.657541 -0.657531
vn -0.367570 0.657608 -0.657605
vn -0.759228 0.460208 -0.460197
vn -0.759229 0.460211 -0.460192
vn -0.759229 0.460211 -0.460192
vn -0.759228 0.460208 -0.460198
vn -0.359403 0.659862 -0.659857
vn -0.359403 0.659862 -0.659857
vn 0.999185 0.025281 -0.031482
vn 0.997631 0.064374 -0.024269
vn 0.997631 0.064374 -0.024269
vn 0.999064 0.030693 -0.030487
vn -0.009247 -0.779676 -0.626115
vn -0.009247 -0.779676 -0.626115
vn -0.009247 -0.779676 -0.626115
vn -0.009247 -0.779676 -0.626115
vn 0.008078 0.790112 0.612909
vn 0.008078 0.790112 0.612909
vn 0.008078 0.790112 0.612909
vn 0.008078 0.790112 0.612909
vn 0.050825 -0.770530 -0.635375
vn 0.050825 -0.770530 -0.635375
vn 0.050825 -0.770530 -0.635375
vn 0.050825 -0.770530 -0.635375
vn -0.026435 0.774453 0.632079
vn -0.026435 0.774453 0.632079
vn -0.026435 0.774453 0.632079
vn -0.026435 0.774453 0.632079
vn 0.060973 -0.790665 -0.609206
vn 0.060973 -0.790665 -0.609206
vn 0.060973 -0.790665 -0.609206
vn 0.060973 -0.790665 -0.609206
vn -0.062294 0.790611 0.609142
vn -0.062294 0.790611 0.609142
vn -0.062294 0.790611 0.609142
vn -0.062294 0.790611 0.609142
vn -0.001976 -0.791527 -0.611131
vn -0.001976 -0.791527 -0.611131
vn -0.001976 -0.791527 -0.611131
vn -0.001976 -0.791527 -0.611131
vn 0.000454 0.791529 0.611131
vn 0.000454 0.791529 0.611131
vn 0.000454 0.791529 0.611131
vn 0.000454 0.791529 0.611131
vn -0.007333 -0.763865 -0.645334
vn -0.007333 -0.763865 -0.645334
vn -0.007333 -0.763865 -0.645334
vn -0.007333 -0.763865 -0.645334
vn 0.005796 0.763912 0.645295
vn 0.005796 0.763912 0.645295
vn 0.005796 0.763912 0.645295
vn 0.005796 0.763912 0.645295
vn -0.002586 -0.737419 -0.675430
vn -0.002586 -0.737419 -0.675430
vn -0.002586 -0.737419 -0.675430
vn -0.002586 -0.737419 -0.675430
vn 0.001046 0.737503 0.675344
vn 0.001046 0.737503 0.675344
vn 0.001046 0.737503 0.675344
vn 0.001046 0.737503 0.675344
vn -0.046118 -0.723049 -0.689256
vn -0.046118 -0.723049 -0.689256
vn -0.046118 -0.723049 -0.689256
vn -0.046118 -0.723049 -0.689256
vn 0.044541 0.723191 0.689210
vn 0.044541 0.723191 0.689210
vn 0.044541 0.723191 0.689210
vn 0.044541 0.723191 0.689210
vn -0.011437 -0.742665 -0.669565
vn -0.011437 -0.742665 -0.669565
vn -0.011437 -0.742665 -0.669565
vn -0.011437 -0.742665 -0.669565
vn -0.997048 -0.054290 0.054288
vn -0.997048 -0.054294 0.054288
vn -0.997048 -0.054294 0.054288
vn -0.997048 -0.054290 0.054288
vn 0.009837 0.742552 0.669716
vn 0.009837 0.742552 0.669716
vn 0.009837 0.742552 0.669716
vn 0.009837 0.742552 0.669716
vn 0.033189 -0.729403 -0.683278
vn 0.033189 -0.729403 -0.683278
vn 0.033189 -0.729403 -0.683278
vn 0.033189 -0.729403 -0.683278
vn -0.034487 0.729330 0.683293
vn -0.034487 0.729330 0.683293
vn -0.034487 0.729330 0.683293
vn -0.034487 0.729330 0.683293
vn -0.001977 -0.791527 -0.611131
vn -0.001977 -0.791527 -0.611131
vn -0.001977 -0.791527 -0.611131
vn -0.001977 -0.791527 -0.611131
vn 0.000454 0.791527 0.611134
vn 0.000454 0.791527 0.611134
vn 0.000454 0.791527 0.611134
vn 0.000454 0.791527 0.611134
vn 0.901106 0.306600 -0.306601
vn 0.901110 0.306588 -0.306601
vn 0.901110 0.306588 -0.306601
vn 0.901106 0.306601 -0.306601
vn 0.113230 -0.616176 -0.779427
vn 0.113230 -0.616176 -0.779427
vn 0.113230 -0.616176 -0.779427
vn 0.113230 -0.616176 -0.779427
vn -0.114766 0.615785 0.779511
vn -0.114766 0.615785 0.779511
vn -0.114766 0.615785 0.779511
vn -0.114766 0.615785 0.779511
vn -0.003902 -0.593253 -0.805007
vn -0.003902 -0.593253 -0.805007
vn -0.003902 -0.593253 -0.805007
vn -0.003902 -0.593252 -0.805007
vn 0.005852 0.668396 0.743783
vn 0.002383 0.593253 0.805012
vn 0.002383 0.593253 0.805012
vn 0.005850 0.668366 0.743810
vn -0.007552 -0.671872 -0.740629
vn -0.007552 -0.671872 -0.740629
vn -0.007552 -0.671872 -0.740629
vn -0.007552 -0.671872 -0.740629
vn 0.006012 0.671732 0.740770
vn 0.006012 0.671732 0.740770
vn -0.002266 -0.766651 -0.642060
vn -0.002266 -0.766651 -0.642060
vn -0.002266 -0.766651 -0.642060
vn -0.002266 -0.766651 -0.642060
vn 0.000736 0.766358 0.642413
vn 0.000736 0.766358 0.642413
vn 0.000736 0.766358 0.642413
vn 0.000736 0.766358 0.642413
vn -0.027257 -0.776180 -0.629922
vn -0.027257 -0.776180 -0.629922
vn -0.027257 -0.776180 -0.629922
vn -0.027257 -0.776180 -0.629922
vn 0.025784 0.776054 0.630139
vn 0.025784 0.776054 0.630139
vn 0.025784 0.776054 0.630139
vn 0.025784 0.776054 0.630139
vn 0.029210 -0.749247 -0.661646
vn 0.029210 -0.749247 -0.661646
vn 0.029210 -0.749247 -0.661646
vn 0.029210 -0.749247 -0.661646
vn -0.629194 0.549601 -0.549594
vn -0.629192 0.549596 -0.549601
vn -0.629192 0.549596 -0.549601
vn -0.629194 0.549601 -0.549594
vn -0.030804 0.749662 0.661104
vn -0.030804 0.749662 0.661104
vn -0.030804 0.749662 0.661104
vn -0.030804 0.749662 0.661104
vn -0.003898 -0.593252 -0.805007
vn -0.003898 -0.593252 -0.805007
vn -0.003898 -0.593252 -0.805007
vn -0.003898 -0.593252 -0.805007
vn 0.002382 0.593253 0.805012
vn 0.002382 0.593253 0.805012
vn -0.006842 0.808219 -0.588842
vn -0.006842 0.808219 -0.588842
vn 0.006978 -0.703161 0.710996
vn 0.006978 -0.703161 0.710996
vn 0.006978 -0.703161 0.710996
vn 0.006978 -0.703161 0.710996
vn -0.006832 0.812353 -0.583126
vn -0.006832 0.812353 -0.583126
vn -0.003892 -0.701023 0.713128
vn -0.003892 -0.701023 0.713128
vn -0.003892 -0.701023 0.713128
vn -0.003892 -0.701023 0.713128
vn -0.006821 0.816920 -0.576710
vn -0.006821 0.816920 -0.576710
vn -0.006821 0.816920 -0.576710
vn -0.006821 0.816920 -0.576710
vn 0.006978 -0.703153 0.711005
vn 0.006978 -0.703153 0.711005
vn 0.006978 -0.703153 0.711005
vn 0.006978 -0.703153 0.711005
vn -0.006819 0.817408 -0.576019
vn -0.006819 0.817408 -0.576019
vn -0.006819 0.817408 -0.576019
vn -0.006819 0.817408 -0.576019
vn 0.562542 -0.680936 0.468905
vn 0.562542 -0.680936 0.468905
vn 0.562542 -0.680936 0.468905
vn 0.562542 -0.680936 0.468905
vn 0.937007 -0.296392 -0.184849
vn 0.937007 -0.296392 -0.184849
vn 0.937007 -0.296392 -0.184849
vn 0.937007 -0.296392 -0.184849
vn -0.006841 0.807816 -0.589395
vn -0.006841 0.807816 -0.589395
vn -0.946540 0.248222 0.206031
vn -0.946540 0.248222 0.206031
vn -0.946540 0.248222 0.206031
vn -0.946540 0.248222 0.206031
vn 0.006978 -0.703161 0.710996
vn 0.006978 -0.703161 0.710996
vn 0.006978 -0.703161 0.710996
vn 0.006978 -0.703161 0.710996
vn -0.007169 0.588463 -0.808492
vn -0.007169 0.588463 -0.808492
vn 0.006889 -0.727016 0.686586
vn 0.006889 -0.727016 0.686586
vn 0.006889 -0.727016 0.686586
vn 0.006889 -0.727016 0.686586
vn -0.007166 0.594565 -0.804016
vn -0.007166 0.594565 -0.804016
vn -0.004328 -0.727025 0.686598
vn -0.004328 -0.727025 0.686598
vn -0.004328 -0.727025 0.686598
vn -0.004328 -0.727025 0.686598
vn -0.007161 0.600182 -0.799831
vn -0.007161 0.600182 -0.799831
vn -0.007161 0.600182 -0.799831
vn -0.007161 0.600182 -0.799831
vn 0.006891 -0.727017 0.686585
vn 0.006891 -0.727017 0.686585
vn 0.006891 -0.727017 0.686585
vn 0.006891 -0.727017 0.686585
vn -0.007161 0.600718 -0.799429
vn -0.007161 0.600718 -0.799429
vn -0.007161 0.600718 -0.799429
vn -0.007161 0.600718 -0.799429
vn 0.993553 0.000347 0.113371
vn 0.993553 0.000347 0.113371
vn 0.993553 0.000347 0.113371
vn 0.993553 0.000347 0.113371
vn 0.577794 -0.593396 0.560389
vn 0.577794 -0.593396 0.560389
vn 0.577794 -0.593396 0.560389
vn 0.577794 -0.593396 0.560389
vn -0.007171 0.587823 -0.808958
vn -0.007171 0.587823 -0.808958
vn 0.006887 -0.727015 0.686587
vn 0.006887 -0.727015 0.686587
vn 0.006887 -0.727015 0.686587
vn 0.006887 -0.727015 0.686587
vn -0.996515 -0.074825 -0.036859
vn -0.996515 -0.074825 -0.036859
vn -0.996515 -0.074825 -0.036859
vn -0.996515 -0.074825 -0.036859
vn -0.997049 -0.054273 0.054288
vn -0.997049 -0.054274 0.054288
vn -0.997048 -0.054290 0.054287
vn -0.997048 -0.054290 0.054287
vn -0.759223 0.460208 -0.460205
vn -0.759223 0.460211 -0.460203
vn -0.759223 0.460210 -0.460203
vn -0.759223 0.460208 -0.460205
vn -0.629188 0.549599 -0.549604
vn -0.629187 0.549599 -0.549604
vn -0.629191 0.549592 -0.549606
vn -0.629191 0.549592 -0.549606
vn -0.367323 0.657694 -0.657657
vn -0.367571 0.657611 -0.657601
vn -0.359407 0.659862 -0.659855
vn -0.359403 0.659875 -0.659844
vn -0.172143 0.696568 -0.696534
vn -0.232600 0.687721 -0.687704
vn -0.006972 0.707086 -0.707094
vn -0.006972 0.707086 -0.707094
vn -0.006972 0.707085 -0.707095
vn -0.006972 0.707085 -0.707095
vn -0.006972 0.707088 -0.707091
vn -0.006972 0.707088 -0.707092
vn 0.101551 0.703452 -0.703451
vn 0.157483 0.698285 -0.698282
vn 0.333418 0.666646 -0.666646
vn 0.333414 0.666649 -0.666644
vn 0.901111 0.306590 -0.306598
vn 0.901111 0.306595 -0.306594
vn 0.901111 0.306594 -0.306594
vn 0.901111 0.306590 -0.306598
vn 0.297460 0.698307 -0.651064
vn 0.328282 0.690136 -0.644937
vn 0.955424 0.195607 -0.221138
vn 0.954199 0.198490 -0.223842
vn 0.049261 0.736381 -0.674771
vn 0.049261 0.736386 -0.674766
vn 0.998165 -0.059971 0.008411
vn 0.998456 -0.055399 0.004128
vn 0.998532 -0.054096 0.002908
vn 0.998165 -0.059971 0.008411
vn -0.997049 -0.054284 0.054288
vn -0.997049 -0.054283 0.054288
vn -0.759226 0.460203 -0.460206
vn -0.759226 0.460204 -0.460206
vn -0.629189 0.549600 -0.549601
vn -0.629189 0.549599 -0.549601
vn -0.367573 0.657600 -0.657611
vn -0.359410 0.659854 -0.659861
vn -0.232791 0.687676 -0.687685
vn -0.006972 0.707095 -0.707084
vn -0.006972 0.707095 -0.707084
vn -0.006975 0.707090 -0.707090
vn -0.006975 0.707090 -0.707090
vn -0.006972 0.707096 -0.707083
vn -0.006972 0.707096 -0.707083
vn -0.006971 0.707101 -0.707078
vn -0.006971 0.707101 -0.707078
vn -0.006970 0.707097 -0.707082
vn -0.006970 0.707097 -0.707082
vn 0.333416 0.666642 -0.666650
vn 0.157298 0.698302 -0.698307
vn 0.901109 0.306593 -0.306600
vn 0.901109 0.306593 -0.306600
vn 0.326671 0.690621 -0.645235
vn 0.957705 0.190123 -0.215997
vn 0.049261 0.736388 -0.674763
vn 0.998965 -0.045155 -0.005489
vn 0.999012 -0.043939 -0.006633
vn -0.997048 -0.054290 0.054288
vn -0.997048 -0.054291 0.054288
vn -0.759229 0.460204 -0.460199
vn -0.759229 0.460204 -0.460200
vn -0.629194 0.549594 -0.549601
vn -0.629194 0.549594 -0.549601
vn -0.367572 0.657605 -0.657607
vn -0.359408 0.659861 -0.659855
vn -0.232576 0.687714 -0.687719
vn -0.006972 0.707089 -0.707091
vn -0.006972 0.707089 -0.707091
vn -0.006972 0.707088 -0.707091
vn -0.006972 0.707088 -0.707091
vn -0.006972 0.707087 -0.707092
vn -0.006972 0.707087 -0.707092
vn 0.260650 0.682660 -0.682670
vn 0.333421 0.666636 -0.666653
vn 0.901104 0.306602 -0.306605
vn 0.901104 0.306601 -0.306605
vn 0.325047 0.691105 -0.645538
vn 0.959984 0.184485 -0.210706
vn 0.049261 0.736386 -0.674766
vn 0.999272 -0.035112 -0.014912
vn 0.999295 -0.033972 -0.015977
vn -0.997049 -0.054270 0.054288
vn -0.997050 -0.054270 0.054288
vn -0.759230 0.460205 -0.460197
vn -0.759230 0.460205 -0.460196
vn -0.629188 0.549605 -0.549597
vn -0.629188 0.549605 -0.549597
vn -0.367571 0.657609 -0.657604
vn -0.359408 0.659865 -0.659852
vn -0.232816 0.687675 -0.687677
vn -0.006972 0.707097 -0.707083
vn -0.006972 0.707097 -0.707083
vn -0.006973 0.707101 -0.707078
vn -0.006973 0.707101 -0.707078
vn -0.006971 0.707096 -0.707083
vn -0.006971 0.707096 -0.707083
vn -0.006971 0.707088 -0.707091
vn -0.006971 0.707088 -0.707091
vn -0.006971 0.707085 -0.707094
vn -0.006971 0.707085 -0.707094
vn 0.333424 0.666648 -0.666640
vn 0.196942 0.394281 -0.897639
vn 0.901101 0.306619 -0.306596
vn 0.901101 0.306619 -0.306596
vn 0.323405 0.691593 -0.645839
vn 0.962259 0.178686 -0.205253
vn 0.049261 0.736385 -0.674767
vn 0.999389 -0.025272 -0.024132
vn 0.999391 -0.024213 -0.025128
vn -0.997049 -0.054284 0.054288
vn -0.997049 -0.054284 0.054288
vn -0.759229 0.460200 -0.460204
vn -0.759229 0.460200 -0.460204
vn -0.629186 0.549604 -0.549600
vn -0.629187 0.549603 -0.549600
vn -0.367570 0.657608 -0.657605
vn -0.359405 0.659865 -0.659853
vn -0.232553 0.687719 -0.687723
vn -0.006972 0.707089 -0.707090
vn -0.006972 0.707089 -0.707090
vn -0.006971 0.707090 -0.707089
vn -0.006971 0.707090 -0.707089
vn -0.006972 0.707108 -0.707072
vn -0.006972 0.707108 -0.707072
vn 0.157534 0.698289 -0.698266
vn 0.333426 0.666648 -0.666639
vn 0.901101 0.306618 -0.306597
vn 0.901101 0.306618 -0.306597
vn 0.321752 0.692088 -0.646134
vn 0.964523 0.172741 -0.199641
vn 0.049262 0.736387 -0.674764
vn 0.999328 -0.015617 -0.033166
vn 0.999312 -0.014623 -0.034090
vn -0.006972 0.707091 -0.707088
vn -0.006972 0.707091 -0.707088
vn -0.006974 0.707088 -0.707091
vn -0.006974 0.707088 -0.707091
vn -0.006972 0.707091 -0.707088
vn -0.006972 0.707091 -0.707088
vn -0.006971 0.707086 -0.707093
vn -0.006971 0.707086 -0.707093
vn -0.006970 0.707087 -0.707092
vn -0.006970 0.707087 -0.707092
vn -0.003412 -0.517458 -0.855702
vn -0.003412 -0.517458 -0.855702
vn -0.003412 -0.517458 -0.855702
vn -0.003412 -0.517458 -0.855702
vn -1.000000 -0.000015 0.000000
vn -1.000000 -0.000015 0.000000
vn -1.000000 -0.000015 0.000000
vn -1.000000 -0.000015 0.000000
vn 0.003194 0.517447 0.855710
vn 0.003194 0.517447 0.855710
vn 0.003194 0.517447 0.855710
vn 0.003194 0.517447 0.855710
vn -0.003410 -0.517470 -0.855694
vn -0.003410 -0.517471 -0.855694
vn -0.003410 -0.517470 -0.855694
vn -0.003410 -0.517470 -0.855694
vn 0.003197 0.517454 0.855705
vn 0.003197 0.517454 0.855705
vn 0.003197 0.517454 0.855705
vn 0.003197 0.517454 0.855705
vn -0.003413 -0.517469 -0.855695
vn -0.003413 -0.517469 -0.855695
vn -0.003413 -0.517469 -0.855695
vn -0.003413 -0.517469 -0.855695
vn 0.003199 0.517458 0.855703
vn 0.003199 0.517458 0.855703
vn 0.003199 0.517458 0.855703
vn 0.003199 0.517458 0.855703
vn 1.000000 -0.000014 0.000000
vn 1.000000 -0.000014 0.000000
vn 1.000000 -0.000014 0.000000
vn 1.000000 -0.000014 0.000000
vn -0.003409 -0.517460 -0.855701
vn -0.003409 -0.517460 -0.855701
vn -0.003409 -0.517460 -0.855701
vn -0.003409 -0.517460 -0.855701
vn 0.003199 0.517458 0.855703
vn 0.003199 0.517458 0.855703
vn 0.003199 0.517458 0.855703
vn 0.003199 0.517458 0.855703
vn -0.003836 -0.517470 -0.855693
vn -0.003836 -0.517470 -0.855693
vn -0.003836 -0.517469 -0.855693
vn -0.003836 -0.517469 -0.855693
vn -1.000000 0.000015 0.000000
vn -1.000000 0.000015 0.000000
vn -1.000000 0.000015 0.000000
vn -1.000000 0.000015 0.000000
vn 0.003626 0.517461 0.855699
vn 0.003626 0.517461 0.855699
vn 0.003626 0.517461 0.855699
vn 0.003626 0.517461 0.855699
vn -0.003836 -0.517455 -0.855702
vn -0.003836 -0.517455 -0.855702
vn -0.003836 -0.517455 -0.855702
vn -0.003836 -0.517455 -0.855702
vn 0.003623 0.517456 0.855702
vn 0.003623 0.517456 0.855702
vn 0.003623 0.517456 0.855702
vn 0.003623 0.517456 0.855702
vn -0.003834 -0.517453 -0.855703
vn -0.003834 -0.517452 -0.855703
vn -0.003834 -0.517453 -0.855703
vn -0.003834 -0.517453 -0.855703
vn 0.003625 0.517457 0.855701
vn 0.003625 0.517457 0.855701
vn 0.003625 0.517457 0.855701
vn 0.003625 0.517457 0.855701
vn 0.239502 -0.502403 -0.830801
vn 1.000000 -0.000014 0.000000
vn -0.003834 -0.517456 -0.855701
vn -0.003834 -0.517456 -0.855701
vn 0.003625 0.517460 0.855700
vn 0.003625 0.517460 0.855700
vn 0.003625 0.517460 0.855700
vn 0.003625 0.517460 0.855700
vn -0.004262 -0.517456 -0.855699
vn -0.004262 -0.517456 -0.855699
vn -0.004262 -0.517456 -0.855699
vn -0.004262 -0.517456 -0.855699
vn -1.000000 0.000000 0.000000
vn -1.000000 0.000000 0.000000
vn -1.000000 0.000000 0.000000
vn -1.000000 0.000000 0.000000
vn 0.004047 0.517456 0.855700
vn 0.004047 0.517456 0.855700
vn 0.004047 0.517457 0.855700
vn 0.004047 0.517456 0.855700
vn -0.004262 -0.517454 -0.855700
vn -0.004262 -0.517454 -0.855700
vn -0.004262 -0.517454 -0.855700
vn -0.004262 -0.517454 -0.855700
vn 0.004049 0.517457 0.855699
vn 0.004049 0.517457 0.855699
vn 0.004049 0.517458 0.855699
vn 0.004049 0.517457 0.855699
vn -0.004259 -0.517456 -0.855699
vn -0.004259 -0.517456 -0.855699
vn -0.004259 -0.517456 -0.855699
vn -0.004259 -0.517456 -0.855699
vn 0.004051 0.517454 0.855701
vn 0.004051 0.517454 0.855701
vn 0.004051 0.517454 0.855701
vn 0.004051 0.517454 0.855701
vn 1.000000 -0.000028 0.000000
vn 1.000000 -0.000028 0.000000
vn 1.000000 -0.000028 0.000000
vn 1.000000 -0.000028 0.000000
vn -0.004262 -0.517458 -0.855698
vn -0.004262 -0.517458 -0.855698
vn -0.004262 -0.517458 -0.855698
vn -0.004262 -0.517458 -0.855698
vn 0.004048 0.517442 0.855709
vn 0.004048 0.517442 0.855709
vn 0.004048 0.517442 0.855709
vn 0.004048 0.517442 0.855709
vn -0.034814 0.706677 -0.706680
vn -0.034814 0.706677 -0.706680
vn -0.051548 0.690258 -0.721725
vn 0.021440 0.707461 -0.706427
vn -0.103019 0.642567 -0.759273
vn -0.090650 0.579222 -0.810114
vn -0.084093 0.548307 -0.832039
vn -0.744631 -0.647231 0.163146
vn -0.744632 -0.647230 0.163146
vn -0.034814 0.706680 -0.706677
vn -0.034814 0.706680 -0.706677
vn -0.047513 0.690585 -0.721689
vn 0.021256 0.707464 -0.706430
vn -0.094877 0.644328 -0.758841
vn -0.083052 0.582090 -0.808872
vn -0.076816 0.551673 -0.830516
vn -0.744638 -0.647223 0.163149
vn -0.744637 -0.647223 0.163149
vn -0.034814 0.706678 -0.706678
vn -0.034814 0.706678 -0.706678
vn -0.043563 0.690894 -0.721643
vn 0.021072 0.707467 -0.706432
vn -0.087024 0.645982 -0.758376
vn -0.075712 0.584821 -0.807622
vn -0.069777 0.554889 -0.828993
vn -0.744631 -0.647231 0.163147
vn -0.744630 -0.647232 0.163147
vn -0.034815 0.706678 -0.706678
vn -0.034815 0.706678 -0.706678
vn -0.039696 0.691184 -0.721588
vn 0.020888 0.707470 -0.706435
vn -0.079447 0.647537 -0.757881
vn -0.068619 0.587426 -0.806364
vn -0.062970 0.557972 -0.827468
vn -0.744630 -0.647230 0.163155
vn -0.744632 -0.647227 0.163157
vn -0.034815 0.706679 -0.706677
vn -0.034815 0.706679 -0.706677
vn -0.035909 0.691460 -0.721522
vn 0.020704 0.707474 -0.706436
vn -0.072132 0.649000 -0.757361
vn -0.061763 0.589909 -0.805104
vn -0.056384 0.560917 -0.825950
vn -0.744629 -0.647231 0.163159
vn -0.744625 -0.647235 0.163157
vn -0.006088 0.713927 -0.700193
vn -0.006088 0.713927 -0.700193
vn 0.153596 0.698717 -0.698715
vn 0.077496 0.704980 -0.704981
vn 0.303674 0.673715 -0.673713
vn 0.446736 0.632623 -0.632626
vn 0.579369 0.576336 -0.576340
vn 0.698294 0.506154 -0.506156
vn 0.800434 0.423855 -0.423854
vn 0.883033 0.331854 -0.331853
vn 0.943730 0.233852 -0.233855
vn -0.006026 0.713929 -0.700193
vn -0.006025 0.713929 -0.700193
vn 0.153596 0.698714 -0.698718
vn 0.077496 0.704978 -0.704982
vn 0.303674 0.673714 -0.673715
vn 0.446737 0.632625 -0.632622
vn 0.579371 0.576338 -0.576337
vn 0.698295 0.506155 -0.506153
vn 0.800434 0.423857 -0.423852
vn 0.883032 0.331855 -0.331853
vn 0.943729 0.233853 -0.233856
vn -0.005963 0.713928 -0.700194
vn -0.005962 0.713928 -0.700194
vn 0.153596 0.698716 -0.698717
vn 0.077497 0.704980 -0.704981
vn 0.303674 0.673713 -0.673715
vn 0.446737 0.632623 -0.632625
vn 0.579370 0.576337 -0.576338
vn 0.698294 0.506155 -0.506155
vn 0.800434 0.423856 -0.423854
vn 0.883033 0.331855 -0.331851
vn 0.943730 0.233854 -0.233852
vn -0.005900 0.713927 -0.700195
vn -0.005900 0.713927 -0.700195
vn 0.153596 0.698715 -0.698717
vn 0.077497 0.704980 -0.704981
vn 0.303675 0.673712 -0.673716
vn 0.446737 0.632621 -0.632627
vn 0.579369 0.576338 -0.576339
vn 0.698294 0.506155 -0.506155
vn 0.800434 0.423854 -0.423855
vn 0.883033 0.331853 -0.331853
vn 0.943729 0.233853 -0.233854
vn -0.005837 0.713923 -0.700200
vn -0.005837 0.713923 -0.700200
vn 0.153596 0.698716 -0.698716
vn 0.077496 0.704980 -0.704981
vn 0.303676 0.673714 -0.673714
vn 0.446737 0.632624 -0.632624
vn 0.579369 0.576339 -0.576338
vn 0.698294 0.506156 -0.506154
vn 0.800434 0.423856 -0.423854
vn 0.883033 0.331853 -0.331852
vn 0.943729 0.233853 -0.233855
s 1
g loftedSurface10 polySurface4
usemtl initialShadingGroup
f 1719/2429/2984 1784/2430/2985 1785/3696/2986 1707/3714/2987
f 1747/2433/2988 1748/2434/2989 1749/3707/2990 1709/3706/2991
f 1729/2437/2992 1730/2438/2993 1731/3711/2994 1711/3710/2995
f 1718/3632/2996 1720/2442/2997 1721/3713/2998 1713/3654/2999
f 1716/2445/3000 1717/2446/3001 1714/3631/3002 1712/3630/3003
f 1706/2449/3004 1715/2450/3005 1717/2446/3001 1716/2445/3000
f 1714/3631/3002 1717/2446/3001 1720/2442/2997 1718/3632/2996
f 1720/2442/2997 1717/2446/3001 1715/2450/3005 1719/2429/2984
f 1721/3713/2998 1720/2442/2997 1719/2429/2984 1707/3714/2987
f 1725/2451/3006 1726/2452/3007 1722/2453/3008 1710/2454/3009
f 2739/2455/3010 2740/2456/3011 1724/2457/3012 1723/2458/3013
f 1723/2458/3013 1724/2457/3012 1726/2452/3007 1725/2451/3006
f 1727/3712/3014 1728/2460/3015 2741/2461/3016 2742/2462/3017
f 2741/2461/3016 1728/2460/3015 1724/2457/3012 2740/2456/3011
f 1722/2453/3008 1726/2452/3007 1730/2438/2993 1729/2437/2992
f 1730/2438/2993 1726/2452/3007 1724/2457/3012 1728/2460/3015
f 1731/3711/2994 1730/2438/2993 1728/2460/3015 1727/3712/3014
f 1737/2463/3018 1738/2464/3019 1739/3709/3020 1733/3708/3021
f 1735/2467/3022 1736/2468/3023 1734/2469/3024 1732/2470/3025
f 1710/2454/3009 1722/2453/3008 1736/2468/3023 1735/2467/3022
f 1734/2469/3024 1736/2468/3023 1738/2464/3019 1737/2463/3018
f 1738/2464/3019 1736/2468/3023 1722/2453/3008 1729/2437/2992
f 1739/3709/3020 1738/2464/3019 1729/2437/2992 1711/3710/2995
f 1743/2471/3026 1744/2472/3027 1740/2473/3028 1708/2474/3029
f 1732/2470/3025 1734/2469/3024 2468/2475/3030 2469/2476/3031
f 1741/3976/3032 1742/3979/3033 1744/2472/3027 1743/2471/3026
f 2466/3658/3034 2467/2480/3035 1737/2463/3018 1733/3708/3021
f 1737/2463/3018 2467/2480/3035 2468/2475/3030 1734/2469/3024
f 1740/2473/3028 1744/2472/3027 1748/2434/2989 1747/2433/2988
f 1748/2434/2989 1744/2472/3027 1742/3979/3033 1746/3977/3036
f 1749/3707/2990 1748/2434/2989 1746/3977/3036 1745/3978/3037
f 1767/2483/3038 1768/2484/3039 1769/3702/3040 1751/3701/3041
f 1757/2487/3042 1758/2488/3043 1759/3705/3044 1753/3704/3045
f 1755/2491/3046 1756/2492/3047 1754/2493/3048 1752/2494/3049
f 1708/2474/3029 1740/2473/3028 1756/2492/3047 1755/2491/3046
f 1754/2493/3048 1756/2492/3047 1758/2488/3043 1757/2487/3042
f 1758/2488/3043 1756/2492/3047 1740/2473/3028 1747/2433/2988
f 1759/3705/3044 1758/2488/3043 1747/2433/2988 1709/3706/2991
f 1763/2495/3050 1764/2496/3051 1760/2497/3052 1750/2498/3053
f 1752/2494/3049 1754/2493/3048 1762/2499/3054 1761/2500/3055
f 1761/2500/3055 1762/2499/3054 1764/2496/3051 1763/2495/3050
f 1765/3703/3056 1766/2502/3057 1757/2487/3042 1753/3704/3045
f 1757/2487/3042 1766/2502/3057 1762/2499/3054 1754/2493/3048
f 1760/2497/3052 1764/2496/3051 1768/2484/3039 1767/2483/3038
f 1768/2484/3039 1764/2496/3051 1762/2499/3054 1766/2502/3057
f 1769/3702/3040 1768/2484/3039 1766/2502/3057 1765/3703/3056
f 1775/2503/3058 1776/3583/3059 1777/3700/3060 1771/3698/3061
f 1773/2507/3062 1774/3584/3063 1772/2509/3064 1770/2510/3065
f 1750/2498/3053 1760/2497/3052 1774/2508/3063 1773/3553/3062
f 1772/2509/3064 1774/3584/3063 1776/3583/3059 1775/2503/3058
f 1776/2504/3059 1774/2508/3063 1760/2497/3052 1767/2483/3038
f 1777/3699/3060 1776/2504/3059 1767/2483/3038 1751/3701/3041
f 1780/2511/3066 1781/2512/3067 1715/2450/3005 1706/2449/3004
f 1770/2510/3065 1772/2509/3064 1779/2513/3068 1778/2514/3069
f 1778/2514/3069 1779/2513/3068 1781/2512/3067 1780/2511/3066
f 1782/3697/3070 1783/2516/3071 1775/2503/3058 1771/3698/3061
f 1775/2503/3058 1783/2516/3071 1779/2513/3068 1772/2509/3064
f 1715/2450/3005 1781/2512/3067 1784/2430/2985 1719/2429/2984
f 1784/2430/2985 1781/2512/3067 1779/2513/3068 1783/2516/3071
f 1785/3696/2986 1784/2430/2985 1783/2516/3071 1782/3697/3070
s 14
f 1786/2517/3072 1787/2518/3073 1807/2519/3074 1806/2520/3075
f 2803/2521/3076 1788/2522/3077 1808/2523/3078 2802/2524/3079
f 1788/2522/3077 1789/2525/3080 1809/2526/3081 1808/2523/3078
f 1789/2525/3080 1790/2527/3082 1810/2528/3083 1809/2526/3081
f 1790/2527/3082 1791/2529/3084 1811/2530/3085 1810/2528/3083
f 1791/2529/3084 1792/2531/3086 1812/2532/3087 1811/2530/3085
f 1792/2531/3086 1793/2533/3088 1813/2534/3089 1812/2532/3087
f 1793/2533/3088 1794/2535/3090 1814/3582/3091 1813/2534/3089
f 1794/3557/3090 1795/2537/3092 1815/2538/3093 1814/2536/3091
f 1795/2537/3092 1796/2539/3094 1816/2540/3095 1815/2538/3093
f 1796/2539/3094 1797/2541/3096 1817/2542/3097 1816/2540/3095
f 1797/2541/3096 1798/2543/3098 1818/2544/3099 1817/2542/3097
f 1798/2543/3098 1799/2545/3100 1819/2546/3101 1818/2544/3099
f 1799/2545/3100 1800/2547/3102 1820/2548/3103 1819/2546/3101
f 1800/2547/3102 1801/2549/3104 1821/2550/3105 1820/2548/3103
f 1801/2549/3104 1802/2551/3106 1822/2552/3107 1821/2550/3105
f 2495/2553/3108 1803/2554/3109 1823/2555/3110 2494/2556/3111
f 1803/2554/3109 1804/2557/3112 1824/2558/3113 1823/2555/3110
f 1804/2557/3112 1805/2559/3114 1825/2560/3115 1824/2558/3113
f 1805/2559/3114 1786/2517/3072 1806/2520/3075 1825/2560/3115
f 1806/2520/3075 1807/2519/3074 1827/2561/3116 1826/2562/3117
f 2802/2524/3079 1808/2523/3078 1828/2563/3118 2801/2564/3119
f 1808/2523/3078 1809/2526/3081 1829/2565/3120 1828/2563/3118
f 1809/2526/3081 1810/2528/3083 1830/2566/3121 1829/2565/3120
f 1810/2528/3083 1811/2530/3085 1831/2567/3122 1830/2566/3121
f 1811/2530/3085 1812/2532/3087 1832/2568/3123 1831/2567/3122
f 1812/2532/3087 1813/2534/3089 1833/2569/3124 1832/2568/3123
f 1813/2534/3089 1814/3582/3091 1834/3581/3125 1833/2569/3124
f 1814/2536/3091 1815/2538/3093 1835/2571/3126 1834/2570/3125
f 1815/2538/3093 1816/2540/3095 1836/2572/3127 1835/2571/3126
f 1816/2540/3095 1817/2542/3097 1837/2573/3128 1836/2572/3127
f 1817/2542/3097 1818/2544/3099 1838/2574/3129 1837/2573/3128
f 1818/2544/3099 1819/2546/3101 1839/2575/3130 1838/2574/3129
f 1819/2546/3101 1820/2548/3103 1840/2576/3131 1839/2575/3130
f 1820/2548/3103 1821/2550/3105 1841/2577/3132 1840/2576/3131
f 1821/2550/3105 1822/2552/3107 1842/2578/3133 1841/2577/3132
f 2494/2556/3111 1823/2555/3110 1843/2579/3134 2493/2580/3135
f 1823/2555/3110 1824/2558/3113 1844/2581/3136 1843/2579/3134
f 1824/2558/3113 1825/2560/3115 1845/2582/3137 1844/2581/3136
f 1825/2560/3115 1806/2520/3075 1826/2562/3117 1845/2582/3137
f 1826/2562/3117 1827/2561/3116 1847/2583/3138 1846/2584/3139
f 2801/2564/3119 1828/2563/3118 1848/2585/3140 2800/2586/3141
f 1828/2563/3118 1829/2565/3120 1849/2587/3142 1848/2585/3140
f 1829/2565/3120 1830/2566/3121 1850/2588/3143 1849/2587/3142
f 1830/2566/3121 1831/2567/3122 1851/2589/3144 1850/2588/3143
f 1831/2567/3122 1832/2568/3123 1852/2590/3145 1851/2589/3144
f 1832/2568/3123 1833/2569/3124 1853/2591/3146 1852/2590/3145
f 1833/2569/3124 1834/3581/3125 1854/3580/3147 1853/2591/3146
f 1834/2570/3125 1835/2571/3126 1855/2593/3148 1854/2592/3147
f 1835/2571/3126 1836/2572/3127 1856/2594/3149 1855/2593/3148
f 1836/2572/3127 1837/2573/3128 1857/2595/3150 1856/2594/3149
f 1837/2573/3128 1838/2574/3129 1858/2596/3151 1857/2595/3150
f 1838/2574/3129 1839/2575/3130 1859/2597/3152 1858/2596/3151
f 1839/2575/3130 1840/2576/3131 1860/2598/3153 1859/2597/3152
f 1840/2576/3131 1841/2577/3132 1861/2599/3154 1860/2598/3153
f 1841/2577/3132 1842/2578/3133 1862/2600/3155 1861/2599/3154
f 2493/2580/3135 1843/2579/3134 1863/2601/3156 2492/2602/3157
f 1843/2579/3134 1844/2581/3136 1864/2603/3158 1863/2601/3156
f 1844/2581/3136 1845/2582/3137 1865/2604/3159 1864/2603/3158
f 1845/2582/3137 1826/2562/3117 1846/2584/3139 1865/2604/3159
f 1846/2584/3139 1847/2583/3138 1867/2605/3160 1866/2606/3161
f 2800/2586/3141 1848/2585/3140 1868/2607/3162 2799/2608/3163
f 1848/2585/3140 1849/2587/3142 1869/2609/3164 1868/2607/3162
f 1849/2587/3142 1850/2588/3143 1870/2610/3165 1869/2609/3164
f 1850/2588/3143 1851/2589/3144 1871/2611/3166 1870/2610/3165
f 1851/2589/3144 1852/2590/3145 1872/2612/3167 1871/2611/3166
f 1852/2590/3145 1853/2591/3146 1873/2613/3168 1872/2612/3167
f 1853/2591/3146 1854/3580/3147 1874/3579/3169 1873/2613/3168
f 1854/2592/3147 1855/2593/3148 1875/2615/3170 1874/2614/3169
f 1855/2593/3148 1856/2594/3149 1876/2616/3171 1875/2615/3170
f 1856/2594/3149 1857/2595/3150 1877/2617/3172 1876/2616/3171
f 1857/2595/3150 1858/2596/3151 1878/2618/3173 1877/2617/3172
f 1858/2596/3151 1859/2597/3152 1879/2619/3174 1878/2618/3173
f 1859/2597/3152 1860/2598/3153 1880/2620/3175 1879/2619/3174
f 1860/2598/3153 1861/2599/3154 1881/2621/3176 1880/2620/3175
f 1861/2599/3154 1862/2600/3155 1882/2622/3177 1881/2621/3176
f 2492/2602/3157 1863/2601/3156 1883/2623/3178 2491/2624/3179
f 1863/2601/3156 1864/2603/3158 1884/2625/3180 1883/2623/3178
f 1864/2603/3158 1865/2604/3159 1885/2626/3181 1884/2625/3180
f 1865/2604/3159 1846/2584/3139 1866/2606/3161 1885/2626/3181
f 1866/2606/3161 1867/2605/3160 1887/2627/3182 1886/2628/3183
f 2799/2608/3163 1868/2607/3162 1888/2629/3184 2798/2630/3185
f 1868/2607/3162 1869/2609/3164 1889/2631/3186 1888/2629/3184
f 1869/2609/3164 1870/2610/3165 1890/2632/3187 1889/2631/3186
f 1870/2610/3165 1871/2611/3166 1891/2633/3188 1890/2632/3187
f 1871/2611/3166 1872/2612/3167 1892/2634/3189 1891/2633/3188
f 1872/2612/3167 1873/2613/3168 1893/2635/3190 1892/2634/3189
f 1873/2613/3168 1874/3579/3169 1894/3578/3191 1893/2635/3190
f 1874/2614/3169 1875/2615/3170 1895/2637/3192 1894/2636/3191
f 1875/2615/3170 1876/2616/3171 1896/2638/3193 1895/2637/3192
f 1876/2616/3171 1877/2617/3172 1897/2639/3194 1896/2638/3193
f 1877/2617/3172 1878/2618/3173 1898/2640/3195 1897/2639/3194
f 1878/2618/3173 1879/2619/3174 1899/2641/3196 1898/2640/3195
f 1879/2619/3174 1880/2620/3175 1900/2642/3197 1899/2641/3196
f 1880/2620/3175 1881/2621/3176 1901/2643/3198 1900/2642/3197
f 1881/2621/3176 1882/2622/3177 1902/2644/3199 1901/2643/3198
f 2491/2624/3179 1883/2623/3178 1903/2645/3200 2490/2646/3201
f 1883/2623/3178 1884/2625/3180 1904/2647/3202 1903/2645/3200
f 1884/2625/3180 1885/2626/3181 1905/2648/3203 1904/2647/3202
f 1885/2626/3181 1866/2606/3161 1886/2628/3183 1905/2648/3203
f 1886/2628/3183 1887/2627/3182 1907/2649/3204 1906/2650/3205
f 2798/2630/3185 1888/2629/3184 1908/2651/3206 2797/2652/3207
f 1888/2629/3184 1889/2631/3186 1909/2653/3208 1908/2651/3206
f 1889/2631/3186 1890/2632/3187 1910/2654/3209 1909/2653/3208
f 1890/2632/3187 1891/2633/3188 1911/2655/3210 1910/2654/3209
f 1891/2633/3188 1892/2634/3189 1912/2656/3211 1911/2655/3210
f 1892/2634/3189 1893/2635/3190 1913/2657/3212 1912/2656/3211
f 1893/2635/3190 1894/3578/3191 1914/3577/3213 1913/2657/3212
f 1894/2636/3191 1895/2637/3192 1915/2659/3214 1914/2658/3213
f 1895/2637/3192 1896/2638/3193 1916/2660/3215 1915/2659/3214
f 1896/2638/3193 1897/2639/3194 1917/2661/3216 1916/2660/3215
f 1897/2639/3194 1898/2640/3195 1918/2662/3217 1917/2661/3216
f 1898/2640/3195 1899/2641/3196 1919/2663/3218 1918/2662/3217
f 1899/2641/3196 1900/2642/3197 1920/2664/3219 1919/2663/3218
f 1900/2642/3197 1901/2643/3198 1921/2665/3220 1920/2664/3219
f 1901/2643/3198 1902/2644/3199 1922/2666/3221 1921/2665/3220
f 2490/2646/3201 1903/2645/3200 1923/2667/3222 2489/2668/3223
f 1903/2645/3200 1904/2647/3202 1924/2669/3224 1923/2667/3222
f 1904/2647/3202 1905/2648/3203 1925/2670/3225 1924/2669/3224
f 1905/2648/3203 1886/2628/3183 1906/2650/3205 1925/2670/3225
f 1906/2650/3205 1907/2649/3204 1927/2671/3226 1926/2672/3227
f 2797/2652/3207 1908/2651/3206 1928/2673/3228 2796/2674/3229
f 1908/2651/3206 1909/2653/3208 1929/2675/3230 1928/2673/3228
f 1909/2653/3208 1910/2654/3209 1930/2676/3231 1929/2675/3230
f 1910/2654/3209 1911/2655/3210 1931/2677/3232 1930/2676/3231
f 1911/2655/3210 1912/2656/3211 1932/2678/3233 1931/2677/3232
f 1912/2656/3211 1913/2657/3212 1933/2679/3234 1932/2678/3233
f 1913/2657/3212 1914/3577/3213 1934/3576/3235 1933/2679/3234
f 1914/2658/3213 1915/2659/3214 1935/2681/3236 1934/2680/3235
f 1915/2659/3214 1916/2660/3215 1936/2682/3237 1935/2681/3236
f 1916/2660/3215 1917/2661/3216 1937/2683/3238 1936/2682/3237
f 1917/2661/3216 1918/2662/3217 1938/2684/3239 1937/2683/3238
f 1918/2662/3217 1919/2663/3218 1939/2685/3240 1938/2684/3239
f 1919/2663/3218 1920/2664/3219 1940/2686/3241 1939/2685/3240
f 1920/2664/3219 1921/2665/3220 1941/2687/3242 1940/2686/3241
f 1921/2665/3220 1922/2666/3221 1942/2688/3243 1941/2687/3242
f 2489/2668/3223 1923/2667/3222 1943/2689/3244 2488/2690/3245
f 1923/2667/3222 1924/2669/3224 1944/2691/3246 1943/2689/3244
f 1924/2669/3224 1925/2670/3225 1945/2692/3247 1944/2691/3246
f 1925/2670/3225 1906/2650/3205 1926/2672/3227 1945/2692/3247
f 1926/2672/3227 1927/2671/3226 1947/2693/3248 1946/2694/3249
f 2796/2674/3229 1928/2673/3228 1948/2695/3250 2795/2696/3251
f 1928/2673/3228 1929/2675/3230 1949/2697/3252 1948/2695/3250
f 1929/2675/3230 1930/2676/3231 1950/2698/3253 1949/2697/3252
f 1930/2676/3231 1931/2677/3232 1951/2699/3254 1950/2698/3253
f 1931/2677/3232 1932/2678/3233 1952/2700/3255 1951/2699/3254
f 1932/2678/3233 1933/2679/3234 1953/2701/3256 1952/2700/3255
f 1933/2679/3234 1934/3576/3235 1954/3570/3257 1953/2701/3256
f 1934/2680/3235 1935/2681/3236 1955/2703/3258 1954/2702/3257
f 1935/2681/3236 1936/2682/3237 1956/2704/3259 1955/2703/3258
f 1936/2682/3237 1937/2683/3238 1957/2705/3260 1956/2704/3259
f 1937/2683/3238 1938/2684/3239 1958/2706/3261 1957/2705/3260
f 1938/2684/3239 1939/2685/3240 1959/2707/3262 1958/2706/3261
f 1939/2685/3240 1940/2686/3241 1960/2708/3263 1959/2707/3262
f 1940/2686/3241 1941/2687/3242 1961/2709/3264 1960/2708/3263
f 1941/2687/3242 1942/2688/3243 1962/2710/3265 1961/2709/3264
f 2488/2690/3245 1943/2689/3244 1963/2711/3266 2487/2712/3267
f 1943/2689/3244 1944/2691/3246 1964/2713/3268 1963/2711/3266
f 1944/2691/3246 1945/2692/3247 1965/2714/3269 1964/2713/3268
f 1945/2692/3247 1926/2672/3227 1946/2694/3249 1965/2714/3269
f 1946/2694/3249 1947/2693/3248 1967/2715/3270 1966/3559/3271
f 2795/2696/3251 1948/2695/3250 1968/3575/3272 2794/3528/3273
f 1948/2695/3250 1949/2697/3252 1969/3574/3274 1968/3575/3272
f 1949/2697/3252 1950/2698/3253 1970/3573/3275 1969/3574/3274
f 1950/2698/3253 1951/2699/3254 1971/3572/3276 1970/3573/3275
f 1951/2699/3254 1952/2700/3255 1972/3571/3277 1971/3572/3276
f 1952/2700/3255 1953/2701/3256 1973/3569/3278 1972/3571/3277
f 1953/2701/3256 1954/3570/3257 1974/3555/3279 1973/3569/3278
f 1954/2702/3257 1955/2703/3258 1975/3568/3280 1974/3554/3279
f 1955/2703/3258 1956/2704/3259 1976/3567/3281 1975/3568/3280
f 1956/2704/3259 1957/2705/3260 1977/3566/3282 1976/3567/3281
f 1957/2705/3260 1958/2706/3261 1978/3565/3283 1977/3566/3282
f 1958/2706/3261 1959/2707/3262 1979/3564/3284 1978/3565/3283
f 1959/2707/3262 1960/2708/3263 1980/3563/3285 1979/3564/3284
f 1960/2708/3263 1961/2709/3264 1981/3562/3286 1980/3563/3285
f 1961/2709/3264 1962/2710/3265 1982/2732/3287 1981/3562/3286
f 2487/2712/3267 1963/2711/3266 1983/3561/3288 2486/3535/3289
f 1963/2711/3266 1964/2713/3268 1984/3560/3290 1983/3561/3288
f 1964/2713/3268 1965/2714/3269 1985/3558/3291 1984/3560/3290
f 1965/2714/3269 1946/2694/3249 1966/3559/3271 1985/3558/3291
f 1787/2518/3073 1786/2517/3072 1986/2737/3292
f 1788/2522/3077 2803/2521/3076 2793/2738/3293 2783/2739/3294 2773/2740/3295 2763/2741/3296 2753/2742/3297 1787/2518/3073 1986/2737/3292
f 1789/2525/3080 1788/2522/3077 1986/2737/3292
f 1790/2527/3082 1789/2525/3080 1986/2737/3292
f 1791/2529/3084 1790/2527/3082 1986/2737/3292
f 1792/2531/3086 1791/2529/3084 1986/2737/3292
f 1793/2533/3088 1792/2531/3086 1986/2737/3292
f 1794/2535/3090 1793/2533/3088 1986/2737/3292
f 1795/2537/3092 1794/3557/3090 1986/2737/3292
f 1796/2539/3094 1795/2537/3092 1986/2737/3292
f 1797/2541/3096 1796/2539/3094 1986/2737/3292
f 1798/2543/3098 1797/2541/3096 1986/2737/3292
f 1799/2545/3100 1798/2543/3098 1986/2737/3292
f 1800/2547/3102 1799/2545/3100 1986/2737/3292
f 1801/2549/3104 1800/2547/3102 1986/2737/3292
f 1802/2551/3106 1801/2549/3104 1986/2737/3292
f 1803/2554/3109 2495/2553/3108 2464/2743/3298 2433/2744/3299 2402/2745/3300 2371/2746/3301 2340/2747/3302 1802/2551/3106 1986/2737/3292
f 1804/2557/3112 1803/2554/3109 1986/2737/3292
f 1805/2559/3114 1804/2557/3112 1986/2737/3292
f 1786/2517/3072 1805/2559/3114 1986/2737/3292
s 17
f 1966/2716/3303 1967/3533/3304 2043/2748/3305 2044/3599/3306
f 2794/2718/3307 1968/2717/3308 2042/3617/3309 2552/3585/3310
f 1968/2717/3308 1969/2719/3311 2041/3616/3312 2042/3617/3309
f 1969/2719/3311 1970/2720/3313 2040/3615/3314 2041/3616/3312
f 1970/2720/3313 1971/2721/3315 2039/3614/3316 2040/3615/3314
f 1971/2721/3315 1972/2722/3317 2038/3613/3318 2039/3614/3316
f 1972/2722/3317 1973/2723/3319 2037/3612/3320 2038/3613/3318
f 1973/2723/3319 1974/3556/3321 2036/3552/3322 2037/3612/3320
f 1974/2724/3321 1975/2725/3323 2035/3609/3324 2036/3610/3322
f 1975/2725/3323 1976/2726/3325 2034/3608/3326 2035/3609/3324
f 1976/2726/3325 1977/2727/3327 2033/3607/3328 2034/3608/3326
f 1977/2727/3327 1978/2728/3329 2032/3606/3330 2033/3607/3328
f 1978/2728/3329 1979/2729/3331 2031/3605/3332 2032/3606/3330
f 1979/2729/3331 1980/2730/3333 2030/3604/3334 2031/3605/3332
f 1980/2730/3333 1981/2731/3335 2029/3603/3336 2030/3604/3334
f 1981/2731/3335 1982/3540/3337 2028/2765/3338 2029/3603/3336
f 2486/2734/3339 1983/2733/3340 2047/3602/3341 2485/3592/3342
f 1983/2733/3340 1984/2735/3343 2046/3601/3344 2047/3602/3341
f 1984/2735/3343 1985/2736/3345 2045/3600/3346 2046/3601/3344
f 1985/2736/3345 1966/2716/3303 2044/3599/3306 2045/3600/3346
s 1
f 2739/2455/3010 1723/2458/3013 1988/2770/3347 2738/2771/3348
f 1723/2458/3013 1725/2451/3006 1987/2772/3349 1988/2770/3347
f 1725/2451/3006 1710/2454/3009 2006/2773/3350 1987/2772/3349
f 1710/2454/3009 1735/2467/3022 2005/2774/3351 2006/2773/3350
f 1735/2467/3022 1732/2470/3025 2004/2775/3352 2005/2774/3351
f 1732/2470/3025 2469/2476/3031 2470/2776/3353 2004/2775/3352
f 1741/3976/3032 1743/2471/3026 2002/2777/3354 2003/3975/3355
f 1743/2471/3026 1708/2474/3029 2001/2779/3356 2002/2777/3354
f 1708/2474/3029 1755/2491/3046 2000/2780/3357 2001/2779/3356
f 1755/2491/3046 1752/2494/3049 1999/2781/3358 2000/2780/3357
f 1752/2494/3049 1761/2500/3055 1998/2782/3359 1999/2781/3358
f 1761/2500/3055 1763/2495/3050 1997/2783/3360 1998/2782/3359
f 1763/2495/3050 1750/2498/3053 1996/2784/3361 1997/2783/3360
f 1750/2498/3053 1773/3553/3062 1995/3546/3362 1996/2784/3361
f 1773/2507/3062 1770/2510/3065 1994/2786/3363 1995/2785/3362
f 1770/2510/3065 1778/2514/3069 1993/2787/3364 1994/2786/3363
f 1778/2514/3069 1780/2511/3066 1992/2788/3365 1993/2787/3364
f 1780/2511/3066 1706/2449/3004 1991/2789/3366 1992/2788/3365
f 1706/2449/3004 1716/2445/3000 1990/2790/3367 1991/2789/3366
f 1716/2445/3000 1712/3630/3003 1989/3623/3368 1990/2790/3367
s 20
f 1707/2432/3369 1785/2431/3370 2008/3678/3371 2007/3695/3372
f 1709/2436/3373 1749/2435/3374 2010/3688/3375 2009/3687/3376
f 1711/2440/3377 1731/2439/3378 2012/3692/3379 2011/3691/3380
f 1713/2444/3381 1721/2443/3382 2014/3694/3383 2013/3672/3384
f 1721/2443/3382 1707/2432/3369 2007/3695/3372 2014/3694/3383
f 1727/2459/3385 2742/3647/3386 2743/2800/3387 2015/3693/3388
f 1731/2439/3378 1727/2459/3385 2015/3693/3388 2012/3692/3379
f 1733/2466/3389 1739/2465/3390 2017/3690/3391 2016/3689/3392
f 1739/2465/3390 1711/2440/3377 2011/3691/3380 2017/3690/3391
f 2466/2479/3393 1733/2466/3389 2016/3689/3392 2465/3665/3394
f 1749/2435/3374 1745/3663/3395 2018/3670/3396 2010/3688/3375
f 1751/2486/3397 1769/2485/3398 2020/3683/3399 2019/3682/3400
f 1753/2490/3401 1759/2489/3402 2022/3686/3403 2021/3685/3404
f 1759/2489/3402 1709/2436/3373 2009/3687/3376 2022/3686/3403
f 1765/2501/3405 1753/2490/3401 2021/3685/3404 2023/3684/3406
f 1769/2485/3398 1765/2501/3405 2023/3684/3406 2020/3683/3399
f 1771/2506/3407 1777/2505/3408 2025/3681/3409 2024/3680/3410
f 1777/2505/3408 1751/2486/3397 2019/3682/3400 2025/3681/3409
f 1782/2515/3411 1771/2506/3407 2024/3680/3410 2026/3679/3412
f 1785/2431/3370 1782/2515/3411 2026/3679/3412 2008/3678/3371
s off
f 2007/2793/3413 2008/2792/3414 2027/2814/3415
f 2009/2795/3416 2010/2794/3417 2027/2814/3418
f 2011/2797/3419 2012/2796/3420 2027/2814/3421
s 25
f 2013/2799/3422 2014/2798/3423 2027/2814/3424
s off
f 2014/2798/3425 2007/2793/3426 2027/2814/3427
s 25
f 2015/2801/3428 2743/3677/3429 2737/3676/3430 2731/3675/3431 2725/3674/3432 2719/3673/3433 2713/3671/3434 2013/2799/3422 2027/2814/3424
f 2012/2796/3435 2015/2801/3428 2027/2814/3424
s 26
f 2016/2803/3436 2017/2802/3437 2027/2814/3438
s off
f 2017/2802/3439 2011/2797/3440 2027/2814/3441
s 26
f 2018/2805/3442 2310/3669/3443 2341/3668/3444 2372/3667/3445 2403/3666/3446 2434/3664/3447 2465/2804/3448 2016/2803/3436 2027/2814/3438
f 2010/2794/3449 2018/2805/3442 2027/2814/3438
s off
f 2019/2807/3450 2020/2806/3451 2027/2814/3452
f 2021/2809/3453 2022/2808/3454 2027/2814/3455
f 2022/2808/3456 2009/2795/3457 2027/2814/3458
f 2023/2810/3459 2021/2809/3460 2027/2814/3461
f 2020/2806/3462 2023/2810/3463 2027/2814/3464
f 2024/2812/3465 2025/2811/3466 2027/2814/3467
f 2025/2811/3468 2019/2807/3469 2027/2814/3470
f 2026/2813/3471 2024/2812/3472 2027/2814/3473
f 2008/2792/3474 2026/2813/3475 2027/2814/3476
s 17
f 2029/2764/3336 2028/3598/3338 2048/3931/3477 2049/2826/3478
f 2030/2763/3334 2029/2764/3336 2049/2826/3478 2050/2827/3479
f 2031/2762/3332 2030/2763/3334 2050/2827/3479 2051/2828/3480
f 2032/2761/3330 2031/2762/3332 2051/2828/3480 2052/2829/3481
f 2033/2760/3328 2032/2761/3330 2052/2829/3481 2053/2830/3482
f 2034/2759/3326 2033/2760/3328 2053/2830/3482 2054/2831/3483
f 2035/2758/3324 2034/2759/3326 2054/2831/3483 2055/2832/3484
f 2036/2757/3322 2035/2758/3324 2055/2832/3484 2056/2833/3485
f 2037/2756/3320 2036/3611/3322 2056/3551/3485 2057/2834/3486
f 2038/2755/3318 2037/2756/3320 2057/2834/3486 2058/2835/3487
f 2039/2754/3316 2038/2755/3318 2058/2835/3487 2059/2836/3488
f 2040/2753/3314 2039/2754/3316 2059/2836/3488 2060/2837/3489
f 2041/2752/3312 2040/2753/3314 2060/2837/3489 2061/2838/3490
f 2042/3629/3309 2041/2752/3312 2061/2838/3490 2062/3628/3491
f 2044/2749/3306 2043/3591/3305 2063/3796/3492 2064/2841/3493
f 2045/2769/3346 2044/2749/3306 2064/2841/3493 2065/2842/3494
f 2046/2768/3344 2045/2769/3346 2065/2842/3494 2066/2843/3495
f 2047/3909/3341 2046/2768/3344 2066/2843/3495 2067/3930/3496
s 27
f 2484/2845/3497 2248/2846/3498 2250/3929/3499 2483/2848/3500
s 17
f 2049/2826/3478 2048/3931/3477 2068/3928/3501 2069/2850/3502
f 2050/2827/3479 2049/2826/3478 2069/2850/3502 2070/2851/3503
f 2051/2828/3480 2050/2827/3479 2070/2851/3503 2071/2852/3504
f 2052/2829/3481 2051/2828/3480 2071/2852/3504 2072/2853/3505
f 2053/2830/3482 2052/2829/3481 2072/2853/3505 2073/2854/3506
f 2054/2831/3483 2053/2830/3482 2073/2854/3506 2074/2855/3507
f 2055/2832/3484 2054/2831/3483 2074/2855/3507 2075/2856/3508
f 2056/2833/3485 2055/2832/3484 2075/2856/3508 2076/2857/3509
f 2057/2834/3486 2056/3551/3485 2076/3550/3509 2077/2858/3510
f 2058/2835/3487 2057/2834/3486 2077/2858/3510 2078/2859/3511
f 2059/2836/3488 2058/2835/3487 2078/2859/3511 2079/2860/3512
f 2060/2837/3489 2059/2836/3488 2079/2860/3512 2080/2861/3513
f 2061/2838/3490 2060/2837/3489 2080/2861/3513 2081/2862/3514
f 2062/3628/3491 2061/2838/3490 2081/2862/3514 2082/3627/3515
f 2064/2841/3493 2063/3796/3492 2083/3795/3516 2084/2865/3517
f 2065/2842/3494 2064/2841/3493 2084/2865/3517 2085/2866/3518
f 2066/2843/3495 2065/2842/3494 2085/2866/3518 2086/2867/3519
f 2067/3930/3496 2066/2843/3495 2086/2867/3519 2087/3927/3520
s 27
f 2483/2848/3500 2250/3929/3499 2252/3873/3521 2482/2870/3522
s 17
f 2069/2850/3502 2068/3928/3501 2229/3845/3523 2230/2872/3524
f 2070/2851/3503 2069/2850/3502 2230/2872/3524 2231/2873/3525
f 2071/2852/3504 2070/2851/3503 2231/2873/3525 2232/2874/3526
f 2072/2853/3505 2071/2852/3504 2232/2874/3526 2233/2875/3527
f 2073/2854/3506 2072/2853/3505 2233/2875/3527 2234/2876/3528
f 2074/2855/3507 2073/2854/3506 2234/2876/3528 2235/2877/3529
f 2075/2856/3508 2074/2855/3507 2235/2877/3529 2236/2878/3530
f 2076/2857/3509 2075/2856/3508 2236/2878/3530 2237/2879/3531
f 2077/2858/3510 2076/3550/3509 2237/3541/3531 2238/2880/3532
f 2078/2859/3511 2077/2858/3510 2238/2880/3532 2239/2881/3533
f 2079/2860/3512 2078/2859/3511 2239/2881/3533 2240/2882/3534
f 2080/2861/3513 2079/2860/3512 2240/2882/3534 2241/2883/3535
f 2081/2862/3514 2080/2861/3513 2241/2883/3535 2242/2884/3536
f 2082/3627/3515 2081/2862/3514 2242/2884/3536 2243/3618/3537
f 2084/2865/3517 2083/3795/3516 2244/3720/3538 2245/2887/3539
f 2085/2866/3518 2084/2865/3517 2245/2887/3539 2246/2888/3540
f 2086/2867/3519 2085/2866/3518 2246/2888/3540 2247/2889/3541
f 2087/3927/3520 2086/2867/3519 2247/2889/3541 2228/3903/3542
s 28
f 2481/2891/3543 2270/2892/3544 2272/3914/3545 2480/3934/3546
s 17
f 2089/2895/3547 2088/3913/3548 2108/3926/3549 2109/2898/3550
f 2090/2899/3551 2089/2895/3547 2109/2898/3550 2110/2900/3552
f 2091/2901/3553 2090/2899/3551 2110/2900/3552 2111/2902/3554
f 2092/2903/3555 2091/2901/3553 2111/2902/3554 2112/2904/3556
f 2093/2905/3557 2092/2903/3555 2112/2904/3556 2113/2906/3558
f 2094/2907/3559 2093/2905/3557 2113/2906/3558 2114/2908/3560
f 2095/2909/3561 2094/2907/3559 2114/2908/3560 2115/2910/3562
f 2096/3542/3563 2095/2909/3561 2115/2910/3562 2116/2912/3564
f 2097/2913/3565 2096/2911/3563 2116/3549/3564 2117/2914/3566
f 2098/2915/3567 2097/2913/3565 2117/2914/3566 2118/2916/3568
f 2099/2917/3569 2098/2915/3567 2118/2916/3568 2119/2918/3570
f 2100/2919/3571 2099/2917/3569 2119/2918/3570 2120/2920/3572
f 2101/2921/3573 2100/2919/3571 2120/2920/3572 2121/2922/3574
f 2102/3619/3575 2101/2921/3573 2121/2922/3574 2122/3626/3576
f 2104/2925/3577 2103/3789/3578 2123/3794/3579 2124/2928/3580
f 2105/2929/3581 2104/2925/3577 2124/2928/3580 2125/2930/3582
f 2106/2931/3583 2105/2929/3581 2125/2930/3582 2126/2932/3584
f 2107/3912/3585 2106/2931/3583 2126/2932/3584 2127/3925/3586
s 28
f 2479/3971/3587 2274/3915/3588 2276/3924/3589 2478/3973/3590
s 17
f 2109/2898/3550 2108/3926/3549 2128/3923/3591 2129/2940/3592
f 2110/2900/3552 2109/2898/3550 2129/2940/3592 2130/2941/3593
f 2111/2902/3554 2110/2900/3552 2130/2941/3593 2131/2942/3594
f 2112/2904/3556 2111/2902/3554 2131/2942/3594 2132/2943/3595
f 2113/2906/3558 2112/2904/3556 2132/2943/3595 2133/2944/3596
f 2114/2908/3560 2113/2906/3558 2133/2944/3596 2134/2945/3597
f 2115/2910/3562 2114/2908/3560 2134/2945/3597 2135/2946/3598
f 2116/2912/3564 2115/2910/3562 2135/2946/3598 2136/2947/3599
f 2117/2914/3566 2116/3549/3564 2136/3548/3599 2137/2948/3600
f 2118/2916/3568 2117/2914/3566 2137/2948/3600 2138/2949/3601
f 2119/2918/3570 2118/2916/3568 2138/2949/3601 2139/2950/3602
f 2120/2920/3572 2119/2918/3570 2139/2950/3602 2140/2951/3603
f 2121/2922/3574 2120/2920/3572 2140/2951/3603 2141/2952/3604
f 2122/3626/3576 2121/2922/3574 2141/2952/3604 2142/3625/3605
f 2124/2928/3580 2123/3794/3579 2143/3793/3606 2144/2955/3607
f 2125/2930/3582 2124/2928/3580 2144/2955/3607 2145/2956/3608
f 2126/2932/3584 2125/2930/3582 2145/2956/3608 2146/2957/3609
f 2127/3925/3586 2126/2932/3584 2146/2957/3609 2147/3922/3610
s 28
f 2478/3973/3590 2276/3924/3589 2278/3921/3611 2477/3972/3612
s 17
f 2129/2940/3592 2128/3923/3591 2148/3920/3613 2149/2962/3614
f 2130/2941/3593 2129/2940/3592 2149/2962/3614 2150/2963/3615
f 2131/2942/3594 2130/2941/3593 2150/2963/3615 2151/2964/3616
f 2132/2943/3595 2131/2942/3594 2151/2964/3616 2152/2965/3617
f 2133/2944/3596 2132/2943/3595 2152/2965/3617 2153/2966/3618
f 2134/2945/3597 2133/2944/3596 2153/2966/3618 2154/2967/3619
f 2135/2946/3598 2134/2945/3597 2154/2967/3619 2155/2968/3620
f 2136/2947/3599 2135/2946/3598 2155/2968/3620 2156/2969/3621
f 2137/2948/3600 2136/3548/3599 2156/3547/3621 2157/2970/3622
f 2138/2949/3601 2137/2948/3600 2157/2970/3622 2158/2971/3623
f 2139/2950/3602 2138/2949/3601 2158/2971/3623 2159/2972/3624
f 2140/2951/3603 2139/2950/3602 2159/2972/3624 2160/2973/3625
f 2141/2952/3604 2140/2951/3603 2160/2973/3625 2161/2974/3626
f 2142/3625/3605 2141/2952/3604 2161/2974/3626 2162/3624/3627
f 2144/2955/3607 2143/3793/3606 2163/3792/3628 2164/2977/3629
f 2145/2956/3608 2144/2955/3607 2164/2977/3629 2165/2978/3630
f 2146/2957/3609 2145/2956/3608 2165/2978/3630 2166/2979/3631
f 2147/3922/3610 2146/2957/3609 2166/2979/3631 2167/3919/3632
s 28
f 2477/3972/3612 2278/3921/3611 2280/3918/3633 2476/3938/3634
s 17
f 2149/2962/3614 2148/3920/3613 2208/3882/3635 2209/2984/3636
f 2150/2963/3615 2149/2962/3614 2209/2984/3636 2210/2985/3637
f 2151/2964/3616 2150/2963/3615 2210/2985/3637 2211/2986/3638
f 2152/2965/3617 2151/2964/3616 2211/2986/3638 2212/2987/3639
f 2153/2966/3618 2152/2965/3617 2212/2987/3639 2213/2988/3640
f 2154/2967/3619 2153/2966/3618 2213/2988/3640 2214/2989/3641
f 2155/2968/3620 2154/2967/3619 2214/2989/3641 2215/2990/3642
f 2156/2969/3621 2155/2968/3620 2215/2990/3642 2216/2991/3643
f 2157/2970/3622 2156/3547/3621 2216/3543/3643 2217/2992/3644
f 2158/2971/3623 2157/2970/3622 2217/2992/3644 2218/2993/3645
f 2159/2972/3624 2158/2971/3623 2218/2993/3645 2219/2994/3646
f 2160/2973/3625 2159/2972/3624 2219/2994/3646 2220/2995/3647
f 2161/2974/3626 2160/2973/3625 2220/2995/3647 2221/2996/3648
f 2162/3624/3627 2161/2974/3626 2221/2996/3648 2222/3620/3649
f 2164/2977/3629 2163/3792/3628 2223/3757/3650 2224/2999/3651
f 2165/2978/3630 2164/2977/3629 2224/2999/3651 2225/3000/3652
f 2166/2979/3631 2165/2978/3630 2225/3000/3652 2226/3001/3653
f 2167/3919/3632 2166/2979/3631 2226/3001/3653 2227/3840/3654
s 28
f 2476/3938/3634 2280/3918/3633 2282/3916/3655 2475/3004/3656
s 17
f 2169/3005/3657 2168/3646/3658 2003/3975/3659 2002/2777/3660
f 2170/3007/3661 2169/3005/3657 2002/2777/3660 2001/2779/3662
f 2171/3008/3663 2170/3007/3661 2001/2779/3662 2000/2780/3664
f 2172/3009/3665 2171/3008/3663 2000/2780/3664 1999/2781/3666
f 2173/3010/3667 2172/3009/3665 1999/2781/3666 1998/2782/3668
f 2174/3011/3669 2173/3010/3667 1998/2782/3668 1997/2783/3670
f 2175/3012/3671 2174/3011/3669 1997/2783/3670 1996/2784/3672
f 2176/3545/3673 2175/3012/3671 1996/2784/3672 1995/3546/3674
f 2177/3014/3675 2176/3013/3673 1995/2785/3674 1994/2786/3676
f 2178/3015/3677 2177/3014/3675 1994/2786/3676 1993/2787/3678
f 2179/3016/3679 2178/3015/3677 1993/2787/3678 1992/2788/3680
f 2180/3017/3681 2179/3016/3679 1992/2788/3680 1991/2789/3682
f 2181/3018/3683 2180/3017/3681 1991/2789/3682 1990/2790/3684
f 2182/3622/3685 2181/3018/3683 1990/2790/3684 1989/3623/3686
f 2183/3791/3687 2604/3638/3688 2738/2771/3689 1988/2770/3690
f 2184/3022/3691 2183/3791/3687 1988/2770/3690 1987/2772/3692
f 2185/3023/3693 2184/3022/3691 1987/2772/3692 2006/2773/3694
f 2186/3024/3695 2185/3023/3693 2006/2773/3694 2005/2774/3696
f 2187/3886/3697 2186/3024/3695 2005/2774/3696 2004/2775/3698
f 2471/3026/3699 2187/3886/3697 2004/2775/3698 2470/2776/3700
f 2189/3027/3701 2188/3917/3702 2168/3646/3658 2169/3005/3657
f 2190/3029/3703 2189/3027/3701 2169/3005/3657 2170/3007/3661
f 2191/3030/3704 2190/3029/3703 2170/3007/3661 2171/3008/3663
f 2192/3031/3705 2191/3030/3704 2171/3008/3663 2172/3009/3665
f 2193/3032/3706 2192/3031/3705 2172/3009/3665 2173/3010/3667
f 2194/3033/3707 2193/3032/3706 2173/3010/3667 2174/3011/3669
f 2195/3034/3708 2194/3033/3707 2174/3011/3669 2175/3012/3671
f 2196/3544/3709 2195/3034/3708 2175/3012/3671 2176/3545/3673
f 2197/3036/3710 2196/3035/3709 2176/3013/3673 2177/3014/3675
f 2198/3037/3711 2197/3036/3710 2177/3014/3675 2178/3015/3677
f 2199/3038/3712 2198/3037/3711 2178/3015/3677 2179/3016/3679
f 2200/3039/3713 2199/3038/3712 2179/3016/3679 2180/3017/3681
f 2201/3040/3714 2200/3039/3713 2180/3017/3681 2181/3018/3683
f 2202/3621/3715 2201/3040/3714 2181/3018/3683 2182/3622/3685
f 2204/3042/3716 2203/3790/3717 2183/3791/3687 2184/3022/3691
f 2205/3044/3718 2204/3042/3716 2184/3022/3691 2185/3023/3693
f 2206/3045/3719 2205/3044/3718 2185/3023/3693 2186/3024/3695
f 2207/3980/3720 2206/3045/3719 2186/3024/3695 2187/3886/3697
s 31
f 2473/3047/3721 2266/3048/3722 2268/3887/3723 2472/3050/3724
s 17
f 2209/2984/3636 2208/3882/3635 2188/3917/3702 2189/3027/3701
f 2210/2985/3637 2209/2984/3636 2189/3027/3701 2190/3029/3703
f 2211/2986/3638 2210/2985/3637 2190/3029/3703 2191/3030/3704
f 2212/2987/3639 2211/2986/3638 2191/3030/3704 2192/3031/3705
f 2213/2988/3640 2212/2987/3639 2192/3031/3705 2193/3032/3706
f 2214/2989/3641 2213/2988/3640 2193/3032/3706 2194/3033/3707
f 2215/2990/3642 2214/2989/3641 2194/3033/3707 2195/3034/3708
f 2216/2991/3643 2215/2990/3642 2195/3034/3708 2196/3544/3709
f 2217/2992/3644 2216/3543/3643 2196/3035/3709 2197/3036/3710
f 2218/2993/3645 2217/2992/3644 2197/3036/3710 2198/3037/3711
f 2219/2994/3646 2218/2993/3645 2198/3037/3711 2199/3038/3712
f 2220/2995/3647 2219/2994/3646 2199/3038/3712 2200/3039/3713
f 2221/2996/3648 2220/2995/3647 2200/3039/3713 2201/3040/3714
f 2222/3620/3649 2221/2996/3648 2201/3040/3714 2202/3621/3715
f 2224/2999/3651 2223/3757/3650 2203/3790/3717 2204/3042/3716
f 2225/3000/3652 2224/2999/3651 2204/3042/3716 2205/3044/3718
f 2226/3001/3653 2225/3000/3652 2205/3044/3718 2206/3045/3719
f 2227/3840/3654 2226/3001/3653 2206/3045/3719 2207/3980/3720
s 28
f 2475/3004/3656 2282/3916/3655 2284/3859/3725 2474/3052/3726
f 2480/3934/3546 2272/3914/3545 2274/3915/3588 2479/3971/3587
s 17
f 2230/2872/3524 2229/3845/3523 2088/3913/3548 2089/2895/3547
f 2231/2873/3525 2230/2872/3524 2089/2895/3547 2090/2899/3551
f 2232/2874/3526 2231/2873/3525 2090/2899/3551 2091/2901/3553
f 2233/2875/3527 2232/2874/3526 2091/2901/3553 2092/2903/3555
f 2234/2876/3528 2233/2875/3527 2092/2903/3555 2093/2905/3557
f 2235/2877/3529 2234/2876/3528 2093/2905/3557 2094/2907/3559
f 2236/2878/3530 2235/2877/3529 2094/2907/3559 2095/2909/3561
f 2237/2879/3531 2236/2878/3530 2095/2909/3561 2096/3542/3563
f 2238/2880/3532 2237/3541/3531 2096/2911/3563 2097/2913/3565
f 2239/2881/3533 2238/2880/3532 2097/2913/3565 2098/2915/3567
f 2240/2882/3534 2239/2881/3533 2098/2915/3567 2099/2917/3569
f 2241/2883/3535 2240/2882/3534 2099/2917/3569 2100/2919/3571
f 2242/2884/3536 2241/2883/3535 2100/2919/3571 2101/2921/3573
f 2243/3618/3537 2242/2884/3536 2101/2921/3573 2102/3619/3575
f 2245/2887/3539 2244/3720/3538 2103/3789/3578 2104/2925/3577
f 2246/2888/3540 2245/2887/3539 2104/2925/3577 2105/2929/3581
f 2247/2889/3541 2246/2888/3540 2105/2929/3581 2106/2931/3583
f 2228/3903/3542 2247/2889/3541 2106/2931/3583 2107/3912/3585
s 32
f 2485/2767/3727 2047/3910/3728 2248/2846/3729 2484/2845/3730
s 17
f 2047/2766/3341 2067/2844/3496 2250/2847/3731 2248/3911/3732
s off
f 2048/2825/3733 2028/3907/3734 2249/3906/3735 2251/3905/3736
f 2067/2844/3737 2087/2868/3738 2252/2869/3739 2250/2847/3740
f 2068/2849/3741 2048/2825/3742 2251/3905/3743 2253/3872/3744
f 2087/2868/3745 2228/3904/3746 2254/3853/3747 2252/2869/3748
f 2229/3844/3749 2068/2849/3750 2253/3872/3751 2255/3851/3752
f 2298/3881/3753 2299/3902/3754 2300/3901/3755 2301/3880/3756
f 2287/3900/3757 2286/3877/3758 2288/3876/3759 2289/3899/3760
f 2299/3902/3761 2302/3898/3762 2303/3897/3763 2300/3901/3764
f 2290/3896/3765 2287/3900/3766 2289/3899/3767 2291/3895/3768
f 2302/3898/3769 2304/3894/3770 2305/3892/3771 2303/3897/3772
f 2292/3891/3773 2290/3896/3774 2291/3895/3775 2293/3890/3776
f 2304/3894/3777 2306/3842/3778 2307/3893/3779 2305/3892/3780
f 2294/3888/3781 2292/3891/3782 2293/3890/3783 2295/3889/3784
f 2207/3046/3785 2187/3981/3786 2268/3049/3787 2266/3858/3788
s 33
f 2187/3025/3789 2471/3640/3790 2472/3050/3791 2268/3887/3792
s off
f 2168/3884/3793 2188/3028/3794 2267/3855/3795 2269/3885/3796
f 2227/3839/3797 2207/3046/3798 2266/3858/3799 2264/3864/3800
f 2188/3028/3801 2208/3883/3802 2265/3862/3803 2267/3855/3804
f 2308/3878/3805 2298/3881/3806 2301/3880/3807 2309/3879/3808
f 2286/3877/3809 2296/3847/3810 2297/3875/3811 2288/3876/3812
s 34
f 2482/2870/3813 2252/3873/3814 2270/2892/3815 2481/2891/3816
s off
f 2252/2869/3817 2254/3853/3818 2272/2893/3819 2270/3874/3820
f 2255/3851/3821 2253/3872/3822 2271/3871/3823 2273/3849/3824
f 2256/3854/3825 2258/3870/3826 2276/2937/3827 2274/2936/3828
f 2259/3869/3829 2257/3852/3830 2275/3850/3831 2277/3868/3832
f 2258/3870/3833 2260/3867/3834 2278/2959/3835 2276/2937/3836
f 2261/3866/3837 2259/3869/3838 2277/3868/3839 2279/3865/3840
f 2260/3867/3841 2262/3863/3842 2280/2981/3843 2278/2959/3844
f 2263/3861/3845 2261/3866/3846 2279/3865/3847 2281/3860/3848
f 2262/3863/3849 2264/3864/3850 2282/3003/3851 2280/2981/3852
f 2265/3862/3853 2263/3861/3854 2281/3860/3855 2283/3857/3856
f 2264/3864/3857 2266/3858/3858 2284/3051/3859 2282/3003/3860
s 35
f 2266/3048/3861 2473/3047/3862 2474/3052/3863 2284/3859/3864
s off
f 2267/3855/3865 2265/3862/3866 2283/3857/3867 2285/3856/3868
f 2254/3853/3869 2256/3854/3870 2274/2936/3871 2272/2893/3872
f 2257/3852/3873 2255/3851/3874 2273/3849/3875 2275/3850/3876
f 2108/2897/3877 2088/2896/3878 2286/3063/3879 2287/3062/3880
f 2257/3091/3881 2259/3090/3882 2289/3065/3883 2288/3064/3884
s 17
f 2128/2939/3591 2108/2897/3549 2287/3062/3885 2290/3068/3886
s off
f 2259/3090/3887 2261/3095/3888 2291/3069/3889 2289/3065/3890
f 2148/2961/3891 2128/2939/3892 2290/3068/3893 2292/3072/3894
f 2261/3095/3895 2263/3098/3896 2293/3073/3897 2291/3069/3898
f 2208/2983/3899 2148/2961/3900 2292/3072/3901 2294/3076/3902
f 2263/3098/3903 2265/3081/3904 2295/3077/3905 2293/3073/3906
f 2265/3081/3907 2208/2983/3908 2294/3076/3909 2295/3077/3910
f 2088/2896/3911 2229/3846/3912 2296/3084/3913 2286/3063/3914
f 2229/2871/3915 2255/3057/3916 2297/3085/3917 2296/3848/3918
f 2255/3057/3919 2257/3091/3920 2288/3064/3921 2297/3085/3922
f 2107/2933/3923 2127/2934/3924 2299/3059/3925 2298/3058/3926
f 2258/3089/3927 2256/3088/3928 2301/3061/3929 2300/3060/3930
f 2127/2934/3931 2147/2958/3932 2302/3066/3933 2299/3059/3934
f 2260/3094/3935 2258/3089/3936 2300/3060/3937 2303/3067/3938
s 17
f 2147/2958/3610 2167/2980/3632 2304/3070/3939 2302/3066/3940
s off
f 2262/3097/3941 2260/3094/3942 2303/3067/3943 2305/3071/3944
s 17
f 2167/2980/3632 2227/3841/3654 2306/3074/3945 2304/3070/3946
s off
f 2227/3002/3947 2264/3080/3948 2307/3075/3949 2306/3843/3950
f 2264/3080/3951 2262/3097/3952 2305/3071/3953 2307/3075/3954
f 2228/2890/3955 2107/2933/3956 2298/3058/3957 2308/3082/3958
f 2256/3088/3959 2254/3056/3960 2309/3083/3961 2301/3061/3962
f 2254/3056/3963 2228/2890/3964 2308/3082/3965 2309/3083/3966
s 20
f 1745/3663/3395 2311/3662/3967 2310/2820/3968 2018/3670/3396
s 1
f 1745/2482/3037 1746/2481/3036 2312/3103/3969 2311/3102/3970
f 2313/3104/3971 2312/3103/3969 1746/2481/3036 1742/2478/3033
f 2314/3105/3972 2313/3104/3971 1742/2478/3033 1741/2477/3032
f 2315/3106/3973 2314/3105/3972 1741/2477/3032 2003/2778/3355
s 17
f 2168/3974/3658 2316/3645/3974 2315/3106/3975 2003/2778/3659
s 33
f 2317/3108/3976 2316/3107/3977 2168/3006/3978 2269/3079/3979
s 31
f 2267/3078/3980 2318/3109/3981 2317/3108/3982 2269/3079/3983
s 35
f 2319/3110/3984 2318/3109/3985 2267/3078/3986 2285/3101/3987
s 28
f 2283/3100/3988 2320/3111/3989 2319/3110/3990 2285/3101/3991
f 2281/3099/3992 2321/3952/3993 2320/3111/3989 2283/3100/3988
f 2279/3096/3994 2322/3970/3995 2321/3952/3993 2281/3099/3992
f 2277/3093/3996 2323/3969/3997 2322/3970/3995 2279/3096/3994
f 2275/3092/3998 2324/3968/3999 2323/3969/3997 2277/3093/3996
f 2273/3087/4000 2325/3948/4001 2324/3968/3999 2275/3092/3998
f 2271/3086/4002 2326/3117/4003 2325/3948/4001 2273/3087/4000
s 34
f 2253/3055/4004 2327/3118/4005 2326/3117/4006 2271/3086/4007
s 27
f 2251/3054/4008 2328/3119/4009 2327/3118/4010 2253/3055/4011
f 2249/3053/4012 2329/3120/4013 2328/3119/4009 2251/3054/4008
s 32
f 2028/3908/4014 2330/3597/4015 2329/3120/4016 2249/3053/4017
s 17
f 1982/3540/3337 2331/3539/4018 2330/3121/4019 2028/2765/3338
s 14
f 1962/2710/3265 2332/3123/4020 2331/3122/4021 1982/2732/3287
f 1942/2688/3243 2333/3124/4022 2332/3123/4020 1962/2710/3265
f 1922/2666/3221 2334/3125/4023 2333/3124/4022 1942/2688/3243
f 1902/2644/3199 2335/3126/4024 2334/3125/4023 1922/2666/3221
f 1882/2622/3177 2336/3127/4025 2335/3126/4024 1902/2644/3199
f 1862/2600/3155 2337/3128/4026 2336/3127/4025 1882/2622/3177
f 1842/2578/3133 2338/3129/4027 2337/3128/4026 1862/2600/3155
f 1822/2552/3107 2339/3130/4028 2338/3129/4027 1842/2578/3133
f 1802/2551/3106 2340/2747/3302 2339/3130/4028 1822/2552/3107
s 20
f 2311/3662/3967 2342/3661/4029 2341/2821/4030 2310/2820/3968
s 1
f 2311/3102/3970 2312/3103/3969 2343/3132/4031 2342/3131/4032
f 2344/3133/4033 2343/3132/4031 2312/3103/3969 2313/3104/3971
f 2345/3134/4034 2344/3133/4033 2313/3104/3971 2314/3105/3972
f 2346/3135/4035 2345/3134/4034 2314/3105/3972 2315/3106/3973
s 17
f 2316/3645/3974 2347/3644/4036 2346/3135/4037 2315/3106/3975
s 33
f 2348/3137/4038 2347/3136/4039 2316/3107/3977 2317/3108/3976
s 31
f 2318/3109/3981 2349/3138/4040 2348/3137/4041 2317/3108/3982
s 35
f 2350/3139/4042 2349/3138/4043 2318/3109/3985 2319/3110/3984
s 28
f 2320/3111/3989 2351/3140/4044 2350/3139/4045 2319/3110/3990
f 2321/3952/3993 2352/3954/4046 2351/3140/4044 2320/3111/3989
s 43
f 2497/3142/4047 2496/3143/4048 2498/3144/4049 2499/3145/4050
f 2501/3146/4051 2500/3147/4052 2496/3143/4048 2497/3142/4047
f 2503/3148/4053 2502/3149/4054 2500/3147/4052 2501/3146/4051
f 2505/3150/4055 2504/3151/4056 2502/3149/4054 2503/3148/4053
s 28
f 2326/3117/4003 2357/3152/4057 2356/3950/4058 2325/3948/4001
s 34
f 2327/3118/4005 2358/3154/4059 2357/3152/4060 2326/3117/4006
s 27
f 2328/3119/4009 2359/3155/4061 2358/3154/4062 2327/3118/4010
f 2329/3120/4013 2360/3156/4063 2359/3155/4061 2328/3119/4009
s 32
f 2330/3597/4015 2361/3596/4064 2360/3156/4065 2329/3120/4016
s 17
f 2331/3539/4018 2362/3538/4066 2361/3157/4067 2330/3121/4019
s 14
f 2332/3123/4020 2363/3159/4068 2362/3158/4069 2331/3122/4021
f 2333/3124/4022 2364/3160/4070 2363/3159/4068 2332/3123/4020
f 2334/3125/4023 2365/3161/4071 2364/3160/4070 2333/3124/4022
f 2335/3126/4024 2366/3162/4072 2365/3161/4071 2334/3125/4023
f 2336/3127/4025 2367/3163/4073 2366/3162/4072 2335/3126/4024
f 2337/3128/4026 2368/3164/4074 2367/3163/4073 2336/3127/4025
f 2338/3129/4027 2369/3165/4075 2368/3164/4074 2337/3128/4026
f 2339/3130/4028 2370/3166/4076 2369/3165/4075 2338/3129/4027
f 2340/2747/3302 2371/2746/3301 2370/3166/4076 2339/3130/4028
s 20
f 2342/3661/4029 2373/3660/4077 2372/2822/4078 2341/2821/4030
s 1
f 2342/3131/4032 2343/3132/4031 2374/3168/4079 2373/3167/4080
f 2375/3169/4081 2374/3168/4079 2343/3132/4031 2344/3133/4033
f 2376/3170/4082 2375/3169/4081 2344/3133/4033 2345/3134/4034
f 2377/3171/4083 2376/3170/4082 2345/3134/4034 2346/3135/4035
s 17
f 2347/3644/4036 2378/3643/4084 2377/3171/4085 2346/3135/4037
s 33
f 2379/3173/4086 2378/3172/4087 2347/3136/4039 2348/3137/4038
s 31
f 2349/3138/4040 2380/3174/4088 2379/3173/4089 2348/3137/4041
s 35
f 2381/3175/4090 2380/3174/4091 2349/3138/4043 2350/3139/4042
s 28
f 2351/3140/4044 2382/3176/4092 2381/3175/4093 2350/3139/4045
f 2352/3954/4046 2383/3944/4094 2382/3176/4092 2351/3140/4044
f 2353/3966/4095 2384/3967/4096 2383/3944/4094 2352/3954/4046
f 2354/3964/4097 2385/3965/4098 2384/3967/4096 2353/3966/4095
f 2355/3962/4099 2386/3963/4100 2385/3965/4098 2354/3964/4097
f 2356/3950/4058 2387/3940/4101 2386/3963/4100 2355/3962/4099
f 2357/3152/4057 2388/3185/4102 2387/3940/4101 2356/3950/4058
s 34
f 2358/3154/4059 2389/3186/4103 2388/3185/4104 2357/3152/4060
s 27
f 2359/3155/4061 2390/3187/4105 2389/3186/4106 2358/3154/4062
f 2360/3156/4063 2391/3188/4107 2390/3187/4105 2359/3155/4061
s 32
f 2361/3596/4064 2392/3595/4108 2391/3188/4109 2360/3156/4065
s 17
f 2362/3538/4066 2393/3537/4110 2392/3189/4111 2361/3157/4067
s 14
f 2363/3159/4068 2394/3191/4112 2393/3190/4113 2362/3158/4069
f 2364/3160/4070 2395/3192/4114 2394/3191/4112 2363/3159/4068
f 2365/3161/4071 2396/3193/4115 2395/3192/4114 2364/3160/4070
f 2366/3162/4072 2397/3194/4116 2396/3193/4115 2365/3161/4071
f 2367/3163/4073 2398/3195/4117 2397/3194/4116 2366/3162/4072
f 2368/3164/4074 2399/3196/4118 2398/3195/4117 2367/3163/4073
f 2369/3165/4075 2400/3197/4119 2399/3196/4118 2368/3164/4074
f 2370/3166/4076 2401/3198/4120 2400/3197/4119 2369/3165/4075
f 2371/2746/3301 2402/2745/3300 2401/3198/4120 2370/3166/4076
s 20
f 2373/3660/4077 2404/3659/4121 2403/2823/4122 2372/2822/4078
s 1
f 2373/3167/4080 2374/3168/4079 2405/3200/4123 2404/3199/4124
f 2406/3201/4125 2405/3200/4123 2374/3168/4079 2375/3169/4081
f 2407/3202/4126 2406/3201/4125 2375/3169/4081 2376/3170/4082
f 2408/3203/4127 2407/3202/4126 2376/3170/4082 2377/3171/4083
s 17
f 2378/3643/4084 2409/3642/4128 2408/3203/4129 2377/3171/4085
s 33
f 2410/3205/4130 2409/3204/4131 2378/3172/4087 2379/3173/4086
s 31
f 2380/3174/4088 2411/3206/4132 2410/3205/4133 2379/3173/4089
s 35
f 2412/3207/4134 2411/3206/4135 2380/3174/4091 2381/3175/4090
s 28
f 2382/3176/4092 2413/3208/4136 2412/3207/4137 2381/3175/4093
f 2383/3944/4094 2414/3946/4138 2413/3208/4136 2382/3176/4092
s 44
f 2507/3210/4139 2506/3211/4140 2508/3212/4141 2509/3213/4142
f 2511/3214/4143 2510/3215/4144 2506/3211/4140 2507/3210/4139
f 2513/3216/4145 2512/3217/4146 2510/3215/4144 2511/3214/4143
f 2515/3218/4147 2514/3219/4148 2512/3217/4146 2513/3216/4145
s 28
f 2388/3185/4102 2419/3220/4149 2418/3942/4150 2387/3940/4101
s 34
f 2389/3186/4103 2420/3222/4151 2419/3220/4152 2388/3185/4104
s 27
f 2390/3187/4105 2421/3223/4153 2420/3222/4154 2389/3186/4106
f 2391/3188/4107 2422/3224/4155 2421/3223/4153 2390/3187/4105
s 32
f 2392/3595/4108 2423/3594/4156 2422/3224/4157 2391/3188/4109
s 17
f 2393/3537/4110 2424/3536/4158 2423/3225/4159 2392/3189/4111
s 14
f 2394/3191/4112 2425/3227/4160 2424/3226/4161 2393/3190/4113
f 2395/3192/4114 2426/3228/4162 2425/3227/4160 2394/3191/4112
f 2396/3193/4115 2427/3229/4163 2426/3228/4162 2395/3192/4114
f 2397/3194/4116 2428/3230/4164 2427/3229/4163 2396/3193/4115
f 2398/3195/4117 2429/3231/4165 2428/3230/4164 2397/3194/4116
f 2399/3196/4118 2430/3232/4166 2429/3231/4165 2398/3195/4117
f 2400/3197/4119 2431/3233/4167 2430/3232/4166 2399/3196/4118
f 2401/3198/4120 2432/3234/4168 2431/3233/4167 2400/3197/4119
f 2402/2745/3300 2433/2744/3299 2432/3234/4168 2401/3198/4120
s 20
f 2404/3659/4121 2435/3657/4169 2434/2824/4170 2403/2823/4122
s 1
f 2404/3199/4124 2405/3200/4123 2436/3236/4171 2435/3235/4172
f 2437/3237/4173 2436/3236/4171 2405/3200/4123 2406/3201/4125
f 2438/3238/4174 2437/3237/4173 2406/3201/4125 2407/3202/4126
f 2439/3239/4175 2438/3238/4174 2407/3202/4126 2408/3203/4127
s 17
f 2409/3642/4128 2440/3641/4176 2439/3239/4177 2408/3203/4129
s 33
f 2441/3241/4178 2440/3240/4179 2409/3204/4131 2410/3205/4130
s 31
f 2411/3206/4132 2442/3242/4180 2441/3241/4181 2410/3205/4133
s 35
f 2443/3243/4182 2442/3242/4183 2411/3206/4135 2412/3207/4134
s 28
f 2413/3208/4136 2444/3244/4184 2443/3243/4185 2412/3207/4137
f 2414/3946/4138 2445/3936/4186 2444/3244/4184 2413/3208/4136
f 2415/3960/4187 2446/3961/4188 2445/3936/4186 2414/3946/4138
f 2416/3958/4189 2447/3959/4190 2446/3961/4188 2415/3960/4187
f 2417/3956/4191 2448/3957/4192 2447/3959/4190 2416/3958/4189
f 2418/3942/4150 2449/3932/4193 2448/3957/4192 2417/3956/4191
f 2419/3220/4149 2450/3253/4194 2449/3932/4193 2418/3942/4150
s 34
f 2420/3222/4151 2451/3254/4195 2450/3253/4196 2419/3220/4152
s 27
f 2421/3223/4153 2452/3255/4197 2451/3254/4198 2420/3222/4154
f 2422/3224/4155 2453/3256/4199 2452/3255/4197 2421/3223/4153
s 32
f 2423/3594/4156 2454/3593/4200 2453/3256/4201 2422/3224/4157
s 17
f 2424/3536/4158 2455/3534/4202 2454/3257/4203 2423/3225/4159
s 14
f 2425/3227/4160 2456/3259/4204 2455/3258/4205 2424/3226/4161
f 2426/3228/4162 2457/3260/4206 2456/3259/4204 2425/3227/4160
f 2427/3229/4163 2458/3261/4207 2457/3260/4206 2426/3228/4162
f 2428/3230/4164 2459/3262/4208 2458/3261/4207 2427/3229/4163
f 2429/3231/4165 2460/3263/4209 2459/3262/4208 2428/3230/4164
f 2430/3232/4166 2461/3264/4210 2460/3263/4209 2429/3231/4165
f 2431/3233/4167 2462/3265/4211 2461/3264/4210 2430/3232/4166
f 2432/3234/4168 2463/3266/4212 2462/3265/4211 2431/3233/4167
f 2433/2744/3299 2464/2743/3298 2463/3266/4212 2432/3234/4168
s 20
f 2435/3657/4169 2466/2479/3393 2465/3665/3394 2434/2824/4170
s 1
f 2435/3235/4172 2436/3236/4171 2467/2480/3035 2466/3658/3034
f 2468/2475/3030 2467/2480/3035 2436/3236/4171 2437/3237/4173
f 2469/2476/3031 2468/2475/3030 2437/3237/4173 2438/3238/4174
f 2470/2776/3353 2469/2476/3031 2438/3238/4174 2439/3239/4175
s 17
f 2440/3641/4176 2471/3026/3699 2470/2776/3700 2439/3239/4177
s 33
f 2472/3050/3791 2471/3640/3790 2440/3240/4179 2441/3241/4178
s 31
f 2442/3242/4180 2473/3047/3721 2472/3050/3724 2441/3241/4181
s 35
f 2474/3052/3863 2473/3047/3862 2442/3242/4183 2443/3243/4182
s 28
f 2444/3244/4184 2475/3004/3656 2474/3052/3726 2443/3243/4185
f 2445/3936/4186 2476/3938/3634 2475/3004/3656 2444/3244/4184
s 45
f 2517/3267/4213 2516/3268/4214 2518/3269/4215 2519/3270/4216
f 2521/3271/4217 2520/3272/4218 2516/3268/4214 2517/3267/4213
f 2523/3273/4219 2522/3274/4220 2520/3272/4218 2521/3271/4217
f 2525/3275/4221 2524/3276/4222 2522/3274/4220 2523/3273/4219
s 28
f 2450/3253/4194 2481/2891/3543 2480/3934/3546 2449/3932/4193
s 34
f 2451/3254/4195 2482/2870/3813 2481/2891/3816 2450/3253/4196
s 27
f 2452/3255/4197 2483/2848/3500 2482/2870/3522 2451/3254/4198
f 2453/3256/4199 2484/2845/3497 2483/2848/3500 2452/3255/4197
s 32
f 2454/3593/4200 2485/2767/3727 2484/2845/3730 2453/3256/4201
s 17
f 2455/3534/4202 2486/2734/3339 2485/3592/3342 2454/3257/4203
s 14
f 2456/3259/4204 2487/2712/3267 2486/3535/3289 2455/3258/4205
f 2457/3260/4206 2488/2690/3245 2487/2712/3267 2456/3259/4204
f 2458/3261/4207 2489/2668/3223 2488/2690/3245 2457/3260/4206
f 2459/3262/4208 2490/2646/3201 2489/2668/3223 2458/3261/4207
f 2460/3263/4209 2491/2624/3179 2490/2646/3201 2459/3262/4208
f 2461/3264/4210 2492/2602/3157 2491/2624/3179 2460/3263/4209
f 2462/3265/4211 2493/2580/3135 2492/2602/3157 2461/3264/4210
f 2463/3266/4212 2494/2556/3111 2493/2580/3135 2462/3265/4211
f 2464/2743/3298 2495/2553/3108 2494/2556/3111 2463/3266/4212
s off
f 2353/3178/4223 2352/3955/4224 2498/3144/4225 2496/3143/4226
f 2352/3141/4227 2321/3953/4228 2499/3145/4229 2498/3144/4230
f 2321/3112/4231 2322/3113/4232 2497/3142/4233 2499/3145/4234
f 2354/3180/4235 2353/3178/4236 2496/3143/4237 2500/3147/4238
f 2322/3113/4239 2323/3114/4240 2501/3146/4241 2497/3142/4242
f 2355/3182/4243 2354/3180/4244 2500/3147/4245 2502/3149/4246
f 2323/3114/4247 2324/3115/4248 2503/3148/4249 2501/3146/4250
f 2325/3116/4251 2356/3951/4252 2504/3151/4253 2505/3150/4254
f 2356/3153/4255 2355/3182/4256 2502/3149/4257 2504/3151/4258
f 2324/3115/4259 2325/3949/4260 2505/3150/4261 2503/3148/4262
f 2415/3246/4263 2414/3947/4264 2508/3212/4265 2506/3211/4266
f 2414/3209/4267 2383/3945/4268 2509/3213/4269 2508/3212/4270
f 2383/3177/4271 2384/3179/4272 2507/3210/4273 2509/3213/4274
f 2416/3248/4275 2415/3246/4276 2506/3211/4277 2510/3215/4278
f 2384/3179/4279 2385/3181/4280 2511/3214/4281 2507/3210/4282
f 2417/3250/4283 2416/3248/4284 2510/3215/4285 2512/3217/4286
f 2385/3181/4287 2386/3183/4288 2513/3216/4289 2511/3214/4290
f 2387/3184/4291 2418/3943/4292 2514/3219/4293 2515/3218/4294
f 2418/3221/4295 2417/3250/4296 2512/3217/4297 2514/3219/4298
f 2386/3183/4299 2387/3941/4300 2515/3218/4301 2513/3216/4302
f 2477/2960/4303 2476/3939/4304 2518/3269/4305 2516/3268/4306
f 2476/2982/4307 2445/3937/4308 2519/3270/4309 2518/3269/4310
f 2445/3245/4311 2446/3247/4312 2517/3267/4313 2519/3270/4314
f 2478/2938/4315 2477/2960/4316 2516/3268/4317 2520/3272/4318
f 2446/3247/4319 2447/3249/4320 2521/3271/4321 2517/3267/4322
f 2479/2935/4323 2478/2938/4324 2520/3272/4325 2522/3274/4326
f 2447/3249/4327 2448/3251/4328 2523/3273/4329 2521/3271/4330
f 2449/3252/4331 2480/3935/4332 2524/3276/4333 2525/3275/4334
f 2480/2894/4335 2479/2935/4336 2522/3274/4337 2524/3276/4338
f 2448/3251/4339 2449/3933/4340 2525/3275/4341 2523/3273/4342
s 46
f 2526/3277/4343 2527/3278/4344 2528/3788/4345 2529/3280/4346
f 2529/3280/4346 2528/3788/4345 2530/3748/4347 2531/3282/4348
s 47
f 2532/3283/4349 2533/3284/4350 2534/3782/4351 2535/3799/4352
f 2536/3836/4353 2537/3783/4354 2538/3787/4355 2539/3838/4356
f 2539/3838/4356 2538/3787/4355 2540/3786/4357 2541/3837/4358
f 2541/3837/4358 2540/3786/4357 2542/3785/4359 2543/3803/4360
f 2543/3803/4360 2542/3785/4359 2544/3784/4361 2545/3296/4362
s 48
f 2546/3297/4363 2547/3298/4364 2548/3761/4365 2549/3300/4366
s 47
f 2545/3296/4362 2544/3784/4361 2550/3734/4367 2551/3302/4368
f 2535/3799/4352 2534/3782/4351 2537/3783/4354 2536/3836/4353
s 49
f 2552/2751/4369 2042/3982/4370 2527/3278/4371 2526/3277/4372
s off
f 2042/2750/4373 2062/2839/4374 2528/3279/4375 2527/3983/4376
f 2063/2840/4377 2043/3780/4378 2553/3779/4379 2554/3778/4380
f 2062/2839/4381 2082/2863/4382 2530/3281/4383 2528/3279/4384
f 2083/2864/4385 2063/2840/4386 2554/3778/4387 2555/3747/4388
f 2082/2863/4389 2243/3777/4390 2556/3728/4391 2530/3281/4392
f 2244/3719/4393 2083/2864/4394 2555/3747/4395 2557/3726/4396
f 2558/3756/4397 2559/3776/4398 2560/3775/4399 2561/3755/4400
f 2562/3774/4401 2563/3752/4402 2564/3751/4403 2565/3773/4404
f 2559/3776/4405 2566/3772/4406 2567/3771/4407 2560/3775/4408
f 2568/3770/4409 2562/3774/4410 2565/3773/4411 2569/3769/4412
f 2566/3772/4413 2570/3768/4414 2571/3766/4415 2567/3771/4416
f 2572/3765/4417 2568/3770/4418 2569/3769/4419 2573/3764/4420
f 2570/3768/4421 2574/3717/4422 2575/3767/4423 2571/3766/4424
f 2576/3762/4425 2572/3765/4426 2573/3764/4427 2577/3763/4428
f 2202/3041/4429 2182/3639/4430 2548/3299/4431 2547/3733/4432
s 50
f 2182/3760/4433 2578/3633/4434 2549/3300/4435 2548/3761/4436
s off
f 2183/3020/4437 2203/3043/4438 2579/3730/4439 2580/3759/4440
f 2222/3715/4441 2202/3041/4442 2547/3733/4443 2581/3739/4444
f 2203/3043/4445 2223/3758/4446 2582/3737/4447 2579/3730/4448
f 2583/3753/4449 2558/3756/4450 2561/3755/4451 2584/3754/4452
f 2563/3752/4453 2585/3722/4454 2586/3750/4455 2564/3751/4456
s 51
f 2531/3282/4457 2530/3748/4458 2533/3284/4459 2532/3283/4460
s off
f 2530/3281/4461 2556/3728/4462 2534/3285/4463 2533/3749/4464
f 2557/3726/4465 2555/3747/4466 2587/3746/4467 2588/3724/4468
f 2589/3729/4469 2590/3745/4470 2538/3289/4471 2537/3288/4472
s 52
f 2591/3744/4473 2592/3727/4474 2593/3725/4475 2594/3743/4476
s off
f 2590/3745/4477 2595/3742/4478 2540/3291/4479 2538/3289/4480
s 52
f 2596/3741/4481 2591/3744/4473 2594/3743/4476 2597/3740/4482
s off
f 2595/3742/4483 2598/3738/4484 2542/3293/4485 2540/3291/4486
f 2599/3736/4487 2596/3741/4488 2597/3740/4489 2600/3735/4490
f 2598/3738/4491 2581/3739/4492 2544/3295/4493 2542/3293/4494
f 2582/3737/4495 2599/3736/4496 2600/3735/4497 2601/3732/4498
f 2581/3739/4499 2547/3733/4500 2550/3301/4501 2544/3295/4502
s 53
f 2547/3298/4503 2546/3297/4504 2551/3302/4505 2550/3734/4506
s off
f 2579/3730/4507 2582/3737/4508 2601/3732/4509 2602/3731/4510
f 2556/3728/4511 2589/3729/4512 2537/3288/4513 2534/3285/4514
s 52
f 2592/3727/4474 2557/3726/4515 2588/3724/4516 2593/3725/4475
s 17
f 2123/2927/3579 2103/2926/3578 2563/3313/4517 2562/3312/4518
s off
f 2592/3342/4519 2591/3341/4520 2565/3315/4521 2564/3314/4522
s 17
f 2143/2954/3606 2123/2927/3579 2562/3312/4523 2568/3318/4524
s off
f 2591/3341/4525 2596/3346/4526 2569/3319/4527 2565/3315/4528
f 2163/2976/4529 2143/2954/4530 2568/3318/4531 2572/3322/4532
f 2596/3346/4533 2599/3349/4534 2573/3323/4535 2569/3319/4536
f 2223/2998/4537 2163/2976/4538 2572/3322/4539 2576/3326/4540
f 2599/3349/4541 2582/3332/4542 2577/3327/4543 2573/3323/4544
f 2582/3332/4545 2223/2998/4546 2576/3326/4547 2577/3327/4548
s 17
f 2103/2926/3578 2244/3721/3538 2585/3335/4549 2563/3313/4550
s off
f 2244/2886/4551 2557/3307/4552 2586/3336/4553 2585/3723/4554
f 2557/3307/4555 2592/3342/4556 2564/3314/4557 2586/3336/4558
s 17
f 2102/2923/3575 2122/2924/3576 2559/3309/4559 2558/3308/4560
s off
f 2590/3340/4561 2589/3339/4562 2561/3311/4563 2560/3310/4564
s 17
f 2122/2924/3576 2142/2953/3605 2566/3316/4565 2559/3309/4566
s off
f 2595/3345/4567 2590/3340/4568 2560/3310/4569 2567/3317/4570
f 2142/2953/4571 2162/2975/4572 2570/3320/4573 2566/3316/4574
f 2598/3348/4575 2595/3345/4576 2567/3317/4577 2571/3321/4578
f 2162/2975/4579 2222/3716/4580 2574/3324/4581 2570/3320/4582
f 2222/2997/4583 2581/3331/4584 2575/3325/4585 2574/3718/4586
f 2581/3331/4587 2598/3348/4588 2571/3321/4589 2575/3325/4590
s 17
f 2243/2885/3537 2102/2923/3575 2558/3308/4591 2583/3333/4592
s off
f 2589/3339/4593 2556/3306/4594 2584/3334/4595 2561/3311/4596
f 2556/3306/4597 2243/2885/4598 2583/3333/4599 2584/3334/4600
s 50
f 2603/3353/4601 2604/3021/4602 2183/3656/4603 2580/3330/4604
s 48
f 2579/3329/4605 2605/3354/4606 2603/3353/4607 2580/3330/4608
s 53
f 2606/3355/4609 2605/3354/4610 2579/3329/4611 2602/3352/4612
s 47
f 2601/3351/4613 2607/3356/4614 2606/3355/4615 2602/3352/4616
f 2600/3350/4617 2608/3817/4618 2607/3356/4614 2601/3351/4613
f 2597/3347/4619 2609/3835/4620 2608/3817/4618 2600/3350/4617
f 2594/3344/4621 2610/3834/4622 2609/3835/4620 2597/3347/4619
f 2593/3343/4623 2611/3833/4624 2610/3834/4622 2594/3344/4621
f 2588/3338/4625 2612/3813/4626 2611/3833/4624 2593/3343/4623
f 2587/3337/4627 2613/3362/4628 2612/3813/4626 2588/3338/4625
s 51
f 2555/3305/4629 2614/3363/4630 2613/3362/4631 2587/3337/4632
s 46
f 2554/3304/4633 2615/3364/4634 2614/3363/4635 2555/3305/4636
f 2553/3303/4637 2616/3365/4638 2615/3364/4634 2554/3304/4633
s 49
f 2043/3781/4639 2617/3590/4640 2616/3365/4641 2553/3303/4642
s 50
f 2618/3367/4643 2619/3637/4644 2604/3021/4602 2603/3353/4601
s 48
f 2605/3354/4606 2620/3369/4645 2618/3367/4646 2603/3353/4607
s 53
f 2621/3370/4647 2620/3369/4648 2605/3354/4610 2606/3355/4609
s 47
f 2607/3356/4614 2622/3371/4649 2621/3370/4650 2606/3355/4615
f 2608/3817/4618 2623/3819/4651 2622/3371/4649 2607/3356/4614
s 61
f 2624/3373/4652 2625/3374/4653 2626/3375/4654 2627/3376/4655
f 2628/3377/4656 2629/3378/4657 2625/3374/4653 2624/3373/4652
f 2630/3379/4658 2631/3380/4659 2629/3378/4657 2628/3377/4656
f 2632/3381/4660 2633/3382/4661 2631/3380/4659 2630/3379/4658
s 47
f 2613/3362/4628 2634/3383/4662 2635/3815/4663 2612/3813/4626
s 51
f 2614/3363/4630 2636/3385/4664 2634/3383/4665 2613/3362/4631
s 46
f 2615/3364/4634 2637/3386/4666 2636/3385/4667 2614/3363/4635
f 2616/3365/4638 2638/3387/4668 2637/3386/4666 2615/3364/4634
s 49
f 2617/3590/4640 2639/3589/4669 2638/3387/4670 2616/3365/4641
s 50
f 2640/3389/4671 2641/3636/4672 2619/3637/4644 2618/3367/4643
s 48
f 2620/3369/4645 2642/3391/4673 2640/3389/4674 2618/3367/4646
s 53
f 2643/3392/4675 2642/3391/4676 2620/3369/4648 2621/3370/4647
s 47
f 2622/3371/4649 2644/3393/4677 2643/3392/4678 2621/3370/4650
f 2623/3819/4651 2645/3809/4679 2644/3393/4677 2622/3371/4649
f 2646/3831/4680 2647/3832/4681 2645/3809/4679 2623/3819/4651
f 2648/3829/4682 2649/3830/4683 2647/3832/4681 2646/3831/4680
f 2650/3827/4684 2651/3828/4685 2649/3830/4683 2648/3829/4682
f 2635/3815/4663 2652/3805/4686 2651/3828/4685 2650/3827/4684
f 2634/3383/4662 2653/3402/4687 2652/3805/4686 2635/3815/4663
s 51
f 2636/3385/4664 2654/3403/4688 2653/3402/4689 2634/3383/4665
s 46
f 2637/3386/4666 2655/3404/4690 2654/3403/4691 2636/3385/4667
f 2638/3387/4668 2656/3405/4692 2655/3404/4690 2637/3386/4666
s 49
f 2639/3589/4669 2657/3588/4693 2656/3405/4694 2638/3387/4670
s 50
f 2658/3407/4695 2659/3635/4696 2641/3636/4672 2640/3389/4671
s 48
f 2642/3391/4673 2660/3409/4697 2658/3407/4698 2640/3389/4674
s 53
f 2661/3410/4699 2660/3409/4700 2642/3391/4676 2643/3392/4675
s 47
f 2644/3393/4677 2662/3411/4701 2661/3410/4702 2643/3392/4678
f 2645/3809/4679 2663/3811/4703 2662/3411/4701 2644/3393/4677
s 62
f 2664/3413/4704 2665/3414/4705 2666/3415/4706 2667/3416/4707
f 2668/3417/4708 2669/3418/4709 2665/3414/4705 2664/3413/4704
f 2670/3419/4710 2671/3420/4711 2669/3418/4709 2668/3417/4708
f 2672/3421/4712 2673/3422/4713 2671/3420/4711 2670/3419/4710
s 47
f 2653/3402/4687 2674/3423/4714 2675/3807/4715 2652/3805/4686
s 51
f 2654/3403/4688 2676/3425/4716 2674/3423/4717 2653/3402/4689
s 46
f 2655/3404/4690 2677/3426/4718 2676/3425/4719 2654/3403/4691
f 2656/3405/4692 2678/3427/4720 2677/3426/4718 2655/3404/4690
s 49
f 2657/3588/4693 2679/3587/4721 2678/3427/4722 2656/3405/4694
s 50
f 2680/3429/4723 2681/3634/4724 2659/3635/4696 2658/3407/4695
s 48
f 2660/3409/4697 2682/3431/4725 2680/3429/4726 2658/3407/4698
s 53
f 2683/3432/4727 2682/3431/4728 2660/3409/4700 2661/3410/4699
s 47
f 2662/3411/4701 2684/3433/4729 2683/3432/4730 2661/3410/4702
f 2663/3811/4703 2685/3801/4731 2684/3433/4729 2662/3411/4701
f 2686/3825/4732 2687/3826/4733 2685/3801/4731 2663/3811/4703
f 2688/3823/4734 2689/3824/4735 2687/3826/4733 2686/3825/4732
f 2690/3821/4736 2691/3822/4737 2689/3824/4735 2688/3823/4734
f 2675/3807/4715 2692/3797/4738 2691/3822/4737 2690/3821/4736
f 2674/3423/4714 2693/3442/4739 2692/3797/4738 2675/3807/4715
s 51
f 2676/3425/4716 2694/3443/4740 2693/3442/4741 2674/3423/4717
s 46
f 2677/3426/4718 2695/3444/4742 2694/3443/4743 2676/3425/4719
f 2678/3427/4720 2696/3445/4744 2695/3444/4742 2677/3426/4718
s 49
f 2679/3587/4721 2697/3586/4745 2696/3445/4746 2678/3427/4722
s 50
f 2549/3300/4435 2578/3633/4434 2681/3634/4724 2680/3429/4723
s 48
f 2682/3431/4725 2546/3297/4363 2549/3300/4366 2680/3429/4726
s 53
f 2551/3302/4505 2546/3297/4504 2682/3431/4728 2683/3432/4727
s 47
f 2684/3433/4729 2545/3296/4362 2551/3302/4368 2683/3432/4730
f 2685/3801/4731 2543/3803/4360 2545/3296/4362 2684/3433/4729
s 63
f 2698/3447/4747 2699/3448/4748 2700/3449/4749 2701/3450/4750
f 2702/3451/4751 2703/3452/4752 2699/3448/4748 2698/3447/4747
f 2704/3453/4753 2705/3454/4754 2703/3452/4752 2702/3451/4751
f 2706/3455/4755 2707/3456/4756 2705/3454/4754 2704/3453/4753
s 47
f 2693/3442/4739 2532/3283/4349 2535/3799/4352 2692/3797/4738
s 51
f 2694/3443/4740 2531/3282/4457 2532/3283/4460 2693/3442/4741
s 46
f 2695/3444/4742 2529/3280/4346 2531/3282/4348 2694/3443/4743
f 2696/3445/4744 2526/3277/4343 2529/3280/4346 2695/3444/4742
s 49
f 2697/3586/4745 2552/2751/4369 2526/3277/4372 2696/3445/4746
s off
f 2646/3395/4757 2623/3820/4758 2626/3375/4759 2625/3374/4760
f 2623/3372/4761 2608/3818/4762 2627/3376/4763 2626/3375/4764
f 2608/3357/4765 2609/3358/4766 2624/3373/4767 2627/3376/4768
f 2648/3397/4769 2646/3395/4770 2625/3374/4771 2629/3378/4772
f 2609/3358/4773 2610/3359/4774 2628/3377/4775 2624/3373/4776
f 2650/3399/4777 2648/3397/4778 2629/3378/4779 2631/3380/4780
f 2610/3359/4781 2611/3360/4782 2630/3379/4783 2628/3377/4784
f 2612/3361/4785 2635/3816/4786 2633/3382/4787 2632/3381/4788
f 2635/3384/4789 2650/3399/4790 2631/3380/4791 2633/3382/4792
f 2611/3360/4793 2612/3814/4794 2632/3381/4795 2630/3379/4796
f 2686/3435/4797 2663/3812/4798 2666/3415/4799 2665/3414/4800
f 2663/3412/4801 2645/3810/4802 2667/3416/4803 2666/3415/4804
f 2645/3394/4805 2647/3396/4806 2664/3413/4807 2667/3416/4808
f 2688/3437/4809 2686/3435/4810 2665/3414/4811 2669/3418/4812
f 2647/3396/4813 2649/3398/4814 2668/3417/4815 2664/3413/4816
f 2690/3439/4817 2688/3437/4818 2669/3418/4819 2671/3420/4820
f 2649/3398/4821 2651/3400/4822 2670/3419/4823 2668/3417/4824
s 47
f 2652/3401/4686 2675/3808/4715 2673/3422/4825 2672/3421/4826
f 2675/3424/4715 2690/3439/4827 2671/3420/4828 2673/3422/4825
s off
f 2651/3400/4829 2652/3806/4830 2672/3421/4831 2670/3419/4832
f 2541/3292/4833 2543/3804/4834 2700/3449/4835 2699/3448/4836
f 2543/3294/4837 2685/3802/4838 2701/3450/4839 2700/3449/4840
f 2685/3434/4841 2687/3436/4842 2698/3447/4843 2701/3450/4844
f 2539/3290/4845 2541/3292/4846 2699/3448/4847 2703/3452/4848
f 2687/3436/4849 2689/3438/4850 2702/3451/4851 2698/3447/4852
f 2536/3287/4853 2539/3290/4854 2703/3452/4855 2705/3454/4856
f 2689/3438/4857 2691/3440/4858 2704/3453/4859 2702/3451/4860
f 2692/3441/4861 2535/3800/4862 2707/3456/4863 2706/3455/4864
f 2535/3286/4865 2536/3287/4866 2705/3454/4867 2707/3456/4868
f 2691/3440/4869 2692/3798/4870 2706/3455/4871 2704/3453/4872
s 17
f 2578/3328/4873 2182/3019/3685 1989/2791/3686 2708/3457/4874
s 1
f 1712/2448/3003 2709/3458/4875 2708/3457/4876 1989/2791/3368
f 1712/2448/3003 1714/2447/3002 2710/3459/4877 2709/3458/4875
f 1718/2441/2996 2711/3460/4878 2710/3459/4877 1714/2447/3002
f 2712/3653/4879 2711/3460/4878 1718/2441/2996 1713/3655/2999
s 20
f 2713/2819/4880 2712/3461/4881 1713/2444/3381 2013/3672/3384
s 17
f 2681/3430/4882 2578/3328/4873 2708/3457/4874 2714/3462/4883
s 1
f 2709/3458/4875 2715/3463/4884 2714/3462/4885 2708/3457/4876
f 2709/3458/4875 2710/3459/4877 2716/3464/4886 2715/3463/4884
f 2711/3460/4878 2717/3465/4887 2716/3464/4886 2710/3459/4877
f 2718/3652/4888 2717/3465/4887 2711/3460/4878 2712/3653/4879
s 20
f 2719/2818/4889 2718/3466/4890 2712/3461/4881 2713/2819/4880
s 17
f 2659/3408/4891 2681/3430/4882 2714/3462/4883 2720/3467/4892
s 1
f 2715/3463/4884 2721/3468/4893 2720/3467/4894 2714/3462/4885
f 2715/3463/4884 2716/3464/4886 2722/3469/4895 2721/3468/4893
f 2717/3465/4887 2723/3470/4896 2722/3469/4895 2716/3464/4886
f 2724/3651/4897 2723/3470/4896 2717/3465/4887 2718/3652/4888
s 20
f 2725/2817/4898 2724/3471/4899 2718/3466/4890 2719/2818/4889
s 17
f 2641/3390/4900 2659/3408/4891 2720/3467/4892 2726/3472/4901
s 1
f 2721/3468/4893 2727/3473/4902 2726/3472/4903 2720/3467/4894
f 2721/3468/4893 2722/3469/4895 2728/3474/4904 2727/3473/4902
f 2723/3470/4896 2729/3475/4905 2728/3474/4904 2722/3469/4895
f 2730/3650/4906 2729/3475/4905 2723/3470/4896 2724/3651/4897
s 20
f 2731/2816/4907 2730/3476/4908 2724/3471/4899 2725/2817/4898
s 17
f 2619/3368/4909 2641/3390/4900 2726/3472/4901 2732/3649/4910
s 1
f 2727/3473/4902 2733/3478/4911 2732/3477/4912 2726/3472/4903
f 2727/3473/4902 2728/3474/4904 2734/3479/4913 2733/3478/4911
f 2729/3475/4905 2735/3480/4914 2734/3479/4913 2728/3474/4904
f 2736/3648/4915 2735/3480/4914 2729/3475/4905 2730/3650/4906
s 20
f 2737/2815/4916 2736/3481/4917 2730/3476/4908 2731/2816/4907
s 17
f 2604/3638/3688 2619/3368/4909 2732/3649/4910 2738/2771/3689
s 1
f 2733/3478/4911 2739/2455/3010 2738/2771/3348 2732/3477/4912
f 2733/3478/4911 2734/3479/4913 2740/2456/3011 2739/2455/3010
f 2735/3480/4914 2741/2461/3016 2740/2456/3011 2734/3479/4913
f 2742/2462/3017 2741/2461/3016 2735/3480/4914 2736/3648/4915
s 20
f 2743/2800/3387 2742/3647/3386 2736/3481/4917 2737/2815/4916
s 17
f 1967/3533/3304 2744/3532/4918 2617/3366/4919 2043/2748/3305
s 14
f 1947/2693/3248 2745/3483/4920 2744/3482/4921 1967/2715/3270
f 1927/2671/3226 2746/3484/4922 2745/3483/4920 1947/2693/3248
f 1907/2649/3204 2747/3485/4923 2746/3484/4922 1927/2671/3226
f 1887/2627/3182 2748/3486/4924 2747/3485/4923 1907/2649/3204
f 1867/2605/3160 2749/3487/4925 2748/3486/4924 1887/2627/3182
f 1847/2583/3138 2750/3488/4926 2749/3487/4925 1867/2605/3160
f 1827/2561/3116 2751/3489/4927 2750/3488/4926 1847/2583/3138
f 1807/2519/3074 2752/3490/4928 2751/3489/4927 1827/2561/3116
f 1787/2518/3073 2753/2742/3297 2752/3490/4928 1807/2519/3074
s 17
f 2744/3532/4918 2754/3531/4929 2639/3388/4930 2617/3366/4919
s 14
f 2745/3483/4920 2755/3492/4931 2754/3491/4932 2744/3482/4921
f 2746/3484/4922 2756/3493/4933 2755/3492/4931 2745/3483/4920
f 2747/3485/4923 2757/3494/4934 2756/3493/4933 2746/3484/4922
f 2748/3486/4924 2758/3495/4935 2757/3494/4934 2747/3485/4923
f 2749/3487/4925 2759/3496/4936 2758/3495/4935 2748/3486/4924
f 2750/3488/4926 2760/3497/4937 2759/3496/4936 2749/3487/4925
f 2751/3489/4927 2761/3498/4938 2760/3497/4937 2750/3488/4926
f 2752/3490/4928 2762/3499/4939 2761/3498/4938 2751/3489/4927
f 2753/2742/3297 2763/2741/3296 2762/3499/4939 2752/3490/4928
s 17
f 2754/3531/4929 2764/3530/4940 2657/3406/4941 2639/3388/4930
s 14
f 2755/3492/4931 2765/3501/4942 2764/3500/4943 2754/3491/4932
f 2756/3493/4933 2766/3502/4944 2765/3501/4942 2755/3492/4931
f 2757/3494/4934 2767/3503/4945 2766/3502/4944 2756/3493/4933
f 2758/3495/4935 2768/3504/4946 2767/3503/4945 2757/3494/4934
f 2759/3496/4936 2769/3505/4947 2768/3504/4946 2758/3495/4935
f 2760/3497/4937 2770/3506/4948 2769/3505/4947 2759/3496/4936
f 2761/3498/4938 2771/3507/4949 2770/3506/4948 2760/3497/4937
f 2762/3499/4939 2772/3508/4950 2771/3507/4949 2761/3498/4938
f 2763/2741/3296 2773/2740/3295 2772/3508/4950 2762/3499/4939
s 17
f 2764/3530/4940 2774/3529/4951 2679/3428/4952 2657/3406/4941
s 14
f 2765/3501/4942 2775/3510/4953 2774/3509/4954 2764/3500/4943
f 2766/3502/4944 2776/3511/4955 2775/3510/4953 2765/3501/4942
f 2767/3503/4945 2777/3512/4956 2776/3511/4955 2766/3502/4944
f 2768/3504/4946 2778/3513/4957 2777/3512/4956 2767/3503/4945
f 2769/3505/4947 2779/3514/4958 2778/3513/4957 2768/3504/4946
f 2770/3506/4948 2780/3515/4959 2779/3514/4958 2769/3505/4947
f 2771/3507/4949 2781/3516/4960 2780/3515/4959 2770/3506/4948
f 2772/3508/4950 2782/3517/4961 2781/3516/4960 2771/3507/4949
f 2773/2740/3295 2783/2739/3294 2782/3517/4961 2772/3508/4950
s 17
f 2774/3529/4951 2784/3527/4962 2697/3446/4963 2679/3428/4952
s 14
f 2775/3510/4953 2785/3519/4964 2784/3518/4965 2774/3509/4954
f 2776/3511/4955 2786/3520/4966 2785/3519/4964 2775/3510/4953
f 2777/3512/4956 2787/3521/4967 2786/3520/4966 2776/3511/4955
f 2778/3513/4957 2788/3522/4968 2787/3521/4967 2777/3512/4956
f 2779/3514/4958 2789/3523/4969 2788/3522/4968 2778/3513/4957
f 2780/3515/4959 2790/3524/4970 2789/3523/4969 2779/3514/4958
f 2781/3516/4960 2791/3525/4971 2790/3524/4970 2780/3515/4959
f 2782/3517/4961 2792/3526/4972 2791/3525/4971 2781/3516/4960
f 2783/2739/3294 2793/2738/3293 2792/3526/4972 2782/3517/4961
s 17
f 2784/3527/4962 2794/2718/3307 2552/3585/3310 2697/3446/4963
s 14
f 2785/3519/4964 2795/2696/3251 2794/3528/3273 2784/3518/4965
f 2786/3520/4966 2796/2674/3229 2795/2696/3251 2785/3519/4964
f 2787/3521/4967 2797/2652/3207 2796/2674/3229 2786/3520/4966
f 2788/3522/4968 2798/2630/3185 2797/2652/3207 2787/3521/4967
f 2789/3523/4969 2799/2608/3163 2798/2630/3185 2788/3522/4968
f 2790/3524/4970 2800/2586/3141 2799/2608/3163 2789/3523/4969
f 2791/3525/4971 2801/2564/3119 2800/2586/3141 2790/3524/4970
f 2792/3526/4972 2802/2524/3079 2801/2564/3119 2791/3525/4971
f 2793/2738/3293 2803/2521/3076 2802/2524/3079 2792/3526/4972
g default
v -1.773913 -1.874060 -1.037982
v -2.372495 -1.808965 -1.037982
v -1.773913 0.374700 1.214533
v -2.372495 0.439795 1.214533
v -1.773913 0.380480 1.440480
v -2.372495 0.445575 1.440480
v -1.773913 -1.966483 -0.947359
v -2.372495 -1.901388 -0.947359
v -2.372495 -1.366145 -0.594423
v -1.773913 -1.431240 -0.594423
v -1.773913 -1.504326 -0.477152
v -2.372495 -1.439231 -0.477152
v -2.372495 -1.033579 -0.261301
v -1.773913 -1.098673 -0.261301
v -1.773913 -1.157236 -0.124018
v -2.372495 -1.092141 -0.124018
v -2.372495 -0.660901 0.111999
v -1.773913 -0.725996 0.111999
v -1.773913 -0.768283 0.271709
v -2.372495 -0.703188 0.271709
v -2.372495 -0.613655 0.159324
v -1.773913 -0.678750 0.159324
v -1.773913 -0.718974 0.321877
v -2.372495 -0.653879 0.321877
v -2.372495 -0.306555 0.466937
v -1.773913 -0.371649 0.466937
v -1.773913 -0.398462 0.647970
v -2.372495 -0.333368 0.647970
v -2.372495 -0.243560 0.530037
v -1.773913 -0.308655 0.530037
v -1.773913 -0.332716 0.714862
v -2.372495 -0.267622 0.714862
v -2.372495 -0.993054 -0.220709
v -1.773913 -1.058149 -0.220709
v -1.773913 -1.114942 -0.080987
v -2.372495 -1.049847 -0.080987
v -2.372495 0.100507 0.874678
v -1.773913 0.035412 0.874678
v -1.773913 0.026375 1.080208
v -2.372495 0.091470 1.080208
v -2.235421 -0.348274 0.647970
v -2.235421 -0.668785 0.321877
v -2.235421 -0.718095 0.271709
v -2.235421 -1.064753 -0.080986
v -2.235421 -1.107047 -0.124018
v -2.235421 -1.454138 -0.477152
v -2.235421 -1.916295 -0.947359
v -2.235421 -1.823871 -1.037982
v -2.235421 -1.381052 -0.594423
v -2.235421 -1.048485 -0.261301
v -2.235421 -1.007961 -0.220709
v -2.235421 -0.675808 0.111999
v -2.235421 -0.628561 0.159324
v -2.235421 -0.321461 0.466937
v -2.235421 -0.258466 0.530037
v -2.235421 0.085600 0.874678
v -2.235421 0.424888 1.214533
v -2.235421 0.430669 1.440480
v -2.235421 0.076564 1.080208
v -2.235421 -0.282528 0.714862
v -1.953967 -0.352069 0.466937
v -1.953967 -0.659169 0.159324
v -1.953967 -0.706415 0.111999
v -1.953967 -1.038569 -0.220709
v -1.953967 -1.079093 -0.261301
v -1.953967 -1.411660 -0.594423
v -1.953967 -1.854479 -1.037982
v -1.953967 -1.946902 -0.947359
v -1.953967 -1.484745 -0.477152
v -1.953967 -1.137655 -0.124018
v -1.953967 -1.095361 -0.080987
v -1.953967 -0.748703 0.271709
v -1.953967 -0.699393 0.321877
v -1.953967 -0.378882 0.647970
v -1.953967 -0.313136 0.714862
v -1.953967 0.045956 1.080208
v -1.953967 0.400061 1.440480
v -1.953967 0.394281 1.214533
v -1.953967 0.054992 0.874678
v -1.953967 -0.289074 0.530037
v -2.235421 -1.358230 -0.612847
v -1.953967 -1.388838 -0.612847
v -2.235421 -1.025663 -0.279725
v -1.953967 -1.056271 -0.279725
v -2.235421 -0.605739 0.140900
v -1.953967 -0.636347 0.140900
v -2.235421 -0.298639 0.448513
v -1.953967 -0.329247 0.448513
v -2.235421 -0.235644 0.511613
v -1.953967 -0.266252 0.511613
v -2.235421 0.108422 0.856254
v -1.953967 0.077814 0.856254
v -2.235421 -0.985139 -0.239133
v -1.953967 -1.015747 -0.239133
v -2.235421 -0.652986 0.093575
v -1.953967 -0.683593 0.093575
vt 0.908208 0.365488
vt 0.922569 0.365730
vt 0.925467 0.396877
vt 0.910090 0.397088
vt 0.922631 0.526960
vt 0.936814 0.526759
vt 0.937042 0.538185
vt 0.922831 0.538381
vt 0.914239 0.673704
vt 0.928516 0.673497
vt 0.926488 0.706677
vt 0.912213 0.706890
vt 0.927090 0.713176
vt 0.912815 0.713389
vt 0.929558 0.365604
vt 0.936076 0.364961
vt 0.939468 0.398049
vt 0.932518 0.396905
vt 0.892465 0.365778
vt 0.899016 0.365411
vt 0.900849 0.397280
vt 0.894181 0.399595
vt 0.911210 0.397974
vt 0.924526 0.397938
vt 0.926768 0.419981
vt 0.912949 0.420247
vt 0.902810 0.421474
vt 0.896148 0.425359
vt 0.915774 0.648781
vt 0.930053 0.648583
vt 0.942044 0.423370
vt 0.934787 0.420819
vt 0.911957 0.421084
vt 0.927769 0.420777
vt 0.928113 0.423595
vt 0.912163 0.423935
vt 0.903071 0.424395
vt 0.896441 0.428481
vt 0.915964 0.645744
vt 0.930240 0.645548
vt 0.942343 0.426468
vt 0.935078 0.423697
vt 0.914482 0.447943
vt 0.930255 0.447579
vt 0.930631 0.450883
vt 0.914759 0.451276
vt 0.898657 0.453761
vt 0.905370 0.448433
vt 0.905694 0.451811
vt 0.899009 0.457367
vt 0.917744 0.617312
vt 0.932020 0.617128
vt 0.931799 0.620666
vt 0.917519 0.620853
vt 0.937241 0.447663
vt 0.944837 0.451627
vt 0.945168 0.455232
vt 0.937571 0.451019
vt 0.915922 0.452147
vt 0.929665 0.451955
vt 0.931588 0.472388
vt 0.917935 0.472699
vt 0.907879 0.473994
vt 0.901085 0.480610
vt 0.919206 0.594299
vt 0.933484 0.594125
vt 0.947453 0.478479
vt 0.939536 0.473225
vt 0.917303 0.478008
vt 0.916965 0.473545
vt 0.932570 0.473191
vt 0.933078 0.477592
vt 0.908289 0.478488
vt 0.901565 0.485406
vt 0.919512 0.589578
vt 0.933783 0.589407
vt 0.947849 0.483278
vt 0.939992 0.477713
vt 0.918468 0.478879
vt 0.932100 0.478653
vt 0.934019 0.501675
vt 0.920912 0.501939
vt 0.910952 0.503233
vt 0.904164 0.511207
vt 0.921180 0.563800
vt 0.935445 0.563628
vt 0.950030 0.509225
vt 0.941877 0.502590
vt 0.913337 0.424804
vt 0.927137 0.424664
vt 0.929258 0.446782
vt 0.915471 0.447106
vt 0.919988 0.502789
vt 0.934979 0.502464
vt 0.913605 0.527197
vt 0.906763 0.536311
vt 0.952110 0.534545
vt 0.943716 0.526785
vt 0.940438 0.594025
vt 0.938972 0.617027
vt 0.938753 0.620564
vt 0.937193 0.645444
vt 0.937007 0.648478
vt 0.935469 0.673393
vt 0.933440 0.706572
vt 0.934042 0.713071
vt 0.943974 0.538106
vt 0.942395 0.563535
vt 0.940735 0.589310
vt 0.903081 0.707026
vt 0.903684 0.713526
vt 0.905107 0.673834
vt 0.906641 0.648901
vt 0.906833 0.645860
vt 0.908386 0.620958
vt 0.908613 0.617413
vt 0.910073 0.594390
vt 0.910382 0.589665
vt 0.912050 0.563886
vt 0.913724 0.538511
vn 0.076734 0.705610 -0.704433
vn 0.076734 0.705610 -0.704433
vn 0.076734 0.705610 -0.704433
vn 0.076734 0.705610 -0.704433
vn 0.108076 0.993818 -0.025425
vn 0.108076 0.993818 -0.025425
vn 0.108076 0.993818 -0.025425
vn 0.108076 0.993818 -0.025425
vn -0.077326 -0.711049 0.698878
vn -0.077326 -0.711049 0.698878
vn -0.077326 -0.711049 0.698877
vn -0.077326 -0.711049 0.698877
vn -0.075917 -0.698099 -0.711966
vn -0.075917 -0.698098 -0.711966
vn -0.075917 -0.698098 -0.711966
vn -0.075917 -0.698099 -0.711966
vn -1.000000 0.000000 0.000000
vn -1.000000 0.000000 0.000000
vn -1.000000 0.000000 0.000000
vn -1.000000 0.000000 0.000000
vn 1.000000 0.000000 0.000000
vn 1.000000 0.000000 0.000000
vn 1.000000 -0.000000 0.000000
vn 1.000000 -0.000000 0.000000
vn 0.076734 0.705610 -0.704434
vn 0.076734 0.705610 -0.704433
vn 0.076734 0.705610 -0.704434
vn 0.076734 0.705610 -0.704433
vn 1.000000 -0.000000 0.000000
vn 1.000000 -0.000000 0.000000
vn -0.077326 -0.711049 0.698877
vn -0.077326 -0.711049 0.698877
vn -1.000000 0.000000 0.000000
vn -1.000000 0.000000 0.000000
vn 0.076734 0.705610 -0.704433
vn 0.076734 0.705610 -0.704433
vn 0.076734 0.705610 -0.704434
vn 0.076734 0.705610 -0.704434
vn 1.000000 -0.000000 0.000000
vn 1.000000 -0.000000 0.000000
vn -0.077325 -0.711049 0.698877
vn -0.077326 -0.711049 0.698877
vn -1.000000 0.000000 0.000000
vn -1.000000 0.000000 0.000000
vn 0.076734 0.705610 -0.704434
vn 0.076734 0.705609 -0.704434
vn 0.076734 0.705610 -0.704434
vn 0.076734 0.705610 -0.704433
vn 1.000000 -0.000000 0.000000
vn 1.000000 -0.000000 0.000000
vn 1.000000 -0.000000 0.000000
vn 1.000000 -0.000000 0.000000
vn -0.077326 -0.711049 0.698878
vn -0.077326 -0.711049 0.698878
vn -0.077326 -0.711049 0.698878
vn -0.077325 -0.711049 0.698878
vn -1.000000 -0.000000 0.000000
vn -1.000000 -0.000000 0.000000
vn -1.000000 0.000000 0.000000
vn -1.000000 -0.000000 0.000000
vn 0.076734 0.705610 -0.704434
vn 0.076734 0.705610 -0.704434
vn 0.076734 0.705610 -0.704434
vn 0.076734 0.705610 -0.704434
vn 1.000000 0.000000 0.000000
vn 1.000000 0.000000 0.000000
vn -0.077326 -0.711049 0.698878
vn -0.077326 -0.711049 0.698878
vn -1.000000 -0.000000 0.000000
vn -1.000000 0.000000 0.000000
vn 0.076734 0.705610 -0.704434
vn 0.076734 0.705610 -0.704434
vn 0.076734 0.705610 -0.704434
vn 0.076734 0.705610 -0.704434
vn 1.000000 0.000000 0.000000
vn 1.000000 0.000000 0.000000
vn -0.077326 -0.711049 0.698877
vn -0.077326 -0.711049 0.698877
vn -1.000000 -0.000000 0.000000
vn -1.000000 -0.000000 0.000000
vn 0.076734 0.705610 -0.704434
vn 0.076734 0.705610 -0.704434
vn 0.076734 0.705610 -0.704434
vn 0.076734 0.705610 -0.704434
vn 1.000000 0.000000 0.000000
vn 1.000000 0.000000 0.000000
vn -0.077326 -0.711049 0.698877
vn -0.077326 -0.711049 0.698877
vn -1.000000 0.000000 0.000000
vn -1.000000 0.000000 0.000000
vn 0.076734 0.705609 -0.704434
vn 0.076734 0.705609 -0.704434
vn 0.076734 0.705609 -0.704434
vn 0.076734 0.705609 -0.704434
vn 0.076734 0.705610 -0.704433
vn 0.076734 0.705610 -0.704433
vn 0.076734 0.705610 -0.704433
vn 0.076734 0.705610 -0.704433
vn 1.000000 0.000000 0.000000
vn 1.000000 0.000000 0.000000
vn -0.077325 -0.711049 0.698877
vn -0.077326 -0.711049 0.698877
vn -1.000000 0.000000 0.000000
vn -1.000000 0.000000 0.000000
vn -0.077326 -0.711049 0.698878
vn -0.077326 -0.711049 0.698878
vn -0.077326 -0.711049 0.698878
vn -0.077326 -0.711049 0.698877
vn -0.077326 -0.711049 0.698877
vn -0.077326 -0.711049 0.698877
vn -0.077327 -0.711049 0.698877
vn -0.075918 -0.698098 -0.711966
vn -0.075918 -0.698099 -0.711966
vn 0.076734 0.705610 -0.704433
vn 0.076734 0.705610 -0.704433
vn 0.076734 0.705610 -0.704433
vn 0.076734 0.705610 -0.704434
vn 0.076734 0.705609 -0.704434
vn 0.076734 0.705610 -0.704433
vn 0.076734 0.705610 -0.704433
vn 0.076734 0.705610 -0.704434
vn 0.076734 0.705610 -0.704433
vn 0.076734 0.705610 -0.704433
vn 0.108077 0.993817 -0.025425
vn 0.108077 0.993817 -0.025425
vn -0.077326 -0.711049 0.698877
vn -0.077326 -0.711049 0.698877
vn -0.077326 -0.711050 0.698877
vn 0.076734 0.705610 -0.704433
vn 0.076734 0.705610 -0.704433
vn 0.076734 0.705610 -0.704434
vn 0.076734 0.705610 -0.704434
vn 0.076734 0.705610 -0.704433
vn 0.076734 0.705610 -0.704433
vn 0.076734 0.705610 -0.704434
vn -0.075917 -0.698099 -0.711965
vn -0.075917 -0.698099 -0.711965
vn -0.077326 -0.711049 0.698878
vn -0.077325 -0.711049 0.698878
vn -0.077326 -0.711049 0.698877
vn -0.077326 -0.711049 0.698877
vn -0.077325 -0.711049 0.698877
vn -0.077326 -0.711049 0.698878
vn -0.077326 -0.711049 0.698878
vn -0.077326 -0.711049 0.698877
vn -0.077326 -0.711049 0.698877
vn -0.077325 -0.711049 0.698877
vn 0.108076 0.993817 -0.025425
vn 0.108076 0.993818 -0.025425
vn 0.076734 0.705610 -0.704433
vn 0.076734 0.705610 -0.704433
vn 0.076734 0.705610 -0.704434
vn -0.068152 -0.626692 -0.776281
vn -0.068152 -0.626692 -0.776281
vn -0.068152 -0.626692 -0.776281
vn -0.068152 -0.626692 -0.776281
vn -1.000000 0.000000 0.000000
vn -1.000000 0.000000 0.000000
vn -1.000000 0.000000 0.000000
vn -1.000000 0.000000 0.000000
vn 0.068152 0.626697 0.776277
vn 0.068152 0.626697 0.776277
vn 0.068152 0.626697 0.776277
vn 0.068152 0.626697 0.776277
vn 1.000000 -0.000001 0.000000
vn 1.000000 -0.000001 0.000000
vn 1.000000 -0.000001 0.000000
vn 1.000000 -0.000001 0.000000
vn -0.068152 -0.626692 -0.776281
vn -0.068152 -0.626692 -0.776281
vn -0.068152 -0.626692 -0.776281
vn -0.068152 -0.626692 -0.776281
vn -1.000000 -0.000000 0.000000
vn -1.000000 -0.000000 0.000000
vn -1.000000 -0.000000 0.000000
vn -1.000000 -0.000000 0.000000
vn 0.068153 0.626697 0.776277
vn 0.068153 0.626697 0.776277
vn 0.068153 0.626697 0.776277
vn 0.068153 0.626697 0.776277
vn 1.000000 0.000000 0.000000
vn 1.000000 0.000000 0.000000
vn 1.000000 0.000000 0.000000
vn 1.000000 0.000000 0.000000
vn -0.068152 -0.626697 -0.776277
vn -0.068152 -0.626697 -0.776277
vn -0.068152 -0.626697 -0.776277
vn -0.068152 -0.626697 -0.776277
vn -1.000000 0.000000 0.000000
vn -1.000000 0.000000 0.000000
vn -1.000000 0.000000 0.000000
vn -1.000000 0.000000 0.000000
vn 0.068152 0.626697 0.776277
vn 0.068152 0.626697 0.776277
vn 0.068152 0.626697 0.776277
vn 0.068152 0.626697 0.776277
vn 1.000000 0.000000 0.000000
vn 1.000000 0.000000 0.000000
vn 1.000000 0.000000 0.000000
vn 1.000000 0.000000 0.000000
vn -0.068152 -0.626695 -0.776278
vn -0.068152 -0.626695 -0.776278
vn -0.068152 -0.626695 -0.776278
vn -0.068152 -0.626695 -0.776278
vn -1.000000 -0.000000 0.000000
vn -1.000000 -0.000000 0.000000
vn -1.000000 -0.000000 0.000000
vn -1.000000 -0.000000 0.000000
vn 0.068152 0.626693 0.776280
vn 0.068152 0.626693 0.776280
vn 0.068152 0.626693 0.776280
vn 0.068152 0.626693 0.776280
vn 1.000000 0.000000 0.000000
vn 1.000000 0.000000 0.000000
vn 1.000000 0.000000 0.000000
vn 1.000000 0.000000 0.000000
s 1
g polySurface2 pCube2
usemtl initialShadingGroup
f 2870/3984/4973 2851/3985/4974 2852/3986/4975 2869/3987/4976
s 2
f 2881/3988/4977 2860/3989/4978 2861/3990/4979 2880/3991/4980
s 3
f 2872/3992/4981 2849/3993/4982 2850/3994/4983 2871/3995/4984
s 4
f 2871/3995/4985 2850/3994/4986 2851/3996/4987 2870/3997/4988
s 5
f 2805/3998/4989 2811/3999/4990 2815/4000/4991 2812/4001/4992
s 6
f 2810/4002/4993 2804/4003/4994 2813/4004/4995 2814/4005/4996
s off
f 2885/4006/4997 2884/4007/4998 2886/4008/4999 2887/4009/5000
s 6
f 2814/4005/4996 2813/4004/4995 2817/4010/5001 2818/4011/5002
s 3
f 2873/4012/5003 2848/4013/5004 2849/3993/4982 2872/3992/4981
s 5
f 2812/4001/4992 2815/4000/4991 2819/4014/5005 2816/4015/5006
s 1
f 2868/4016/5007 2853/4017/5008 2854/4018/5009 2867/4019/5010
s 6
f 2818/4011/5002 2817/4010/5001 2837/4020/5011 2838/4021/5012
s 3
f 2874/4022/5013 2847/4023/5014 2848/4013/5004 2873/4012/5003
s 5
f 2816/4015/5006 2819/4014/5005 2839/4024/5015 2836/4025/5016
s 1
f 2866/4026/5017 2855/4027/5018 2856/4028/5019 2865/4029/5020
s 6
f 2822/4030/5021 2821/4031/5022 2825/4032/5023 2826/4033/5024
s 3
f 2876/4034/5025 2845/4035/5026 2846/4036/5027 2875/4037/5028
s 5
f 2820/4038/5029 2823/4039/5030 2827/4040/5031 2824/4041/5032
s off
f 2889/4042/5033 2888/4043/5034 2890/4044/5035 2891/4045/5036
s 6
f 2826/4033/5024 2825/4032/5023 2829/4046/5037 2830/4047/5038
s 3
f 2877/4048/5039 2844/4049/5040 2845/4035/5026 2876/4034/5025
s 5
f 2824/4041/5032 2827/4040/5031 2831/4050/5041 2828/4051/5042
s 1
f 2883/4052/5043 2864/4053/5044 2857/4054/5045 2858/4055/5046
s 6
f 2830/4047/5038 2829/4046/5037 2833/4056/5047 2834/4057/5048
s 3
f 2878/4058/5049 2863/4059/5050 2844/4049/5040 2877/4048/5039
s 5
f 2828/4051/5042 2831/4050/5041 2835/4060/5051 2832/4061/5052
s off
f 2893/4062/5053 2892/4063/5054 2894/4064/5055 2895/4065/5056
s 6
f 2834/4057/5048 2833/4056/5047 2841/4066/5057 2842/4067/5058
s 3
f 2879/4068/5059 2862/4069/5060 2863/4059/5050 2878/4058/5049
s 5
f 2832/4061/5052 2835/4060/5051 2843/4070/5061 2840/4071/5062
s off
f 2897/4072/5063 2896/4073/5064 2898/4074/5065 2899/4075/5066
s 6
f 2838/4021/5012 2837/4020/5011 2821/4031/5022 2822/4030/5021
s 3
f 2875/4037/5028 2846/4036/5027 2847/4023/5014 2874/4022/5013
s 5
f 2836/4025/5016 2839/4024/5015 2823/4039/5030 2820/4038/5029
s 1
f 2882/4076/5067 2859/4077/5068 2860/3989/5069 2881/3988/5070
s 6
f 2842/4067/5058 2841/4066/5057 2806/4078/5071 2808/4079/5072
s 3
f 2880/3991/5073 2861/3990/5074 2862/4069/5060 2879/4068/5059
s 5
f 2840/4071/5062 2843/4070/5061 2809/4080/5075 2807/4081/5076
s 3
f 2844/4049/5040 2831/4082/5077 2827/4083/5078 2845/4035/5026
f 2846/4036/5027 2845/4035/5026 2827/4083/5078 2823/4084/5079
f 2847/4023/5014 2846/4036/5027 2823/4084/5079 2839/4085/5080
f 2848/4013/5004 2847/4023/5014 2839/4085/5080 2819/4086/5081
f 2849/3993/4982 2848/4013/5004 2819/4086/5081 2815/4087/5082
f 2850/3994/4983 2849/3993/4982 2815/4087/5082 2811/4088/5083
s 4
f 2851/3996/4987 2850/3994/4986 2811/4088/5084 2805/4089/5085
s 1
f 2852/3986/4975 2851/3985/4974 2805/3998/5086 2812/4001/5087
f 2853/4017/5008 2852/3986/4975 2812/4001/5087 2816/4015/5088
f 2854/4018/5009 2853/4017/5008 2816/4015/5088 2836/4025/5089
f 2855/4027/5018 2854/4018/5009 2836/4025/5089 2820/4038/5090
f 2856/4028/5019 2855/4027/5018 2820/4038/5090 2824/4041/5091
f 2857/4054/5045 2856/4028/5019 2824/4041/5091 2828/4051/5092
f 2858/4055/5046 2857/4054/5045 2828/4051/5092 2832/4061/5093
f 2859/4077/5068 2858/4055/5046 2832/4061/5093 2840/4071/5094
f 2860/3989/5069 2859/4077/5068 2840/4071/5094 2807/4081/5095
s 2
f 2861/3990/4979 2860/3989/4978 2807/4081/5096 2809/4090/5097
s 3
f 2862/4069/5060 2861/3990/5074 2809/4090/5098 2843/4091/5099
f 2863/4059/5050 2862/4069/5060 2843/4091/5099 2835/4092/5100
f 2844/4049/5040 2863/4059/5050 2835/4092/5100 2831/4082/5077
s 1
f 2825/4032/5101 2865/4029/5020 2864/4053/5044 2829/4046/5102
f 2821/4031/5103 2866/4026/5017 2865/4029/5020 2825/4032/5101
f 2837/4020/5104 2867/4019/5010 2866/4026/5017 2821/4031/5103
f 2817/4010/5105 2868/4016/5007 2867/4019/5010 2837/4020/5104
f 2813/4004/5106 2869/3987/4976 2868/4016/5007 2817/4010/5105
f 2804/4003/5107 2870/3984/4973 2869/3987/4976 2813/4004/5106
s 4
f 2810/4093/5108 2871/3995/4985 2870/3997/4988 2804/4094/5109
s 3
f 2814/4095/5110 2872/3992/4981 2871/3995/4984 2810/4093/5111
f 2818/4096/5112 2873/4012/5003 2872/3992/4981 2814/4095/5110
f 2838/4097/5113 2874/4022/5013 2873/4012/5003 2818/4096/5112
f 2822/4098/5114 2875/4037/5028 2874/4022/5013 2838/4097/5113
f 2826/4099/5115 2876/4034/5025 2875/4037/5028 2822/4098/5114
f 2830/4100/5116 2877/4048/5039 2876/4034/5025 2826/4099/5115
f 2834/4101/5117 2878/4058/5049 2877/4048/5039 2830/4100/5116
f 2842/4102/5118 2879/4068/5059 2878/4058/5049 2834/4101/5117
f 2808/4103/5119 2880/3991/5073 2879/4068/5059 2842/4102/5118
s 2
f 2806/4078/5120 2881/3988/4977 2880/3991/4980 2808/4103/5121
s 1
f 2841/4066/5122 2882/4076/5067 2881/3988/5070 2806/4078/5123
f 2833/4056/5124 2883/4052/5043 2882/4076/5067 2841/4066/5122
f 2829/4046/5102 2864/4053/5044 2883/4052/5043 2833/4056/5124
s off
f 2869/3987/5125 2852/3986/5126 2884/4007/5127 2885/4006/5128
f 2852/3986/5129 2853/4017/5130 2886/4008/5131 2884/4007/5132
f 2853/4017/5133 2868/4016/5134 2887/4009/5135 2886/4008/5136
f 2868/4016/5137 2869/3987/5138 2885/4006/5139 2887/4009/5140
f 2865/4029/5141 2856/4028/5142 2888/4043/5143 2889/4042/5144
f 2856/4028/5145 2857/4054/5146 2890/4044/5147 2888/4043/5148
f 2857/4054/5149 2864/4053/5150 2891/4045/5151 2890/4044/5152
f 2864/4053/5153 2865/4029/5154 2889/4042/5155 2891/4045/5156
f 2883/4052/5157 2858/4055/5158 2892/4063/5159 2893/4062/5160
f 2858/4055/5161 2859/4077/5162 2894/4064/5163 2892/4063/5164
f 2859/4077/5165 2882/4076/5166 2895/4065/5167 2894/4064/5168
f 2882/4076/5169 2883/4052/5170 2893/4062/5171 2895/4065/5172
f 2867/4019/5173 2854/4018/5174 2896/4073/5175 2897/4072/5176
f 2854/4018/5177 2855/4027/5178 2898/4074/5179 2896/4073/5180
f 2855/4027/5181 2866/4026/5182 2899/4075/5183 2898/4074/5184
f 2866/4026/5185 2867/4019/5186 2897/4072/5187 2899/4075/5188
g default
v -2.384218 -1.806201 -1.358703
v -1.785636 -1.741106 -1.358703
v -2.384218 0.442559 -3.611218
v -1.785636 0.507654 -3.611218
v -2.384218 0.448339 -3.837165
v -1.785636 0.513434 -3.837165
v -2.384218 -1.898624 -1.449326
v -1.785636 -1.833529 -1.449326
v -1.785636 -1.298287 -1.802262
v -2.384218 -1.363382 -1.802262
v -2.384218 -1.436467 -1.919532
v -1.785636 -1.371372 -1.919532
v -1.785636 -0.965720 -2.135384
v -2.384218 -1.030815 -2.135384
v -2.384218 -1.089377 -2.272667
v -1.785636 -1.024282 -2.272667
v -1.785636 -0.593043 -2.508684
v -2.384218 -0.658137 -2.508684
v -2.384218 -0.700425 -2.668394
v -1.785636 -0.635330 -2.668394
v -1.785636 -0.545796 -2.556009
v -2.384218 -0.610891 -2.556009
v -2.384218 -0.651115 -2.718562
v -1.785636 -0.586020 -2.718562
v -1.785636 -0.238696 -2.863622
v -2.384218 -0.303791 -2.863622
v -2.384218 -0.330604 -3.044655
v -1.785636 -0.265509 -3.044655
v -1.785636 -0.175701 -2.926722
v -2.384218 -0.240796 -2.926722
v -2.384218 -0.264858 -3.111546
v -1.785636 -0.199763 -3.111546
v -1.785636 -0.925196 -2.175976
v -2.384218 -0.990291 -2.175976
v -2.384218 -1.047083 -2.315698
v -1.785636 -0.981988 -2.315698
v -1.785636 0.168365 -3.271363
v -2.384218 0.103270 -3.271363
v -2.384218 0.094234 -3.476892
v -1.785636 0.159329 -3.476892
v -1.922710 -0.280415 -3.044655
v -1.922710 -0.600927 -2.718562
v -1.922710 -0.650236 -2.668394
v -1.922710 -0.996895 -2.315698
v -1.922710 -1.039189 -2.272667
v -1.922710 -1.386279 -1.919532
v -1.922710 -1.848436 -1.449326
v -1.922710 -1.756013 -1.358703
v -1.922710 -1.313193 -1.802262
v -1.922710 -0.980627 -2.135384
v -1.922710 -0.940102 -2.175976
v -1.922710 -0.607949 -2.508684
v -1.922710 -0.560703 -2.556009
v -1.922710 -0.253603 -2.863622
v -1.922710 -0.190608 -2.926722
v -1.922710 0.153459 -3.271363
v -1.922710 0.492747 -3.611218
v -1.922710 0.498527 -3.837165
v -1.922710 0.144422 -3.476892
v -1.922710 -0.214670 -3.111546
v -2.204163 -0.284210 -2.863622
v -2.204163 -0.591310 -2.556009
v -2.204163 -0.638557 -2.508684
v -2.204163 -0.970710 -2.175976
v -2.204163 -1.011234 -2.135384
v -2.204163 -1.343801 -1.802262
v -2.204163 -1.786620 -1.358703
v -2.204163 -1.879044 -1.449326
v -2.204163 -1.416887 -1.919532
v -2.204163 -1.069796 -2.272667
v -2.204163 -1.027502 -2.315698
v -2.204163 -0.680844 -2.668394
v -2.204163 -0.631534 -2.718562
v -2.204163 -0.311023 -3.044655
v -2.204163 -0.245277 -3.111546
v -2.204163 0.113815 -3.476892
v -2.204163 0.467920 -3.837165
v -2.204163 0.462139 -3.611218
v -2.204163 0.122851 -3.271363
v -2.204163 -0.221215 -2.926722
v -1.922710 -1.290371 -1.783837
v -2.204163 -1.320979 -1.783837
v -1.922710 -0.957805 -2.116960
v -2.204163 -0.988412 -2.116960
v -1.922710 -0.537881 -2.537585
v -2.204163 -0.568489 -2.537585
v -1.922710 -0.230781 -2.845198
v -2.204163 -0.261388 -2.845198
v -1.922710 -0.167786 -2.908298
v -2.204163 -0.198393 -2.908298
v -1.922710 0.176281 -3.252939
v -2.204163 0.145673 -3.252939
v -1.922710 -0.917281 -2.157552
v -2.204163 -0.947888 -2.157552
v -1.922710 -0.585127 -2.490259
v -2.204163 -0.615735 -2.490259
vt 0.856636 0.367459
vt 0.870960 0.368522
vt 0.872072 0.399783
vt 0.856708 0.399115
vt 0.861804 0.529492
vt 0.875975 0.530102
vt 0.875550 0.541523
vt 0.861351 0.540905
vt 0.845036 0.675516
vt 0.859301 0.676126
vt 0.855380 0.709135
vt 0.841116 0.708531
vt 0.855609 0.715658
vt 0.841345 0.715054
vt 0.877944 0.368796
vt 0.884488 0.368527
vt 0.885983 0.401754
vt 0.879110 0.400215
vt 0.840901 0.366849
vt 0.847463 0.366856
vt 0.847472 0.398778
vt 0.840682 0.400709
vt 0.857776 0.400063
vt 0.871072 0.400789
vt 0.872050 0.422924
vt 0.858239 0.422399
vt 0.848045 0.423045
vt 0.841173 0.426543
vt 0.847993 0.650722
vt 0.862261 0.651340
vt 0.887108 0.427181
vt 0.880008 0.424219
vt 0.857201 0.423178
vt 0.873003 0.423776
vt 0.873186 0.426609
vt 0.857243 0.426037
vt 0.848140 0.425976
vt 0.841286 0.429676
vt 0.848356 0.647701
vt 0.862621 0.648320
vt 0.887229 0.430291
vt 0.880134 0.427109
vt 0.858185 0.450138
vt 0.873954 0.450676
vt 0.874140 0.453996
vt 0.858271 0.453481
vt 0.842054 0.455042
vt 0.849060 0.450106
vt 0.849191 0.453497
vt 0.842199 0.458662
vt 0.851759 0.619416
vt 0.866022 0.620049
vt 0.865599 0.623569
vt 0.851332 0.622939
vt 0.880923 0.451159
vt 0.888280 0.455552
vt 0.888404 0.459170
vt 0.881061 0.454529
vt 0.859383 0.454418
vt 0.873115 0.455012
vt 0.873866 0.475521
vt 0.860218 0.475051
vt 0.850104 0.475769
vt 0.842943 0.481985
vt 0.854534 0.596525
vt 0.868799 0.597167
vt 0.889357 0.482509
vt 0.881753 0.476811
vt 0.859284 0.480316
vt 0.859201 0.475840
vt 0.874801 0.476379
vt 0.875056 0.480802
vt 0.850256 0.480279
vt 0.843148 0.486801
vt 0.855110 0.591829
vt 0.869367 0.592474
vt 0.889478 0.487323
vt 0.881952 0.481318
vt 0.860396 0.481251
vt 0.874019 0.481805
vt 0.874618 0.504899
vt 0.861518 0.504413
vt 0.851500 0.505136
vt 0.844267 0.512709
vt 0.858249 0.566188
vt 0.872501 0.566832
vt 0.890172 0.513353
vt 0.882411 0.506262
vt 0.858365 0.426971
vt 0.872150 0.427621
vt 0.873004 0.449824
vt 0.859221 0.449359
vt 0.860547 0.505209
vt 0.875532 0.505742
vt 0.852779 0.529213
vt 0.845427 0.537921
vt 0.890801 0.538750
vt 0.882864 0.530523
vt 0.875748 0.597465
vt 0.872969 0.620345
vt 0.872548 0.623864
vt 0.869568 0.648615
vt 0.869209 0.651633
vt 0.866249 0.676419
vt 0.862327 0.709428
vt 0.862556 0.715951
vt 0.882475 0.541840
vt 0.879444 0.567137
vt 0.876313 0.592774
vt 0.831991 0.708146
vt 0.832221 0.714669
vt 0.835911 0.675124
vt 0.838868 0.650319
vt 0.839233 0.647294
vt 0.842207 0.622522
vt 0.842638 0.618995
vt 0.845411 0.596094
vt 0.845990 0.591394
vt 0.849128 0.565753
vt 0.852251 0.540514
vn -0.076734 0.705610 0.704433
vn -0.076734 0.705610 0.704434
vn -0.076734 0.705610 0.704433
vn -0.076734 0.705610 0.704433
vn -0.108076 0.993818 0.025425
vn -0.108076 0.993818 0.025425
vn -0.108076 0.993818 0.025425
vn -0.108076 0.993818 0.025425
vn 0.077326 -0.711049 -0.698878
vn 0.077326 -0.711049 -0.698878
vn 0.077326 -0.711049 -0.698877
vn 0.077326 -0.711049 -0.698877
vn 0.075917 -0.698099 0.711965
vn 0.075917 -0.698099 0.711965
vn 0.075917 -0.698099 0.711965
vn 0.075917 -0.698099 0.711965
vn 1.000000 0.000000 0.000000
vn 1.000000 0.000000 0.000000
vn 1.000000 0.000000 0.000000
vn 1.000000 0.000000 0.000000
vn -1.000000 0.000000 0.000000
vn -1.000000 0.000000 0.000000
vn -1.000000 0.000000 0.000000
vn -1.000000 0.000000 0.000000
vn -0.076734 0.705610 0.704434
vn -0.076734 0.705610 0.704434
vn -0.076734 0.705610 0.704434
vn -0.076734 0.705610 0.704434
vn -1.000000 -0.000000 0.000000
vn -1.000000 -0.000000 0.000000
vn 0.077326 -0.711049 -0.698877
vn 0.077326 -0.711050 -0.698877
vn 1.000000 0.000000 0.000000
vn 1.000000 0.000000 0.000000
vn -0.076734 0.705610 0.704433
vn -0.076735 0.705610 0.704433
vn -0.076734 0.705610 0.704434
vn -0.076733 0.705610 0.704434
vn -1.000000 -0.000000 0.000000
vn -1.000000 -0.000000 0.000000
vn 0.077325 -0.711049 -0.698877
vn 0.077326 -0.711049 -0.698877
vn 1.000000 0.000000 0.000000
vn 1.000000 0.000000 0.000000
vn -0.076733 0.705610 0.704434
vn -0.076734 0.705609 0.704434
vn -0.076735 0.705610 0.704434
vn -0.076735 0.705610 0.704434
vn -1.000000 -0.000000 0.000000
vn -1.000000 -0.000000 0.000000
vn -1.000000 -0.000000 0.000000
vn -1.000000 -0.000000 0.000000
vn 0.077326 -0.711049 -0.698878
vn 0.077326 -0.711049 -0.698878
vn 0.077326 -0.711049 -0.698878
vn 0.077325 -0.711049 -0.698878
vn 1.000000 0.000000 0.000000
vn 1.000000 0.000000 0.000000
vn 1.000000 0.000000 0.000000
vn 1.000000 0.000000 0.000000
vn -0.076735 0.705610 0.704434
vn -0.076735 0.705610 0.704434
vn -0.076735 0.705610 0.704434
vn -0.076735 0.705610 0.704434
vn -1.000000 -0.000000 0.000000
vn -1.000000 0.000000 0.000000
vn 0.077326 -0.711049 -0.698878
vn 0.077326 -0.711049 -0.698878
vn 1.000000 0.000000 0.000000
vn 1.000000 0.000000 0.000000
vn -0.076734 0.705610 0.704434
vn -0.076735 0.705610 0.704434
vn -0.076735 0.705610 0.704434
vn -0.076734 0.705610 0.704434
vn -1.000000 0.000000 0.000000
vn -1.000000 0.000000 0.000000
vn 0.077326 -0.711049 -0.698877
vn 0.077325 -0.711050 -0.698877
vn 1.000000 0.000000 0.000000
vn 1.000000 0.000000 0.000000
vn -0.076734 0.705610 0.704434
vn -0.076734 0.705610 0.704434
vn -0.076734 0.705610 0.704434
vn -0.076734 0.705610 0.704434
vn -1.000000 -0.000000 0.000000
vn -1.000000 -0.000000 0.000000
vn 0.077325 -0.711049 -0.698877
vn 0.077325 -0.711049 -0.698877
vn 1.000000 0.000000 0.000000
vn 1.000000 0.000000 0.000000
vn -0.076734 0.705609 0.704434
vn -0.076734 0.705609 0.704434
vn -0.076734 0.705609 0.704434
vn -0.076734 0.705609 0.704434
vn -0.076734 0.705610 0.704433
vn -0.076734 0.705610 0.704433
vn -0.076734 0.705610 0.704433
vn -0.076734 0.705610 0.704433
vn -1.000000 -0.000000 0.000000
vn -1.000000 -0.000000 0.000000
vn 0.077325 -0.711049 -0.698877
vn 0.077325 -0.711049 -0.698877
vn 1.000000 0.000000 0.000000
vn 1.000000 0.000000 0.000000
vn 0.077326 -0.711049 -0.698878
vn 0.077326 -0.711049 -0.698878
vn 0.077325 -0.711049 -0.698878
vn 0.077326 -0.711049 -0.698877
vn 0.077326 -0.711049 -0.698877
vn 0.077326 -0.711049 -0.698877
vn 0.077326 -0.711049 -0.698877
vn 0.075918 -0.698100 0.711964
vn 0.075918 -0.698100 0.711964
vn -0.076734 0.705610 0.704434
vn -0.076734 0.705610 0.704434
vn -0.076735 0.705610 0.704433
vn -0.076734 0.705610 0.704434
vn -0.076734 0.705609 0.704434
vn -0.076735 0.705610 0.704433
vn -0.076735 0.705610 0.704433
vn -0.076734 0.705610 0.704434
vn -0.076734 0.705610 0.704433
vn -0.076734 0.705610 0.704433
vn -0.108076 0.993818 0.025424
vn -0.108076 0.993818 0.025424
vn 0.077325 -0.711049 -0.698877
vn 0.077326 -0.711049 -0.698877
vn 0.077326 -0.711050 -0.698877
vn -0.076735 0.705610 0.704433
vn -0.076735 0.705610 0.704434
vn -0.076733 0.705610 0.704434
vn -0.076733 0.705610 0.704434
vn -0.076734 0.705610 0.704433
vn -0.076734 0.705610 0.704433
vn -0.076734 0.705610 0.704433
vn 0.075918 -0.698099 0.711965
vn 0.075918 -0.698099 0.711965
vn 0.077326 -0.711049 -0.698877
vn 0.077325 -0.711049 -0.698877
vn 0.077326 -0.711049 -0.698877
vn 0.077325 -0.711049 -0.698877
vn 0.077325 -0.711049 -0.698878
vn 0.077326 -0.711049 -0.698878
vn 0.077326 -0.711049 -0.698878
vn 0.077326 -0.711049 -0.698877
vn 0.077326 -0.711049 -0.698877
vn 0.077325 -0.711049 -0.698877
vn -0.108076 0.993817 0.025425
vn -0.108076 0.993818 0.025425
vn -0.076734 0.705610 0.704433
vn -0.076734 0.705610 0.704433
vn -0.076734 0.705610 0.704434
vn 0.068152 -0.626694 0.776279
vn 0.068152 -0.626694 0.776279
vn 0.068152 -0.626694 0.776279
vn 0.068152 -0.626694 0.776279
vn 1.000000 0.000000 0.000000
vn 1.000000 0.000000 0.000000
vn 1.000000 0.000000 0.000000
vn 1.000000 0.000000 0.000000
vn -0.068152 0.626696 -0.776278
vn -0.068152 0.626696 -0.776278
vn -0.068152 0.626696 -0.776278
vn -0.068152 0.626696 -0.776278
vn -1.000000 0.000000 0.000000
vn -1.000000 0.000000 0.000000
vn -1.000000 0.000000 0.000000
vn -1.000000 0.000000 0.000000
vn 0.068152 -0.626692 0.776281
vn 0.068152 -0.626692 0.776281
vn 0.068152 -0.626692 0.776281
vn 0.068152 -0.626692 0.776281
vn 1.000000 0.000000 0.000000
vn 1.000000 0.000000 0.000000
vn 1.000000 0.000000 0.000000
vn 1.000000 0.000000 0.000000
vn -0.068152 0.626697 -0.776277
vn -0.068152 0.626697 -0.776277
vn -0.068152 0.626697 -0.776277
vn -0.068152 0.626697 -0.776277
vn -1.000000 -0.000000 0.000000
vn -1.000000 -0.000000 0.000000
vn -1.000000 -0.000000 0.000000
vn -1.000000 -0.000000 0.000000
vn 0.068152 -0.626697 0.776277
vn 0.068152 -0.626697 0.776277
vn 0.068152 -0.626697 0.776277
vn 0.068152 -0.626697 0.776277
vn 1.000000 -0.000000 0.000000
vn 1.000000 -0.000000 0.000000
vn 1.000000 -0.000000 0.000000
vn 1.000000 -0.000000 0.000000
vn -0.068152 0.626697 -0.776277
vn -0.068152 0.626697 -0.776277
vn -0.068152 0.626697 -0.776277
vn -0.068152 0.626697 -0.776277
vn -1.000000 -0.000000 0.000000
vn -1.000000 -0.000000 0.000000
vn -1.000000 -0.000000 0.000000
vn -1.000000 -0.000000 0.000000
vn 0.068152 -0.626694 0.776279
vn 0.068152 -0.626694 0.776279
vn 0.068152 -0.626694 0.776279
vn 0.068152 -0.626694 0.776279
vn 1.000000 0.000000 0.000000
vn 1.000000 0.000000 0.000000
vn 1.000000 0.000000 0.000000
vn 1.000000 0.000000 0.000000
vn -0.068152 0.626692 -0.776281
vn -0.068152 0.626692 -0.776281
vn -0.068152 0.626692 -0.776281
vn -0.068152 0.626692 -0.776281
vn -1.000000 -0.000000 0.000000
vn -1.000000 -0.000000 0.000000
vn -1.000000 -0.000000 0.000000
vn -1.000000 -0.000000 0.000000
s 1
g pCube2 polySurface1
usemtl initialShadingGroup
f 2966/4104/5189 2947/4105/5190 2948/4106/5191 2965/4107/5192
s 2
f 2977/4108/5193 2956/4109/5194 2957/4110/5195 2976/4111/5196
s 3
f 2968/4112/5197 2945/4113/5198 2946/4114/5199 2967/4115/5200
s 4
f 2967/4115/5201 2946/4114/5202 2947/4116/5203 2966/4117/5204
s 5
f 2901/4118/5205 2907/4119/5206 2911/4120/5207 2908/4121/5208
s 6
f 2906/4122/5209 2900/4123/5210 2909/4124/5211 2910/4125/5212
s off
f 2981/4126/5213 2980/4127/5214 2982/4128/5215 2983/4129/5216
s 6
f 2910/4125/5212 2909/4124/5211 2913/4130/5217 2914/4131/5218
s 3
f 2969/4132/5219 2944/4133/5220 2945/4113/5198 2968/4112/5197
s 5
f 2908/4121/5208 2911/4120/5207 2915/4134/5221 2912/4135/5222
s 1
f 2964/4136/5223 2949/4137/5224 2950/4138/5225 2963/4139/5226
s 6
f 2914/4131/5218 2913/4130/5217 2933/4140/5227 2934/4141/5228
s 3
f 2970/4142/5229 2943/4143/5230 2944/4133/5220 2969/4132/5219
s 5
f 2912/4135/5222 2915/4134/5221 2935/4144/5231 2932/4145/5232
s 1
f 2962/4146/5233 2951/4147/5234 2952/4148/5235 2961/4149/5236
s 6
f 2918/4150/5237 2917/4151/5238 2921/4152/5239 2922/4153/5240
s 3
f 2972/4154/5241 2941/4155/5242 2942/4156/5243 2971/4157/5244
s 5
f 2916/4158/5245 2919/4159/5246 2923/4160/5247 2920/4161/5248
s off
f 2985/4162/5249 2984/4163/5250 2986/4164/5251 2987/4165/5252
s 6
f 2922/4153/5240 2921/4152/5239 2925/4166/5253 2926/4167/5254
s 3
f 2973/4168/5255 2940/4169/5256 2941/4155/5242 2972/4154/5241
s 5
f 2920/4161/5248 2923/4160/5247 2927/4170/5257 2924/4171/5258
s 1
f 2979/4172/5259 2960/4173/5260 2953/4174/5261 2954/4175/5262
s 6
f 2926/4167/5254 2925/4166/5253 2929/4176/5263 2930/4177/5264
s 3
f 2974/4178/5265 2959/4179/5266 2940/4169/5256 2973/4168/5255
s 5
f 2924/4171/5258 2927/4170/5257 2931/4180/5267 2928/4181/5268
s off
f 2989/4182/5269 2988/4183/5270 2990/4184/5271 2991/4185/5272
s 6
f 2930/4177/5264 2929/4176/5263 2937/4186/5273 2938/4187/5274
s 3
f 2975/4188/5275 2958/4189/5276 2959/4179/5266 2974/4178/5265
s 5
f 2928/4181/5268 2931/4180/5267 2939/4190/5277 2936/4191/5278
s off
f 2993/4192/5279 2992/4193/5280 2994/4194/5281 2995/4195/5282
s 6
f 2934/4141/5228 2933/4140/5227 2917/4151/5238 2918/4150/5237
s 3
f 2971/4157/5244 2942/4156/5243 2943/4143/5230 2970/4142/5229
s 5
f 2932/4145/5232 2935/4144/5231 2919/4159/5246 2916/4158/5245
s 1
f 2978/4196/5283 2955/4197/5284 2956/4109/5285 2977/4108/5286
s 6
f 2938/4187/5274 2937/4186/5273 2902/4198/5287 2904/4199/5288
s 3
f 2976/4111/5289 2957/4110/5290 2958/4189/5276 2975/4188/5275
s 5
f 2936/4191/5278 2939/4190/5277 2905/4200/5291 2903/4201/5292
s 3
f 2940/4169/5256 2927/4202/5293 2923/4203/5294 2941/4155/5242
f 2942/4156/5243 2941/4155/5242 2923/4203/5294 2919/4204/5295
f 2943/4143/5230 2942/4156/5243 2919/4204/5295 2935/4205/5296
f 2944/4133/5220 2943/4143/5230 2935/4205/5296 2915/4206/5297
f 2945/4113/5198 2944/4133/5220 2915/4206/5297 2911/4207/5298
f 2946/4114/5199 2945/4113/5198 2911/4207/5298 2907/4208/5299
s 4
f 2947/4116/5203 2946/4114/5202 2907/4208/5300 2901/4209/5301
s 1
f 2948/4106/5191 2947/4105/5190 2901/4118/5302 2908/4121/5303
f 2949/4137/5224 2948/4106/5191 2908/4121/5303 2912/4135/5304
f 2950/4138/5225 2949/4137/5224 2912/4135/5304 2932/4145/5305
f 2951/4147/5234 2950/4138/5225 2932/4145/5305 2916/4158/5306
f 2952/4148/5235 2951/4147/5234 2916/4158/5306 2920/4161/5307
f 2953/4174/5261 2952/4148/5235 2920/4161/5307 2924/4171/5308
f 2954/4175/5262 2953/4174/5261 2924/4171/5308 2928/4181/5309
f 2955/4197/5284 2954/4175/5262 2928/4181/5309 2936/4191/5310
f 2956/4109/5285 2955/4197/5284 2936/4191/5310 2903/4201/5311
s 2
f 2957/4110/5195 2956/4109/5194 2903/4201/5312 2905/4210/5313
s 3
f 2958/4189/5276 2957/4110/5290 2905/4210/5314 2939/4211/5315
f 2959/4179/5266 2958/4189/5276 2939/4211/5315 2931/4212/5316
f 2940/4169/5256 2959/4179/5266 2931/4212/5316 2927/4202/5293
s 1
f 2921/4152/5317 2961/4149/5236 2960/4173/5260 2925/4166/5318
f 2917/4151/5319 2962/4146/5233 2961/4149/5236 2921/4152/5317
f 2933/4140/5320 2963/4139/5226 2962/4146/5233 2917/4151/5319
f 2913/4130/5321 2964/4136/5223 2963/4139/5226 2933/4140/5320
f 2909/4124/5322 2965/4107/5192 2964/4136/5223 2913/4130/5321
f 2900/4123/5323 2966/4104/5189 2965/4107/5192 2909/4124/5322
s 4
f 2906/4213/5324 2967/4115/5201 2966/4117/5204 2900/4214/5325
s 3
f 2910/4215/5326 2968/4112/5197 2967/4115/5200 2906/4213/5327
f 2914/4216/5328 2969/4132/5219 2968/4112/5197 2910/4215/5326
f 2934/4217/5329 2970/4142/5229 2969/4132/5219 2914/4216/5328
f 2918/4218/5330 2971/4157/5244 2970/4142/5229 2934/4217/5329
f 2922/4219/5331 2972/4154/5241 2971/4157/5244 2918/4218/5330
f 2926/4220/5332 2973/4168/5255 2972/4154/5241 2922/4219/5331
f 2930/4221/5333 2974/4178/5265 2973/4168/5255 2926/4220/5332
f 2938/4222/5334 2975/4188/5275 2974/4178/5265 2930/4221/5333
f 2904/4223/5335 2976/4111/5289 2975/4188/5275 2938/4222/5334
s 2
f 2902/4198/5336 2977/4108/5193 2976/4111/5196 2904/4223/5337
s 1
f 2937/4186/5338 2978/4196/5283 2977/4108/5286 2902/4198/5339
f 2929/4176/5340 2979/4172/5259 2978/4196/5283 2937/4186/5338
f 2925/4166/5318 2960/4173/5260 2979/4172/5259 2929/4176/5340
s off
f 2965/4107/5341 2948/4106/5342 2980/4127/5343 2981/4126/5344
f 2948/4106/5345 2949/4137/5346 2982/4128/5347 2980/4127/5348
f 2949/4137/5349 2964/4136/5350 2983/4129/5351 2982/4128/5352
f 2964/4136/5353 2965/4107/5354 2981/4126/5355 2983/4129/5356
f 2961/4149/5357 2952/4148/5358 2984/4163/5359 2985/4162/5360
f 2952/4148/5361 2953/4174/5362 2986/4164/5363 2984/4163/5364
f 2953/4174/5365 2960/4173/5366 2987/4165/5367 2986/4164/5368
f 2960/4173/5369 2961/4149/5370 2985/4162/5371 2987/4165/5372
f 2979/4172/5373 2954/4175/5374 2988/4183/5375 2989/4182/5376
f 2954/4175/5377 2955/4197/5378 2990/4184/5379 2988/4183/5380
f 2955/4197/5381 2978/4196/5382 2991/4185/5383 2990/4184/5384
f 2978/4196/5385 2979/4172/5386 2989/4182/5387 2991/4185/5388
f 2963/4139/5389 2950/4138/5390 2992/4193/5391 2993/4192/5392
f 2950/4138/5393 2951/4147/5394 2994/4194/5395 2992/4193/5396
f 2951/4147/5397 2962/4146/5398 2995/4195/5399 2994/4194/5400
f 2962/4146/5401 2963/4139/5402 2993/4192/5403 2995/4195/5404
g default
v 5.268304 0.845717 -1.259809
v 4.994652 1.013560 -1.252001
v 4.770603 1.013560 -1.205501
v 4.414009 0.845717 -1.197692
v 4.912985 1.013560 -1.127227
v 4.917483 0.845717 -0.885078
v 5.172454 0.975382 -1.259809
v 4.917483 0.975382 -0.970489
v 5.112212 0.975382 -1.068094
v 5.179990 0.845717 -1.007699
v 5.240558 0.925284 -1.259809
v 5.160369 0.925284 -1.025182
v 5.237075 0.925284 -1.176319
v 5.263853 0.845717 -1.169931
v 5.258384 0.887375 -1.259809
v 5.254279 0.887375 -1.172215
v 5.209703 0.925284 -1.096229
v 5.233707 0.845717 -1.083874
v 5.225124 0.887375 -1.088291
v 5.172974 0.887375 -1.013950
v 5.171348 0.975382 -1.191998
v 5.209784 0.955760 -1.259809
v 5.207374 0.955760 -1.183404
v 5.150784 0.975382 -1.126557
v 5.183078 0.955760 -1.109934
v 5.138608 0.955760 -1.044573
v 4.917483 0.925284 -0.909802
v 5.105520 0.845717 -0.946950
v 5.091653 0.925284 -0.968340
v 5.100562 0.887375 -0.954598
v 5.015915 0.845717 -0.905094
v 5.008744 0.925284 -0.928955
v 5.013350 0.887375 -0.913625
v 4.917483 0.887375 -0.893918
v 5.057619 0.975382 -1.020842
v 5.076274 0.955760 -0.992065
v 4.991148 0.975382 -0.987525
v 5.000793 0.955760 -0.955422
v 4.917483 0.955760 -0.937226
v 4.983307 1.013560 -1.173403
v 5.089216 0.984223 -1.259809
v 5.053353 0.984223 -1.120542
v 5.091013 0.984223 -1.211163
v 5.134587 0.982743 -1.259809
v 5.134799 0.982743 -1.200717
v 5.078773 0.984223 -1.163624
v 5.118021 0.982743 -1.143421
v 5.085434 0.982743 -1.091955
v 4.998587 1.013560 -1.224959
v 5.029321 0.986558 -1.259809
v 5.033209 0.986558 -1.224952
v 4.994714 1.013560 -1.198130
v 5.026954 0.986558 -1.190296
v 5.011003 0.986558 -1.158282
v 4.917483 0.984223 -1.044662
v 5.016021 0.984223 -1.085011
v 5.038694 0.982743 -1.050036
v 4.969642 0.984223 -1.059110
v 4.981364 0.982743 -1.020092
v 4.917483 0.982743 -1.004234
v 4.964874 1.013560 -1.152539
v 4.986091 0.986558 -1.131185
v 4.940871 1.013560 -1.136777
v 4.954168 0.986558 -1.110619
v 4.917483 0.986558 -1.098034
v 4.538796 0.975382 -1.197692
v 4.633570 0.845717 -0.963776
v 4.701862 0.975382 -1.024171
v 4.652600 0.925284 -0.981258
v 4.816620 0.845717 -0.889045
v 4.823787 0.925284 -0.912906
v 4.819183 0.887375 -0.897576
v 4.720044 0.845717 -0.915908
v 4.733909 0.925284 -0.937297
v 4.725000 0.887375 -0.923556
v 4.639996 0.887375 -0.970027
v 4.841383 0.975382 -0.971476
v 4.831738 0.955760 -0.939373
v 4.767943 0.975382 -0.989800
v 4.749288 0.955760 -0.961022
v 4.674822 0.955760 -1.000650
v 4.441558 0.925284 -1.197692
v 4.540133 0.845717 -1.030134
v 4.563108 0.925284 -1.042490
v 4.546135 0.887375 -1.034552
v 4.454324 0.845717 -1.109981
v 4.481102 0.925284 -1.116369
v 4.460007 0.887375 -1.112265
v 4.419280 0.887375 -1.197692
v 4.633631 0.975382 -1.072818
v 4.594711 0.955760 -1.056195
v 4.571583 0.975382 -1.132049
v 4.521554 0.955760 -1.123455
v 4.484829 0.955760 -1.197692
v 4.824880 1.013560 -1.140522
v 4.761193 0.984223 -1.076619
v 4.862890 0.984223 -1.043060
v 4.851167 0.982743 -1.004043
v 4.809541 0.984223 -1.053969
v 4.786868 0.982743 -1.018993
v 4.729112 0.982743 -1.048032
v 4.882982 1.013560 -1.124762
v 4.878365 0.986558 -1.094570
v 4.852908 1.013560 -1.129300
v 4.839473 0.986558 -1.100142
v 4.803545 0.986558 -1.114358
v 4.654975 0.984223 -1.197692
v 4.717610 0.984223 -1.109885
v 4.672368 0.982743 -1.089681
v 4.678489 0.984223 -1.151213
v 4.621045 0.982743 -1.140767
v 4.592378 0.982743 -1.197692
v 4.800882 1.013560 -1.157901
v 4.773137 0.986558 -1.136557
v 4.782357 1.013560 -1.180081
v 4.748480 0.986558 -1.165003
v 4.731925 0.986558 -1.197692
v 4.852270 1.013560 -1.330274
v 4.847773 0.845717 -1.572424
v 4.847773 0.975382 -1.487013
v 4.584017 0.845717 -1.449802
v 4.650313 0.975382 -1.389408
v 4.602229 0.925284 -1.432320
v 4.436858 0.845717 -1.287571
v 4.461543 0.925284 -1.281183
v 4.441781 0.887375 -1.285287
v 4.505297 0.845717 -1.373628
v 4.525845 0.925284 -1.361272
v 4.510372 0.887375 -1.369210
v 4.590121 0.887375 -1.443552
v 4.548432 0.975382 -1.265503
v 4.500007 0.955760 -1.274097
v 4.592437 0.975382 -1.330945
v 4.555274 0.955760 -1.347568
v 4.623749 0.955760 -1.412929
v 4.847773 0.925284 -1.547699
v 4.659736 0.845717 -1.510551
v 4.673603 0.925284 -1.489162
v 4.664694 0.887375 -1.502904
v 4.749341 0.845717 -1.552408
v 4.756510 0.925284 -1.528546
v 4.751904 0.887375 -1.543876
v 4.847773 0.887375 -1.563584
v 4.707635 0.975382 -1.436660
v 4.688981 0.955760 -1.465437
v 4.774106 0.975382 -1.469977
v 4.764462 0.955760 -1.502080
v 4.847773 0.955760 -1.520276
v 4.781948 1.013560 -1.284098
v 4.710517 0.984223 -1.336960
v 4.654967 0.984223 -1.246339
v 4.597136 0.982743 -1.256784
v 4.676406 0.984223 -1.293878
v 4.630411 0.982743 -1.314081
v 4.677496 0.982743 -1.365546
v 4.766668 1.013560 -1.232542
v 4.727814 0.986558 -1.232549
v 4.770542 1.013560 -1.259372
v 4.736273 0.986558 -1.267205
v 4.754253 0.986558 -1.299220
v 4.847773 0.984223 -1.412840
v 4.749234 0.984223 -1.372490
v 4.726562 0.982743 -1.407466
v 4.795614 0.984223 -1.398392
v 4.783891 0.982743 -1.437409
v 4.847773 0.982743 -1.453267
v 4.800381 1.013560 -1.304963
v 4.779165 0.986558 -1.326317
v 4.824385 1.013560 -1.320725
v 4.811088 0.986558 -1.346882
v 4.847773 0.986558 -1.359468
v 5.130696 0.845717 -1.493726
v 5.062922 0.975382 -1.433331
v 5.111079 0.925284 -1.476243
v 4.948637 0.845717 -1.568457
v 4.941467 0.925284 -1.544595
v 4.946074 0.887375 -1.559925
v 5.045212 0.845717 -1.541594
v 5.031346 0.925284 -1.520204
v 5.040254 0.887375 -1.533946
v 5.123681 0.887375 -1.487475
v 4.923872 0.975382 -1.486026
v 4.933516 0.955760 -1.518129
v 4.997312 0.975382 -1.467702
v 5.015966 0.955760 -1.496479
v 5.089316 0.955760 -1.456852
v 5.198870 0.845717 -1.427367
v 5.174866 0.925284 -1.415012
v 5.190288 0.887375 -1.422950
v 5.245843 0.845717 -1.347520
v 5.219066 0.925284 -1.341133
v 5.236268 0.887375 -1.345237
v 5.115947 0.975382 -1.384684
v 5.148242 0.955760 -1.401307
v 5.153337 0.975382 -1.325453
v 5.189363 0.955760 -1.334047
v 4.940376 1.013560 -1.316979
v 5.004062 0.984223 -1.380883
v 4.902365 0.984223 -1.414441
v 4.914087 0.982743 -1.453458
v 4.955714 0.984223 -1.403533
v 4.978386 0.982743 -1.438508
v 5.036142 0.982743 -1.409470
v 4.882272 1.013560 -1.332739
v 4.886890 0.986558 -1.362931
v 4.912349 1.013560 -1.328201
v 4.925782 0.986558 -1.357359
v 4.961709 0.986558 -1.343143
v 5.043935 0.984223 -1.347617
v 5.083185 0.982743 -1.367820
v 5.073002 0.984223 -1.306289
v 5.116790 0.982743 -1.316734
v 4.964372 1.013560 -1.299601
v 4.992118 0.986558 -1.320945
v 4.982900 1.013560 -1.277421
v 5.015199 0.986558 -1.292499
v 4.959879 1.027403 -1.266246
v 4.968932 1.027403 -1.246663
v 4.805377 1.027403 -1.191255
v 4.796323 1.027403 -1.210839
v 4.927498 1.027403 -1.157893
v 4.906015 1.027403 -1.150536
v 4.968980 1.027403 -1.205160
v 4.960192 1.027403 -1.186111
v 4.971963 1.027403 -1.225830
v 4.945991 1.027403 -1.170036
v 4.859732 1.027403 -1.152133
v 4.838139 1.027403 -1.160779
v 4.882901 1.027403 -1.148637
v 4.819651 1.027403 -1.174167
v 4.837758 1.027403 -1.299609
v 4.859240 1.027403 -1.306965
v 4.796275 1.027403 -1.252341
v 4.805063 1.027403 -1.271391
v 4.793293 1.027403 -1.231672
v 4.819264 1.027403 -1.287465
v 4.905524 1.027403 -1.305368
v 4.927116 1.027403 -1.296723
v 4.882354 1.027403 -1.308864
v 4.945604 1.027403 -1.283334
v 4.922746 1.042399 -1.248224
v 4.927448 1.042399 -1.238053
v 4.842510 1.042399 -1.209278
v 4.837808 1.042399 -1.219448
v 4.905931 1.042399 -1.191952
v 4.894773 1.042399 -1.188131
v 4.927473 1.042399 -1.216499
v 4.922911 1.042399 -1.206606
v 4.929022 1.042399 -1.227234
v 4.915535 1.042399 -1.198259
v 4.870737 1.042399 -1.188961
v 4.859522 1.042399 -1.193451
v 4.882770 1.042399 -1.187145
v 4.849922 1.042399 -1.200404
v 4.859325 1.042399 -1.265550
v 4.870481 1.042399 -1.269370
v 4.837782 1.042399 -1.241002
v 4.842346 1.042399 -1.250895
v 4.836234 1.042399 -1.230268
v 4.849720 1.042399 -1.259243
v 4.894519 1.042399 -1.268541
v 4.905732 1.042399 -1.264051
v 4.882485 1.042399 -1.270356
v 4.915334 1.042399 -1.257098
v 4.901217 1.048822 -1.237774
v 4.903396 1.048822 -1.233061
v 4.864038 1.048822 -1.219728
v 4.861860 1.048822 -1.224440
v 4.893425 1.048822 -1.211699
v 4.888256 1.048822 -1.209929
v 4.903409 1.048822 -1.223074
v 4.901293 1.048822 -1.218490
v 4.904126 1.048822 -1.228048
v 4.897876 1.048822 -1.214622
v 4.877118 1.048822 -1.210313
v 4.871921 1.048822 -1.212394
v 4.882694 1.048822 -1.209472
v 4.867473 1.048822 -1.215616
v 4.871830 1.048822 -1.245802
v 4.877000 1.048822 -1.247573
v 4.861847 1.048822 -1.234428
v 4.863962 1.048822 -1.239012
v 4.861130 1.048822 -1.229454
v 4.867380 1.048822 -1.242880
v 4.888137 1.048822 -1.247188
v 4.893333 1.048822 -1.245108
v 4.882562 1.048822 -1.248029
v 4.897782 1.048822 -1.241886
v 4.882628 1.051744 -1.228750
v 5.283015 0.835861 -1.270021
v 5.660836 0.569398 -1.270021
v 3.492963 0.430598 -1.155914
v 4.342003 0.835861 -1.168296
v 4.938706 0.569398 -0.445841
v 4.939031 0.835861 -0.824311
v 5.470492 0.569398 -0.708765
v 5.203333 0.835861 -0.975925
v 5.549677 0.766660 -1.270021
v 5.391891 0.766660 -0.787366
v 5.539738 0.766660 -1.097332
v 5.282380 0.835861 -1.166230
v 5.392981 0.821146 -1.270021
v 5.388509 0.821146 -1.137818
v 5.485846 0.800068 -1.270021
v 5.478133 0.800068 -1.113824
v 5.281090 0.821146 -0.898167
v 5.255181 0.835861 -1.065841
v 5.350316 0.821146 -1.010886
v 5.485878 0.766660 -0.932579
v 5.430655 0.800068 -0.964478
v 5.346756 0.800068 -0.832502
v 5.647018 0.569398 -1.068612
v 5.593226 0.716549 -1.270021
v 5.581768 0.716549 -1.086080
v 5.628622 0.648144 -1.270021
v 5.615928 0.648144 -1.076935
v 5.422685 0.716549 -0.756572
v 5.523554 0.716549 -0.910816
v 5.582045 0.569398 -0.877028
v 5.554176 0.648144 -0.893127
v 5.447714 0.648144 -0.731544
v 4.938639 0.766660 -0.556865
v 5.129492 0.835861 -0.902982
v 5.262753 0.766660 -0.672285
v 5.184446 0.821146 -0.807847
v 5.230854 0.800068 -0.727507
v 4.939031 0.821146 -0.714345
v 5.039273 0.835861 -0.851229
v 5.067685 0.821146 -0.745100
v 5.108171 0.766660 -0.593871
v 5.091678 0.800068 -0.655476
v 4.938864 0.800068 -0.621147
v 5.318304 0.569398 -0.576118
v 5.284517 0.716549 -0.634609
v 5.302205 0.648144 -0.603987
v 4.938462 0.716549 -0.512962
v 5.119422 0.716549 -0.551842
v 5.136891 0.569398 -0.486591
v 5.128568 0.648144 -0.517681
v 4.938445 0.648144 -0.477533
v 4.348504 0.569398 -0.563562
v 4.633396 0.835861 -0.903476
v 4.429773 0.766660 -0.681885
v 4.835201 0.835861 -0.824870
v 4.760345 0.766660 -0.555596
v 4.805180 0.821146 -0.715521
v 4.778756 0.800068 -0.621037
v 4.546612 0.821146 -0.821252
v 4.734424 0.835861 -0.851294
v 4.676400 0.821146 -0.750019
v 4.593600 0.766660 -0.597136
v 4.626848 0.800068 -0.660869
v 4.478149 0.800068 -0.744295
v 4.730638 0.569398 -0.445977
v 4.747676 0.716549 -0.510731
v 4.737996 0.648144 -0.475287
v 4.394969 0.716549 -0.632268
v 4.571588 0.716549 -0.551988
v 4.540795 0.569398 -0.489266
v 4.554807 0.648144 -0.516294
v 4.367833 0.648144 -0.590926
v 3.544100 0.623937 -1.170159
v 4.512922 0.835861 -0.977834
v 4.166898 0.766660 -0.781756
v 4.371399 0.821146 -0.913212
v 4.248172 0.800068 -0.838674
v 4.114079 0.813336 -1.170256
v 4.402296 0.835861 -1.068053
v 4.212481 0.821146 -1.030247
v 3.803540 0.716423 -0.961093
v 4.009672 0.786037 -0.994729
v 3.719429 0.705412 -1.163698
v 4.064723 0.569398 -0.671444
v 4.111613 0.716549 -0.736212
v 4.075281 0.648144 -0.696992
v 3.486038 0.558794 -1.160615
v 3.656447 0.637130 -0.927248
v 3.649516 0.505319 -0.907561
v 3.604519 0.565443 -0.910425
v 3.468183 0.491049 -1.153895
v 4.837305 0.569398 -1.991827
v 4.837305 0.835861 -1.614006
v 4.235019 0.569398 -1.813051
v 4.544753 0.835861 -1.462392
v 4.311194 0.766660 -1.717175
v 4.354496 0.835861 -1.274235
v 3.698444 0.697938 -1.396406
v 4.139127 0.820507 -1.333104
v 3.881124 0.773842 -1.376591
v 4.455541 0.821146 -1.551657
v 4.433710 0.835861 -1.374624
v 4.256589 0.821146 -1.474320
v 4.016403 0.766660 -1.605218
v 4.106451 0.800068 -1.554616
v 4.371470 0.800068 -1.648299
v 3.588869 0.498670 -1.426806
v 3.585773 0.627166 -1.409621
v 3.541837 0.558732 -1.421143
v 4.269114 0.716549 -1.765149
v 3.957640 0.716549 -1.645040
v 3.947954 0.569398 -1.684632
v 3.931242 0.648144 -1.674534
v 4.242972 0.648144 -1.798280
v 4.837305 0.766660 -1.880668
v 4.646441 0.835861 -1.535335
v 4.508086 0.766660 -1.779773
v 4.591348 0.821146 -1.631825
v 4.542509 0.800068 -1.718240
v 4.837305 0.821146 -1.723972
v 4.737063 0.835861 -1.587088
v 4.708651 0.821146 -1.693217
v 4.668127 0.766660 -1.844542
v 4.684658 0.800068 -1.782841
v 4.837305 0.800068 -1.816836
v 4.449835 0.569398 -1.882690
v 4.484220 0.716549 -1.822707
v 4.465326 0.648144 -1.856341
v 4.837305 0.716549 -1.924217
v 4.656780 0.716549 -1.886808
v 4.639400 0.569398 -1.951839
v 4.647606 0.648144 -1.921040
v 4.837305 0.648144 -1.959613
v 5.398561 0.569398 -1.801483
v 5.131402 0.835861 -1.534323
v 5.319960 0.766660 -1.722882
v 4.941096 0.835861 -1.613371
v 5.009994 0.766660 -1.870729
v 4.969508 0.821146 -1.719500
v 4.993502 0.800068 -1.809124
v 5.209159 0.821146 -1.612081
v 5.041486 0.835861 -1.586171
v 5.096440 0.821146 -1.681306
v 5.174747 0.766660 -1.816869
v 5.142848 0.800068 -1.761646
v 5.274824 0.800068 -1.677746
v 5.038714 0.569398 -1.978009
v 5.021246 0.716549 -1.912758
v 5.030391 0.648144 -1.946919
v 5.350754 0.716549 -1.753675
v 5.196510 0.716549 -1.854544
v 5.230298 0.569398 -1.913036
v 5.214199 0.648144 -1.885166
v 5.375782 0.648144 -1.778704
v 5.204344 0.835861 -1.460482
v 5.435042 0.766660 -1.593744
v 5.299479 0.821146 -1.515437
v 5.379819 0.800068 -1.561845
v 5.256097 0.835861 -1.370264
v 5.362226 0.821146 -1.398675
v 5.513455 0.766660 -1.439161
v 5.451850 0.800068 -1.422669
v 5.531209 0.569398 -1.649294
v 5.472717 0.716549 -1.615507
v 5.503339 0.648144 -1.633196
v 5.555485 0.716549 -1.450413
v 5.620736 0.569398 -1.467881
v 5.589645 0.648144 -1.459558
vt 0.652317 0.078449
vt 0.077115 0.074195
vt 0.068968 0.086265
vt 0.664586 0.129955
vt 0.062609 0.079214
vt 0.642643 0.105724
vt 0.061490 0.063732
vt 0.054439 0.081507
vt 0.055098 0.071065
vt 0.643517 0.089925
vt 0.058840 0.060112
vt 0.051268 0.069572
vt 0.055659 0.062681
vt 0.648747 0.081472
vt 0.057434 0.058459
vt 0.054093 0.061267
vt 0.053091 0.065840
vt 0.645744 0.085364
vt 0.051336 0.064740
vt 0.049344 0.068838
vt 0.058778 0.065617
vt 0.060225 0.061909
vt 0.057256 0.064151
vt 0.056628 0.068105
vt 0.054894 0.066981
vt 0.053220 0.070329
vt 0.050580 0.082594
vt 0.642239 0.094999
vt 0.050252 0.073732
vt 0.048216 0.073403
vt 0.641969 0.100346
vt 0.050009 0.078140
vt 0.047958 0.078230
vt 0.048578 0.083098
vt 0.054229 0.074387
vt 0.052292 0.074068
vt 0.054009 0.077923
vt 0.052064 0.078035
vt 0.052570 0.082050
vt 0.063188 0.074764
vt 0.063790 0.067458
vt 0.058796 0.072553
vt 0.061721 0.068657
vt 0.062578 0.065437
vt 0.060144 0.066995
vt 0.060036 0.070401
vt 0.058198 0.069148
vt 0.056796 0.071744
vt 0.064971 0.072715
vt 0.078728 0.072626
vt 0.063787 0.070858
vt 0.063958 0.073611
vt 0.062462 0.072069
vt 0.061444 0.073624
vt 0.058064 0.080381
vt 0.058053 0.075016
vt 0.055985 0.074677
vt 0.057807 0.077669
vt 0.055755 0.077811
vt 0.056109 0.080997
vt 0.062701 0.076127
vt 0.060791 0.075451
vt 0.062507 0.077635
vt 0.060515 0.077453
vt 0.060631 0.079529
vt 0.068518 0.098139
vt 0.650025 0.119769
vt 0.059408 0.091048
vt 0.056788 0.094389
vt 0.644288 0.110899
vt 0.051955 0.086892
vt 0.050076 0.087787
vt 0.646793 0.115647
vt 0.054051 0.090858
vt 0.052358 0.092099
vt 0.055320 0.095909
vt 0.055527 0.084984
vt 0.053804 0.085935
vt 0.057203 0.088209
vt 0.055692 0.089529
vt 0.058165 0.092721
vt 0.068368 0.103363
vt 0.654213 0.124136
vt 0.060353 0.098258
vt 0.059216 0.100052
vt 0.659241 0.128095
vt 0.064398 0.101711
vt 0.063740 0.103731
vt 0.068235 0.105428
vt 0.062186 0.093990
vt 0.061329 0.096165
vt 0.065303 0.096683
vt 0.064884 0.099283
vt 0.068458 0.100869
vt 0.064746 0.083666
vt 0.061712 0.087686
vt 0.058833 0.083034
vt 0.057054 0.084097
vt 0.060066 0.085512
vt 0.058530 0.086980
vt 0.060481 0.089499
vt 0.063031 0.080794
vt 0.061150 0.081584
vt 0.063752 0.082304
vt 0.062040 0.083524
vt 0.063268 0.085251
vt 0.068568 0.092469
vt 0.063759 0.089617
vt 0.062921 0.091969
vt 0.066097 0.091377
vt 0.065670 0.094233
vt 0.068551 0.095530
vt 0.065987 0.084807
vt 0.064798 0.086676
vt 0.067416 0.085688
vt 0.066578 0.087823
vt 0.068511 0.088610
vt 0.077273 0.082889
vt 0.690076 0.110944
vt 0.085350 0.085782
vt 0.680308 0.123129
vt 0.078425 0.093835
vt 0.080838 0.097315
vt 0.670080 0.129267
vt 0.072414 0.102726
vt 0.072808 0.104761
vt 0.675523 0.126472
vt 0.076756 0.100324
vt 0.077671 0.102187
vt 0.082110 0.098989
vt 0.071817 0.097843
vt 0.072114 0.100368
vt 0.075192 0.096126
vt 0.075943 0.098256
vt 0.079592 0.095560
vt 0.089140 0.087145
vt 0.684241 0.119826
vt 0.084193 0.094463
vt 0.085736 0.095926
vt 0.687547 0.115703
vt 0.086991 0.091068
vt 0.088753 0.092203
vt 0.091067 0.087906
vt 0.081206 0.091585
vt 0.082658 0.092990
vt 0.083537 0.088898
vt 0.085220 0.089947
vt 0.087198 0.086428
vt 0.073705 0.085965
vt 0.076149 0.090368
vt 0.071110 0.092551
vt 0.071508 0.095438
vt 0.073677 0.091723
vt 0.074505 0.094123
vt 0.077376 0.092247
vt 0.070579 0.086500
vt 0.070514 0.088852
vt 0.072184 0.086399
vt 0.072535 0.088584
vt 0.074494 0.087899
vt 0.081710 0.084591
vt 0.078344 0.088819
vt 0.079897 0.090317
vt 0.080219 0.086880
vt 0.082016 0.087967
vt 0.083681 0.085227
vt 0.075087 0.085204
vt 0.076267 0.086860
vt 0.076289 0.084160
vt 0.077818 0.085467
vt 0.079080 0.083785
vt 0.692120 0.095056
vt 0.087064 0.075260
vt 0.090977 0.074021
vt 0.691703 0.105753
vt 0.090542 0.082859
vt 0.092566 0.083213
vt 0.692397 0.100375
vt 0.091165 0.078411
vt 0.093215 0.078347
vt 0.092980 0.073545
vt 0.086559 0.082360
vt 0.088500 0.082576
vt 0.087142 0.078795
vt 0.089103 0.078573
vt 0.088969 0.074614
vt 0.690852 0.090040
vt 0.089949 0.069884
vt 0.091841 0.069025
vt 0.688705 0.085543
vt 0.088148 0.066140
vt 0.089886 0.064958
vt 0.086285 0.071904
vt 0.088064 0.070869
vt 0.084840 0.068848
vt 0.086435 0.067463
vt 0.078550 0.078288
vt 0.083338 0.076702
vt 0.082743 0.082047
vt 0.084809 0.082205
vt 0.083295 0.079373
vt 0.085376 0.079046
vt 0.085351 0.075903
vt 0.077990 0.081437
vt 0.079992 0.081886
vt 0.078422 0.079874
vt 0.080531 0.079865
vt 0.080675 0.077828
vt 0.082839 0.074156
vt 0.084695 0.072913
vt 0.081828 0.071847
vt 0.083437 0.070192
vt 0.078361 0.076760
vt 0.080403 0.075877
vt 0.077873 0.075369
vt 0.079743 0.074107
vt 0.065344 0.070064
vt 0.066186 0.072118
vt 0.082761 0.066212
vt 0.084142 0.064486
vt 0.085685 0.062859
vt 0.087288 0.061455
vt 0.088939 0.060103
vt 0.080314 0.069912
vt 0.081598 0.067884
vt 0.710727 0.070400
vt 0.707130 0.072712
vt 0.701348 0.064906
vt 0.704654 0.062149
vt 0.646473 0.175640
vt 0.649517 0.174161
vt 0.661114 0.182236
vt 0.660651 0.185443
vt 0.613356 0.102157
vt 0.617636 0.101942
vt 0.618616 0.111610
vt 0.614450 0.112601
vt 0.621978 0.072179
vt 0.625694 0.074322
vt 0.621199 0.082940
vt 0.617150 0.081532
vt 0.631968 0.077910
vt 0.635146 0.079682
vt 0.631494 0.086387
vt 0.628034 0.085271
vt 0.646012 0.068739
vt 0.640025 0.073710
vt 0.637253 0.071333
vt 0.643743 0.065719
vt 0.652179 0.077416
vt 0.647949 0.080709
vt 0.643672 0.076923
vt 0.648874 0.072797
vt 0.636093 0.087855
vt 0.639364 0.082046
vt 0.644307 0.084851
vt 0.641476 0.089591
vt 0.638910 0.060033
vt 0.631720 0.066648
vt 0.628426 0.063886
vt 0.635984 0.056827
vt 0.634695 0.069157
vt 0.641545 0.063031
vt 0.624862 0.084206
vt 0.629057 0.076257
vt 0.625662 0.109802
vt 0.624852 0.101513
vt 0.628482 0.101207
vt 0.629197 0.108759
vt 0.629259 0.093650
vt 0.625647 0.093233
vt 0.639664 0.094775
vt 0.634055 0.094173
vt 0.633863 0.107321
vt 0.633296 0.100755
vt 0.638926 0.100194
vt 0.639298 0.105603
vt 0.618490 0.092262
vt 0.614248 0.091656
vt 0.622329 0.092802
vt 0.622398 0.110678
vt 0.621510 0.101734
vt 0.621376 0.132078
vt 0.624976 0.129783
vt 0.629997 0.138329
vt 0.626564 0.141060
vt 0.636522 0.132811
vt 0.631348 0.125557
vt 0.634583 0.123084
vt 0.639727 0.129614
vt 0.631198 0.116254
vt 0.627813 0.118093
vt 0.640800 0.110790
vt 0.635676 0.113730
vt 0.643311 0.125423
vt 0.638716 0.119633
vt 0.643308 0.115584
vt 0.646888 0.120265
vt 0.621149 0.121285
vt 0.617249 0.122982
vt 0.624713 0.119648
vt 0.633414 0.135554
vt 0.628361 0.127618
vt 0.662286 0.174533
vt 0.652699 0.161615
vt 0.654181 0.150835
vt 0.662170 0.165227
vt 0.645755 0.140057
vt 0.642990 0.144714
vt 0.651666 0.125867
vt 0.649125 0.133387
vt 0.662883 0.145154
vt 0.655727 0.140556
vt 0.657258 0.130928
vt 0.662974 0.133630
vt 0.637342 0.151834
vt 0.634055 0.154461
vt 0.640351 0.148439
vt 0.661672 0.178777
vt 0.651088 0.169894
vt 0.711743 0.129947
vt 0.707982 0.127819
vt 0.712264 0.119159
vt 0.716303 0.120606
vt 0.691903 0.162174
vt 0.688589 0.159979
vt 0.697609 0.146081
vt 0.700797 0.148598
vt 0.691888 0.139882
vt 0.684106 0.152784
vt 0.682029 0.147670
vt 0.688691 0.135884
vt 0.672516 0.157339
vt 0.672874 0.166999
vt 0.668782 0.133310
vt 0.671160 0.144343
vt 0.684404 0.130617
vt 0.678885 0.139580
vt 0.674850 0.130071
vt 0.680608 0.125272
vt 0.674094 0.177500
vt 0.676712 0.179886
vt 0.673212 0.173507
vt 0.694635 0.143138
vt 0.686123 0.156762
vt 0.705437 0.116745
vt 0.701605 0.124159
vt 0.698396 0.122292
vt 0.701982 0.115569
vt 0.693776 0.128380
vt 0.696875 0.131116
vt 0.685436 0.120839
vt 0.689801 0.124785
vt 0.697387 0.114006
vt 0.694151 0.119786
vt 0.689182 0.116842
vt 0.691990 0.112173
vt 0.702966 0.135987
vt 0.706399 0.138613
vt 0.699731 0.133475
vt 0.708603 0.117854
vt 0.704558 0.125870
vt 0.719938 0.100021
vt 0.715659 0.100165
vt 0.714586 0.090541
vt 0.718760 0.089595
vt 0.707574 0.092201
vt 0.708452 0.100464
vt 0.704832 0.100696
vt 0.704069 0.093128
vt 0.704130 0.108276
vt 0.707731 0.108755
vt 0.693745 0.107000
vt 0.699348 0.107672
vt 0.699436 0.094426
vt 0.700037 0.101055
vt 0.694435 0.101549
vt 0.694038 0.096049
vt 0.714870 0.109837
vt 0.719102 0.110506
vt 0.711040 0.109240
vt 0.710816 0.091409
vt 0.711789 0.100306
vt 0.695908 0.069945
vt 0.701156 0.076765
vt 0.698251 0.078972
vt 0.693419 0.072802
vt 0.701827 0.085823
vt 0.705089 0.084236
vt 0.692542 0.090712
vt 0.697533 0.088023
vt 0.690318 0.076763
vt 0.694475 0.082044
vt 0.690082 0.085748
vt 0.686862 0.081442
vt 0.711670 0.081304
vt 0.715601 0.079617
vt 0.708124 0.082849
vt 0.698368 0.067514
vt 0.703896 0.074843
vt 0.055992 0.056827
vt 0.685884 0.081787
vt 0.091707 0.063790
vt 0.093816 0.068204
vt 0.095060 0.073127
vt 0.095332 0.078348
vt 0.094650 0.083627
vt 0.093053 0.088722
vt 0.090571 0.093393
vt 0.087326 0.097439
vt 0.083466 0.100681
vt 0.078770 0.103962
vt 0.073427 0.106706
vt 0.068035 0.107382
vt 0.062788 0.105556
vt 0.057853 0.101670
vt 0.053743 0.097384
vt 0.050570 0.093338
vt 0.048111 0.088678
vt 0.046497 0.083598
vt 0.045836 0.078320
vt 0.046100 0.073071
vt 0.047355 0.068091
vt 0.049540 0.063615
vt 0.052488 0.059795
vt 0.108382 0.057021
vt 0.109703 0.057589
vt 0.109095 0.058907
vt 0.108099 0.058475
vt 0.110877 0.058500
vt 0.109976 0.059597
vt 0.108180 0.060885
vt 0.107672 0.060661
vt 0.106992 0.056841
vt 0.107050 0.058336
vt 0.111823 0.059697
vt 0.110685 0.060501
vt 0.108629 0.061240
vt 0.107663 0.062000
vt 0.107428 0.061896
vt 0.107134 0.060589
vt 0.105619 0.057045
vt 0.106011 0.058487
vt 0.112472 0.061109
vt 0.111168 0.061567
vt 0.108989 0.061704
vt 0.107869 0.062165
vt 0.107221 0.062950
vt 0.107181 0.061862
vt 0.106601 0.060666
vt 0.104346 0.057614
vt 0.105050 0.058921
vt 0.112783 0.062641
vt 0.111406 0.062720
vt 0.109234 0.062250
vt 0.108034 0.062379
vt 0.106936 0.061898
vt 0.106109 0.060890
vt 0.103254 0.058533
vt 0.104228 0.059619
vt 0.112747 0.064183
vt 0.111381 0.063885
vt 0.109354 0.062841
vt 0.108146 0.062632
vt 0.106709 0.062002
vt 0.105690 0.061249
vt 0.102405 0.059739
vt 0.103591 0.060531
vt 0.112358 0.065638
vt 0.111089 0.064985
vt 0.109340 0.063439
vt 0.108200 0.062905
vt 0.106516 0.062168
vt 0.105366 0.061718
vt 0.101857 0.061150
vt 0.103182 0.061596
vt 0.111657 0.066921
vt 0.110560 0.065958
vt 0.109188 0.064005
vt 0.108192 0.063181
vt 0.106368 0.062385
vt 0.105160 0.062265
vt 0.101657 0.062683
vt 0.103035 0.062753
vt 0.110693 0.067953
vt 0.109829 0.066743
vt 0.108912 0.064505
vt 0.108120 0.063443
vt 0.106274 0.062638
vt 0.105088 0.062858
vt 0.101805 0.064237
vt 0.103151 0.063924
vt 0.109520 0.068670
vt 0.108933 0.067290
vt 0.108530 0.064908
vt 0.107990 0.063673
vt 0.106242 0.062912
vt 0.105151 0.063458
vt 0.102295 0.065702
vt 0.103516 0.065031
vt 0.106670 0.069110
vt 0.106851 0.067618
vt 0.108061 0.065186
vt 0.107811 0.063858
vt 0.106272 0.063189
vt 0.105341 0.064027
vt 0.103093 0.066985
vt 0.104119 0.066003
vt 0.105351 0.068739
vt 0.105837 0.067338
vt 0.107081 0.065344
vt 0.107592 0.063982
vt 0.106363 0.063452
vt 0.105654 0.064526
vt 0.104135 0.068017
vt 0.104909 0.066788
vt 0.106551 0.065208
vt 0.107177 0.064047
vt 0.106510 0.063682
vt 0.106067 0.064929
vt 0.106930 0.063991
vt 0.106703 0.063866
vt 0.107348 0.064040
vt 0.107538 0.065324
vt 0.107928 0.067576
vt 0.108213 0.069055
vn 0.513598 0.794263 -0.324598
vn 0.582714 0.795426 -0.166562
vn 0.584082 0.795348 -0.162082
vn 0.518481 0.794515 -0.316107
vn -0.492862 0.804957 0.330350
vn -0.545966 0.820452 0.169647
vn -0.547970 0.820911 0.160729
vn -0.497929 0.806466 0.318873
vn 0.294711 0.736654 0.608676
vn 0.140514 0.738085 0.659915
vn 0.136298 0.738234 0.660632
vn 0.295893 0.736678 0.608073
vn 0.131551 0.920389 0.368209
vn 0.042049 0.918656 0.392815
vn 0.061492 0.758859 0.648345
vn 0.210853 0.762549 0.611605
vn 0.330294 0.930416 0.158844
vn 0.280309 0.927097 0.248833
vn 0.464688 0.778457 0.421984
vn 0.553213 0.786463 0.274649
vn 0.740973 0.556575 0.375744
vn 0.615672 0.546417 0.567782
vn 0.696104 0.309246 0.647924
vn 0.843827 0.316822 0.433105
vn 0.941408 0.322822 -0.097655
vn 0.820851 0.564091 -0.089472
vn 0.811975 0.563264 0.153071
vn 0.929448 0.321986 0.180144
vn 0.968195 0.230523 -0.097253
vn 0.955039 0.229753 0.187389
vn 0.865958 0.225745 0.446268
vn 0.713211 0.219980 0.665537
vn 0.606213 0.791981 -0.072606
vn 0.358108 0.932412 -0.048655
vn 0.356626 0.932411 0.058551
vn 0.601582 0.791545 0.107499
vn 0.073606 0.522838 0.849248
vn 0.078671 0.292112 0.953143
vn 0.300771 0.295007 0.906922
vn 0.270893 0.527048 0.805505
vn 0.452799 0.535568 0.712840
vn 0.507767 0.301149 0.807144
vn 0.519096 0.213717 0.827565
vn 0.306246 0.209050 0.928715
vn 0.078286 0.206923 0.975220
vn 0.211533 0.923486 0.320044
vn 0.346266 0.769688 0.536359
vn 0.601761 0.775015 0.192964
vn 0.537949 0.758781 0.367236
vn 0.541857 0.759516 0.359898
vn 0.602971 0.775525 0.187047
vn 0.033930 0.999328 0.013873
vn 0.029507 0.999294 0.023280
vn 0.095330 0.992074 0.081856
vn 0.111383 0.992462 0.051123
vn 0.119568 0.992648 -0.018820
vn 0.035528 0.999345 -0.006899
vn 0.035934 0.999347 0.003705
vn 0.119549 0.992679 0.017233
vn 0.615086 0.788377 0.011456
vn 0.614993 0.788471 0.009868
vn 0.038803 0.999202 -0.009517
vn 0.039673 0.999210 0.002390
vn 0.037798 0.999190 0.013833
vn 0.033199 0.999150 0.024447
vn 0.006183 0.999184 0.039925
vn 0.016351 0.991074 0.132305
vn 0.046206 0.991303 0.123221
vn 0.015274 0.999207 0.036774
vn 0.023118 0.999248 0.031141
vn 0.072678 0.991672 0.106323
vn 0.430381 0.744112 0.510949
vn 0.434834 0.744534 0.506546
vn 0.026377 0.999096 0.033333
vn 0.018027 0.999047 0.039760
vn 0.008336 0.999016 0.043567
vn -0.272588 0.960904 0.048563
vn -0.490594 0.868546 0.070319
vn -0.431418 0.834912 0.341760
vn -0.245975 0.948927 0.197569
vn -0.136698 0.920719 0.365501
vn -0.195662 0.926857 0.320395
vn -0.330208 0.776410 0.536797
vn -0.234232 0.764032 0.601158
vn -0.358949 0.295517 0.885339
vn -0.315293 0.529046 0.787846
vn -0.442496 0.540726 0.715411
vn -0.506411 0.293315 0.810872
vn -0.126509 0.523465 0.842603
vn -0.145893 0.292544 0.945057
vn -0.151976 0.207222 0.966417
vn -0.370860 0.208393 0.905006
vn -0.522717 0.196410 0.829572
vn -0.049997 0.918802 0.391540
vn -0.090949 0.759269 0.644390
vn -0.749950 0.655652 0.087725
vn -0.945404 0.311213 0.096741
vn -0.762513 0.294096 0.576265
vn -0.627154 0.609200 0.485339
vn -0.514529 0.561703 0.647881
vn -0.599135 0.286289 0.747714
vn -0.618470 0.169418 0.767328
vn -0.788546 0.144509 0.597756
vn -0.986031 0.134777 0.097866
vn -0.221000 0.935817 0.274602
vn -0.375778 0.797624 0.471791
vn -0.162366 0.759747 0.629620
vn -0.298617 0.774593 0.557525
vn -0.310337 0.775878 0.549276
vn -0.174103 0.760975 0.624984
vn -0.020078 0.999244 0.033290
vn -0.065146 0.992032 0.107835
vn -0.043969 0.991279 0.124231
vn -0.012419 0.999196 0.038117
vn -0.003316 0.999178 0.040392
vn -0.014582 0.991091 0.132390
vn -0.016042 0.746548 0.665138
vn -0.024949 0.747237 0.664089
vn -0.001921 0.999006 0.044528
vn -0.011853 0.999022 0.042590
vn -0.020840 0.999072 0.037703
vn -0.026849 0.999618 0.006626
vn -0.091713 0.995587 0.019870
vn -0.082776 0.994371 0.066137
vn -0.025885 0.999495 0.018447
vn -0.024262 0.999341 0.026998
vn -0.074413 0.993110 0.090524
vn -0.413257 0.788557 0.455408
vn -0.421237 0.789734 0.445960
vn -0.026761 0.999170 0.030721
vn -0.029360 0.999329 0.021889
vn -0.030737 0.999482 0.009531
vn -0.294712 0.736647 -0.608684
vn -0.140520 0.738083 -0.659915
vn -0.136299 0.738232 -0.660633
vn -0.295895 0.736672 -0.608080
vn -0.042049 0.918656 -0.392814
vn -0.061492 0.758861 -0.648343
vn -0.210851 0.762548 -0.611607
vn -0.131549 0.920389 -0.368209
vn -0.256753 0.941420 -0.218647
vn -0.244354 0.931460 -0.269581
vn -0.410661 0.783895 -0.465690
vn -0.439088 0.807887 -0.393091
vn -0.704381 0.284301 -0.650401
vn -0.604617 0.569248 -0.557131
vn -0.549489 0.546572 -0.631918
vn -0.628232 0.293963 -0.720354
vn -0.699237 0.620684 -0.354709
vn -0.849992 0.293881 -0.437204
vn -0.877265 0.137238 -0.459969
vn -0.725493 0.162702 -0.668721
vn -0.646731 0.194626 -0.737468
vn -0.271387 0.955091 -0.118958
vn -0.478219 0.847373 -0.230796
vn -0.073606 0.522838 -0.849248
vn -0.078670 0.292112 -0.953143
vn -0.300773 0.295005 -0.906922
vn -0.270893 0.527044 -0.805507
vn -0.447685 0.534723 -0.716694
vn -0.503576 0.298753 -0.810653
vn -0.515628 0.210367 -0.830586
vn -0.306245 0.209049 -0.928716
vn -0.078286 0.206922 -0.975220
vn -0.207701 0.923894 -0.321372
vn -0.341319 0.769787 -0.539378
vn -0.575470 0.791513 -0.205770
vn -0.529981 0.762196 -0.371721
vn -0.533568 0.763416 -0.364007
vn -0.576411 0.793305 -0.196003
vn -0.026994 0.999337 -0.024449
vn -0.082228 0.992835 -0.086700
vn -0.086601 0.993924 -0.067932
vn -0.027763 0.999477 -0.016591
vn -0.027501 0.999603 -0.006053
vn -0.091721 0.995204 -0.033993
vn -0.575957 0.817236 -0.019978
vn -0.575658 0.817520 -0.016684
vn -0.031466 0.999495 -0.004428
vn -0.031572 0.999368 -0.016325
vn -0.030528 0.999211 -0.025408
vn -0.006183 0.999184 -0.039926
vn -0.016351 0.991074 -0.132306
vn -0.046206 0.991303 -0.123222
vn -0.015274 0.999207 -0.036773
vn -0.022827 0.999253 -0.031193
vn -0.071109 0.991769 -0.106482
vn -0.430386 0.744104 -0.510957
vn -0.434837 0.744525 -0.506556
vn -0.026086 0.999104 -0.033317
vn -0.018027 0.999047 -0.039760
vn -0.008336 0.999016 -0.043568
vn 0.564864 0.787602 -0.246196
vn 0.333086 0.930594 -0.151817
vn 0.137360 0.920544 -0.365693
vn 0.218383 0.923715 -0.314738
vn 0.371159 0.771305 -0.517040
vn 0.235883 0.763570 -0.601100
vn 0.361325 0.296456 -0.884058
vn 0.317725 0.528798 -0.787035
vn 0.498716 0.538334 -0.679323
vn 0.567362 0.303533 -0.765485
vn 0.126508 0.523467 -0.842602
vn 0.145898 0.292547 -0.945056
vn 0.151979 0.207224 -0.966416
vn 0.373003 0.210240 -0.903697
vn 0.584574 0.215728 -0.782134
vn 0.049998 0.918802 -0.391539
vn 0.090951 0.759270 -0.644389
vn 0.874994 0.318604 -0.364524
vn 0.763997 0.558622 -0.322879
vn 0.653117 0.549301 -0.521256
vn 0.745560 0.311584 -0.589115
vn 0.767530 0.221831 -0.601406
vn 0.900403 0.227225 -0.371004
vn 0.285624 0.927501 -0.241163
vn 0.484580 0.780177 -0.395608
vn 0.162367 0.759749 -0.629617
vn 0.298627 0.774589 -0.557525
vn 0.310345 0.775873 -0.549279
vn 0.174101 0.760977 -0.624983
vn 0.020817 0.999235 -0.033103
vn 0.071470 0.991624 -0.107584
vn 0.044028 0.991276 -0.124231
vn 0.012419 0.999196 -0.038117
vn 0.003316 0.999178 -0.040394
vn 0.014582 0.991090 -0.132390
vn 0.016042 0.746549 -0.665137
vn 0.024950 0.747238 -0.664088
vn 0.001921 0.999006 -0.044528
vn 0.011853 0.999022 -0.042590
vn 0.021221 0.999065 -0.037681
vn 0.110573 0.992438 -0.053294
vn 0.032765 0.999317 -0.017074
vn 0.027794 0.999278 -0.025890
vn 0.094264 0.992077 -0.083046
vn 0.418110 0.786834 -0.453957
vn 0.426641 0.787626 -0.444549
vn 0.029282 0.999117 -0.030141
vn 0.035234 0.999165 -0.020687
vn 0.431920 0.879529 -0.199687
vn 0.431920 0.879529 -0.199687
vn 0.431920 0.879529 -0.199687
vn 0.431920 0.879528 -0.199687
vn -0.431917 0.879525 0.199706
vn -0.431917 0.879525 0.199706
vn -0.431917 0.879525 0.199706
vn -0.431917 0.879525 0.199706
vn 0.160313 0.868991 0.468140
vn 0.160313 0.868991 0.468140
vn 0.160313 0.868991 0.468140
vn 0.160313 0.868991 0.468140
vn 0.422775 0.884999 0.195033
vn 0.422775 0.884999 0.195033
vn 0.422775 0.884999 0.195033
vn 0.422775 0.884999 0.195033
vn 0.462000 0.884329 -0.067221
vn 0.462000 0.884329 -0.067221
vn 0.462000 0.884329 -0.067221
vn 0.462000 0.884329 -0.067221
vn 0.458593 0.886178 0.066188
vn 0.458593 0.886178 0.066188
vn 0.458593 0.886178 0.066188
vn 0.458593 0.886178 0.066188
vn 0.354990 0.880690 0.313635
vn 0.354990 0.880690 0.313635
vn 0.354990 0.880690 0.313635
vn 0.354990 0.880690 0.313635
vn 0.265964 0.874770 0.405020
vn 0.265964 0.874770 0.405020
vn 0.265964 0.874770 0.405020
vn 0.265964 0.874770 0.405020
vn -0.187270 0.863807 0.467726
vn -0.187270 0.863807 0.467726
vn -0.187270 0.863807 0.467726
vn -0.187270 0.863807 0.467726
vn 0.041168 0.864439 0.501049
vn 0.041168 0.864439 0.501049
vn 0.041168 0.864439 0.501049
vn 0.041168 0.864439 0.501049
vn -0.075504 0.862524 0.500352
vn -0.075504 0.862524 0.500352
vn -0.075504 0.862524 0.500352
vn -0.075504 0.862524 0.500352
vn -0.291381 0.867872 0.402363
vn -0.291381 0.867872 0.402363
vn -0.291381 0.867872 0.402363
vn -0.291381 0.867872 0.402363
vn -0.373700 0.873451 0.312140
vn -0.373700 0.873451 0.312140
vn -0.373700 0.873451 0.312140
vn -0.373700 0.873451 0.312140
vn -0.160317 0.868995 -0.468132
vn -0.160317 0.868995 -0.468132
vn -0.160317 0.868994 -0.468131
vn -0.160317 0.868995 -0.468131
vn -0.422778 0.884999 -0.195028
vn -0.422778 0.884999 -0.195028
vn -0.422778 0.884999 -0.195028
vn -0.422778 0.884999 -0.195028
vn -0.461994 0.884333 0.067215
vn -0.461994 0.884333 0.067215
vn -0.461994 0.884333 0.067215
vn -0.461994 0.884333 0.067215
vn -0.458601 0.886173 -0.066203
vn -0.458601 0.886173 -0.066203
vn -0.458601 0.886173 -0.066203
vn -0.458601 0.886173 -0.066203
vn -0.354999 0.880690 -0.313625
vn -0.354999 0.880690 -0.313625
vn -0.354999 0.880690 -0.313625
vn -0.354999 0.880690 -0.313625
vn -0.265956 0.874767 -0.405031
vn -0.265956 0.874767 -0.405031
vn -0.265956 0.874767 -0.405031
vn -0.265956 0.874767 -0.405031
vn 0.187268 0.863811 -0.467720
vn 0.187268 0.863811 -0.467720
vn 0.187268 0.863811 -0.467720
vn 0.187268 0.863811 -0.467720
vn -0.041166 0.864432 -0.501062
vn -0.041166 0.864432 -0.501062
vn -0.041166 0.864432 -0.501062
vn -0.041166 0.864432 -0.501062
vn 0.075500 0.862527 -0.500346
vn 0.075500 0.862527 -0.500346
vn 0.075500 0.862527 -0.500346
vn 0.075500 0.862527 -0.500346
vn 0.291388 0.867873 -0.402355
vn 0.291388 0.867873 -0.402355
vn 0.291388 0.867873 -0.402356
vn 0.291388 0.867873 -0.402355
vn 0.373692 0.873448 -0.312158
vn 0.373692 0.873448 -0.312158
vn 0.373692 0.873448 -0.312158
vn 0.373692 0.873448 -0.312158
vn 0.310016 0.939867 -0.143321
vn 0.310016 0.939867 -0.143321
vn 0.310016 0.939867 -0.143321
vn 0.310016 0.939867 -0.143321
vn -0.310007 0.939868 0.143328
vn -0.310008 0.939868 0.143328
vn -0.310008 0.939868 0.143328
vn -0.310007 0.939868 0.143328
vn 0.115731 0.934018 0.337959
vn 0.115731 0.934018 0.337959
vn 0.115731 0.934018 0.337959
vn 0.115731 0.934018 0.337959
vn 0.302528 0.942870 0.139547
vn 0.302528 0.942870 0.139547
vn 0.302528 0.942870 0.139547
vn 0.302528 0.942870 0.139547
vn 0.330721 0.942501 -0.048121
vn 0.330721 0.942501 -0.048121
vn 0.330721 0.942501 -0.048121
vn 0.330721 0.942501 -0.048121
vn 0.327956 0.943507 0.047334
vn 0.327956 0.943507 0.047334
vn 0.327956 0.943507 0.047334
vn 0.327956 0.943506 0.047334
vn 0.254627 0.940506 0.224974
vn 0.254627 0.940506 0.224974
vn 0.254627 0.940506 0.224974
vn 0.254627 0.940506 0.224974
vn 0.191403 0.937234 0.291476
vn 0.191403 0.937234 0.291476
vn 0.191403 0.937234 0.291476
vn 0.191403 0.937234 0.291476
vn -0.135577 0.931102 0.338628
vn -0.135577 0.931102 0.338628
vn -0.135577 0.931102 0.338628
vn -0.135577 0.931102 0.338628
vn 0.029795 0.931455 0.362635
vn 0.029795 0.931455 0.362635
vn 0.029795 0.931455 0.362635
vn 0.029795 0.931455 0.362635
vn -0.054701 0.930375 0.362506
vn -0.054701 0.930375 0.362506
vn -0.054701 0.930375 0.362506
vn -0.054701 0.930375 0.362506
vn -0.210492 0.933387 0.290657
vn -0.210492 0.933387 0.290657
vn -0.210492 0.933387 0.290657
vn -0.210492 0.933387 0.290657
vn -0.269114 0.936511 0.224778
vn -0.269114 0.936511 0.224778
vn -0.269114 0.936511 0.224778
vn -0.269114 0.936511 0.224778
vn -0.115744 0.934015 -0.337963
vn -0.115744 0.934015 -0.337963
vn -0.115744 0.934015 -0.337963
vn -0.115744 0.934015 -0.337963
vn -0.302529 0.942868 -0.139559
vn -0.302529 0.942868 -0.139559
vn -0.302529 0.942868 -0.139559
vn -0.302529 0.942868 -0.139559
vn -0.330715 0.942504 0.048110
vn -0.330715 0.942504 0.048110
vn -0.330715 0.942504 0.048110
vn -0.330715 0.942504 0.048110
vn -0.327954 0.943508 -0.047313
vn -0.327954 0.943508 -0.047313
vn -0.327954 0.943508 -0.047313
vn -0.327954 0.943508 -0.047313
vn -0.254643 0.940503 -0.224967
vn -0.254643 0.940504 -0.224967
vn -0.254643 0.940504 -0.224967
vn -0.254643 0.940503 -0.224967
vn -0.191384 0.937240 -0.291468
vn -0.191384 0.937240 -0.291468
vn -0.191384 0.937240 -0.291468
vn -0.191384 0.937240 -0.291468
vn 0.135583 0.931102 -0.338624
vn 0.135583 0.931102 -0.338624
vn 0.135583 0.931102 -0.338624
vn 0.135583 0.931102 -0.338624
vn -0.029789 0.931456 -0.362632
vn -0.029789 0.931456 -0.362632
vn -0.029789 0.931456 -0.362632
vn -0.029789 0.931456 -0.362632
vn 0.054698 0.930376 -0.362505
vn 0.054698 0.930376 -0.362504
vn 0.054698 0.930376 -0.362505
vn 0.054698 0.930376 -0.362505
vn 0.210486 0.933389 -0.290657
vn 0.210486 0.933389 -0.290657
vn 0.210486 0.933389 -0.290657
vn 0.210486 0.933389 -0.290657
vn 0.269113 0.936508 -0.224792
vn 0.269113 0.936508 -0.224792
vn 0.269113 0.936508 -0.224793
vn 0.269113 0.936508 -0.224793
vn 0.235326 0.965807 -0.108802
vn 0.235326 0.965807 -0.108802
vn 0.235326 0.965807 -0.108802
vn 0.235326 0.965807 -0.108802
vn -0.235324 0.965808 0.108803
vn -0.235324 0.965808 0.108803
vn -0.235324 0.965808 0.108803
vn -0.235324 0.965808 0.108803
vn 0.088085 0.962328 0.257228
vn 0.088085 0.962328 0.257228
vn 0.088085 0.962328 0.257228
vn 0.088085 0.962328 0.257228
vn 0.229348 0.967578 0.105796
vn 0.229348 0.967578 0.105796
vn 0.229348 0.967578 0.105796
vn 0.229348 0.967578 0.105796
vn 0.250757 0.967362 -0.036487
vn 0.250757 0.967362 -0.036487
vn 0.250757 0.967362 -0.036487
vn 0.250757 0.967362 -0.036487
vn 0.248551 0.967955 0.035865
vn 0.248551 0.967955 0.035865
vn 0.248550 0.967955 0.035865
vn 0.248550 0.967955 0.035865
vn 0.193227 0.966187 0.170720
vn 0.193227 0.966188 0.170720
vn 0.193227 0.966187 0.170720
vn 0.193227 0.966187 0.170720
vn 0.145450 0.964251 0.221505
vn 0.145450 0.964251 0.221505
vn 0.145450 0.964251 0.221505
vn 0.145450 0.964251 0.221505
vn -0.103325 0.960584 0.258073
vn -0.103325 0.960584 0.258073
vn -0.103325 0.960584 0.258073
vn -0.103325 0.960584 0.258073
vn 0.022703 0.960797 0.276321
vn 0.022703 0.960797 0.276321
vn 0.022703 0.960797 0.276321
vn 0.022703 0.960797 0.276321
vn -0.041700 0.960152 0.276350
vn -0.041700 0.960152 0.276350
vn -0.041700 0.960152 0.276350
vn -0.041700 0.960152 0.276350
vn -0.160246 0.961959 0.221261
vn -0.160246 0.961959 0.221261
vn -0.160246 0.961959 0.221261
vn -0.160246 0.961959 0.221261
vn -0.204611 0.963809 0.170897
vn -0.204611 0.963809 0.170897
vn -0.204611 0.963809 0.170897
vn -0.204611 0.963809 0.170897
vn -0.088094 0.962329 -0.257222
vn -0.088094 0.962329 -0.257222
vn -0.088094 0.962329 -0.257222
vn -0.088094 0.962329 -0.257222
vn -0.229331 0.967582 -0.105795
vn -0.229331 0.967582 -0.105795
vn -0.229331 0.967582 -0.105795
vn -0.229331 0.967582 -0.105795
vn -0.250764 0.967360 0.036497
vn -0.250764 0.967360 0.036497
vn -0.250764 0.967360 0.036497
vn -0.250764 0.967360 0.036497
vn -0.248551 0.967955 -0.035856
vn -0.248551 0.967955 -0.035856
vn -0.248551 0.967955 -0.035856
vn -0.248551 0.967955 -0.035856
vn -0.193232 0.966187 -0.170717
vn -0.193232 0.966187 -0.170717
vn -0.193232 0.966187 -0.170717
vn -0.193232 0.966187 -0.170717
vn -0.145445 0.964253 -0.221502
vn -0.145445 0.964253 -0.221502
vn -0.145445 0.964253 -0.221502
vn -0.145445 0.964253 -0.221502
vn 0.103330 0.960586 -0.258066
vn 0.103330 0.960586 -0.258066
vn 0.103330 0.960586 -0.258066
vn 0.103330 0.960586 -0.258066
vn -0.022695 0.960799 -0.276316
vn -0.022695 0.960799 -0.276316
vn -0.022695 0.960799 -0.276316
vn -0.022695 0.960799 -0.276316
vn 0.041699 0.960147 -0.276368
vn 0.041699 0.960147 -0.276368
vn 0.041699 0.960147 -0.276368
vn 0.041699 0.960147 -0.276368
vn 0.160248 0.961952 -0.221288
vn 0.160248 0.961952 -0.221288
vn 0.160248 0.961952 -0.221288
vn 0.160248 0.961952 -0.221288
vn 0.204586 0.963816 -0.170891
vn 0.204586 0.963816 -0.170891
vn 0.204586 0.963816 -0.170891
vn 0.204586 0.963816 -0.170891
vn 0.127112 0.990146 -0.058770
vn 0.127112 0.990146 -0.058770
vn 0.127112 0.990146 -0.058770
vn -0.127108 0.990147 0.058766
vn -0.127108 0.990147 0.058766
vn -0.127108 0.990147 0.058766
vn 0.047693 0.989102 0.139292
vn 0.047693 0.989102 0.139292
vn 0.047693 0.989102 0.139292
vn 0.123705 0.990674 0.057113
vn 0.123705 0.990674 0.057113
vn 0.123705 0.990674 0.057113
vn 0.135293 0.990610 -0.019680
vn 0.135293 0.990610 -0.019680
vn 0.135293 0.990610 -0.019680
vn 0.134048 0.990787 0.019309
vn 0.134048 0.990787 0.019309
vn 0.134048 0.990787 0.019309
vn 0.104364 0.990254 0.092221
vn 0.104364 0.990254 0.092221
vn 0.104364 0.990254 0.092221
vn 0.078661 0.989679 0.119781
vn 0.078661 0.989679 0.119781
vn 0.078661 0.989679 0.119781
vn -0.056015 0.988578 0.139911
vn -0.056015 0.988578 0.139911
vn -0.056015 0.988578 0.139911
vn 0.012319 0.988640 0.149796
vn 0.012319 0.988640 0.149796
vn 0.012319 0.988640 0.149796
vn -0.022625 0.988441 0.149911
vn -0.022625 0.988441 0.149911
vn -0.022625 0.988441 0.149911
vn -0.086813 0.988988 0.119862
vn -0.086813 0.988988 0.119862
vn -0.086813 0.988988 0.119862
vn -0.110687 0.989546 0.092448
vn -0.110687 0.989546 0.092448
vn -0.110687 0.989546 0.092448
vn -0.047702 0.989103 -0.139284
vn -0.047702 0.989103 -0.139284
vn -0.047702 0.989103 -0.139284
vn -0.123718 0.990674 -0.057079
vn -0.123718 0.990674 -0.057079
vn -0.123718 0.990674 -0.057079
vn -0.135297 0.990610 0.019680
vn -0.135297 0.990610 0.019680
vn -0.135297 0.990610 0.019680
vn -0.134021 0.990790 -0.019340
vn -0.134021 0.990790 -0.019340
vn -0.134021 0.990790 -0.019340
vn -0.104331 0.990260 -0.092196
vn -0.104331 0.990260 -0.092196
vn -0.104331 0.990260 -0.092196
vn -0.078661 0.989679 -0.119781
vn -0.078661 0.989679 -0.119781
vn -0.078661 0.989679 -0.119781
vn 0.056011 0.988581 -0.139895
vn 0.056011 0.988581 -0.139894
vn 0.056011 0.988581 -0.139895
vn -0.012301 0.988640 -0.149800
vn -0.012301 0.988640 -0.149800
vn -0.012301 0.988640 -0.149800
vn 0.022619 0.988439 -0.149923
vn 0.022619 0.988439 -0.149923
vn 0.022619 0.988439 -0.149923
vn 0.086810 0.988990 -0.119845
vn 0.086810 0.988990 -0.119845
vn 0.086810 0.988990 -0.119845
vn 0.110684 0.989544 -0.092476
vn 0.110684 0.989544 -0.092476
vn 0.110684 0.989544 -0.092476
vn 0.876448 0.377572 -0.298796
vn 0.860531 0.414031 -0.296758
vn 0.907993 0.414331 -0.062279
vn 0.923893 0.377904 -0.060078
vn -0.559291 -0.074375 0.825628
vn -0.671086 0.208100 0.711574
vn -0.989285 -0.073141 0.126351
vn -0.863777 -0.492203 0.107822
vn 0.300549 0.376253 0.876415
vn 0.298648 0.413332 0.860213
vn 0.096504 0.410023 0.906955
vn 0.094248 0.368146 0.924979
vn 0.831025 0.377565 0.408462
vn 0.818328 0.414028 0.398647
vn 0.686087 0.414327 0.598011
vn 0.695774 0.377900 0.610811
vn 0.569547 0.775821 0.271511
vn 0.314831 0.937748 0.146663
vn 0.265771 0.937735 0.223649
vn 0.479102 0.775849 0.410510
vn 0.346073 0.937735 -0.029785
vn 0.341736 0.937787 0.061418
vn 0.619883 0.775911 0.117075
vn 0.629053 0.775848 -0.048502
vn 0.132472 0.991052 -0.016330
vn 0.132225 0.991041 0.018828
vn 0.180457 0.983136 0.029638
vn 0.181957 0.983134 -0.018423
vn 0.141690 0.983134 0.115636
vn 0.166976 0.983123 0.074749
vn 0.123101 0.991033 0.051953
vn 0.105218 0.991052 0.082124
vn 0.892955 0.414112 0.176473
vn 0.907767 0.377639 0.182613
vn 0.822567 0.545783 0.159699
vn 0.835688 0.545902 -0.060135
vn 0.633442 0.545903 0.548398
vn 0.754582 0.545683 0.364467
vn 0.068640 0.781312 0.620355
vn 0.211629 0.776292 0.593788
vn 0.119142 0.937860 0.325920
vn 0.038123 0.939538 0.340315
vn 0.198214 0.937787 0.285072
vn 0.355537 0.775913 0.521107
vn 0.080184 0.991041 0.106810
vn 0.106645 0.983136 0.148560
vn 0.020893 0.983437 0.180043
vn 0.065244 0.983133 0.170859
vn 0.050310 0.991033 0.123782
vn 0.017066 0.991144 0.131693
vn 0.506629 0.414113 0.756200
vn 0.512761 0.377643 0.771014
vn 0.468718 0.545783 0.694568
vn 0.091113 0.549948 0.830214
vn 0.277594 0.545972 0.790478
vn -0.278654 0.363911 0.888775
vn -0.272809 0.436411 0.857392
vn -0.316113 0.468156 0.825168
vn -0.330531 0.361413 0.871854
vn -0.205787 0.853092 0.479465
vn -0.200092 0.821570 0.533841
vn -0.116412 0.949360 0.291828
vn -0.121583 0.958461 0.258010
vn -0.040146 0.943491 0.328958
vn -0.068832 0.794826 0.602921
vn -0.015977 0.991505 0.129084
vn -0.022544 0.984355 0.174747
vn -0.074771 0.986897 0.142979
vn -0.063793 0.985369 0.158044
vn -0.046013 0.991884 0.118533
vn -0.059759 0.992233 0.109103
vn -0.095253 0.412221 0.906091
vn -0.100866 0.359671 0.927611
vn -0.087631 0.567002 0.819042
vn -0.276708 0.665293 0.693410
vn -0.256306 0.611480 0.748598
vn -0.515775 0.854527 0.061327
vn -0.366985 0.887509 0.278658
vn -0.243205 0.962203 0.122543
vn -0.340068 0.938705 0.056444
vn -0.156794 0.959965 0.232128
vn -0.256637 0.876871 0.406490
vn -0.060954 0.993419 0.096971
vn -0.083412 0.988447 0.126552
vn -0.199311 0.979125 0.039855
vn -0.139603 0.987927 0.067168
vn -0.071888 0.995569 0.060622
vn -0.086864 0.996022 0.019888
vn -0.395218 0.402943 0.825493
vn -0.410899 0.185794 0.892548
vn -0.335057 0.709094 0.620422
vn -0.769703 0.632016 0.090074
vn -0.514360 0.697126 0.499449
vn -0.249992 0.370193 -0.894685
vn -0.246175 0.414082 -0.876318
vn -0.061547 0.413987 -0.908200
vn -0.059493 0.377115 -0.924254
vn -0.469694 -0.020565 -0.882590
vn -0.494530 0.244168 -0.834160
vn -0.314912 0.345252 -0.884099
vn -0.338931 0.188820 -0.921669
vn -0.172178 0.852004 -0.494414
vn -0.302202 0.874236 -0.379981
vn -0.166934 0.967427 -0.190309
vn -0.094285 0.963944 -0.248841
vn -0.274552 0.960870 -0.036752
vn -0.441183 0.878933 -0.181203
vn -0.071500 0.997283 -0.017755
vn -0.157342 0.987541 0.002529
vn -0.061251 0.989931 -0.127610
vn -0.081415 0.992122 -0.095214
vn -0.052398 0.996308 -0.068005
vn -0.056020 0.993844 -0.095587
vn -0.790819 0.081890 -0.606547
vn -0.645524 -0.255921 -0.719585
vn -0.640783 0.642658 -0.419986
vn -0.251625 0.626927 -0.737324
vn -0.419639 0.667746 -0.614832
vn -0.048181 0.776128 -0.628731
vn -0.180074 0.786658 -0.590545
vn -0.106621 0.940706 -0.322031
vn -0.029742 0.937757 -0.346017
vn -0.117699 0.953948 -0.275917
vn -0.190240 0.824785 -0.532483
vn -0.066029 0.991717 -0.110168
vn -0.077388 0.986084 -0.147139
vn -0.018423 0.983134 -0.181957
vn -0.062291 0.983513 -0.169772
vn -0.049693 0.991088 -0.123595
vn -0.016330 0.991052 -0.132471
vn -0.275874 0.401248 -0.873438
vn -0.290283 0.319118 -0.902164
vn -0.244893 0.593794 -0.766444
vn -0.059394 0.546292 -0.835487
vn -0.229817 0.557271 -0.797893
vn 0.408462 0.377573 -0.831022
vn 0.398647 0.414031 -0.818327
vn 0.598011 0.414329 -0.686086
vn 0.610810 0.377903 -0.695773
vn 0.410510 0.775849 -0.479103
vn 0.271512 0.775820 -0.569548
vn 0.146663 0.937748 -0.314830
vn 0.223650 0.937735 -0.265772
vn 0.061417 0.937787 -0.341735
vn 0.117075 0.775912 -0.619882
vn 0.018827 0.991041 -0.132224
vn 0.029638 0.983136 -0.180457
vn 0.115636 0.983134 -0.141690
vn 0.074749 0.983123 -0.166976
vn 0.051952 0.991033 -0.123101
vn 0.082124 0.991052 -0.105218
vn 0.176473 0.414113 -0.892954
vn 0.182613 0.377643 -0.907766
vn 0.159700 0.545782 -0.822568
vn 0.548399 0.545902 -0.633443
vn 0.364469 0.545680 -0.754583
vn 0.594718 0.775821 -0.210743
vn 0.326325 0.937748 -0.118912
vn 0.285073 0.937787 -0.198215
vn 0.521107 0.775913 -0.355538
vn 0.106809 0.991041 -0.080184
vn 0.148560 0.983136 -0.106645
vn 0.170926 0.983123 -0.065215
vn 0.123783 0.991033 -0.050310
vn 0.756200 0.414112 -0.506629
vn 0.771015 0.377639 -0.512761
vn 0.694567 0.545783 -0.468719
vn 0.791288 0.545682 -0.275852
vn 0.511972 0.858897 0.013446
vn 0.511972 0.858897 0.013446
vn 0.511972 0.858897 0.013446
vn 0.511972 0.858897 0.013446
vn 0.386209 0.914731 0.118787
vn 0.386209 0.914731 0.118787
vn 0.386209 0.914731 0.118787
vn 0.386209 0.914731 0.118787
vn 0.246505 0.956393 0.156675
vn 0.246505 0.956393 0.156675
vn 0.246505 0.956393 0.156675
vn 0.246505 0.956393 0.156675
vn 0.146440 0.975789 0.162454
vn 0.146440 0.975789 0.162454
vn 0.146440 0.975789 0.162454
vn 0.146440 0.975789 0.162454
vn 0.082434 0.983935 0.158355
vn 0.082434 0.983935 0.158355
vn 0.082434 0.983935 0.158355
vn 0.082434 0.983935 0.158355
vn 0.036703 0.987175 0.155365
vn 0.036703 0.987175 0.155365
vn 0.036703 0.987175 0.155365
vn 0.036703 0.987175 0.155365
vn -0.003469 0.987606 0.156917
vn -0.003469 0.987606 0.156917
vn -0.003469 0.987606 0.156917
vn -0.003469 0.987606 0.156917
vn -0.043762 0.985808 0.162075
vn -0.043762 0.985808 0.162075
vn -0.043762 0.985808 0.162075
vn -0.043762 0.985808 0.162075
vn -0.088055 0.982351 0.165024
vn -0.088055 0.982351 0.165023
vn -0.088055 0.982351 0.165024
vn -0.088055 0.982351 0.165024
vn -0.097690 0.984075 0.148504
vn -0.097690 0.984075 0.148504
vn -0.097690 0.984075 0.148504
vn -0.097690 0.984075 0.148504
vn -0.103483 0.987423 0.119529
vn -0.103483 0.987423 0.119529
vn -0.103483 0.987423 0.119529
vn -0.103483 0.987423 0.119529
vn -0.120374 0.990635 0.064434
vn -0.120374 0.990635 0.064434
vn -0.120374 0.990635 0.064434
vn -0.120374 0.990635 0.064434
vn -0.133165 0.990803 -0.024034
vn -0.133165 0.990802 -0.024034
vn -0.133165 0.990803 -0.024034
vn -0.133165 0.990802 -0.024034
vn -0.134679 0.985133 -0.106657
vn -0.134679 0.985133 -0.106657
vn -0.134679 0.985133 -0.106657
vn -0.134679 0.985133 -0.106657
vn -0.151483 0.972784 -0.175341
vn -0.151483 0.972784 -0.175341
vn -0.151483 0.972784 -0.175341
vn -0.151483 0.972784 -0.175341
vn -0.183742 0.952255 -0.243822
vn -0.183742 0.952255 -0.243822
vn -0.183742 0.952255 -0.243822
vn -0.183742 0.952255 -0.243822
vn -0.134600 0.956413 -0.259148
vn -0.134600 0.956413 -0.259148
vn -0.134600 0.956413 -0.259148
vn -0.134600 0.956413 -0.259148
vn -0.055360 0.970576 -0.234343
vn -0.055360 0.970577 -0.234343
vn -0.055360 0.970577 -0.234343
vn -0.055360 0.970577 -0.234343
vn 0.005019 0.974765 -0.223176
vn 0.005019 0.974765 -0.223176
vn 0.005019 0.974765 -0.223175
vn 0.005019 0.974765 -0.223175
vn 0.060937 0.973139 -0.222009
vn 0.060937 0.973139 -0.222009
vn 0.060937 0.973139 -0.222009
vn 0.060937 0.973139 -0.222009
vn 0.129570 0.965022 -0.227915
vn 0.129570 0.965022 -0.227915
vn 0.129570 0.965022 -0.227915
vn 0.129570 0.965022 -0.227915
vn 0.231617 0.944459 -0.233133
vn 0.231617 0.944459 -0.233133
vn 0.231617 0.944459 -0.233133
vn 0.231617 0.944459 -0.233133
vn 0.369975 0.903875 -0.214775
vn 0.369975 0.903875 -0.214775
vn 0.369975 0.903875 -0.214775
vn 0.369975 0.903875 -0.214775
vn 0.501323 0.855178 -0.131708
vn 0.501323 0.855178 -0.131708
vn 0.501323 0.855178 -0.131708
vn 0.501323 0.855178 -0.131708
s 1
g revolvedSurface3
usemtl initialShadingGroup
f 3210/4438/5405 2997/4225/5406 3045/4273/5407 3211/4439/5408
f 3110/4338/5409 2998/4226/5410 3112/4340/5411 3111/4339/5412
f 3058/4286/5413 3000/4228/5414 3060/4288/5415 3059/4287/5416
s 4
f 3032/4260/5417 3003/4231/5418 3034/4262/5419 3033/4261/5420
f 3019/4247/5421 3004/4232/5422 3021/4249/5423 3020/4248/5424
f 3012/4240/5425 3007/4235/5426 3015/4243/5427 3014/4242/5428
f 3010/4238/5429 3006/4234/5430 3008/4236/5431 3011/4239/5432
f 2996/4624/5433 3010/4238/5429 3011/4239/5432 3009/4648/5434
f 3008/4236/5431 3012/4240/5425 3014/4242/5428 3011/4239/5432
f 3014/4242/5428 3013/4647/5435 3009/4648/5434 3011/4239/5432
f 3015/4243/5427 3005/4646/5436 3013/4647/5435 3014/4242/5428
f 3017/4245/5437 3002/4230/5438 3016/4244/5439 3018/4246/5440
f 3006/4234/5430 3017/4245/5437 3018/4246/5440 3008/4236/5431
f 3016/4244/5439 3019/4247/5421 3020/4248/5424 3018/4246/5440
f 3020/4248/5424 3012/4240/5425 3008/4236/5431 3018/4246/5440
f 3021/4249/5423 3007/4235/5426 3012/4240/5425 3020/4248/5424
f 3022/4250/5441 3029/4257/5442 3028/4256/5443 3027/4255/5444
f 3015/4243/5427 3007/4235/5426 3024/4252/5445 3025/4253/5446
f 3023/4645/5447 3005/4646/5436 3015/4243/5427 3025/4253/5446
f 3025/4253/5446 3024/4252/5445 3027/4255/5444 3028/4256/5443
f 3026/4644/5448 3023/4645/5447 3025/4253/5446 3028/4256/5443
f 3029/4257/5442 3001/4643/5449 3026/4644/5448 3028/4256/5443
f 3004/4232/5422 3030/4258/5450 3031/4259/5451 3021/4249/5423
f 3031/4259/5451 3024/4252/5445 3007/4235/5426 3021/4249/5423
f 3030/4258/5450 3032/4260/5417 3033/4261/5420 3031/4259/5451
f 3033/4261/5420 3027/4255/5444 3024/4252/5445 3031/4259/5451
f 3034/4262/5419 3022/4250/5441 3027/4255/5444 3033/4261/5420
s 1
f 3047/4275/5452 3035/4263/5453 3049/4277/5454 3048/4276/5455
s 4
f 3041/4269/5456 3037/4265/5457 3043/4271/5458 3042/4270/5459
f 3039/4267/5460 3036/4264/5461 3038/4266/5462 3040/4268/5463
f 3002/4230/5438 3039/4267/5460 3040/4268/5463 3016/4244/5439
f 3038/4266/5462 3041/4269/5456 3042/4270/5459 3040/4268/5463
f 3042/4270/5459 3019/4247/5421 3016/4244/5439 3040/4268/5463
f 3043/4271/5458 3004/4232/5422 3019/4247/5421 3042/4270/5459
s 1
f 3045/4440/5407 2997/4441/5406 3044/4272/5464 3046/4274/5465
s 4
f 3036/4264/5461 3045/4440/5466 3046/4274/5467 3038/4266/5462
s 1
f 3044/4272/5464 3047/4275/5452 3048/4276/5455 3046/4274/5465
s 4
f 3048/4276/5468 3041/4269/5456 3038/4266/5462 3046/4274/5467
f 3049/4277/5469 3037/4265/5457 3041/4269/5456 3048/4276/5468
f 3050/4278/5470 3055/4283/5471 3054/4282/5472 3053/4281/5473
f 3043/4271/5458 3037/4265/5457 3051/4279/5474 3052/4280/5475
f 3030/4258/5450 3004/4232/5422 3043/4271/5458 3052/4280/5475
f 3052/4280/5475 3051/4279/5474 3053/4281/5473 3054/4282/5472
f 3032/4260/5417 3030/4258/5450 3052/4280/5475 3054/4282/5472
f 3055/4283/5471 3003/4231/5418 3032/4260/5417 3054/4282/5472
s 1
f 3035/4263/5453 3056/4284/5476 3057/4285/5477 3049/4277/5454
s 4
f 3057/4285/5478 3051/4279/5474 3037/4265/5457 3049/4277/5469
s 1
f 3056/4284/5476 3058/4286/5413 3059/4287/5416 3057/4285/5477
s 4
f 3059/4287/5479 3053/4281/5473 3051/4279/5474 3057/4285/5478
f 3060/4288/5480 3050/4278/5470 3053/4281/5473 3059/4287/5479
f 3061/4289/5481 3089/4317/5482 3088/4316/5483 3087/4315/5484
f 3074/4302/5485 3063/4291/5486 3076/4304/5487 3075/4303/5488
f 3070/4298/5489 3069/4297/5490 3064/4292/5491 3071/4299/5492
f 3029/4257/5442 3022/4250/5441 3066/4294/5493 3067/4295/5494
f 3065/4642/5495 3001/4643/5449 3029/4257/5442 3067/4295/5494
f 3067/4295/5494 3066/4294/5493 3069/4297/5490 3070/4298/5489
f 3068/4641/5496 3065/4642/5495 3067/4295/5494 3070/4298/5489
f 3062/4640/5497 3068/4641/5496 3070/4298/5489 3071/4299/5492
f 3034/4262/5419 3003/4231/5418 3072/4300/5498 3073/4301/5499
f 3022/4250/5441 3034/4262/5419 3073/4301/5499 3066/4294/5493
f 3072/4300/5498 3074/4302/5485 3075/4303/5488 3073/4301/5499
f 3075/4303/5488 3069/4297/5490 3066/4294/5493 3073/4301/5499
f 3076/4304/5487 3064/4292/5491 3069/4297/5490 3075/4303/5488
f 3077/4305/5500 3084/4312/5501 3083/4311/5502 3082/4310/5503
f 3071/4299/5492 3064/4292/5491 3079/4307/5504 3080/4308/5505
f 3078/4639/5506 3062/4640/5497 3071/4299/5492 3080/4308/5505
f 3080/4308/5505 3079/4307/5504 3082/4310/5503 3083/4311/5502
f 3081/4638/5507 3078/4639/5506 3080/4308/5505 3083/4311/5502
f 3084/4312/5501 2999/4637/5508 3081/4638/5507 3083/4311/5502
f 3076/4304/5487 3063/4291/5486 3085/4313/5509 3086/4314/5510
f 3079/4307/5504 3064/4292/5491 3076/4304/5487 3086/4314/5510
f 3086/4314/5510 3085/4313/5509 3087/4315/5484 3088/4316/5483
f 3082/4310/5503 3079/4307/5504 3086/4314/5510 3088/4316/5483
f 3089/4317/5482 3077/4305/5500 3082/4310/5503 3088/4316/5483
s 1
f 3099/4327/5511 3090/4318/5512 3101/4329/5513 3100/4328/5514
s 4
f 3091/4319/5515 3096/4324/5516 3095/4323/5517 3094/4322/5518
f 3055/4283/5471 3050/4278/5470 3092/4320/5519 3093/4321/5520
f 3072/4300/5498 3003/4231/5418 3055/4283/5471 3093/4321/5520
f 3093/4321/5520 3092/4320/5519 3094/4322/5518 3095/4323/5517
f 3074/4302/5485 3072/4300/5498 3093/4321/5520 3095/4323/5517
f 3096/4324/5516 3063/4291/5486 3074/4302/5485 3095/4323/5517
s 1
f 3000/4228/5414 3097/4325/5521 3098/4326/5522 3060/4288/5415
s 4
f 3098/4326/5523 3092/4320/5519 3050/4278/5470 3060/4288/5480
s 1
f 3097/4325/5521 3099/4327/5511 3100/4328/5514 3098/4326/5522
s 4
f 3100/4328/5524 3094/4322/5518 3092/4320/5519 3098/4326/5523
f 3101/4329/5525 3091/4319/5515 3094/4322/5518 3100/4328/5524
f 3102/4330/5526 3107/4335/5527 3106/4334/5528 3105/4333/5529
f 3096/4324/5516 3091/4319/5515 3103/4331/5530 3104/4332/5531
f 3085/4313/5509 3063/4291/5486 3096/4324/5516 3104/4332/5531
f 3104/4332/5531 3103/4331/5530 3105/4333/5529 3106/4334/5528
f 3087/4315/5484 3085/4313/5509 3104/4332/5531 3106/4334/5528
f 3107/4335/5527 3061/4289/5481 3087/4315/5484 3106/4334/5528
s 1
f 3090/4318/5512 3108/4336/5532 3109/4337/5533 3101/4329/5513
s 4
f 3109/4337/5534 3103/4331/5530 3091/4319/5515 3101/4329/5525
s 1
f 3108/4336/5532 3110/4338/5409 3111/4339/5412 3109/4337/5533
s 4
f 3111/4339/5535 3105/4333/5529 3103/4331/5530 3109/4337/5534
f 3112/4340/5536 3102/4330/5526 3105/4333/5529 3111/4339/5535
s 1
f 3164/4392/5537 3113/4341/5538 3166/4394/5539 3165/4393/5540
s 4
f 3115/4343/5541 3143/4371/5542 3142/4370/5543 3141/4369/5544
f 3128/4356/5545 3117/4345/5546 3130/4358/5547 3129/4357/5548
f 3124/4352/5549 3123/4351/5550 3118/4346/5551 3125/4353/5552
f 3084/4312/5501 3077/4305/5500 3120/4348/5553 3121/4349/5554
f 3119/4636/5555 2999/4637/5508 3084/4312/5501 3121/4349/5554
f 3121/4349/5554 3120/4348/5553 3123/4351/5550 3124/4352/5549
f 3122/4635/5556 3119/4636/5555 3121/4349/5554 3124/4352/5549
f 3116/4634/5557 3122/4635/5556 3124/4352/5549 3125/4353/5552
f 3089/4317/5482 3061/4289/5481 3126/4354/5558 3127/4355/5559
f 3077/4305/5500 3089/4317/5482 3127/4355/5559 3120/4348/5553
f 3126/4354/5558 3128/4356/5545 3129/4357/5548 3127/4355/5559
f 3129/4357/5548 3123/4351/5550 3120/4348/5553 3127/4355/5559
f 3130/4358/5547 3118/4346/5551 3123/4351/5550 3129/4357/5548
f 3131/4359/5560 3138/4366/5561 3137/4365/5562 3136/4364/5563
f 3125/4353/5552 3118/4346/5551 3133/4361/5564 3134/4362/5565
f 3132/4633/5566 3116/4634/5557 3125/4353/5552 3134/4362/5565
f 3134/4362/5565 3133/4361/5564 3136/4364/5563 3137/4365/5562
f 3135/4632/5567 3132/4633/5566 3134/4362/5565 3137/4365/5562
f 3138/4366/5561 3114/4631/5568 3135/4632/5567 3137/4365/5562
f 3130/4358/5547 3117/4345/5546 3139/4367/5569 3140/4368/5570
f 3133/4361/5564 3118/4346/5551 3130/4358/5547 3140/4368/5570
f 3140/4368/5570 3139/4367/5569 3141/4369/5544 3142/4370/5543
f 3136/4364/5563 3133/4361/5564 3140/4368/5570 3142/4370/5543
f 3143/4371/5542 3131/4359/5560 3136/4364/5563 3142/4370/5543
s 1
f 3153/4381/5571 3144/4372/5572 3155/4383/5573 3154/4382/5574
s 4
f 3145/4373/5575 3150/4378/5576 3149/4377/5577 3148/4376/5578
f 3107/4335/5527 3102/4330/5526 3146/4374/5579 3147/4375/5580
f 3126/4354/5558 3061/4289/5481 3107/4335/5527 3147/4375/5580
f 3147/4375/5580 3146/4374/5579 3148/4376/5578 3149/4377/5577
f 3128/4356/5545 3126/4354/5558 3147/4375/5580 3149/4377/5577
f 3150/4378/5576 3117/4345/5546 3128/4356/5545 3149/4377/5577
s 1
f 2998/4226/5410 3151/4379/5581 3152/4380/5582 3112/4340/5411
s 4
f 3152/4380/5583 3146/4374/5579 3102/4330/5526 3112/4340/5536
s 1
f 3151/4379/5581 3153/4381/5571 3154/4382/5574 3152/4380/5582
s 4
f 3154/4382/5584 3148/4376/5578 3146/4374/5579 3152/4380/5583
f 3155/4383/5585 3145/4373/5575 3148/4376/5578 3154/4382/5584
f 3156/4384/5586 3161/4389/5587 3160/4388/5588 3159/4387/5589
f 3150/4378/5576 3145/4373/5575 3157/4385/5590 3158/4386/5591
f 3139/4367/5569 3117/4345/5546 3150/4378/5576 3158/4386/5591
f 3158/4386/5591 3157/4385/5590 3159/4387/5589 3160/4388/5588
f 3141/4369/5544 3139/4367/5569 3158/4386/5591 3160/4388/5588
f 3161/4389/5587 3115/4343/5541 3141/4369/5544 3160/4388/5588
s 1
f 3144/4372/5572 3162/4390/5592 3163/4391/5593 3155/4383/5573
s 4
f 3163/4391/5594 3157/4385/5590 3145/4373/5575 3155/4383/5585
s 1
f 3162/4390/5592 3164/4392/5537 3165/4393/5540 3163/4391/5593
s 4
f 3165/4393/5595 3159/4387/5589 3157/4385/5590 3163/4391/5594
f 3166/4394/5596 3156/4384/5586 3159/4387/5589 3165/4393/5595
f 3002/4442/5438 3017/4443/5437 3191/4419/5597 3190/4418/5598
f 3179/4407/5599 3168/4396/5600 3181/4409/5601 3180/4408/5602
f 3175/4403/5603 3174/4402/5604 3169/4397/5605 3176/4404/5606
f 3138/4366/5561 3131/4359/5560 3171/4399/5607 3172/4400/5608
f 3170/4630/5609 3114/4631/5568 3138/4366/5561 3172/4400/5608
f 3172/4400/5608 3171/4399/5607 3174/4402/5604 3175/4403/5603
f 3173/4629/5610 3170/4630/5609 3172/4400/5608 3175/4403/5603
f 3167/4628/5611 3173/4629/5610 3175/4403/5603 3176/4404/5606
f 3143/4371/5542 3115/4343/5541 3177/4405/5612 3178/4406/5613
f 3131/4359/5560 3143/4371/5542 3178/4406/5613 3171/4399/5607
f 3177/4405/5612 3179/4407/5599 3180/4408/5602 3178/4406/5613
f 3180/4408/5602 3174/4402/5604 3171/4399/5607 3178/4406/5613
f 3181/4409/5601 3169/4397/5605 3174/4402/5604 3180/4408/5602
f 3006/4444/5430 3010/4445/5429 3187/4415/5614 3186/4414/5615
f 3176/4404/5606 3169/4397/5605 3183/4411/5616 3184/4412/5617
f 3182/4627/5618 3167/4628/5611 3176/4404/5606 3184/4412/5617
f 3184/4412/5617 3183/4411/5616 3186/4414/5615 3187/4415/5614
f 3185/4626/5619 3182/4627/5618 3184/4412/5617 3187/4415/5614
f 3010/4445/5429 2996/4446/5433 3185/4626/5619 3187/4415/5614
f 3181/4409/5601 3168/4396/5600 3188/4416/5620 3189/4417/5621
f 3183/4411/5616 3169/4397/5605 3181/4409/5601 3189/4417/5621
f 3189/4417/5621 3188/4416/5620 3190/4418/5598 3191/4419/5597
f 3186/4414/5615 3183/4411/5616 3189/4417/5621 3191/4419/5597
f 3017/4443/5437 3006/4444/5430 3186/4414/5615 3191/4419/5597
s 1
f 3201/4429/5622 3192/4420/5623 3203/4431/5624 3202/4430/5625
s 4
f 3193/4421/5626 3198/4426/5627 3197/4425/5628 3196/4424/5629
f 3161/4389/5587 3156/4384/5586 3194/4422/5630 3195/4423/5631
f 3177/4405/5612 3115/4343/5541 3161/4389/5587 3195/4423/5631
f 3195/4423/5631 3194/4422/5630 3196/4424/5629 3197/4425/5628
f 3179/4407/5599 3177/4405/5612 3195/4423/5631 3197/4425/5628
f 3198/4426/5627 3168/4396/5600 3179/4407/5599 3197/4425/5628
s 1
f 3113/4341/5538 3199/4427/5632 3200/4428/5633 3166/4394/5539
s 4
f 3200/4428/5634 3194/4422/5630 3156/4384/5586 3166/4394/5596
s 1
f 3199/4427/5632 3201/4429/5622 3202/4430/5625 3200/4428/5633
s 4
f 3202/4430/5635 3196/4424/5629 3194/4422/5630 3200/4428/5634
f 3203/4431/5636 3193/4421/5626 3196/4424/5629 3202/4430/5635
f 3036/4447/5461 3039/4448/5460 3207/4435/5637 3206/4434/5638
f 3198/4426/5627 3193/4421/5626 3204/4432/5639 3205/4433/5640
f 3188/4416/5620 3168/4396/5600 3198/4426/5627 3205/4433/5640
f 3205/4433/5640 3204/4432/5639 3206/4434/5638 3207/4435/5637
f 3190/4418/5598 3188/4416/5620 3205/4433/5640 3207/4435/5637
f 3039/4448/5460 3002/4442/5438 3190/4418/5598 3207/4435/5637
s 1
f 3192/4420/5623 3208/4436/5641 3209/4437/5642 3203/4431/5624
s 4
f 3209/4437/5643 3204/4432/5639 3193/4421/5626 3203/4431/5636
s 1
f 3208/4436/5641 3210/4438/5405 3211/4439/5408 3209/4437/5642
s 4
f 3211/4439/5644 3206/4434/5638 3204/4432/5639 3209/4437/5643
f 3045/4273/5466 3036/4447/5461 3206/4434/5638 3211/4439/5644
s off
f 2997/4649/5645 3210/4650/5646 3212/4651/5647 3213/4652/5648
f 2998/4732/5649 3110/4738/5650 3214/4739/5651 3215/4733/5652
f 3000/4698/5653 3058/4690/5654 3216/4691/5655 3217/4699/5656
f 3035/4674/5657 3047/4665/5658 3218/4666/5659 3219/4675/5660
f 3044/4657/5661 2997/4649/5662 3213/4652/5663 3220/4658/5664
f 3047/4665/5665 3044/4657/5666 3220/4658/5667 3218/4666/5668
f 3056/4682/5669 3035/4674/5670 3219/4675/5671 3221/4683/5672
f 3058/4690/5673 3056/4682/5674 3221/4683/5675 3216/4691/5676
f 3090/4722/5677 3099/4714/5678 3222/4715/5679 3223/4723/5680
f 3097/4706/5681 3000/4698/5682 3217/4699/5683 3224/4707/5684
f 3099/4714/5685 3097/4706/5686 3224/4707/5687 3222/4715/5688
f 3108/4730/5689 3090/4722/5690 3223/4723/5691 3225/4731/5692
f 3110/4738/5693 3108/4730/5694 3225/4731/5695 3214/4739/5696
f 3113/4684/5697 3164/4692/5698 3226/4693/5699 3227/4685/5700
f 3144/4708/5701 3153/4716/5702 3228/4717/5703 3229/4709/5704
f 3151/4724/5705 2998/4732/5706 3215/4733/5707 3230/4725/5708
f 3153/4716/5709 3151/4749/5710 3230/4748/5711 3228/4717/5712
f 3162/4700/5713 3144/4708/5714 3229/4709/5715 3231/4701/5716
f 3164/4692/5717 3162/4700/5718 3231/4701/5719 3226/4693/5720
f 3192/4659/5721 3201/4667/5722 3232/4668/5723 3233/4660/5724
f 3199/4676/5725 3113/4684/5726 3227/4685/5727 3234/4677/5728
f 3201/4667/5729 3199/4676/5730 3234/4677/5731 3232/4668/5732
f 3208/4653/5733 3192/4659/5734 3233/4660/5735 3235/4654/5736
f 3210/4650/5737 3208/4653/5738 3235/4654/5739 3212/4651/5740
f 3213/4652/5741 3212/4651/5742 3236/4655/5743 3237/4656/5744
f 3215/4733/5745 3214/4739/5746 3238/4743/5747 3239/4740/5748
f 3217/4699/5749 3216/4691/5750 3240/4697/5751 3241/4705/5752
f 3219/4675/5753 3218/4666/5754 3242/4673/5755 3243/4681/5756
f 3220/4658/5757 3213/4652/5758 3237/4656/5759 3244/4664/5760
f 3218/4666/5761 3220/4658/5762 3244/4664/5763 3242/4673/5764
f 3221/4683/5765 3219/4675/5766 3243/4681/5767 3245/4689/5768
f 3216/4691/5769 3221/4683/5770 3245/4689/5771 3240/4697/5772
f 3223/4723/5773 3222/4715/5774 3246/4721/5775 3247/4729/5776
f 3224/4707/5777 3217/4699/5778 3241/4705/5779 3248/4713/5780
f 3222/4715/5781 3224/4707/5782 3248/4713/5783 3246/4721/5784
f 3225/4731/5785 3223/4723/5786 3247/4729/5787 3249/4737/5788
f 3214/4739/5789 3225/4731/5790 3249/4737/5791 3238/4743/5792
f 3227/4685/5793 3226/4693/5794 3250/4702/5795 3251/4694/5796
f 3229/4709/5797 3228/4717/5798 3252/4726/5799 3253/4718/5800
f 3230/4725/5801 3215/4733/5802 3239/4740/5803 3254/4734/5804
f 3228/4717/5805 3230/4748/5806 3254/4747/5807 3252/4726/5808
f 3231/4701/5809 3229/4709/5810 3253/4718/5811 3255/4710/5812
f 3226/4693/5813 3231/4701/5814 3255/4710/5815 3250/4702/5816
f 3233/4660/5817 3232/4668/5818 3256/4678/5819 3257/4669/5820
f 3234/4677/5821 3227/4685/5822 3251/4694/5823 3258/4686/5824
f 3232/4668/5825 3234/4677/5826 3258/4686/5827 3256/4678/5828
f 3235/4654/5829 3233/4660/5830 3257/4669/5831 3259/4661/5832
f 3212/4651/5833 3235/4654/5834 3259/4661/5835 3236/4655/5836
f 3237/4656/5837 3236/4655/5838 3260/4662/5839 3261/4663/5840
f 3239/4740/5841 3238/4743/5842 3262/4745/5843 3263/4744/5844
f 3241/4705/5845 3240/4697/5846 3264/4704/5847 3265/4712/5848
f 3243/4681/5849 3242/4673/5850 3266/4680/5851 3267/4688/5852
f 3244/4664/5853 3237/4656/5854 3261/4663/5855 3268/4672/5856
f 3242/4673/5857 3244/4664/5858 3268/4672/5859 3266/4680/5860
f 3245/4689/5861 3243/4681/5862 3267/4688/5863 3269/4696/5864
f 3240/4697/5865 3245/4689/5866 3269/4696/5867 3264/4704/5868
f 3247/4729/5869 3246/4721/5870 3270/4728/5871 3271/4736/5872
f 3248/4713/5873 3241/4705/5874 3265/4712/5875 3272/4720/5876
f 3246/4721/5877 3248/4713/5878 3272/4720/5879 3270/4728/5880
f 3249/4737/5881 3247/4729/5882 3271/4736/5883 3273/4742/5884
f 3238/4743/5885 3249/4737/5886 3273/4742/5887 3262/4745/5888
f 3251/4694/5889 3250/4702/5890 3274/4711/5891 3275/4703/5892
f 3253/4718/5893 3252/4726/5894 3276/4735/5895 3277/4727/5896
f 3254/4734/5897 3239/4740/5898 3263/4744/5899 3278/4741/5900
f 3252/4726/5901 3254/4747/5902 3278/4746/5903 3276/4735/5904
f 3255/4710/5905 3253/4718/5906 3277/4727/5907 3279/4719/5908
f 3250/4702/5909 3255/4710/5910 3279/4719/5911 3274/4711/5912
f 3257/4669/5913 3256/4678/5914 3280/4687/5915 3281/4679/5916
f 3258/4686/5917 3251/4694/5918 3275/4703/5919 3282/4695/5920
f 3256/4678/5921 3258/4686/5922 3282/4695/5923 3280/4687/5924
f 3259/4661/5925 3257/4669/5926 3281/4679/5927 3283/4670/5928
f 3236/4655/5929 3259/4661/5930 3283/4670/5931 3260/4662/5932
f 3261/4663/5933 3260/4662/5934 3284/4671/5935
f 3263/4744/5936 3262/4745/5937 3284/4671/5938
f 3265/4712/5939 3264/4704/5940 3284/4671/5941
f 3267/4688/5942 3266/4680/5943 3284/4671/5944
f 3268/4672/5945 3261/4663/5946 3284/4671/5947
f 3266/4680/5948 3268/4672/5949 3284/4671/5950
f 3269/4696/5951 3267/4688/5952 3284/4671/5953
f 3264/4704/5954 3269/4696/5955 3284/4671/5956
f 3271/4736/5957 3270/4728/5958 3284/4671/5959
f 3272/4720/5960 3265/4712/5961 3284/4671/5962
f 3270/4728/5963 3272/4720/5964 3284/4671/5965
f 3273/4742/5966 3271/4736/5967 3284/4671/5968
f 3262/4745/5969 3273/4742/5970 3284/4671/5971
f 3275/4703/5972 3274/4711/5973 3284/4671/5974
f 3277/4727/5975 3276/4735/5976 3284/4671/5977
f 3278/4741/5978 3263/4744/5979 3284/4671/5980
f 3276/4735/5981 3278/4746/5982 3284/4671/5983
f 3279/4719/5984 3277/4727/5985 3284/4671/5986
f 3274/4711/5987 3279/4719/5988 3284/4671/5989
f 3281/4679/5990 3280/4687/5991 3284/4671/5992
f 3282/4695/5993 3275/4703/5994 3284/4671/5995
f 3280/4687/5996 3282/4695/5997 3284/4671/5998
f 3283/4670/5999 3281/4679/6000 3284/4671/6001
f 3260/4662/6002 3283/4670/6003 3284/4671/6004
s 32
f 3451/4449/6005 3452/4450/6006 3310/4451/6007 3286/4452/6008
f 3373/4453/6009 3374/4454/6010 3375/4455/6011 3287/4456/6012
f 3333/4457/6013 3334/4458/6014 3335/4459/6015 3289/4460/6016
f 3314/4461/6017 3315/4462/6018 3316/4463/6019 3291/4464/6020
f 3304/4465/6021 3305/4466/6022 3306/4467/6023 3294/4468/6024
f 3299/4469/6025 3300/4470/6026 3295/4471/6027 3293/4472/6028
f 3285/4473/6029 3296/4474/6030 3298/4475/6031 3297/4476/6032
f 3297/4476/6032 3298/4475/6031 3300/4470/6026 3299/4469/6025
f 3301/4477/6033 3303/4478/6034 3302/4479/6035 3292/4480/6036
f 3302/4479/6035 3303/4478/6034 3298/4475/6031 3296/4474/6030
f 3295/4471/6027 3300/4470/6026 3305/4466/6022 3304/4465/6021
f 3305/4466/6022 3300/4470/6026 3298/4475/6031 3303/4478/6034
f 3306/4467/6023 3305/4466/6022 3303/4478/6034 3301/4477/6033
f 3310/4481/6007 3311/4482/6037 3307/4483/6038 3286/4484/6008
f 3293/4472/6028 3295/4471/6027 3309/4485/6039 3308/4486/6040
f 3308/4486/6040 3309/4485/6039 3311/4482/6037 3310/4481/6007
f 3312/4487/6041 3313/4488/6042 3304/4465/6021 3294/4468/6024
f 3304/4465/6021 3313/4488/6042 3309/4485/6039 3295/4471/6027
f 3307/4483/6038 3311/4482/6037 3315/4462/6018 3314/4461/6017
f 3315/4462/6018 3311/4482/6037 3309/4485/6039 3313/4488/6042
f 3316/4463/6019 3315/4462/6018 3313/4488/6042 3312/4487/6041
f 3317/4489/6043 3325/4490/6044 3326/4491/6045 3327/4492/6046
f 3306/4467/6023 3321/4493/6047 3319/4494/6048 3294/4468/6024
f 3318/4495/6049 3320/4496/6050 3301/4477/6033 3292/4480/6036
f 3301/4477/6033 3320/4496/6050 3321/4493/6047 3306/4467/6023
f 3322/4497/6051 3324/4498/6052 3323/4499/6053 3290/4500/6054
f 3323/4499/6053 3324/4498/6052 3320/4496/6050 3318/4495/6049
f 3321/4493/6047 3326/4491/6045 3325/4490/6044 3319/4494/6048
f 3324/4498/6052 3326/4491/6045 3321/4493/6047 3320/4496/6050
f 3327/4492/6046 3326/4491/6045 3324/4498/6052 3322/4497/6051
f 3291/4464/6020 3316/4463/6019 3330/4501/6055 3328/4502/6056
f 3329/4503/6057 3312/4487/6041 3294/4468/6024 3319/4494/6048
f 3330/4501/6055 3316/4463/6019 3312/4487/6041 3329/4503/6057
f 3331/4504/6058 3332/4505/6059 3325/4490/6044 3317/4489/6043
f 3325/4490/6044 3332/4505/6059 3329/4503/6057 3319/4494/6048
f 3328/4502/6056 3330/4501/6055 3334/4458/6014 3333/4457/6013
f 3334/4458/6014 3330/4501/6055 3329/4503/6057 3332/4505/6059
f 3335/4459/6015 3334/4458/6014 3332/4505/6059 3331/4504/6058
f 3354/4506/6060 3355/4507/6061 3356/4508/6062 3336/4509/6063
f 3338/4510/6064 3346/4511/6065 3347/4512/6066 3348/4513/6067
f 3327/4492/6046 3342/4514/6068 3340/4515/6069 3317/4489/6043
f 3339/4516/6070 3341/4517/6071 3322/4497/6051 3290/4500/6054
f 3322/4497/6051 3341/4517/6071 3342/4514/6068 3327/4492/6046
f 3343/4518/6072 3345/4519/6073 3344/4520/6074 3337/4521/6075
f 3344/4520/6074 3345/4519/6073 3341/4517/6071 3339/4516/6070
f 3342/4514/6068 3347/4512/6066 3346/4511/6065 3340/4515/6069
f 3345/4519/6073 3347/4512/6066 3342/4514/6068 3341/4517/6071
f 3348/4513/6067 3347/4512/6066 3345/4519/6073 3343/4518/6072
f 3289/4460/6016 3335/4459/6015 3351/4522/6076 3349/4523/6077
f 3350/4524/6078 3331/4504/6058 3317/4489/6043 3340/4515/6069
f 3351/4522/6076 3335/4459/6015 3331/4504/6058 3350/4524/6078
f 3352/4525/6079 3353/4526/6080 3346/4511/6065 3338/4510/6064
f 3346/4511/6065 3353/4526/6080 3350/4524/6078 3340/4515/6069
f 3349/4523/6077 3351/4522/6076 3355/4507/6061 3354/4506/6060
f 3355/4507/6061 3351/4522/6076 3350/4524/6078 3353/4526/6080
f 3356/4508/6062 3355/4507/6061 3353/4526/6080 3352/4525/6079
f 3357/4527/6081 3365/4528/6082 3366/4529/6083 3367/4530/6084
f 3348/4513/6067 3361/4531/6085 3359/4532/6086 3338/4510/6064
f 3358/4533/6087 3360/4534/6088 3343/4518/6072 3337/4521/6075
f 3343/4518/6072 3360/4534/6088 3361/4531/6085 3348/4513/6067
f 3362/4535/6089 3364/4536/6090 3363/4537/6091 3288/4538/6092
f 3363/4537/6091 3364/4536/6090 3360/4534/6088 3358/4533/6087
f 3361/4531/6085 3366/4529/6083 3365/4528/6082 3359/4532/6086
f 3364/4536/6090 3366/4529/6083 3361/4531/6085 3360/4534/6088
f 3367/4530/6084 3366/4529/6083 3364/4536/6090 3362/4535/6089
f 3336/4509/6063 3356/4508/6062 3370/4539/6093 3368/4540/6094
f 3369/4541/6095 3352/4525/6079 3338/4510/6064 3359/4532/6086
f 3370/4539/6093 3356/4508/6062 3352/4525/6079 3369/4541/6095
f 3371/4542/6096 3372/4543/6097 3365/4528/6082 3357/4527/6081
f 3365/4528/6082 3372/4543/6097 3369/4541/6095 3359/4532/6086
f 3368/4540/6094 3370/4539/6093 3374/4454/6010 3373/4453/6009
f 3374/4454/6010 3370/4539/6093 3369/4541/6095 3372/4543/6097
f 3375/4455/6011 3374/4454/6010 3372/4543/6097 3371/4542/6096
f 3415/4544/6098 3416/4545/6099 3417/4546/6100 3376/4547/6101
f 3396/4548/6102 3397/4549/6103 3398/4550/6104 3378/4551/6105
f 3380/4552/6106 3388/4553/6107 3389/4554/6108 3390/4555/6109
f 3367/4530/6084 3384/4556/6110 3382/4557/6111 3357/4527/6081
f 3381/4558/6112 3383/4559/6113 3362/4535/6089 3288/4538/6092
f 3362/4535/6089 3383/4559/6113 3384/4556/6110 3367/4530/6084
f 3385/4560/6114 3387/4561/6115 3386/4562/6116 3379/4563/6117
f 3386/4562/6116 3387/4561/6115 3383/4559/6113 3381/4558/6112
f 3384/4556/6110 3389/4554/6108 3388/4553/6107 3382/4557/6111
f 3387/4561/6115 3389/4554/6108 3384/4556/6110 3383/4559/6113
f 3390/4555/6109 3389/4554/6108 3387/4561/6115 3385/4560/6114
f 3287/4456/6012 3375/4455/6011 3393/4564/6118 3391/4565/6119
f 3392/4566/6120 3371/4542/6096 3357/4527/6081 3382/4557/6111
f 3393/4564/6118 3375/4455/6011 3371/4542/6096 3392/4566/6120
f 3394/4567/6121 3395/4568/6122 3388/4553/6107 3380/4552/6106
f 3388/4553/6107 3395/4568/6122 3392/4566/6120 3382/4557/6111
f 3391/4565/6119 3393/4564/6118 3397/4549/6103 3396/4548/6102
f 3397/4549/6103 3393/4564/6118 3392/4566/6120 3395/4568/6122
f 3398/4550/6104 3397/4549/6103 3395/4568/6122 3394/4567/6121
f 3399/4569/6123 3407/4570/6124 3408/4571/6125 3409/4572/6126
f 3390/4555/6109 3403/4573/6127 3401/4574/6128 3380/4552/6106
f 3400/4575/6129 3402/4576/6130 3385/4560/6114 3379/4563/6117
f 3385/4560/6114 3402/4576/6130 3403/4573/6127 3390/4555/6109
f 3404/4577/6131 3406/4578/6132 3405/4579/6133 3377/4580/6134
f 3405/4579/6133 3406/4578/6132 3402/4576/6130 3400/4575/6129
f 3403/4573/6127 3408/4571/6125 3407/4570/6124 3401/4574/6128
f 3406/4578/6132 3408/4571/6125 3403/4573/6127 3402/4576/6130
f 3409/4572/6126 3408/4571/6125 3406/4578/6132 3404/4577/6131
f 3378/4551/6105 3398/4550/6104 3412/4581/6135 3410/4582/6136
f 3411/4583/6137 3394/4567/6121 3380/4552/6106 3401/4574/6128
f 3412/4581/6135 3398/4550/6104 3394/4567/6121 3411/4583/6137
f 3413/4584/6138 3414/4585/6139 3407/4570/6124 3399/4569/6123
f 3407/4570/6124 3414/4585/6139 3411/4583/6137 3401/4574/6128
f 3410/4582/6136 3412/4581/6135 3416/4545/6099 3415/4544/6098
f 3416/4545/6099 3412/4581/6135 3411/4583/6137 3414/4585/6139
f 3417/4546/6100 3416/4545/6099 3414/4585/6139 3413/4584/6138
f 3436/4586/6140 3437/4587/6141 3438/4588/6142 3418/4589/6143
f 3420/4590/6144 3428/4591/6145 3429/4592/6146 3430/4593/6147
f 3409/4572/6126 3424/4594/6148 3422/4595/6149 3399/4569/6123
f 3421/4596/6150 3423/4597/6151 3404/4577/6131 3377/4580/6134
f 3404/4577/6131 3423/4597/6151 3424/4594/6148 3409/4572/6126
f 3425/4598/6152 3427/4599/6153 3426/4600/6154 3419/4601/6155
f 3426/4600/6154 3427/4599/6153 3423/4597/6151 3421/4596/6150
f 3424/4594/6148 3429/4592/6146 3428/4591/6145 3422/4595/6149
f 3427/4599/6153 3429/4592/6146 3424/4594/6148 3423/4597/6151
f 3430/4593/6147 3429/4592/6146 3427/4599/6153 3425/4598/6152
f 3376/4547/6101 3417/4546/6100 3433/4602/6156 3431/4603/6157
f 3432/4604/6158 3413/4584/6138 3399/4569/6123 3422/4595/6149
f 3433/4602/6156 3417/4546/6100 3413/4584/6138 3432/4604/6158
f 3434/4605/6159 3435/4606/6160 3428/4591/6145 3420/4590/6144
f 3428/4591/6145 3435/4606/6160 3432/4604/6158 3422/4595/6149
f 3431/4603/6157 3433/4602/6156 3437/4587/6141 3436/4586/6140
f 3437/4587/6141 3433/4602/6156 3432/4604/6158 3435/4606/6160
f 3438/4588/6142 3437/4587/6141 3435/4606/6160 3434/4605/6159
f 3293/4607/6028 3445/4608/6161 3446/4609/6162 3299/4610/6025
f 3430/4593/6147 3442/4611/6163 3440/4612/6164 3420/4590/6144
f 3439/4613/6165 3441/4614/6166 3425/4598/6152 3419/4601/6155
f 3425/4598/6152 3441/4614/6166 3442/4611/6163 3430/4593/6147
f 3297/4615/6032 3444/4616/6167 3443/4617/6168 3285/4618/6029
f 3443/4617/6168 3444/4616/6167 3441/4614/6166 3439/4613/6165
f 3442/4611/6163 3446/4609/6162 3445/4608/6161 3440/4612/6164
f 3444/4616/6167 3446/4609/6162 3442/4611/6163 3441/4614/6166
f 3299/4610/6025 3446/4609/6162 3444/4616/6167 3297/4615/6032
f 3418/4589/6143 3438/4588/6142 3449/4619/6169 3447/4620/6170
f 3448/4621/6171 3434/4605/6159 3420/4590/6144 3440/4612/6164
f 3449/4619/6169 3438/4588/6142 3434/4605/6159 3448/4621/6171
f 3308/4622/6040 3450/4623/6172 3445/4608/6161 3293/4607/6028
f 3445/4608/6161 3450/4623/6172 3448/4621/6171 3440/4612/6164
f 3447/4620/6170 3449/4619/6169 3452/4450/6006 3451/4449/6005
f 3452/4450/6006 3449/4619/6169 3448/4621/6171 3450/4623/6172
f 3310/4451/6007 3452/4450/6006 3450/4623/6172 3308/4622/6040
s off
f 2996/4224/6173 3009/4237/6174 3296/4474/6175 3285/4473/6176
f 3009/4237/6177 3013/4241/6178 3302/4479/6179 3296/4474/6180
f 3013/4241/6181 3005/4233/6182 3292/4480/6183 3302/4479/6184
f 3005/4233/6185 3023/4251/6186 3318/4495/6187 3292/4480/6188
f 3023/4251/6189 3026/4254/6190 3323/4499/6191 3318/4495/6192
f 3026/4254/6193 3001/4229/6194 3290/4500/6195 3323/4499/6196
f 3001/4229/6197 3065/4293/6198 3339/4516/6199 3290/4500/6200
f 3065/4293/6201 3068/4296/6202 3344/4520/6203 3339/4516/6204
f 3068/4296/6205 3062/4290/6206 3337/4521/6207 3344/4520/6208
f 3062/4290/6209 3078/4306/6210 3358/4533/6211 3337/4521/6212
f 3078/4306/6213 3081/4309/6214 3363/4537/6215 3358/4533/6216
f 3081/4309/6217 2999/4227/6218 3288/4538/6219 3363/4537/6220
f 2999/4227/6221 3119/4347/6222 3381/4558/6223 3288/4538/6224
f 3119/4347/6225 3122/4350/6226 3386/4562/6227 3381/4558/6228
f 3122/4350/6229 3116/4344/6230 3379/4563/6231 3386/4562/6232
f 3116/4344/6233 3132/4360/6234 3400/4575/6235 3379/4563/6236
f 3132/4360/6237 3135/4363/6238 3405/4579/6239 3400/4575/6240
f 3135/4363/6241 3114/4342/6242 3377/4580/6243 3405/4579/6244
f 3114/4342/6245 3170/4398/6246 3421/4596/6247 3377/4580/6248
f 3170/4398/6249 3173/4401/6250 3426/4600/6251 3421/4596/6252
f 3173/4401/6253 3167/4395/6254 3419/4601/6255 3426/4600/6256
f 3167/4395/6257 3182/4410/6258 3439/4613/6259 3419/4601/6260
f 3182/4410/6261 3185/4413/6262 3443/4617/6263 3439/4613/6264
f 3185/4413/6265 2996/4625/6266 3285/4618/6267 3443/4617/6268
g default
v 4.896071 0.453014 -2.781494
v 4.896071 0.567620 -1.971821
v 4.896071 0.453014 0.368626
v 4.896071 0.567620 -0.441048
v 3.321011 0.453014 -1.206434
v 4.130684 0.567620 -1.206434
v 3.782336 0.453014 -2.320170
v 4.354861 0.567620 -1.747645
v 3.973178 0.491216 -2.129328
v 4.896071 0.491216 -2.511603
v 4.489122 0.453014 -2.726539
v 4.558855 0.491216 -2.466064
v 4.108952 0.453014 -2.569067
v 4.243827 0.491216 -2.335576
v 4.698318 0.567620 -1.945116
v 4.896071 0.529418 -2.241712
v 4.628586 0.529418 -2.205590
v 4.164020 0.529418 -1.938486
v 4.378702 0.529418 -2.102085
v 4.513577 0.567620 -1.868594
v 3.590903 0.491216 -1.206434
v 3.533439 0.453014 -1.993554
v 3.766930 0.491216 -1.858679
v 3.375967 0.453014 -1.613383
v 3.636441 0.491216 -1.543651
v 4.233912 0.567620 -1.588928
v 4.000421 0.529418 -1.723804
v 3.860794 0.529418 -1.206434
v 3.896915 0.529418 -1.473919
v 4.157390 0.567620 -1.404188
v 3.782336 0.453014 -0.092699
v 4.354861 0.567620 -0.665224
v 3.973178 0.491216 -0.283541
v 3.375967 0.453014 -0.799486
v 3.636441 0.491216 -0.869217
v 3.533439 0.453014 -0.419314
v 3.766930 0.491216 -0.554190
v 4.157390 0.567620 -1.008681
v 3.896915 0.529418 -0.938949
v 4.164020 0.529418 -0.474382
v 4.000421 0.529418 -0.689065
v 4.233912 0.567620 -0.823940
v 4.896071 0.491216 0.098735
v 4.108952 0.453014 0.156198
v 4.243827 0.491216 -0.077293
v 4.489122 0.453014 0.313670
v 4.558855 0.491216 0.053196
v 4.513577 0.567620 -0.544275
v 4.378702 0.529418 -0.310784
v 4.896071 0.529418 -0.171156
v 4.628586 0.529418 -0.207278
v 4.698318 0.567620 -0.467753
v 6.471131 0.453014 -1.206434
v 5.661458 0.567620 -1.206434
v 6.009807 0.453014 -0.092699
v 5.437282 0.567620 -0.665224
v 5.818965 0.491216 -0.283541
v 5.303020 0.453014 0.313670
v 5.233288 0.491216 0.053196
v 5.683191 0.453014 0.156198
v 5.548316 0.491216 -0.077293
v 5.093825 0.567620 -0.467753
v 5.163557 0.529418 -0.207278
v 5.628123 0.529418 -0.474382
v 5.413441 0.529418 -0.310784
v 5.278565 0.567620 -0.544275
v 6.201241 0.491216 -1.206434
v 6.258704 0.453014 -0.419314
v 6.025213 0.491216 -0.554190
v 6.416176 0.453014 -0.799486
v 6.155702 0.491216 -0.869217
v 5.558231 0.567620 -0.823940
v 5.791722 0.529418 -0.689065
v 5.931349 0.529418 -1.206434
v 5.895227 0.529418 -0.938949
v 5.634753 0.567620 -1.008681
v 6.009807 0.453014 -2.320170
v 5.437282 0.567620 -1.747645
v 5.818965 0.491216 -2.129328
v 6.416176 0.453014 -1.613383
v 6.155702 0.491216 -1.543651
v 6.258704 0.453014 -1.993554
v 6.025213 0.491216 -1.858679
v 5.634753 0.567620 -1.404188
v 5.895227 0.529418 -1.473919
v 5.628123 0.529418 -1.938486
v 5.791722 0.529418 -1.723804
v 5.558231 0.567620 -1.588928
v 5.683191 0.453014 -2.569067
v 5.548316 0.491216 -2.335576
v 5.303020 0.453014 -2.726539
v 5.233288 0.491216 -2.466064
v 5.278565 0.567620 -1.868594
v 5.413441 0.529418 -2.102085
v 5.163557 0.529418 -2.205590
v 5.093825 0.567620 -1.945116
v 4.896071 0.218379 -5.148746
v 4.896071 -0.136975 -4.896812
v 4.896071 0.218379 2.735878
v 4.896071 -0.136975 2.483943
v 0.953759 0.218379 -1.206434
v 1.205694 -0.136975 -1.206434
v 2.108436 0.218379 -3.994070
v 2.286580 -0.136975 -3.815926
v 2.167817 0.099927 -3.934689
v 4.896071 0.099927 -5.064768
v 3.877495 0.218379 -5.011195
v 3.899192 0.099927 -4.930147
v 2.925942 0.218379 -4.617049
v 2.967909 0.099927 -4.544397
v 3.942587 -0.136975 -4.768051
v 4.896071 -0.018524 -4.980790
v 3.920890 -0.018524 -4.849099
v 2.227199 -0.018524 -3.875307
v 3.009876 -0.018524 -4.471745
v 3.051843 -0.136975 -4.399093
v 1.037737 0.099927 -1.206434
v 1.485457 0.218379 -3.176564
v 1.558109 0.099927 -3.134597
v 1.091311 0.218379 -2.225011
v 1.172359 0.099927 -2.203314
v 1.703413 -0.136975 -3.050663
v 1.630761 -0.018524 -3.092630
v 1.121715 -0.018524 -1.206434
v 1.253407 -0.018524 -2.181616
v 1.334455 -0.136975 -2.159919
v 2.108436 0.218379 1.581201
v 2.286580 -0.136975 1.403057
v 2.167817 0.099927 1.521820
v 1.091311 0.218379 -0.187858
v 1.172359 0.099927 -0.209555
v 1.485457 0.218379 0.763695
v 1.558109 0.099927 0.721728
v 1.334455 -0.136975 -0.252950
v 1.253407 -0.018524 -0.231253
v 2.227199 -0.018524 1.462438
v 1.630761 -0.018524 0.679761
v 1.703413 -0.136975 0.637794
v 4.896071 0.099927 2.651900
v 2.925942 0.218379 2.204180
v 2.967909 0.099927 2.131528
v 3.877495 0.218379 2.598326
v 3.899192 0.099927 2.517278
v 3.051843 -0.136975 1.986224
v 3.009876 -0.018524 2.058876
v 4.896071 -0.018524 2.567922
v 3.920890 -0.018524 2.436230
v 3.942587 -0.136975 2.355182
v 8.838384 0.218379 -1.206434
v 8.586450 -0.136975 -1.206434
v 7.683707 0.218379 1.581201
v 7.505563 -0.136975 1.403057
v 7.624326 0.099927 1.521820
v 5.914648 0.218379 2.598326
v 5.892951 0.099927 2.517278
v 6.866201 0.218379 2.204180
v 6.824234 0.099927 2.131528
v 5.849555 -0.136975 2.355182
v 5.871253 -0.018524 2.436230
v 7.564944 -0.018524 1.462438
v 6.782267 -0.018524 2.058876
v 6.740300 -0.136975 1.986224
v 8.754405 0.099927 -1.206434
v 8.306686 0.218379 0.763695
v 8.234034 0.099927 0.721728
v 8.700832 0.218379 -0.187858
v 8.619784 0.099927 -0.209555
v 8.088730 -0.136975 0.637794
v 8.161382 -0.018524 0.679761
v 8.670427 -0.018524 -1.206434
v 8.538736 -0.018524 -0.231253
v 8.457688 -0.136975 -0.252950
v 7.683707 0.218379 -3.994070
v 7.505563 -0.136975 -3.815926
v 7.624326 0.099927 -3.934689
v 8.700832 0.218379 -2.225011
v 8.619784 0.099927 -2.203314
v 8.306686 0.218379 -3.176564
v 8.234034 0.099927 -3.134597
v 8.457688 -0.136975 -2.159919
v 8.538736 -0.018524 -2.181616
v 7.564944 -0.018524 -3.875307
v 8.161382 -0.018524 -3.092630
v 8.088730 -0.136975 -3.050663
v 6.866201 0.218379 -4.617049
v 6.824234 0.099927 -4.544397
v 5.914648 0.218379 -5.011195
v 5.892951 0.099927 -4.930147
v 6.740300 -0.136975 -4.399093
v 6.782267 -0.018524 -4.471745
v 5.871253 -0.018524 -4.849099
v 5.849555 -0.136975 -4.768051
v 4.896071 0.228256 -3.632999
v 4.896071 0.228256 1.220131
v 2.469506 0.228256 -1.206434
v 3.180231 0.228256 -2.922275
v 3.380933 0.303175 -2.721573
v 4.896071 0.303175 -3.349164
v 4.269119 0.228256 -3.548334
v 4.342453 0.303175 -3.274402
v 3.683421 0.228256 -3.305730
v 3.825264 0.303175 -3.060175
v 4.896071 0.378095 -3.065329
v 4.415788 0.378095 -3.000471
v 3.581634 0.378095 -2.520872
v 3.967108 0.378095 -2.814621
v 2.753341 0.303175 -1.206434
v 2.796776 0.228256 -2.419085
v 3.042330 0.303175 -2.277241
v 2.554172 0.228256 -1.833387
v 2.828104 0.303175 -1.760052
v 3.287884 0.378095 -2.135398
v 3.037176 0.378095 -1.206434
v 3.102035 0.378095 -1.686718
v 3.180231 0.228256 0.509406
v 3.380933 0.303175 0.308705
v 2.554172 0.228256 -0.579482
v 2.828104 0.303175 -0.652816
v 2.796776 0.228256 0.006216
v 3.042330 0.303175 -0.135627
v 3.102035 0.378095 -0.726151
v 3.581634 0.378095 0.108003
v 3.287884 0.378095 -0.277471
v 4.896071 0.303175 0.936296
v 3.683421 0.228256 0.892861
v 3.825264 0.303175 0.647307
v 4.269119 0.228256 1.135465
v 4.342453 0.303175 0.861534
v 3.967108 0.378095 0.401753
v 4.896071 0.378095 0.652461
v 4.415788 0.378095 0.587602
v 7.322637 0.228256 -1.206434
v 6.611912 0.228256 0.509406
v 6.411211 0.303175 0.308705
v 5.523024 0.228256 1.135465
v 5.449689 0.303175 0.861534
v 6.108722 0.228256 0.892861
v 5.966878 0.303175 0.647307
v 5.376355 0.378095 0.587602
v 6.210509 0.378095 0.108003
v 5.825035 0.378095 0.401753
v 7.038802 0.303175 -1.206434
v 6.995367 0.228256 0.006216
v 6.749813 0.303175 -0.135627
v 7.237971 0.228256 -0.579482
v 6.964039 0.303175 -0.652816
v 6.504258 0.378095 -0.277471
v 6.754966 0.378095 -1.206434
v 6.690108 0.378095 -0.726151
v 6.611912 0.228256 -2.922275
v 6.411211 0.303175 -2.721573
v 7.237971 0.228256 -1.833387
v 6.964039 0.303175 -1.760052
v 6.995367 0.228256 -2.419085
v 6.749813 0.303175 -2.277241
v 6.690108 0.378095 -1.686718
v 6.210509 0.378095 -2.520872
v 6.504258 0.378095 -2.135398
v 6.108722 0.228256 -3.305730
v 5.966878 0.303175 -3.060175
v 5.523024 0.228256 -3.548334
v 5.449689 0.303175 -3.274402
v 5.825035 0.378095 -2.814621
v 5.376355 0.378095 -3.000471
v 4.896071 -0.147794 -2.825885
v 4.896071 -0.147794 0.413017
v 3.276620 -0.147794 -1.206434
v 3.750947 -0.147794 -2.351559
v 2.774702 -0.140581 -3.327803
v 4.896071 -0.140581 -4.206503
v 4.120943 -0.140581 -4.101828
v 3.396818 -0.140581 -3.801885
v 4.477654 -0.147794 -2.769381
v 4.896071 -0.144187 -3.516194
v 4.299298 -0.144187 -3.435604
v 3.262825 -0.144187 -2.839681
v 3.741793 -0.144187 -3.204678
v 4.086768 -0.147794 -2.607471
v 1.896003 -0.140581 -1.206434
v 2.300620 -0.140581 -2.705688
v 2.000678 -0.140581 -1.981563
v 3.495035 -0.147794 -2.015738
v 2.897828 -0.144187 -2.360713
v 2.586312 -0.144187 -1.206434
v 2.666901 -0.144187 -1.803208
v 3.333125 -0.147794 -1.624852
v 3.750947 -0.147794 -0.061310
v 2.774702 -0.140581 0.914935
v 2.000678 -0.140581 -0.431305
v 2.300620 -0.140581 0.292819
v 3.333125 -0.147794 -0.788016
v 2.666901 -0.144187 -0.609661
v 3.262825 -0.144187 0.426813
v 2.897828 -0.144187 -0.052156
v 3.495035 -0.147794 -0.397130
v 4.896071 -0.140581 1.793635
v 3.396818 -0.140581 1.389017
v 4.120943 -0.140581 1.688959
v 4.086768 -0.147794 0.194602
v 3.741793 -0.144187 0.791809
v 4.896071 -0.144187 1.103326
v 4.299298 -0.144187 1.022736
v 4.477654 -0.147794 0.356512
v 6.515522 -0.147794 -1.206434
v 6.041196 -0.147794 -0.061310
v 7.017440 -0.140581 0.914935
v 5.671200 -0.140581 1.688959
v 6.395325 -0.140581 1.389017
v 5.314489 -0.147794 0.356512
v 5.492845 -0.144187 1.022736
v 6.529318 -0.144187 0.426813
v 6.050350 -0.144187 0.791809
v 5.705375 -0.147794 0.194602
v 7.896140 -0.140581 -1.206434
v 7.491522 -0.140581 0.292819
v 7.791465 -0.140581 -0.431305
v 6.297108 -0.147794 -0.397130
v 6.894315 -0.144187 -0.052156
v 7.205831 -0.144187 -1.206434
v 7.125241 -0.144187 -0.609661
v 6.459018 -0.147794 -0.788016
v 6.041196 -0.147794 -2.351559
v 7.017440 -0.140581 -3.327803
v 7.791465 -0.140581 -1.981563
v 7.491522 -0.140581 -2.705688
v 6.459018 -0.147794 -1.624852
v 7.125241 -0.144187 -1.803208
v 6.529318 -0.144187 -2.839681
v 6.894315 -0.144187 -2.360713
v 6.297108 -0.147794 -2.015738
v 6.395325 -0.140581 -3.801885
v 5.671200 -0.140581 -4.101828
v 5.705375 -0.147794 -2.607471
v 6.050350 -0.144187 -3.204678
v 5.492845 -0.144187 -3.435604
v 5.314489 -0.147794 -2.769381
v 2.465701 0.221671 -3.636805
v 4.896071 0.221671 -4.643497
v 4.008036 0.221671 -4.523575
v 3.178435 0.221671 -4.179943
v 4.896071 0.224964 -4.138248
v 4.138577 0.224964 -4.035954
v 2.822966 0.224964 -3.279540
v 3.430928 0.224964 -3.742836
v 1.459008 0.221671 -1.206434
v 1.922563 0.221671 -2.924071
v 1.578931 0.221671 -2.094470
v 2.359669 0.224964 -2.671578
v 1.964257 0.224964 -1.206434
v 2.066551 0.224964 -1.963928
v 2.465701 0.221671 1.223936
v 1.578931 0.221671 -0.318399
v 1.922563 0.221671 0.511202
v 2.066551 0.224964 -0.448940
v 2.822966 0.224964 0.866671
v 2.359669 0.224964 0.258709
v 4.896071 0.221671 2.230629
v 3.178435 0.221671 1.767074
v 4.008036 0.221671 2.110706
v 3.430928 0.224964 1.329967
v 4.896071 0.224964 1.725380
v 4.138577 0.224964 1.623086
v 7.326442 0.221671 1.223936
v 5.784107 0.221671 2.110706
v 6.613708 0.221671 1.767074
v 5.653565 0.224964 1.623086
v 6.969177 0.224964 0.866671
v 6.361215 0.224964 1.329967
v 8.333135 0.221671 -1.206434
v 7.869580 0.221671 0.511202
v 8.213212 0.221671 -0.318399
v 7.432473 0.224964 0.258709
v 7.827886 0.224964 -1.206434
v 7.725592 0.224964 -0.448940
v 7.326442 0.221671 -3.636805
v 8.213212 0.221671 -2.094470
v 7.869580 0.221671 -2.924071
v 7.725592 0.224964 -1.963928
v 6.969177 0.224964 -3.279540
v 7.432473 0.224964 -2.671578
v 6.613708 0.221671 -4.179943
v 5.784107 0.221671 -4.523575
v 6.361215 0.224964 -3.742836
v 5.653565 0.224964 -4.035954
v 4.896071 -0.277618 -2.384088
v 4.896071 -0.612997 -1.700682
v 4.896071 -0.277618 -0.028781
v 4.896071 -0.612997 -0.712187
v 3.718418 -0.277618 -1.206434
v 4.401824 -0.612997 -1.206434
v 4.063345 -0.277618 -2.039161
v 4.546586 -0.612997 -1.555920
v 4.224425 -0.389411 -1.878080
v 4.896071 -0.389411 -2.156286
v 4.591801 -0.277618 -2.342998
v 4.650658 -0.389411 -2.123144
v 4.307551 -0.277618 -2.225258
v 4.421393 -0.389411 -2.028180
v 4.768373 -0.612997 -1.683437
v 4.896071 -0.501204 -1.928484
v 4.709515 -0.501204 -1.903291
v 4.385506 -0.501204 -1.717000
v 4.535235 -0.501204 -1.831101
v 4.649076 -0.612997 -1.634023
v 3.946220 -0.389411 -1.206434
v 3.877248 -0.277618 -1.794954
v 4.074326 -0.389411 -1.681113
v 3.759508 -0.277618 -1.510705
v 3.979362 -0.389411 -1.451848
v 4.468483 -0.612997 -1.453429
v 4.271405 -0.501204 -1.567271
v 4.174022 -0.501204 -1.206434
v 4.199215 -0.501204 -1.392990
v 4.419069 -0.612997 -1.334133
v 4.063345 -0.277618 -0.373708
v 4.546586 -0.612997 -0.856949
v 4.224425 -0.389411 -0.534788
v 3.759508 -0.277618 -0.902164
v 3.979362 -0.389411 -0.961021
v 3.877248 -0.277618 -0.617914
v 4.074326 -0.389411 -0.731756
v 4.419069 -0.612997 -1.078735
v 4.199215 -0.501204 -1.019878
v 4.385506 -0.501204 -0.695868
v 4.271405 -0.501204 -0.845598
v 4.468483 -0.612997 -0.959439
v 4.896071 -0.389411 -0.256583
v 4.307551 -0.277618 -0.187611
v 4.421393 -0.389411 -0.384689
v 4.591801 -0.277618 -0.069871
v 4.650658 -0.389411 -0.289724
v 4.649076 -0.612997 -0.778846
v 4.535235 -0.501204 -0.581767
v 4.896071 -0.501204 -0.484385
v 4.709515 -0.501204 -0.509578
v 4.768373 -0.612997 -0.729432
v 6.073725 -0.277618 -1.206434
v 5.390319 -0.612997 -1.206434
v 5.728798 -0.277618 -0.373708
v 5.245557 -0.612997 -0.856949
v 5.567718 -0.389411 -0.534788
v 5.200342 -0.277618 -0.069871
v 5.141485 -0.389411 -0.289724
v 5.484591 -0.277618 -0.187611
v 5.370749 -0.389411 -0.384689
v 5.023770 -0.612997 -0.729432
v 5.082627 -0.501204 -0.509578
v 5.406637 -0.501204 -0.695868
v 5.256908 -0.501204 -0.581767
v 5.143066 -0.612997 -0.778846
v 5.845922 -0.389411 -1.206434
v 5.914895 -0.277618 -0.617914
v 5.717817 -0.389411 -0.731756
v 6.032635 -0.277618 -0.902164
v 5.812781 -0.389411 -0.961021
v 5.323660 -0.612997 -0.959439
v 5.520738 -0.501204 -0.845598
v 5.618121 -0.501204 -1.206434
v 5.592927 -0.501204 -1.019878
v 5.373074 -0.612997 -1.078735
v 5.728798 -0.277618 -2.039161
v 5.245557 -0.612997 -1.555920
v 5.567718 -0.389411 -1.878080
v 6.032635 -0.277618 -1.510705
v 5.812781 -0.389411 -1.451848
v 5.914895 -0.277618 -1.794954
v 5.717817 -0.389411 -1.681113
v 5.373074 -0.612997 -1.334133
v 5.592927 -0.501204 -1.392990
v 5.406637 -0.501204 -1.717000
v 5.520738 -0.501204 -1.567271
v 5.323660 -0.612997 -1.453429
v 5.484591 -0.277618 -2.225258
v 5.370749 -0.389411 -2.028180
v 5.200342 -0.277618 -2.342998
v 5.141485 -0.389411 -2.123144
v 5.143066 -0.612997 -1.634023
v 5.256908 -0.501204 -1.831101
v 5.082627 -0.501204 -1.903291
v 5.023770 -0.612997 -1.683437
v 3.855079 -0.191068 -2.247426
v 4.896071 -0.191068 -2.678619
v 4.515702 -0.191068 -2.627253
v 4.160362 -0.191068 -2.480067
v 4.896071 -0.234343 -2.531353
v 4.553751 -0.234343 -2.485126
v 3.959212 -0.234343 -2.143294
v 4.233957 -0.234343 -2.352662
v 3.423886 -0.191068 -1.206434
v 3.622439 -0.191068 -1.942144
v 3.475252 -0.191068 -1.586803
v 3.749843 -0.234343 -1.868549
v 3.571152 -0.234343 -1.206434
v 3.617380 -0.234343 -1.548754
v 3.855079 -0.191068 -0.165442
v 3.475252 -0.191068 -0.826065
v 3.622439 -0.191068 -0.470725
v 3.617380 -0.234343 -0.864115
v 3.959212 -0.234343 -0.269575
v 3.749843 -0.234343 -0.544320
v 4.896071 -0.191068 0.265751
v 4.160362 -0.191068 0.067198
v 4.515702 -0.191068 0.214385
v 4.233957 -0.234343 -0.060206
v 4.896071 -0.234343 0.118485
v 4.553751 -0.234343 0.072257
v 5.937063 -0.191068 -0.165442
v 5.276440 -0.191068 0.214385
v 5.631781 -0.191068 0.067198
v 5.238391 -0.234343 0.072257
v 5.832931 -0.234343 -0.269575
v 5.558186 -0.234343 -0.060206
v 6.368257 -0.191068 -1.206434
v 6.169703 -0.191068 -0.470725
v 6.316890 -0.191068 -0.826065
v 6.042299 -0.234343 -0.544320
v 6.220991 -0.234343 -1.206434
v 6.174763 -0.234343 -0.864115
v 5.937063 -0.191068 -2.247426
v 6.316890 -0.191068 -1.586803
v 6.169703 -0.191068 -1.942144
v 6.174763 -0.234343 -1.548754
v 5.832931 -0.234343 -2.143294
v 6.042299 -0.234343 -1.868549
v 5.631781 -0.191068 -2.480067
v 5.276440 -0.191068 -2.627253
v 5.558186 -0.234343 -2.352662
v 5.238391 -0.234343 -2.485126
v 4.883788 -0.643350 -1.633507
v 4.994131 -0.643350 -1.618606
v 4.883788 -0.643350 -0.779361
v 4.773445 -0.643350 -0.794262
v 4.456715 -0.643350 -1.206434
v 4.471615 -0.643350 -1.316777
v 4.581801 -0.643350 -1.508421
v 4.670362 -0.643350 -1.575908
v 4.773445 -0.643350 -1.618606
v 4.514314 -0.643350 -1.419860
v 4.581801 -0.643350 -0.904448
v 4.514314 -0.643350 -0.993009
v 4.471615 -0.643350 -1.096091
v 4.670362 -0.643350 -0.836960
v 5.310861 -0.643350 -1.206434
v 5.295960 -0.643350 -1.096091
v 5.185774 -0.643350 -0.904448
v 5.097213 -0.643350 -0.836960
v 4.994131 -0.643350 -0.794262
v 5.253262 -0.643350 -0.993009
v 5.185774 -0.643350 -1.508421
v 5.253262 -0.643350 -1.419860
v 5.295960 -0.643350 -1.316777
v 5.097213 -0.643350 -1.575908
v 4.883788 -0.721325 -1.633507
v 4.994131 -0.721325 -1.618606
v 4.883788 -0.721325 -0.779361
v 4.773445 -0.721325 -0.794262
v 4.456715 -0.721325 -1.206434
v 4.471615 -0.721325 -1.316777
v 4.581801 -0.721325 -1.508421
v 4.670362 -0.721325 -1.575908
v 4.773445 -0.721325 -1.618606
v 4.514314 -0.721325 -1.419860
v 4.581801 -0.721325 -0.904448
v 4.514314 -0.721325 -0.993009
v 4.471615 -0.721325 -1.096091
v 4.670362 -0.721325 -0.836960
v 5.310861 -0.721325 -1.206434
v 5.295960 -0.721325 -1.096091
v 5.185774 -0.721325 -0.904448
v 5.097213 -0.721325 -0.836960
v 4.994131 -0.721325 -0.794262
v 5.253262 -0.721325 -0.993009
v 5.185774 -0.721325 -1.508421
v 5.253262 -0.721325 -1.419860
v 5.295960 -0.721325 -1.316777
v 5.097213 -0.721325 -1.575908
v 4.883788 -0.721325 -1.548108
v 4.972066 -0.721325 -1.536186
v 4.883788 -0.721325 -0.864761
v 4.795509 -0.721325 -0.876682
v 4.542114 -0.721325 -1.206434
v 4.554036 -0.721325 -1.294713
v 4.642188 -0.721325 -1.448034
v 4.713040 -0.721325 -1.502026
v 4.795509 -0.721325 -1.536186
v 4.588196 -0.721325 -1.377182
v 4.642188 -0.721325 -0.964835
v 4.588196 -0.721325 -1.035686
v 4.554036 -0.721325 -1.118156
v 4.713040 -0.721325 -0.910842
v 5.225461 -0.721325 -1.206434
v 5.213540 -0.721325 -1.118156
v 5.125387 -0.721325 -0.964835
v 5.054536 -0.721325 -0.910842
v 4.972066 -0.721325 -0.876682
v 5.179380 -0.721325 -1.035686
v 5.125387 -0.721325 -1.448034
v 5.179380 -0.721325 -1.377182
v 5.213540 -0.721325 -1.294713
v 5.054536 -0.721325 -1.502026
v 4.883788 -0.745692 -1.473444
v 4.952775 -0.745692 -1.464128
v 4.883788 -0.745692 -0.939425
v 4.814800 -0.745692 -0.948741
v 4.616778 -0.745692 -1.206434
v 4.626094 -0.745692 -1.275422
v 4.694983 -0.745692 -1.395239
v 4.750352 -0.745692 -1.437432
v 4.814800 -0.745692 -1.464128
v 4.652790 -0.745692 -1.339870
v 4.694983 -0.745692 -1.017630
v 4.652790 -0.745692 -1.072999
v 4.626094 -0.745692 -1.137447
v 4.750352 -0.745692 -0.975436
v 5.150798 -0.745692 -1.206434
v 5.141481 -0.745692 -1.137447
v 5.072592 -0.745692 -1.017630
v 5.017223 -0.745692 -0.975436
v 4.952775 -0.745692 -0.948741
v 5.114786 -0.745692 -1.072999
v 5.072592 -0.745692 -1.395239
v 5.114786 -0.745692 -1.339870
v 5.141481 -0.745692 -1.275422
v 5.017223 -0.745692 -1.437432
v 4.883788 -0.786304 -1.411416
v 4.936749 -0.786304 -1.404263
v 4.883788 -0.786304 -1.001453
v 4.830827 -0.786304 -1.008605
v 4.678806 -0.786304 -1.206434
v 4.685958 -0.786304 -1.259395
v 4.738844 -0.786304 -1.351378
v 4.781351 -0.786304 -1.383770
v 4.830827 -0.786304 -1.404263
v 4.706452 -0.786304 -1.308872
v 4.738844 -0.786304 -1.061491
v 4.706452 -0.786304 -1.103997
v 4.685958 -0.786304 -1.153473
v 4.781351 -0.786304 -1.029099
v 5.088769 -0.786304 -1.206434
v 5.081617 -0.786304 -1.153473
v 5.028731 -0.786304 -1.061491
v 4.986225 -0.786304 -1.029099
v 4.936749 -0.786304 -1.008605
v 5.061123 -0.786304 -1.103997
v 5.028731 -0.786304 -1.351378
v 5.061123 -0.786304 -1.308872
v 5.081617 -0.786304 -1.259395
v 4.986225 -0.786304 -1.383770
v 4.883788 -0.818793 -1.366617
v 4.925174 -0.818793 -1.361028
v 4.883788 -0.818793 -1.046251
v 4.842402 -0.818793 -1.051840
v 4.723605 -0.818793 -1.206434
v 4.729194 -0.818793 -1.247821
v 4.770521 -0.818793 -1.319701
v 4.803738 -0.818793 -1.345014
v 4.842402 -0.818793 -1.361028
v 4.745209 -0.818793 -1.286484
v 4.770521 -0.818793 -1.093168
v 4.745209 -0.818793 -1.126384
v 4.729194 -0.818793 -1.165048
v 4.803738 -0.818793 -1.067855
v 5.043971 -0.818793 -1.206434
v 5.038382 -0.818793 -1.165048
v 4.997054 -0.818793 -1.093168
v 4.963838 -0.818793 -1.067855
v 4.925174 -0.818793 -1.051840
v 5.022367 -0.818793 -1.126384
v 4.997054 -0.818793 -1.319701
v 5.022367 -0.818793 -1.286484
v 5.038382 -0.818793 -1.247821
v 4.963838 -0.818793 -1.345014
v 4.883788 -0.831789 -1.333306
v 4.916568 -0.831789 -1.328879
v 4.883788 -0.831789 -1.079563
v 4.851008 -0.831789 -1.083989
v 4.756916 -0.831789 -1.206434
v 4.761343 -0.831789 -1.239214
v 4.794076 -0.831789 -1.296146
v 4.820385 -0.831789 -1.316195
v 4.851008 -0.831789 -1.328879
v 4.774027 -0.831789 -1.269837
v 4.794076 -0.831789 -1.116723
v 4.774027 -0.831789 -1.143031
v 4.761343 -0.831789 -1.173654
v 4.820385 -0.831789 -1.096674
v 5.010660 -0.831789 -1.206434
v 5.006233 -0.831789 -1.173654
v 4.973499 -0.831789 -1.116723
v 4.947191 -0.831789 -1.096674
v 4.916568 -0.831789 -1.083989
v 4.993548 -0.831789 -1.143031
v 4.973499 -0.831789 -1.296146
v 4.993548 -0.831789 -1.269837
v 5.006233 -0.831789 -1.239214
v 4.947191 -0.831789 -1.316195
v 4.883788 -0.844785 -1.286210
v 4.904400 -0.844785 -1.283427
v 4.883788 -0.844785 -1.126658
v 4.863176 -0.844785 -1.129442
v 4.804012 -0.844785 -1.206434
v 4.806795 -0.844785 -1.227046
v 4.827378 -0.844785 -1.262844
v 4.843921 -0.844785 -1.275451
v 4.863176 -0.844785 -1.283427
v 4.814771 -0.844785 -1.246302
v 4.827378 -0.844785 -1.150024
v 4.814771 -0.844785 -1.166567
v 4.806795 -0.844785 -1.185822
v 4.843921 -0.844785 -1.137418
v 4.963564 -0.844785 -1.206434
v 4.960781 -0.844785 -1.185822
v 4.940198 -0.844785 -1.150024
v 4.923655 -0.844785 -1.137418
v 4.904400 -0.844785 -1.129442
v 4.952805 -0.844785 -1.166567
v 4.940198 -0.844785 -1.262844
v 4.952805 -0.844785 -1.246302
v 4.960781 -0.844785 -1.227046
v 4.923655 -0.844785 -1.275451
v 4.883788 -0.849338 -1.240211
v 4.892515 -0.849338 -1.239032
v 4.883788 -0.849338 -1.172658
v 4.875061 -0.849338 -1.173836
v 4.850011 -0.849338 -1.206434
v 4.851190 -0.849338 -1.215161
v 4.859904 -0.849338 -1.230318
v 4.866909 -0.849338 -1.235655
v 4.875061 -0.849338 -1.239032
v 4.854567 -0.849338 -1.223314
v 4.859904 -0.849338 -1.182551
v 4.854567 -0.849338 -1.189555
v 4.851190 -0.849338 -1.197707
v 4.866909 -0.849338 -1.177213
v 4.917564 -0.849338 -1.206434
v 4.916386 -0.849338 -1.197707
v 4.907671 -0.849338 -1.182551
v 4.900667 -0.849338 -1.177213
v 4.892515 -0.849338 -1.173836
v 4.913009 -0.849338 -1.189555
v 4.907671 -0.849338 -1.230318
v 4.913009 -0.849338 -1.223314
v 4.916386 -0.849338 -1.215161
v 4.900667 -0.849338 -1.235655
v 4.883788 -0.856565 -1.243765
v 4.893433 -0.856565 -1.242462
v 4.883788 -0.856565 -1.169104
v 4.874143 -0.856565 -1.170406
v 4.846457 -0.856565 -1.206434
v 4.847760 -0.856565 -1.216079
v 4.857391 -0.856565 -1.232831
v 4.865132 -0.856565 -1.238730
v 4.874143 -0.856565 -1.242462
v 4.851492 -0.856565 -1.225090
v 4.857391 -0.856565 -1.180038
v 4.851492 -0.856565 -1.187779
v 4.847760 -0.856565 -1.196789
v 4.865132 -0.856565 -1.174139
v 4.921119 -0.856565 -1.206434
v 4.919816 -0.856565 -1.196789
v 4.910185 -0.856565 -1.180038
v 4.902443 -0.856565 -1.174139
v 4.893433 -0.856565 -1.170406
v 4.916083 -0.856565 -1.187779
v 4.910185 -0.856565 -1.232831
v 4.916083 -0.856565 -1.225090
v 4.919816 -0.856565 -1.216079
v 4.902443 -0.856565 -1.238730
v 4.883788 -0.864732 -1.243765
v 4.893433 -0.864732 -1.242462
v 4.883788 -0.864732 -1.169104
v 4.874143 -0.864732 -1.170406
v 4.846457 -0.864732 -1.206434
v 4.847760 -0.864732 -1.216079
v 4.857391 -0.864732 -1.232831
v 4.865132 -0.864732 -1.238730
v 4.874143 -0.864732 -1.242462
v 4.851492 -0.864732 -1.225090
v 4.857391 -0.864732 -1.180038
v 4.851492 -0.864732 -1.187779
v 4.847760 -0.864732 -1.196789
v 4.865132 -0.864732 -1.174139
v 4.921119 -0.864732 -1.206434
v 4.919816 -0.864732 -1.196789
v 4.910185 -0.864732 -1.180038
v 4.902443 -0.864732 -1.174139
v 4.893433 -0.864732 -1.170406
v 4.916083 -0.864732 -1.187779
v 4.910185 -0.864732 -1.232831
v 4.916083 -0.864732 -1.225090
v 4.919816 -0.864732 -1.216079
v 4.902443 -0.864732 -1.238730
v 4.883788 -0.872908 -1.240555
v 4.892604 -0.872908 -1.239365
v 4.883788 -0.872908 -1.172313
v 4.874972 -0.872908 -1.173504
v 4.849667 -0.872908 -1.206434
v 4.850858 -0.872908 -1.215250
v 4.859660 -0.872908 -1.230562
v 4.866736 -0.872908 -1.235953
v 4.874972 -0.872908 -1.239365
v 4.854269 -0.872908 -1.223486
v 4.859660 -0.872908 -1.182307
v 4.854269 -0.872908 -1.189383
v 4.850858 -0.872908 -1.197618
v 4.866736 -0.872908 -1.176915
v 4.917909 -0.872908 -1.206434
v 4.916718 -0.872908 -1.197618
v 4.907916 -0.872908 -1.182307
v 4.900839 -0.872908 -1.176915
v 4.892604 -0.872908 -1.173504
v 4.913307 -0.872908 -1.189383
v 4.907916 -0.872908 -1.230562
v 4.913307 -0.872908 -1.223486
v 4.916718 -0.872908 -1.215250
v 4.900839 -0.872908 -1.235953
v 4.883788 -0.880320 -1.231873
v 4.890361 -0.880320 -1.230986
v 4.883788 -0.880320 -1.180995
v 4.877215 -0.880320 -1.181883
v 4.858348 -0.880320 -1.206434
v 4.859237 -0.880320 -1.213007
v 4.865799 -0.880320 -1.224423
v 4.871075 -0.880320 -1.228443
v 4.877215 -0.880320 -1.230986
v 4.861780 -0.880320 -1.219147
v 4.865799 -0.880320 -1.188446
v 4.861780 -0.880320 -1.193721
v 4.859237 -0.880320 -1.199862
v 4.871075 -0.880320 -1.184426
v 4.909227 -0.880320 -1.206434
v 4.908339 -0.880320 -1.199862
v 4.901776 -0.880320 -1.188446
v 4.896501 -0.880320 -1.184426
v 4.890361 -0.880320 -1.181883
v 4.905796 -0.880320 -1.193721
v 4.901776 -0.880320 -1.224423
v 4.905796 -0.880320 -1.219147
v 4.908339 -0.880320 -1.213007
v 4.896501 -0.880320 -1.228443
v 4.883788 -0.885481 -1.221274
v 4.887622 -0.885481 -1.220757
v 4.883788 -0.885481 -1.191594
v 4.879953 -0.885481 -1.192112
v 4.868948 -0.885481 -1.206434
v 4.869466 -0.885481 -1.210268
v 4.873294 -0.885481 -1.216928
v 4.876372 -0.885481 -1.219273
v 4.879953 -0.885481 -1.220757
v 4.870949 -0.885481 -1.213851
v 4.873294 -0.885481 -1.195941
v 4.870949 -0.885481 -1.199018
v 4.869466 -0.885481 -1.202600
v 4.876372 -0.885481 -1.193596
v 4.898628 -0.885481 -1.206434
v 4.898110 -0.885481 -1.202600
v 4.894281 -0.885481 -1.195941
v 4.891204 -0.885481 -1.193596
v 4.887622 -0.885481 -1.192112
v 4.896626 -0.885481 -1.199018
v 4.894281 -0.885481 -1.216928
v 4.896626 -0.885481 -1.213851
v 4.898110 -0.885481 -1.210268
v 4.891204 -0.885481 -1.219273
v 4.883789 -0.887060 -1.206434
vt 0.674623 0.207350
vt 0.680193 0.207257
vt 0.680258 0.211158
vt 0.674688 0.211251
vt 0.685775 0.207164
vt 0.685840 0.211065
vt 0.669053 0.207443
vt 0.669118 0.211344
vt 0.691345 0.207071
vt 0.691410 0.210972
vt 0.663472 0.207536
vt 0.663537 0.211437
vt 0.696915 0.206978
vt 0.696980 0.210879
vt 0.657902 0.207629
vt 0.657967 0.211529
vt 0.652332 0.207722
vt 0.652397 0.211623
vt 0.607737 0.208465
vt 0.613307 0.208373
vt 0.613372 0.212273
vt 0.607802 0.212366
vt 0.618888 0.208280
vt 0.618954 0.212180
vt 0.602167 0.208558
vt 0.602232 0.212459
vt 0.624458 0.208186
vt 0.624524 0.212087
vt 0.596585 0.208651
vt 0.596650 0.212552
vt 0.630029 0.208094
vt 0.630094 0.211995
vt 0.591015 0.208744
vt 0.591080 0.212645
vt 0.585445 0.208837
vt 0.585510 0.212738
vt 0.120311 0.059205
vt 0.120717 0.059259
vt 0.125332 0.062309
vt 0.124790 0.062626
vt 0.124622 0.062293
vt 0.125082 0.061986
vt 0.121726 0.062521
vt 0.121234 0.062102
vt 0.121488 0.061831
vt 0.121937 0.062172
vt 0.120495 0.061064
vt 0.120337 0.060447
vt 0.120700 0.060364
vt 0.120867 0.060897
vt 0.120265 0.059825
vt 0.120654 0.059807
vt 0.120812 0.061622
vt 0.121127 0.061395
vt 0.123578 0.062988
vt 0.122937 0.062935
vt 0.122987 0.062568
vt 0.123549 0.062581
vt 0.122313 0.062792
vt 0.122439 0.062426
vt 0.124207 0.062867
vt 0.124100 0.062493
vt 0.126654 0.059216
vt 0.126608 0.059733
vt 0.126225 0.059655
vt 0.126242 0.059150
vt 0.126385 0.060839
vt 0.126111 0.061366
vt 0.125792 0.061165
vt 0.126009 0.060676
vt 0.125770 0.061868
vt 0.125478 0.061609
vt 0.126535 0.060280
vt 0.126154 0.060170
vt 0.121057 0.057602
vt 0.121412 0.057197
vt 0.121750 0.057423
vt 0.121412 0.057817
vt 0.126687 0.058749
vt 0.126266 0.058656
vt 0.120747 0.058084
vt 0.121108 0.058249
vt 0.121104 0.059307
vt 0.124448 0.061942
vt 0.124847 0.061677
vt 0.121751 0.061543
vt 0.122134 0.061841
vt 0.121081 0.060271
vt 0.121218 0.060736
vt 0.121042 0.059786
vt 0.121439 0.061168
vt 0.123039 0.062181
vt 0.123522 0.062196
vt 0.122567 0.062062
vt 0.123999 0.062120
vt 0.125825 0.059580
vt 0.125825 0.059103
vt 0.125461 0.060950
vt 0.125651 0.060516
vt 0.125191 0.061345
vt 0.125774 0.060054
vt 0.122094 0.057678
vt 0.121758 0.058031
vt 0.125798 0.058605
vt 0.121470 0.058414
vt 0.121514 0.059363
vt 0.124265 0.061566
vt 0.124601 0.061346
vt 0.122034 0.061237
vt 0.122346 0.061491
vt 0.121487 0.060174
vt 0.121592 0.060566
vt 0.121464 0.059767
vt 0.121781 0.060922
vt 0.123097 0.061768
vt 0.123498 0.061786
vt 0.122708 0.061665
vt 0.123891 0.061712
vt 0.682080 0.426002
vt 0.668517 0.426002
vt 0.667175 0.416064
vt 0.680265 0.412560
vt 0.667175 0.435940
vt 0.680265 0.439444
vt 0.663329 0.406780
vt 0.675063 0.400002
vt 0.695643 0.426002
vt 0.693354 0.409055
vt 0.693354 0.442948
vt 0.663329 0.445224
vt 0.675063 0.452002
vt 0.657251 0.398804
vt 0.666842 0.389213
vt 0.686797 0.393224
vt 0.706444 0.405551
vt 0.709206 0.426002
vt 0.706444 0.446453
vt 0.686797 0.458780
vt 0.666842 0.462790
vt 0.657251 0.453200
vt 0.649275 0.392726
vt 0.656053 0.380992
vt 0.676432 0.379622
vt 0.698531 0.386446
vt 0.723470 0.426002
vt 0.720210 0.401866
vt 0.720210 0.450138
vt 0.698531 0.465558
vt 0.676432 0.472381
vt 0.649275 0.459278
vt 0.656053 0.471012
vt 0.639991 0.388880
vt 0.643495 0.375790
vt 0.662831 0.369258
vt 0.686023 0.370032
vt 0.710871 0.379318
vt 0.737734 0.426002
vt 0.733977 0.398181
vt 0.733977 0.453823
vt 0.710871 0.472686
vt 0.686023 0.481972
vt 0.662831 0.482746
vt 0.639991 0.463123
vt 0.643495 0.476213
vt 0.630053 0.387538
vt 0.630053 0.373975
vt 0.646999 0.362700
vt 0.669609 0.357524
vt 0.696109 0.359946
vt 0.723211 0.372189
vt 0.747743 0.394495
vt 0.751998 0.426002
vt 0.747743 0.457509
vt 0.723211 0.479814
vt 0.696109 0.492058
vt 0.669609 0.494480
vt 0.646999 0.489303
vt 0.630053 0.478029
vt 0.630053 0.464466
vt 0.620115 0.388880
vt 0.616611 0.375790
vt 0.630053 0.360412
vt 0.650504 0.349610
vt 0.676737 0.345184
vt 0.706195 0.349860
vt 0.735551 0.365061
vt 0.777389 0.426002
vt 0.772248 0.387935
vt 0.772248 0.464069
vt 0.735551 0.486943
vt 0.706195 0.502144
vt 0.676737 0.506820
vt 0.650504 0.502393
vt 0.630053 0.491592
vt 0.620115 0.463123
vt 0.616611 0.476213
vt 0.610831 0.392726
vt 0.604053 0.380992
vt 0.613107 0.362700
vt 0.630053 0.346849
vt 0.654189 0.335844
vt 0.683865 0.332844
vt 0.716281 0.339774
vt 0.757518 0.352372
vt 0.802779 0.426002
vt 0.796753 0.381374
vt 0.796753 0.470629
vt 0.757518 0.499632
vt 0.716281 0.512230
vt 0.683865 0.519160
vt 0.654189 0.516159
vt 0.630053 0.505155
vt 0.613107 0.489303
vt 0.610831 0.459278
vt 0.604053 0.471012
vt 0.602855 0.398804
vt 0.593264 0.389213
vt 0.597275 0.369258
vt 0.609602 0.349610
vt 0.630053 0.332585
vt 0.657874 0.322078
vt 0.690994 0.320504
vt 0.734235 0.321820
vt 0.779484 0.339684
vt 0.821258 0.374814
vt 0.828170 0.426002
vt 0.821258 0.477190
vt 0.779484 0.512320
vt 0.734235 0.530184
vt 0.690994 0.531500
vt 0.657874 0.529925
vt 0.630053 0.519419
vt 0.609602 0.502393
vt 0.597275 0.482746
vt 0.593264 0.462790
vt 0.602855 0.453200
vt 0.596777 0.406780
vt 0.585043 0.400002
vt 0.583674 0.379622
vt 0.590497 0.357524
vt 0.605917 0.335844
vt 0.630053 0.318321
vt 0.661560 0.308312
vt 0.703682 0.298537
vt 0.752189 0.303866
vt 0.801450 0.326995
vt 0.801450 0.525008
vt 0.752189 0.548138
vt 0.703682 0.553466
vt 0.661560 0.543692
vt 0.630053 0.533683
vt 0.605917 0.516159
vt 0.590497 0.494480
vt 0.583674 0.472381
vt 0.596777 0.445224
vt 0.585043 0.452002
vt 0.592931 0.416064
vt 0.579841 0.412560
vt 0.573309 0.393224
vt 0.574083 0.370032
vt 0.583369 0.345184
vt 0.602231 0.322078
vt 0.630053 0.304057
vt 0.668120 0.283807
vt 0.716371 0.276571
vt 0.770143 0.285912
vt 0.770143 0.566092
vt 0.716371 0.575433
vt 0.668120 0.568197
vt 0.630053 0.547947
vt 0.602231 0.529925
vt 0.583369 0.506820
vt 0.574083 0.481972
vt 0.573309 0.458780
vt 0.592931 0.435940
vt 0.579841 0.439444
vt 0.591589 0.426002
vt 0.578026 0.426002
vt 0.566751 0.409055
vt 0.561575 0.386446
vt 0.563997 0.359946
vt 0.576241 0.332844
vt 0.598546 0.308312
vt 0.630053 0.278667
vt 0.674680 0.259302
vt 0.729060 0.254605
vt 0.729060 0.597399
vt 0.674680 0.592702
vt 0.630053 0.573338
vt 0.598546 0.543692
vt 0.576241 0.519160
vt 0.563997 0.492058
vt 0.561575 0.465558
vt 0.566751 0.442948
vt 0.564463 0.426002
vt 0.553661 0.405551
vt 0.549235 0.379318
vt 0.553911 0.349860
vt 0.569112 0.320504
vt 0.591986 0.283807
vt 0.630053 0.253275
vt 0.681241 0.234797
vt 0.681241 0.617207
vt 0.630053 0.598728
vt 0.591986 0.568197
vt 0.569112 0.531500
vt 0.553911 0.502144
vt 0.549235 0.472686
vt 0.553661 0.446453
vt 0.550900 0.426002
vt 0.539895 0.401866
vt 0.536895 0.372189
vt 0.543825 0.339774
vt 0.556423 0.298537
vt 0.585426 0.259302
vt 0.630053 0.227885
vt 0.630053 0.624119
vt 0.585426 0.592702
vt 0.556423 0.553466
vt 0.543825 0.512230
vt 0.536895 0.479814
vt 0.539895 0.450138
vt 0.536636 0.426002
vt 0.526129 0.398181
vt 0.524555 0.365061
vt 0.525871 0.321820
vt 0.543735 0.276571
vt 0.578865 0.234797
vt 0.578865 0.617207
vt 0.543735 0.575433
vt 0.525871 0.530184
vt 0.524555 0.486943
vt 0.526129 0.453823
vt 0.522372 0.426002
vt 0.512363 0.394495
vt 0.502589 0.352372
vt 0.507917 0.303866
vt 0.531046 0.254605
vt 0.531046 0.597399
vt 0.507917 0.548138
vt 0.502589 0.499632
vt 0.512363 0.457509
vt 0.508108 0.426002
vt 0.487858 0.387935
vt 0.480622 0.339684
vt 0.489963 0.285912
vt 0.489963 0.566092
vt 0.480622 0.512320
vt 0.487858 0.464069
vt 0.482717 0.426002
vt 0.463353 0.381374
vt 0.458656 0.326995
vt 0.458656 0.525008
vt 0.463353 0.470629
vt 0.457327 0.426002
vt 0.438848 0.374814
vt 0.438848 0.477190
vt 0.431936 0.426002
vt 0.272340 0.772191
vt 0.272340 0.737653
vt 0.293274 0.734826
vt 0.302198 0.768159
vt 0.251406 0.734826
vt 0.242482 0.768159
vt 0.312831 0.726726
vt 0.330091 0.756606
vt 0.272340 0.806729
vt 0.311122 0.801492
vt 0.233559 0.801492
vt 0.231849 0.726726
vt 0.214589 0.756606
vt 0.329633 0.713922
vt 0.354055 0.738344
vt 0.347351 0.786485
vt 0.320045 0.834824
vt 0.272340 0.841267
vt 0.224635 0.834824
vt 0.197329 0.786485
vt 0.190625 0.738344
vt 0.215047 0.713922
vt 0.342437 0.697120
vt 0.372316 0.714380
vt 0.378477 0.762766
vt 0.364611 0.816365
vt 0.180069 0.816365
vt 0.166203 0.762766
vt 0.202243 0.697120
vt 0.172363 0.714380
vt 0.350538 0.677563
vt 0.383870 0.686487
vt 0.402197 0.731639
vt 0.402898 0.787187
vt 0.141781 0.787187
vt 0.142484 0.731639
vt 0.194142 0.677563
vt 0.160809 0.686487
vt 0.353365 0.656629
vt 0.387903 0.656629
vt 0.417203 0.695410
vt 0.432076 0.748900
vt 0.112604 0.748900
vt 0.127477 0.695410
vt 0.156778 0.656629
vt 0.191316 0.656629
vt 0.350538 0.635694
vt 0.383870 0.626771
vt 0.422440 0.656629
vt 0.450536 0.704334
vt 0.094144 0.704334
vt 0.122240 0.656629
vt 0.194142 0.635694
vt 0.160809 0.626771
vt 0.342437 0.616137
vt 0.372316 0.598877
vt 0.417203 0.617847
vt 0.456978 0.656629
vt 0.087702 0.656629
vt 0.127477 0.617847
vt 0.202243 0.616137
vt 0.172363 0.598877
vt 0.329633 0.599335
vt 0.354055 0.574914
vt 0.402197 0.581618
vt 0.450536 0.608924
vt 0.094144 0.608924
vt 0.142484 0.581618
vt 0.190625 0.574914
vt 0.215047 0.599335
vt 0.312831 0.586532
vt 0.330091 0.556652
vt 0.378477 0.550492
vt 0.432076 0.564358
vt 0.112604 0.564358
vt 0.166203 0.550492
vt 0.231849 0.586532
vt 0.214589 0.556652
vt 0.293274 0.578431
vt 0.302198 0.545098
vt 0.347351 0.526772
vt 0.402898 0.526070
vt 0.141781 0.526070
vt 0.197329 0.526772
vt 0.251406 0.578431
vt 0.242482 0.545098
vt 0.272340 0.575603
vt 0.272340 0.541066
vt 0.311122 0.511766
vt 0.364611 0.496893
vt 0.180069 0.496893
vt 0.233559 0.511766
vt 0.272340 0.506528
vt 0.320045 0.478433
vt 0.224635 0.478433
vt 0.272340 0.471991
vt 0.487752 0.140775
vt 0.489057 0.131106
vt 0.500452 0.134157
vt 0.499558 0.140775
vt 0.475944 0.140775
vt 0.477662 0.128055
vt 0.492799 0.122073
vt 0.503014 0.127973
vt 0.503812 0.135693
vt 0.503040 0.141412
vt 0.500452 0.147394
vt 0.489057 0.150444
vt 0.466267 0.125005
vt 0.464138 0.140775
vt 0.482584 0.116172
vt 0.477662 0.153495
vt 0.498713 0.114313
vt 0.507061 0.122661
vt 0.506025 0.130350
vt 0.503812 0.147130
vt 0.503014 0.153577
vt 0.492799 0.159477
vt 0.472370 0.110272
vt 0.466267 0.156545
vt 0.456505 0.140775
vt 0.458901 0.123033
vt 0.490364 0.105963
vt 0.482584 0.165377
vt 0.506473 0.108399
vt 0.512373 0.118613
vt 0.509523 0.125760
vt 0.506025 0.152474
vt 0.498713 0.167237
vt 0.507061 0.158889
vt 0.482015 0.097615
vt 0.465767 0.106458
vt 0.472370 0.171278
vt 0.458901 0.158518
vt 0.448872 0.140775
vt 0.451534 0.121061
vt 0.500573 0.098184
vt 0.490364 0.175586
vt 0.515506 0.104657
vt 0.518556 0.116052
vt 0.514113 0.122262
vt 0.509523 0.157064
vt 0.512373 0.162937
vt 0.506473 0.173151
vt 0.494672 0.087970
vt 0.476618 0.092218
vt 0.459163 0.102643
vt 0.482015 0.183935
vt 0.465767 0.175092
vt 0.451534 0.160489
vt 0.444168 0.119089
vt 0.441239 0.140775
vt 0.512455 0.093262
vt 0.500573 0.183366
vt 0.525175 0.103351
vt 0.525175 0.115158
vt 0.519456 0.120049
vt 0.514113 0.160561
vt 0.518556 0.165498
vt 0.515506 0.176893
vt 0.509405 0.081867
vt 0.490858 0.081366
vt 0.471221 0.086821
vt 0.452560 0.098829
vt 0.494672 0.193580
vt 0.476618 0.189332
vt 0.459163 0.178907
vt 0.444168 0.162461
vt 0.525175 0.091545
vt 0.512455 0.188288
vt 0.534844 0.104657
vt 0.531794 0.116052
vt 0.525175 0.119276
vt 0.519456 0.162774
vt 0.525175 0.178198
vt 0.525175 0.166392
vt 0.525175 0.079737
vt 0.507433 0.074500
vt 0.487043 0.074762
vt 0.465824 0.081423
vt 0.509405 0.199683
vt 0.490858 0.200184
vt 0.471221 0.194729
vt 0.452560 0.182721
vt 0.537895 0.093262
vt 0.525175 0.190005
vt 0.543877 0.108399
vt 0.537977 0.118613
vt 0.530894 0.120049
vt 0.525175 0.163547
vt 0.531794 0.165498
vt 0.534844 0.176893
vt 0.540945 0.081867
vt 0.525175 0.072105
vt 0.505461 0.067134
vt 0.483229 0.068159
vt 0.525175 0.201812
vt 0.507433 0.207050
vt 0.487043 0.206787
vt 0.465824 0.200127
vt 0.549778 0.098184
vt 0.537895 0.188288
vt 0.551638 0.114313
vt 0.543289 0.122661
vt 0.536237 0.122262
vt 0.530894 0.162774
vt 0.537977 0.162937
vt 0.543877 0.173151
vt 0.555678 0.087970
vt 0.542918 0.074500
vt 0.525175 0.064472
vt 0.503489 0.059767
vt 0.540945 0.199683
vt 0.525175 0.209445
vt 0.505461 0.214416
vt 0.483229 0.213390
vt 0.559987 0.105963
vt 0.549778 0.183366
vt 0.557552 0.122073
vt 0.547337 0.127973
vt 0.540827 0.125760
vt 0.536237 0.160561
vt 0.551638 0.167237
vt 0.543289 0.158889
vt 0.568335 0.097615
vt 0.559493 0.081366
vt 0.544890 0.067134
vt 0.525175 0.056839
vt 0.555678 0.193580
vt 0.542918 0.207050
vt 0.525175 0.217078
vt 0.503489 0.221782
vt 0.567766 0.116172
vt 0.559987 0.175586
vt 0.561293 0.131106
vt 0.549898 0.134157
vt 0.544325 0.130350
vt 0.540827 0.157064
vt 0.547337 0.153577
vt 0.557552 0.159477
vt 0.577981 0.110272
vt 0.573733 0.092218
vt 0.563307 0.074762
vt 0.546862 0.059767
vt 0.568335 0.183935
vt 0.559493 0.200184
vt 0.544890 0.214416
vt 0.525175 0.224711
vt 0.572688 0.128055
vt 0.567766 0.165377
vt 0.562599 0.140775
vt 0.550792 0.140775
vt 0.546538 0.135693
vt 0.544325 0.152474
vt 0.549898 0.147394
vt 0.561293 0.150444
vt 0.584083 0.125005
vt 0.584584 0.106458
vt 0.579130 0.086821
vt 0.567121 0.068159
vt 0.577981 0.171278
vt 0.573733 0.189332
vt 0.563307 0.206787
vt 0.546862 0.221782
vt 0.574406 0.140775
vt 0.572688 0.153495
vt 0.547310 0.141412
vt 0.546538 0.147130
vt 0.586213 0.140775
vt 0.591450 0.123033
vt 0.591187 0.102643
vt 0.584527 0.081423
vt 0.584083 0.156545
vt 0.584584 0.175092
vt 0.579130 0.194729
vt 0.567121 0.213390
vt 0.593846 0.140775
vt 0.598816 0.121061
vt 0.597791 0.098829
vt 0.591450 0.158518
vt 0.591187 0.178907
vt 0.584527 0.200127
vt 0.601479 0.140775
vt 0.606183 0.119089
vt 0.598816 0.160489
vt 0.597791 0.182721
vt 0.609111 0.140775
vt 0.606183 0.162461
vt 0.380766 0.078971
vt 0.381538 0.073253
vt 0.385809 0.074396
vt 0.385191 0.078971
vt 0.383750 0.067912
vt 0.387579 0.070123
vt 0.389543 0.075396
vt 0.389060 0.078971
vt 0.381538 0.084688
vt 0.385809 0.083545
vt 0.387248 0.063323
vt 0.390376 0.066452
vt 0.390926 0.072056
vt 0.392644 0.076226
vt 0.392274 0.078971
vt 0.389543 0.082546
vt 0.383750 0.090030
vt 0.387579 0.087818
vt 0.391836 0.059826
vt 0.394048 0.063654
vt 0.393112 0.069187
vt 0.393706 0.073663
vt 0.394885 0.076826
vt 0.394595 0.078971
vt 0.392644 0.081715
vt 0.390926 0.085885
vt 0.387248 0.094618
vt 0.390376 0.091490
vt 0.397177 0.057613
vt 0.398321 0.061884
vt 0.395981 0.067001
vt 0.395385 0.071460
vt 0.395715 0.074823
vt 0.396551 0.077272
vt 0.396321 0.078971
vt 0.394885 0.081115
vt 0.393706 0.084279
vt 0.393112 0.088754
vt 0.391836 0.098115
vt 0.394048 0.094287
vt 0.402895 0.056841
vt 0.402895 0.061267
vt 0.399321 0.065618
vt 0.397587 0.069782
vt 0.397026 0.073102
vt 0.397208 0.075685
vt 0.398906 0.077903
vt 0.398761 0.078971
vt 0.396551 0.080669
vt 0.395715 0.083118
vt 0.395385 0.086481
vt 0.395981 0.090940
vt 0.397177 0.100328
vt 0.398321 0.096057
vt 0.408613 0.057613
vt 0.407469 0.061884
vt 0.402895 0.065135
vt 0.400151 0.068720
vt 0.398747 0.071790
vt 0.398247 0.074322
vt 0.399319 0.076905
vt 0.401206 0.078518
vt 0.401145 0.078971
vt 0.398906 0.080039
vt 0.397208 0.082256
vt 0.397026 0.084840
vt 0.397587 0.088159
vt 0.399321 0.092324
vt 0.402895 0.101100
vt 0.402895 0.096675
vt 0.413954 0.059826
vt 0.411743 0.063654
vt 0.406470 0.065618
vt 0.402895 0.068349
vt 0.400751 0.070960
vt 0.399610 0.073283
vt 0.399972 0.076048
vt 0.401381 0.078096
vt 0.401206 0.079423
vt 0.399319 0.081037
vt 0.398247 0.083619
vt 0.398747 0.086151
vt 0.400151 0.089222
vt 0.402895 0.092806
vt 0.408613 0.100328
vt 0.407469 0.096057
vt 0.418543 0.063323
vt 0.415414 0.066452
vt 0.409809 0.067001
vt 0.405639 0.068720
vt 0.402895 0.070671
vt 0.401197 0.072626
vt 0.400829 0.075395
vt 0.401658 0.077733
vt 0.401381 0.079845
vt 0.399972 0.081894
vt 0.399610 0.084658
vt 0.400751 0.086981
vt 0.402895 0.089592
vt 0.406470 0.092324
vt 0.413954 0.098115
vt 0.411743 0.094287
vt 0.422040 0.067912
vt 0.418212 0.070123
vt 0.412678 0.069187
vt 0.408203 0.069782
vt 0.405040 0.070960
vt 0.402895 0.072396
vt 0.401827 0.074981
vt 0.402021 0.077457
vt 0.401658 0.080208
vt 0.400829 0.082547
vt 0.401197 0.085316
vt 0.402895 0.087271
vt 0.405639 0.089222
vt 0.409809 0.090940
vt 0.418543 0.094618
vt 0.415414 0.091490
vt 0.424252 0.073253
vt 0.419982 0.074396
vt 0.414865 0.072056
vt 0.410406 0.071460
vt 0.407043 0.071790
vt 0.404594 0.072626
vt 0.402895 0.074837
vt 0.402443 0.077282
vt 0.402021 0.080485
vt 0.401827 0.082960
vt 0.402895 0.085545
vt 0.405040 0.086981
vt 0.408203 0.088159
vt 0.412678 0.088754
vt 0.422040 0.090030
vt 0.418212 0.087818
vt 0.425025 0.078971
vt 0.420599 0.078971
vt 0.416248 0.075396
vt 0.412084 0.073663
vt 0.408764 0.073102
vt 0.406180 0.073283
vt 0.403963 0.074981
vt 0.402895 0.077221
vt 0.402443 0.080660
vt 0.402895 0.083104
vt 0.404594 0.085316
vt 0.407043 0.086151
vt 0.410406 0.086481
vt 0.414865 0.085885
vt 0.424252 0.084688
vt 0.419982 0.083545
vt 0.416731 0.078971
vt 0.413146 0.076226
vt 0.410076 0.074823
vt 0.407544 0.074322
vt 0.404961 0.075395
vt 0.403347 0.077282
vt 0.402895 0.080721
vt 0.403963 0.082960
vt 0.406180 0.084658
vt 0.408764 0.084840
vt 0.412084 0.084279
vt 0.416248 0.082546
vt 0.413517 0.078971
vt 0.410906 0.076826
vt 0.408583 0.075685
vt 0.405818 0.076048
vt 0.403770 0.077457
vt 0.403347 0.080660
vt 0.404961 0.082547
vt 0.407544 0.083619
vt 0.410076 0.083118
vt 0.413146 0.081715
vt 0.411195 0.078971
vt 0.409240 0.077272
vt 0.406471 0.076905
vt 0.404133 0.077733
vt 0.403770 0.080485
vt 0.405818 0.081894
vt 0.408583 0.082256
vt 0.410906 0.081115
vt 0.409469 0.078971
vt 0.406885 0.077903
vt 0.404409 0.078096
vt 0.404133 0.080208
vt 0.406471 0.081037
vt 0.409240 0.080669
vt 0.407029 0.078971
vt 0.404584 0.078518
vt 0.404409 0.079845
vt 0.406885 0.080039
vt 0.404645 0.078971
vt 0.404584 0.079423
vt 0.125390 0.059524
vt 0.125364 0.059096
vt 0.125107 0.060721
vt 0.125269 0.060347
vt 0.124881 0.061056
vt 0.125358 0.059943
vt 0.122435 0.057994
vt 0.122115 0.058281
vt 0.125275 0.058662
vt 0.121854 0.058611
vt 0.122056 0.059454
vt 0.124027 0.061073
vt 0.124272 0.060907
vt 0.122407 0.060839
vt 0.122632 0.061025
vt 0.122020 0.060055
vt 0.122091 0.060344
vt 0.122008 0.059754
vt 0.122224 0.060608
vt 0.123176 0.061227
vt 0.123467 0.061239
vt 0.122894 0.061153
vt 0.123755 0.061184
vt 0.124811 0.059514
vt 0.124753 0.059192
vt 0.124641 0.060432
vt 0.124754 0.060144
vt 0.124478 0.060689
vt 0.124810 0.059836
vt 0.122812 0.058481
vt 0.122550 0.058666
vt 0.124628 0.058889
vt 0.122333 0.058901
vt 0.122619 0.059587
vt 0.123771 0.060557
vt 0.123917 0.060452
vt 0.122806 0.060423
vt 0.122940 0.060534
vt 0.122584 0.059949
vt 0.122623 0.060123
vt 0.122581 0.059768
vt 0.122698 0.060284
vt 0.123262 0.060656
vt 0.123436 0.060661
vt 0.123094 0.060614
vt 0.123608 0.060628
vt 0.124196 0.059599
vt 0.124133 0.059416
vt 0.124133 0.060157
vt 0.124193 0.059978
vt 0.124040 0.060318
vt 0.124216 0.059791
vt 0.123114 0.059059
vt 0.122946 0.059143
vt 0.124023 0.059260
vt 0.122803 0.059267
vt 0.123379 0.059864
vt 0.185253 0.457505
vt 0.237976 0.467972
vt 0.187596 0.450590
vt 0.238440 0.460739
vt 0.708067 0.206792
vt 0.713636 0.206699
vt 0.713701 0.210600
vt 0.708132 0.210693
vt 0.719218 0.206607
vt 0.719283 0.210507
vt 0.702497 0.206885
vt 0.702561 0.210786
vt 0.641180 0.207908
vt 0.646750 0.207815
vt 0.646815 0.211715
vt 0.641245 0.211809
vt 0.635610 0.208001
vt 0.635675 0.211901
vt 0.136940 0.433608
vt 0.291533 0.464351
vt 0.189939 0.443684
vt 0.192282 0.436784
vt 0.239375 0.446294
vt 0.238907 0.453513
vt 0.140989 0.427564
vt 0.290121 0.457216
vt 0.096511 0.398278
vt 0.342563 0.447077
vt 0.145029 0.421525
vt 0.149062 0.415486
vt 0.287287 0.442971
vt 0.288706 0.450091
vt 0.101958 0.393495
vt 0.339332 0.440528
vt 0.066653 0.353583
vt 0.387233 0.417190
vt 0.112841 0.383952
vt 0.107401 0.388721
vt 0.332887 0.427449
vt 0.336107 0.433987
vt 0.073204 0.350356
vt 0.382446 0.411746
vt 0.049413 0.302525
vt 0.422539 0.376764
vt 0.079748 0.347136
vt 0.086288 0.343920
vt 0.372895 0.400867
vt 0.377668 0.406306
vt 0.056550 0.301124
vt 0.416493 0.372719
vt 0.045836 0.248986
vt 0.446406 0.328480
vt 0.063679 0.299719
vt 0.070803 0.298309
vt 0.404411 0.364654
vt 0.410451 0.368685
vt 0.053069 0.249465
vt 0.439491 0.326134
vt 0.263755 0.071298
vt 0.312723 0.081116
vt 0.310378 0.088016
vt 0.263287 0.078518
vt 0.264221 0.064074
vt 0.315066 0.074210
vt 0.357636 0.103264
vt 0.353602 0.109302
vt 0.215383 0.081856
vt 0.213960 0.074736
vt 0.317409 0.067294
vt 0.264685 0.056839
vt 0.361675 0.097225
vt 0.212541 0.067610
vt 0.395270 0.136058
vt 0.389833 0.140828
vt 0.169788 0.097384
vt 0.166561 0.090849
vt 0.365724 0.091182
vt 0.211125 0.060475
vt 0.400710 0.131282
vt 0.163329 0.084311
vt 0.422936 0.177636
vt 0.416398 0.180858
vt 0.125016 0.118535
vt 0.129795 0.123967
vt 0.406154 0.126496
vt 0.160091 0.077766
vt 0.429476 0.174409
vt 0.120232 0.113099
vt 0.439024 0.225056
vt 0.431901 0.226474
vt 0.098303 0.160174
vt 0.092258 0.156151
vt 0.436023 0.171175
vt 0.115439 0.107661
vt 0.446151 0.223644
vt 0.086213 0.152121
vt 0.442430 0.274845
vt 0.435212 0.274368
vt 0.077049 0.203371
vt 0.070153 0.201028
vt 0.453287 0.222235
vt 0.080163 0.148083
vt 0.449655 0.275320
vt 0.063249 0.198683
vt 0.432587 0.323791
vt 0.425689 0.321445
vt 0.060292 0.249947
vt 0.067510 0.250430
vt 0.456888 0.275793
vt 0.056334 0.196340
vt 0.120502 0.058623
vt 0.120865 0.058734
vt 0.121246 0.058845
vt 0.121649 0.058973
vt 0.122166 0.059166
vt 0.122693 0.059418
vt 0.123301 0.059024
vt 0.123115 0.058357
vt 0.122804 0.057753
vt 0.122464 0.057353
vt 0.122095 0.057051
vt 0.121721 0.056821
vn -0.000000 0.990131 -0.140149
vn 0.000000 0.990131 -0.140148
vn 0.036569 0.990113 -0.135423
vn 0.036552 0.990113 -0.135427
vn -0.000000 0.990131 0.140149
vn -0.000000 0.990131 0.140148
vn -0.036569 0.990113 0.135423
vn -0.036552 0.990113 0.135427
vn -0.140149 0.990130 0.000000
vn -0.140148 0.990131 0.000000
vn -0.135423 0.990113 -0.036569
vn -0.135427 0.990113 -0.036552
vn -0.099100 0.990130 -0.099100
vn -0.099100 0.990131 -0.099100
vn -0.069901 0.990113 -0.121616
vn -0.069915 0.990113 -0.121608
vn -0.104603 0.977727 -0.181957
vn -0.148402 0.977729 -0.148402
vn -0.099100 0.990130 -0.099100
vn -0.069916 0.990113 -0.121607
vn -0.000000 0.977729 -0.209872
vn -0.054698 0.977727 -0.202628
vn -0.036551 0.990113 -0.135428
vn -0.000000 0.990130 -0.140149
vn -0.036569 0.990113 -0.135423
vn -0.036552 0.990113 -0.135427
vn -0.202629 0.977727 -0.054698
vn -0.209872 0.977729 -0.000000
vn -0.140149 0.990130 -0.000000
vn -0.135428 0.990113 -0.036551
vn -0.181957 0.977727 -0.104603
vn -0.121608 0.990113 -0.069916
vn -0.121616 0.990113 -0.069900
vn -0.121608 0.990113 -0.069915
vn -0.099100 0.990131 0.099100
vn -0.099100 0.990131 0.099100
vn -0.121616 0.990113 0.069900
vn -0.121608 0.990113 0.069915
vn -0.181957 0.977727 0.104603
vn -0.148402 0.977729 0.148402
vn -0.099100 0.990130 0.099100
vn -0.121607 0.990113 0.069916
vn -0.202629 0.977727 0.054698
vn -0.135428 0.990113 0.036551
vn -0.135423 0.990113 0.036569
vn -0.135427 0.990113 0.036552
vn -0.054698 0.977727 0.202629
vn 0.000000 0.977729 0.209872
vn -0.000000 0.990130 0.140149
vn -0.036551 0.990113 0.135428
vn -0.104603 0.977727 0.181957
vn -0.069916 0.990113 0.121607
vn -0.069901 0.990113 0.121616
vn -0.069916 0.990113 0.121608
vn 0.140149 0.990130 0.000000
vn 0.140149 0.990131 -0.000000
vn 0.135423 0.990113 0.036569
vn 0.135427 0.990113 0.036552
vn 0.099100 0.990131 0.099100
vn 0.099100 0.990131 0.099100
vn 0.069901 0.990113 0.121616
vn 0.069915 0.990113 0.121607
vn 0.104603 0.977727 0.181957
vn 0.148402 0.977729 0.148402
vn 0.099100 0.990130 0.099100
vn 0.069916 0.990113 0.121607
vn 0.054698 0.977727 0.202629
vn 0.036551 0.990113 0.135428
vn 0.036569 0.990113 0.135423
vn 0.036552 0.990113 0.135427
vn 0.202628 0.977727 0.054698
vn 0.209872 0.977729 0.000000
vn 0.140149 0.990131 0.000000
vn 0.135428 0.990113 0.036551
vn 0.181957 0.977727 0.104603
vn 0.121608 0.990113 0.069916
vn 0.121616 0.990113 0.069900
vn 0.121608 0.990113 0.069916
vn 0.099100 0.990131 -0.099100
vn 0.099100 0.990130 -0.099100
vn 0.121616 0.990113 -0.069901
vn 0.121608 0.990113 -0.069915
vn 0.181957 0.977727 -0.104603
vn 0.148402 0.977729 -0.148402
vn 0.099100 0.990130 -0.099100
vn 0.121608 0.990113 -0.069916
vn 0.202628 0.977727 -0.054698
vn 0.135428 0.990113 -0.036551
vn 0.135423 0.990113 -0.036569
vn 0.135427 0.990113 -0.036552
vn 0.054698 0.977727 -0.202628
vn 0.036551 0.990113 -0.135427
vn 0.104603 0.977727 -0.181957
vn 0.069916 0.990113 -0.121607
vn 0.069900 0.990113 -0.121616
vn 0.069915 0.990113 -0.121608
vn 0.000000 -0.578362 -0.815780
vn 0.212623 -0.578012 -0.787841
vn 0.212689 -0.578012 -0.787823
vn 0.000000 -0.578362 -0.815780
vn -0.000000 -0.578362 0.815780
vn -0.212623 -0.578012 0.787841
vn -0.212690 -0.578013 0.787823
vn -0.000000 -0.578362 0.815780
vn -0.815780 -0.578362 0.000000
vn -0.787841 -0.578013 -0.212623
vn -0.787823 -0.578012 -0.212690
vn -0.815780 -0.578362 0.000000
vn -0.576844 -0.578362 -0.576844
vn -0.406740 -0.578013 -0.707434
vn -0.406680 -0.578014 -0.707468
vn -0.576843 -0.578363 -0.576844
vn -0.406808 -0.578012 -0.707396
vn -0.406741 -0.578012 -0.707435
vn -0.576844 -0.578362 -0.576844
vn -0.576844 -0.578362 -0.576844
vn 0.000000 -0.578362 -0.815780
vn 0.000000 -0.578362 -0.815780
vn -0.212623 -0.578013 -0.787841
vn -0.212548 -0.578013 -0.787861
vn -0.212689 -0.578013 -0.787823
vn -0.212623 -0.578013 -0.787841
vn -0.787861 -0.578012 -0.212548
vn -0.787841 -0.578013 -0.212623
vn -0.815780 -0.578362 -0.000000
vn -0.815780 -0.578362 -0.000000
vn -0.707434 -0.578013 -0.406740
vn -0.707396 -0.578013 -0.406808
vn -0.707469 -0.578012 -0.406681
vn -0.707434 -0.578013 -0.406740
vn -0.576844 -0.578362 0.576844
vn -0.707434 -0.578013 0.406740
vn -0.707469 -0.578012 0.406681
vn -0.576844 -0.578362 0.576844
vn -0.707396 -0.578013 0.406808
vn -0.707435 -0.578013 0.406740
vn -0.576844 -0.578362 0.576844
vn -0.576844 -0.578362 0.576844
vn -0.787841 -0.578013 0.212623
vn -0.787861 -0.578013 0.212548
vn -0.787823 -0.578013 0.212690
vn -0.787841 -0.578013 0.212623
vn -0.212548 -0.578013 0.787861
vn -0.212623 -0.578012 0.787841
vn 0.000000 -0.578362 0.815780
vn 0.000000 -0.578362 0.815781
vn -0.406741 -0.578012 0.707435
vn -0.406808 -0.578013 0.707396
vn -0.406680 -0.578013 0.707469
vn -0.406740 -0.578013 0.707435
vn 0.815780 -0.578362 0.000000
vn 0.787841 -0.578012 0.212623
vn 0.787822 -0.578013 0.212690
vn 0.815783 -0.578359 0.000000
vn 0.576844 -0.578362 0.576844
vn 0.406740 -0.578012 0.707435
vn 0.406681 -0.578011 0.707470
vn 0.576845 -0.578360 0.576845
vn 0.406808 -0.578013 0.707396
vn 0.406741 -0.578013 0.707434
vn 0.576844 -0.578362 0.576844
vn 0.576844 -0.578361 0.576844
vn 0.212623 -0.578013 0.787841
vn 0.212548 -0.578013 0.787861
vn 0.212690 -0.578013 0.787823
vn 0.212623 -0.578013 0.787841
vn 0.787863 -0.578010 0.212548
vn 0.787842 -0.578011 0.212623
vn 0.815781 -0.578361 -0.000000
vn 0.815783 -0.578358 -0.000000
vn 0.707435 -0.578011 0.406741
vn 0.707396 -0.578012 0.406808
vn 0.707468 -0.578014 0.406680
vn 0.707435 -0.578012 0.406741
vn 0.576844 -0.578362 -0.576844
vn 0.707435 -0.578012 -0.406741
vn 0.707468 -0.578014 -0.406680
vn 0.576844 -0.578361 -0.576844
vn 0.707393 -0.578017 -0.406806
vn 0.707434 -0.578013 -0.406740
vn 0.576844 -0.578362 -0.576844
vn 0.576844 -0.578361 -0.576844
vn 0.787841 -0.578013 -0.212623
vn 0.787860 -0.578014 -0.212547
vn 0.787822 -0.578013 -0.212690
vn 0.787841 -0.578012 -0.212623
vn 0.212548 -0.578013 -0.787861
vn 0.212623 -0.578013 -0.787841
vn 0.406741 -0.578012 -0.707435
vn 0.406808 -0.578012 -0.707396
vn 0.406681 -0.578012 -0.707469
vn 0.406740 -0.578012 -0.707435
vn 0.000000 0.966885 -0.255213
vn 0.066557 0.966828 -0.246605
vn 0.000000 0.966885 0.255213
vn -0.066557 0.966828 0.246606
vn -0.255213 0.966885 0.000000
vn -0.246606 0.966828 -0.066557
vn -0.180463 0.966885 -0.180463
vn -0.127314 0.966828 -0.221439
vn -0.040308 0.996726 -0.070083
vn -0.056884 0.996759 -0.056884
vn -0.180463 0.966885 -0.180463
vn -0.127314 0.966828 -0.221439
vn 0.000000 0.996759 -0.080446
vn -0.021054 0.996726 -0.078059
vn -0.066556 0.966828 -0.246606
vn 0.000000 0.966885 -0.255213
vn -0.066557 0.966828 -0.246605
vn -0.078059 0.996726 -0.021054
vn -0.080446 0.996759 -0.000000
vn -0.255212 0.966885 -0.000000
vn -0.246606 0.966828 -0.066556
vn -0.070083 0.996727 -0.040308
vn -0.221439 0.966828 -0.127314
vn -0.221439 0.966828 -0.127314
vn -0.180463 0.966885 0.180463
vn -0.221439 0.966828 0.127314
vn -0.070083 0.996727 0.040308
vn -0.056884 0.996759 0.056884
vn -0.180463 0.966885 0.180463
vn -0.221439 0.966828 0.127314
vn -0.078059 0.996726 0.021054
vn -0.246606 0.966828 0.066556
vn -0.246606 0.966828 0.066557
vn -0.021054 0.996726 0.078059
vn 0.000000 0.996759 0.080446
vn 0.000000 0.966885 0.255213
vn -0.066556 0.966828 0.246606
vn -0.040308 0.996726 0.070083
vn -0.127314 0.966828 0.221439
vn -0.127314 0.966828 0.221439
vn 0.255213 0.966885 0.000000
vn 0.246606 0.966828 0.066557
vn 0.180463 0.966885 0.180463
vn 0.127314 0.966828 0.221439
vn 0.040308 0.996727 0.070083
vn 0.056884 0.996759 0.056884
vn 0.180463 0.966885 0.180463
vn 0.127314 0.966828 0.221439
vn 0.021054 0.996727 0.078059
vn 0.066556 0.966828 0.246606
vn 0.066557 0.966828 0.246606
vn 0.078059 0.996727 0.021054
vn 0.080446 0.996759 0.000000
vn 0.255213 0.966885 0.000000
vn 0.246606 0.966828 0.066556
vn 0.070083 0.996726 0.040308
vn 0.221439 0.966828 0.127314
vn 0.221439 0.966828 0.127314
vn 0.180463 0.966885 -0.180462
vn 0.221439 0.966828 -0.127314
vn 0.070083 0.996726 -0.040308
vn 0.056884 0.996759 -0.056884
vn 0.180463 0.966885 -0.180463
vn 0.221439 0.966828 -0.127314
vn 0.078059 0.996727 -0.021054
vn 0.246606 0.966828 -0.066556
vn 0.246605 0.966828 -0.066557
vn 0.021054 0.996726 -0.078059
vn 0.066556 0.966828 -0.246606
vn 0.040308 0.996726 -0.070083
vn 0.127314 0.966828 -0.221439
vn 0.127314 0.966828 -0.221439
vn -0.000000 -0.999986 -0.005224
vn 0.001363 -0.999986 -0.005048
vn 0.001363 -0.999986 -0.005048
vn 0.000000 -0.999986 -0.005224
vn -0.000000 -0.999986 0.005224
vn -0.001363 -0.999986 0.005048
vn -0.001363 -0.999986 0.005048
vn -0.000000 -0.999986 0.005224
vn -0.005224 -0.999986 0.000000
vn -0.005048 -0.999986 -0.001363
vn -0.005048 -0.999986 -0.001363
vn -0.005224 -0.999986 0.000000
vn -0.003694 -0.999986 -0.003694
vn -0.002606 -0.999986 -0.004533
vn -0.002606 -0.999986 -0.004533
vn -0.003694 -0.999986 -0.003694
vn -0.002607 -0.999986 -0.004532
vn -0.002606 -0.999986 -0.004533
vn -0.003694 -0.999986 -0.003694
vn -0.003694 -0.999986 -0.003694
vn 0.000000 -0.999986 -0.005224
vn 0.000000 -0.999986 -0.005224
vn -0.001362 -0.999986 -0.005048
vn -0.001362 -0.999986 -0.005048
vn -0.001363 -0.999986 -0.005048
vn -0.001363 -0.999986 -0.005048
vn -0.005048 -0.999986 -0.001362
vn -0.005048 -0.999986 -0.001362
vn -0.005224 -0.999986 -0.000000
vn -0.005224 -0.999986 -0.000000
vn -0.004533 -0.999986 -0.002606
vn -0.004532 -0.999986 -0.002607
vn -0.004533 -0.999986 -0.002606
vn -0.004533 -0.999986 -0.002606
vn -0.003694 -0.999986 0.003694
vn -0.004533 -0.999986 0.002606
vn -0.004533 -0.999986 0.002606
vn -0.003694 -0.999986 0.003694
vn -0.004532 -0.999986 0.002607
vn -0.004533 -0.999986 0.002606
vn -0.003694 -0.999986 0.003694
vn -0.003694 -0.999986 0.003694
vn -0.005048 -0.999986 0.001362
vn -0.005048 -0.999986 0.001362
vn -0.005048 -0.999986 0.001363
vn -0.005048 -0.999986 0.001363
vn -0.001362 -0.999986 0.005048
vn -0.001362 -0.999986 0.005048
vn -0.000000 -0.999986 0.005224
vn 0.000000 -0.999986 0.005224
vn -0.002606 -0.999986 0.004533
vn -0.002607 -0.999986 0.004532
vn -0.002606 -0.999986 0.004533
vn -0.002606 -0.999986 0.004533
vn 0.005224 -0.999986 0.000000
vn 0.005048 -0.999986 0.001363
vn 0.005048 -0.999986 0.001363
vn 0.005224 -0.999986 0.000000
vn 0.003694 -0.999986 0.003694
vn 0.002606 -0.999986 0.004533
vn 0.002606 -0.999986 0.004533
vn 0.003694 -0.999986 0.003694
vn 0.002607 -0.999986 0.004532
vn 0.002606 -0.999986 0.004533
vn 0.003694 -0.999986 0.003694
vn 0.003694 -0.999986 0.003694
vn 0.001362 -0.999986 0.005048
vn 0.001362 -0.999986 0.005048
vn 0.001363 -0.999986 0.005048
vn 0.001363 -0.999986 0.005048
vn 0.005048 -0.999986 0.001362
vn 0.005048 -0.999986 0.001362
vn 0.005224 -0.999986 -0.000000
vn 0.005224 -0.999986 -0.000000
vn 0.004533 -0.999986 0.002606
vn 0.004532 -0.999986 0.002607
vn 0.004533 -0.999986 0.002606
vn 0.004533 -0.999986 0.002606
vn 0.003694 -0.999986 -0.003694
vn 0.004533 -0.999986 -0.002606
vn 0.004533 -0.999986 -0.002606
vn 0.003694 -0.999986 -0.003694
vn 0.004532 -0.999986 -0.002607
vn 0.004533 -0.999986 -0.002606
vn 0.003694 -0.999986 -0.003694
vn 0.003694 -0.999986 -0.003694
vn 0.005048 -0.999986 -0.001362
vn 0.005048 -0.999986 -0.001362
vn 0.005048 -0.999986 -0.001363
vn 0.005048 -0.999986 -0.001363
vn 0.001362 -0.999986 -0.005048
vn 0.001362 -0.999986 -0.005048
vn 0.002606 -0.999986 -0.004533
vn 0.002607 -0.999986 -0.004532
vn 0.002606 -0.999986 -0.004533
vn 0.002606 -0.999986 -0.004533
vn -0.000000 0.999979 -0.006516
vn 0.001700 0.999979 -0.006297
vn -0.000000 0.999979 0.006516
vn -0.001700 0.999979 0.006297
vn -0.006516 0.999979 0.000000
vn -0.006297 0.999979 -0.001700
vn -0.004608 0.999979 -0.004608
vn -0.003251 0.999979 -0.005654
vn -0.003252 0.999979 -0.005654
vn -0.004608 0.999979 -0.004608
vn -0.004608 0.999979 -0.004608
vn -0.003251 0.999979 -0.005654
vn 0.000000 0.999979 -0.006516
vn -0.001698 0.999979 -0.006297
vn -0.001700 0.999979 -0.006297
vn -0.000000 0.999979 -0.006516
vn -0.001700 0.999979 -0.006297
vn -0.006297 0.999979 -0.001698
vn -0.006516 0.999979 -0.000000
vn -0.006516 0.999979 -0.000000
vn -0.006297 0.999979 -0.001700
vn -0.005654 0.999979 -0.003252
vn -0.005654 0.999979 -0.003251
vn -0.005654 0.999979 -0.003251
vn -0.004608 0.999979 0.004608
vn -0.005654 0.999979 0.003251
vn -0.005654 0.999979 0.003252
vn -0.004608 0.999979 0.004608
vn -0.004608 0.999979 0.004608
vn -0.005654 0.999979 0.003251
vn -0.006297 0.999979 0.001698
vn -0.006297 0.999979 0.001700
vn -0.006297 0.999979 0.001700
vn -0.001698 0.999979 0.006297
vn 0.000000 0.999979 0.006516
vn -0.000000 0.999979 0.006516
vn -0.001700 0.999979 0.006297
vn -0.003252 0.999979 0.005654
vn -0.003251 0.999979 0.005654
vn -0.003251 0.999979 0.005654
vn 0.006516 0.999979 -0.000000
vn 0.006297 0.999979 0.001700
vn 0.004608 0.999979 0.004608
vn 0.003251 0.999979 0.005654
vn 0.003252 0.999979 0.005654
vn 0.004608 0.999979 0.004608
vn 0.004608 0.999979 0.004608
vn 0.003251 0.999979 0.005654
vn 0.001698 0.999979 0.006297
vn 0.001700 0.999979 0.006297
vn 0.001700 0.999979 0.006297
vn 0.006297 0.999979 0.001698
vn 0.006516 0.999979 -0.000000
vn 0.006516 0.999979 -0.000000
vn 0.006297 0.999979 0.001700
vn 0.005654 0.999979 0.003252
vn 0.005654 0.999979 0.003251
vn 0.005654 0.999979 0.003251
vn 0.004608 0.999979 -0.004608
vn 0.005654 0.999979 -0.003251
vn 0.005654 0.999979 -0.003252
vn 0.004608 0.999979 -0.004608
vn 0.004608 0.999979 -0.004608
vn 0.005654 0.999979 -0.003251
vn 0.006297 0.999979 -0.001698
vn 0.006297 0.999979 -0.001700
vn 0.006297 0.999979 -0.001700
vn 0.001698 0.999979 -0.006297
vn 0.001700 0.999979 -0.006297
vn 0.003252 0.999979 -0.005654
vn 0.003251 0.999979 -0.005654
vn 0.003251 0.999979 -0.005654
vn 0.000000 -0.897725 -0.440556
vn 0.114883 -0.897567 -0.425647
vn 0.114930 -0.897567 -0.425634
vn 0.000000 -0.897725 -0.440555
vn -0.000000 -0.897725 0.440556
vn -0.114883 -0.897567 0.425647
vn -0.114930 -0.897567 0.425634
vn -0.000000 -0.897725 0.440556
vn -0.440556 -0.897725 0.000000
vn -0.425647 -0.897567 -0.114884
vn -0.425635 -0.897567 -0.114930
vn -0.440557 -0.897725 0.000000
vn -0.311520 -0.897725 -0.311520
vn -0.219743 -0.897567 -0.382212
vn -0.219701 -0.897567 -0.382236
vn -0.311520 -0.897725 -0.311520
vn -0.184582 -0.928917 -0.321002
vn -0.219745 -0.897567 -0.382211
vn -0.311520 -0.897725 -0.311520
vn -0.261463 -0.929126 -0.261463
vn 0.000000 -0.929126 -0.369764
vn 0.000000 -0.897725 -0.440556
vn -0.114881 -0.897567 -0.425647
vn -0.096463 -0.928917 -0.357502
vn -0.114929 -0.897567 -0.425634
vn -0.114883 -0.897567 -0.425647
vn -0.357502 -0.928917 -0.096463
vn -0.425648 -0.897567 -0.114881
vn -0.440556 -0.897725 -0.000000
vn -0.369764 -0.929126 -0.000000
vn -0.382212 -0.897567 -0.219745
vn -0.321002 -0.928917 -0.184582
vn -0.382237 -0.897567 -0.219702
vn -0.382213 -0.897567 -0.219743
vn -0.311520 -0.897725 0.311520
vn -0.382213 -0.897567 0.219743
vn -0.382237 -0.897567 0.219702
vn -0.311520 -0.897725 0.311520
vn -0.321002 -0.928917 0.184582
vn -0.382212 -0.897567 0.219745
vn -0.311520 -0.897725 0.311520
vn -0.261463 -0.929126 0.261463
vn -0.425647 -0.897567 0.114881
vn -0.357502 -0.928917 0.096463
vn -0.425635 -0.897567 0.114930
vn -0.425647 -0.897567 0.114884
vn -0.096463 -0.928917 0.357502
vn -0.114881 -0.897567 0.425647
vn 0.000000 -0.897725 0.440556
vn 0.000000 -0.929126 0.369764
vn -0.219745 -0.897567 0.382212
vn -0.184583 -0.928917 0.321002
vn -0.219701 -0.897567 0.382236
vn -0.219743 -0.897567 0.382212
vn 0.440556 -0.897725 0.000000
vn 0.425647 -0.897567 0.114883
vn 0.425635 -0.897567 0.114930
vn 0.440557 -0.897725 0.000000
vn 0.311520 -0.897725 0.311520
vn 0.219743 -0.897567 0.382212
vn 0.219702 -0.897567 0.382236
vn 0.311520 -0.897726 0.311520
vn 0.184583 -0.928917 0.321002
vn 0.219745 -0.897567 0.382211
vn 0.311520 -0.897725 0.311520
vn 0.261463 -0.929126 0.261463
vn 0.114881 -0.897567 0.425648
vn 0.096463 -0.928917 0.357502
vn 0.114930 -0.897567 0.425635
vn 0.114883 -0.897567 0.425647
vn 0.357502 -0.928917 0.096463
vn 0.425647 -0.897567 0.114881
vn 0.440556 -0.897725 -0.000000
vn 0.369764 -0.929125 -0.000000
vn 0.382211 -0.897567 0.219745
vn 0.321002 -0.928917 0.184583
vn 0.382236 -0.897567 0.219702
vn 0.382213 -0.897567 0.219743
vn 0.311520 -0.897725 -0.311520
vn 0.382212 -0.897567 -0.219743
vn 0.382236 -0.897567 -0.219702
vn 0.311519 -0.897726 -0.311520
vn 0.321002 -0.928917 -0.184583
vn 0.382211 -0.897567 -0.219745
vn 0.311520 -0.897725 -0.311520
vn 0.261463 -0.929126 -0.261463
vn 0.425647 -0.897567 -0.114881
vn 0.357502 -0.928917 -0.096463
vn 0.425635 -0.897567 -0.114930
vn 0.425647 -0.897567 -0.114883
vn 0.096463 -0.928917 -0.357502
vn 0.114881 -0.897567 -0.425648
vn 0.219745 -0.897567 -0.382211
vn 0.184582 -0.928917 -0.321001
vn 0.219702 -0.897567 -0.382236
vn 0.219743 -0.897567 -0.382213
vn -0.000000 -0.959434 -0.281934
vn 0.073524 -0.959365 -0.272422
vn 0.000000 -0.959434 0.281934
vn -0.073524 -0.959365 0.272422
vn -0.281934 -0.959434 -0.000000
vn -0.272422 -0.959365 -0.073524
vn -0.199357 -0.959434 -0.199357
vn -0.140643 -0.959365 -0.244621
vn -0.140684 -0.959365 -0.244597
vn -0.140643 -0.959365 -0.244621
vn -0.199357 -0.959434 -0.199357
vn -0.199357 -0.959434 -0.199357
vn -0.000000 -0.959434 -0.281934
vn -0.000000 -0.959434 -0.281934
vn -0.073523 -0.959365 -0.272422
vn -0.073477 -0.959365 -0.272435
vn -0.073524 -0.959365 -0.272422
vn -0.272435 -0.959365 -0.073477
vn -0.272422 -0.959365 -0.073523
vn -0.281934 -0.959434 0.000000
vn -0.281934 -0.959434 0.000000
vn -0.244621 -0.959365 -0.140643
vn -0.244597 -0.959365 -0.140684
vn -0.244621 -0.959365 -0.140642
vn -0.199357 -0.959434 0.199357
vn -0.244620 -0.959365 0.140642
vn -0.244597 -0.959365 0.140684
vn -0.244620 -0.959365 0.140643
vn -0.199357 -0.959434 0.199357
vn -0.199357 -0.959434 0.199357
vn -0.272422 -0.959365 0.073523
vn -0.272435 -0.959365 0.073477
vn -0.272422 -0.959365 0.073524
vn -0.073477 -0.959365 0.272435
vn -0.073523 -0.959365 0.272422
vn 0.000000 -0.959434 0.281934
vn 0.000000 -0.959434 0.281934
vn -0.140643 -0.959365 0.244620
vn -0.140684 -0.959365 0.244596
vn -0.140643 -0.959365 0.244621
vn 0.281934 -0.959434 -0.000000
vn 0.272422 -0.959365 0.073524
vn 0.199357 -0.959434 0.199357
vn 0.140643 -0.959365 0.244621
vn 0.140684 -0.959365 0.244596
vn 0.140643 -0.959365 0.244621
vn 0.199357 -0.959434 0.199357
vn 0.199357 -0.959434 0.199357
vn 0.073523 -0.959365 0.272422
vn 0.073477 -0.959365 0.272434
vn 0.073524 -0.959365 0.272422
vn 0.272435 -0.959365 0.073477
vn 0.272423 -0.959365 0.073524
vn 0.281934 -0.959434 0.000000
vn 0.281933 -0.959434 0.000000
vn 0.244621 -0.959365 0.140643
vn 0.244597 -0.959365 0.140684
vn 0.244621 -0.959365 0.140643
vn 0.199357 -0.959434 -0.199357
vn 0.244621 -0.959365 -0.140643
vn 0.244596 -0.959365 -0.140684
vn 0.244620 -0.959365 -0.140643
vn 0.199357 -0.959434 -0.199357
vn 0.199357 -0.959434 -0.199357
vn 0.272422 -0.959365 -0.073523
vn 0.272434 -0.959365 -0.073477
vn 0.272423 -0.959364 -0.073524
vn 0.073477 -0.959365 -0.272434
vn 0.073523 -0.959365 -0.272422
vn 0.140643 -0.959365 -0.244620
vn 0.140684 -0.959365 -0.244596
vn 0.140643 -0.959365 -0.244621
vn 0.006314 -0.911700 -0.410808
vn 0.108257 -0.918420 -0.380508
vn 0.098959 -0.917815 -0.384476
vn -0.005426 -0.910900 -0.412593
vn 0.006314 -0.911701 0.410807
vn -0.105332 -0.903753 0.414893
vn -0.117353 -0.902888 0.413547
vn -0.005426 -0.910900 0.412592
vn -0.483921 -0.875112 -0.000000
vn -0.464217 -0.876505 -0.127443
vn -0.465391 -0.876415 -0.123728
vn -0.483921 -0.875112 -0.000000
vn -0.321289 -0.887918 -0.329204
vn -0.216389 -0.895660 -0.388548
vn -0.226998 -0.894884 -0.384258
vn -0.329518 -0.887289 -0.322701
vn -0.105332 -0.903753 -0.414892
vn -0.117352 -0.902889 -0.413547
vn -0.408131 -0.880981 -0.239378
vn -0.412510 -0.880630 -0.233083
vn -0.321289 -0.887917 0.329205
vn -0.408132 -0.880980 0.239379
vn -0.412511 -0.880629 0.233084
vn -0.329519 -0.887289 0.322701
vn -0.464218 -0.876504 0.127443
vn -0.465392 -0.876414 0.123729
vn -0.216390 -0.895659 0.388550
vn -0.226999 -0.894883 0.384259
vn 0.356855 -0.934160 -0.000000
vn 0.346657 -0.933445 0.092249
vn 0.346130 -0.933412 0.094534
vn 0.356855 -0.934160 -0.000000
vn 0.265018 -0.928575 0.259834
vn 0.194555 -0.924029 0.329118
vn 0.187642 -0.923584 0.334339
vn 0.260686 -0.928308 0.265116
vn 0.108257 -0.918420 0.380507
vn 0.098959 -0.917816 0.384476
vn 0.316255 -0.931607 0.179141
vn 0.314345 -0.931495 0.183044
vn 0.265018 -0.928575 -0.259834
vn 0.316256 -0.931607 -0.179141
vn 0.314346 -0.931494 -0.183045
vn 0.260686 -0.928308 -0.265116
vn 0.346658 -0.933444 -0.092249
vn 0.346130 -0.933411 -0.094535
vn 0.194554 -0.924029 -0.329117
vn 0.187641 -0.923585 -0.334339
vn 0.000000 0.000000 -1.000000
vn 0.260557 0.000000 -0.965459
vn 0.260557 0.000000 -0.965459
vn 0.000000 0.000000 -1.000000
vn 0.000000 0.000000 1.000000
vn -0.260557 0.000000 0.965458
vn -0.260557 0.000000 0.965458
vn 0.000000 0.000000 1.000000
vn -1.000000 0.000000 0.000000
vn -0.965459 0.000000 -0.260557
vn -0.965459 0.000000 -0.260557
vn -1.000000 0.000000 0.000000
vn -0.707106 0.000000 -0.707107
vn -0.498439 0.000000 -0.866925
vn -0.498439 0.000000 -0.866925
vn -0.707106 0.000000 -0.707107
vn -0.260557 0.000000 -0.965458
vn -0.260557 0.000000 -0.965458
vn -0.866924 0.000000 -0.498440
vn -0.866924 0.000000 -0.498440
vn -0.707106 0.000000 0.707107
vn -0.866924 0.000000 0.498440
vn -0.866924 0.000000 0.498440
vn -0.707106 0.000000 0.707107
vn -0.965459 0.000000 0.260557
vn -0.965459 0.000000 0.260557
vn -0.498439 0.000000 0.866925
vn -0.498439 0.000000 0.866925
vn 1.000000 0.000000 0.000000
vn 0.965458 0.000000 0.260559
vn 0.965458 0.000000 0.260559
vn 1.000000 0.000000 0.000000
vn 0.707107 0.000000 0.707106
vn 0.498440 0.000000 0.866924
vn 0.498440 0.000000 0.866924
vn 0.707107 0.000000 0.707106
vn 0.260557 0.000000 0.965459
vn 0.260557 0.000000 0.965459
vn 0.866924 0.000000 0.498441
vn 0.866924 0.000000 0.498441
vn 0.707107 0.000000 -0.707106
vn 0.866924 0.000000 -0.498441
vn 0.866924 0.000000 -0.498441
vn 0.707107 0.000000 -0.707106
vn 0.965458 0.000000 -0.260559
vn 0.965458 0.000000 -0.260559
vn 0.498440 0.000000 -0.866924
vn 0.498440 0.000000 -0.866924
vn 0.000000 -1.000000 0.000001
vn 0.000000 -1.000000 0.000000
vn 0.000000 -1.000000 0.000000
vn 0.000000 -1.000000 0.000001
vn 0.000000 -1.000000 -0.000001
vn 0.000000 -1.000000 -0.000000
vn 0.000000 -1.000000 -0.000000
vn 0.000000 -1.000000 -0.000001
vn 0.000000 -1.000000 0.000000
vn 0.000000 -1.000000 -0.000000
vn 0.000000 -1.000000 -0.000000
vn 0.000000 -1.000000 0.000000
vn 0.000000 -1.000000 0.000000
vn 0.000000 -1.000000 -0.000000
vn 0.000000 -1.000000 -0.000000
vn 0.000000 -1.000000 0.000000
vn 0.000000 -1.000000 -0.000000
vn 0.000000 -1.000000 -0.000000
vn 0.000000 -1.000000 -0.000000
vn 0.000000 -1.000000 -0.000000
vn 0.000000 -1.000000 -0.000000
vn 0.000000 -1.000000 0.000000
vn 0.000000 -1.000000 0.000000
vn 0.000000 -1.000000 -0.000000
vn 0.000000 -1.000000 0.000000
vn 0.000000 -1.000000 0.000000
vn 0.000000 -1.000000 -0.000000
vn 0.000000 -1.000000 -0.000000
vn 0.000000 -1.000000 0.000000
vn 0.000000 -1.000000 0.000000
vn 0.000000 -1.000000 0.000000
vn 0.000000 -1.000000 0.000000
vn 0.000000 -1.000000 -0.000000
vn 0.000000 -1.000000 0.000000
vn 0.000000 -1.000000 0.000000
vn 0.000000 -1.000000 -0.000000
vn 0.000000 -1.000000 0.000000
vn 0.000000 -1.000000 0.000000
vn 0.000000 -1.000000 -0.000000
vn 0.000000 -1.000000 0.000000
vn 0.000000 -1.000000 0.000000
vn 0.000000 -1.000000 -0.000000
vn 0.000000 -1.000000 -0.000000
vn 0.000000 -1.000000 0.000000
vn 0.000000 -1.000000 0.000000
vn 0.000000 -1.000000 -0.000000
vn 0.000000 -1.000000 0.000000
vn 0.000000 -1.000000 0.000000
vn 0.000000 -0.950654 -0.310253
vn 0.080856 -0.950571 -0.299795
vn 0.105760 -0.913911 -0.391894
vn 0.000000 -0.914193 -0.405280
vn 0.000000 -0.950654 0.310253
vn -0.080857 -0.950571 0.299794
vn -0.105760 -0.913911 0.391894
vn 0.000000 -0.914193 0.405279
vn -0.310251 -0.950655 0.000000
vn -0.299793 -0.950572 -0.080857
vn -0.391893 -0.913911 -0.105761
vn -0.405278 -0.914194 -0.000000
vn -0.219382 -0.950654 -0.219382
vn -0.154812 -0.950571 -0.269161
vn -0.202326 -0.913911 -0.351895
vn -0.286576 -0.914193 -0.286576
vn -0.080856 -0.950571 -0.299794
vn -0.105761 -0.913911 -0.391895
vn -0.269161 -0.950571 -0.154812
vn -0.351895 -0.913911 -0.202326
vn -0.219382 -0.950654 0.219382
vn -0.269161 -0.950571 0.154812
vn -0.351896 -0.913911 0.202326
vn -0.286575 -0.914193 0.286575
vn -0.299794 -0.950571 0.080857
vn -0.391894 -0.913911 0.105761
vn -0.154812 -0.950571 0.269161
vn -0.202327 -0.913911 0.351895
vn 0.310254 -0.950654 0.000000
vn 0.299796 -0.950571 0.080858
vn 0.391896 -0.913910 0.105762
vn 0.405281 -0.914192 0.000000
vn 0.219382 -0.950654 0.219381
vn 0.154813 -0.950571 0.269162
vn 0.202327 -0.913911 0.351896
vn 0.286577 -0.914192 0.286577
vn 0.080856 -0.950571 0.299795
vn 0.105760 -0.913912 0.391894
vn 0.269161 -0.950571 0.154813
vn 0.351894 -0.913911 0.202328
vn 0.219382 -0.950654 -0.219382
vn 0.269162 -0.950571 -0.154814
vn 0.351895 -0.913911 -0.202328
vn 0.286577 -0.914192 -0.286577
vn 0.299797 -0.950570 -0.080858
vn 0.391896 -0.913910 -0.105762
vn 0.154812 -0.950571 -0.269161
vn 0.202327 -0.913911 -0.351895
vn 0.146305 -0.827515 -0.542046
vn -0.000000 -0.827783 -0.561049
vn -0.146306 -0.827515 0.542045
vn 0.000000 -0.827784 0.561047
vn -0.542045 -0.827515 -0.146306
vn -0.561047 -0.827784 -0.000000
vn -0.279829 -0.827516 -0.486738
vn -0.396720 -0.827784 -0.396720
vn -0.146306 -0.827515 -0.542046
vn -0.486738 -0.827515 -0.279830
vn -0.486738 -0.827515 0.279830
vn -0.396719 -0.827784 0.396720
vn -0.542045 -0.827515 0.146306
vn -0.279829 -0.827516 0.486737
vn 0.542045 -0.827515 0.146306
vn 0.561048 -0.827783 0.000000
vn 0.279831 -0.827515 0.486739
vn 0.396721 -0.827783 0.396721
vn 0.146305 -0.827516 0.542045
vn 0.486737 -0.827515 0.279832
vn 0.486736 -0.827516 -0.279832
vn 0.396721 -0.827783 -0.396721
vn 0.542045 -0.827515 -0.146306
vn 0.279831 -0.827515 -0.486738
vn 0.136232 -0.852492 -0.504676
vn 0.000000 -0.852544 -0.522656
vn -0.136234 -0.852494 0.504673
vn -0.000000 -0.852544 0.522655
vn -0.504674 -0.852493 -0.136234
vn -0.522656 -0.852544 0.000000
vn -0.260526 -0.852493 -0.453191
vn -0.369573 -0.852544 -0.369574
vn -0.136232 -0.852494 -0.504673
vn -0.453189 -0.852494 -0.260526
vn -0.453190 -0.852494 0.260526
vn -0.369573 -0.852544 0.369574
vn -0.504674 -0.852493 0.136235
vn -0.260526 -0.852493 0.453191
vn 0.504673 -0.852493 0.136234
vn 0.522652 -0.852546 -0.000001
vn 0.260527 -0.852494 0.453189
vn 0.369572 -0.852545 0.369572
vn 0.136234 -0.852492 0.504675
vn 0.453189 -0.852493 0.260528
vn 0.453190 -0.852493 -0.260529
vn 0.369571 -0.852546 -0.369571
vn 0.504673 -0.852494 -0.136235
vn 0.260527 -0.852494 -0.453189
vn 0.083283 -0.947549 -0.308569
vn 0.000000 -0.947588 -0.319495
vn -0.083283 -0.947550 0.308564
vn 0.000000 -0.947588 0.319495
vn -0.308568 -0.947549 -0.083284
vn -0.319497 -0.947587 -0.000000
vn -0.159299 -0.947550 -0.277079
vn -0.225916 -0.947589 -0.225916
vn -0.083282 -0.947551 -0.308564
vn -0.277079 -0.947550 -0.159298
vn -0.277079 -0.947550 0.159298
vn -0.225916 -0.947588 0.225917
vn -0.308567 -0.947550 0.083284
vn -0.159300 -0.947550 0.277079
vn 0.308567 -0.947550 0.083284
vn 0.319495 -0.947588 -0.000000
vn 0.159301 -0.947550 0.277078
vn 0.225917 -0.947588 0.225918
vn 0.083283 -0.947550 0.308566
vn 0.277080 -0.947550 0.159301
vn 0.277079 -0.947550 -0.159301
vn 0.225917 -0.947588 -0.225917
vn 0.308567 -0.947550 -0.083284
vn 0.159301 -0.947550 -0.277080
vn 0.056167 -0.976506 -0.208043
vn -0.000000 -0.976498 -0.215528
vn -0.056168 -0.976506 0.208040
vn 0.000000 -0.976497 0.215529
vn -0.208043 -0.976506 -0.056169
vn -0.215527 -0.976498 -0.000000
vn -0.107391 -0.976506 -0.186823
vn -0.152401 -0.976498 -0.152401
vn -0.056167 -0.976506 -0.208041
vn -0.186824 -0.976506 -0.107391
vn -0.186824 -0.976506 0.107391
vn -0.152402 -0.976497 0.152403
vn -0.208042 -0.976506 0.056169
vn -0.107391 -0.976506 0.186823
vn 0.208043 -0.976506 0.056169
vn 0.215528 -0.976498 0.000000
vn 0.107392 -0.976506 0.186824
vn 0.152400 -0.976498 0.152402
vn 0.056168 -0.976506 0.208043
vn 0.186825 -0.976506 0.107393
vn 0.186824 -0.976506 -0.107393
vn 0.152402 -0.976498 -0.152402
vn 0.208043 -0.976506 -0.056169
vn 0.107393 -0.976506 -0.186825
vn 0.025703 -0.995128 -0.095183
vn -0.000000 -0.995137 -0.098501
vn -0.025702 -0.995128 0.095181
vn -0.000000 -0.995137 0.098502
vn -0.095182 -0.995128 -0.025705
vn -0.098502 -0.995137 0.000000
vn -0.049129 -0.995128 -0.085477
vn -0.069651 -0.995137 -0.069652
vn -0.025703 -0.995128 -0.095180
vn -0.085477 -0.995128 -0.049130
vn -0.085478 -0.995128 0.049129
vn -0.069652 -0.995137 0.069651
vn -0.095182 -0.995128 0.025705
vn -0.049130 -0.995128 0.085478
vn 0.095180 -0.995128 0.025704
vn 0.098501 -0.995137 0.000000
vn 0.049130 -0.995128 0.085477
vn 0.069650 -0.995137 0.069651
vn 0.025702 -0.995128 0.095182
vn 0.085477 -0.995128 0.049129
vn 0.085476 -0.995128 -0.049128
vn 0.069650 -0.995137 -0.069649
vn 0.095180 -0.995128 -0.025704
vn 0.049130 -0.995128 -0.085478
vn -0.000000 0.441266 -0.897377
vn 0.233907 0.440945 -0.866519
vn 0.254424 0.215061 -0.942877
vn -0.000000 0.215080 -0.976597
vn 0.000001 0.441276 0.897371
vn -0.233922 0.440971 0.866502
vn -0.254438 0.215077 0.942870
vn 0.000000 0.215085 0.976595
vn -0.897391 0.441237 -0.000003
vn -0.866535 0.440892 -0.233946
vn -0.942874 0.215033 -0.254461
vn -0.976601 0.215061 -0.000002
vn -0.634530 0.441304 -0.634525
vn -0.447298 0.440972 -0.778119
vn -0.486792 0.215078 -0.846626
vn -0.690562 0.215101 -0.690547
vn -0.233912 0.440959 -0.866511
vn -0.254429 0.215070 -0.942874
vn -0.778139 0.440932 -0.447302
vn -0.846636 0.215057 -0.486783
vn -0.634524 0.441309 0.634528
vn -0.778128 0.440949 0.447305
vn -0.846632 0.215065 0.486787
vn -0.690557 0.215103 0.690552
vn -0.866531 0.440902 0.233943
vn -0.942872 0.215039 0.254460
vn -0.447309 0.440970 0.778113
vn -0.486800 0.215078 0.846621
vn 0.897353 0.441313 0.000003
vn 0.866495 0.440978 0.233935
vn 0.942863 0.215083 0.254459
vn 0.976591 0.215105 0.000001
vn 0.634539 0.441257 0.634549
vn 0.447317 0.440934 0.778129
vn 0.486802 0.215057 0.846626
vn 0.690560 0.215074 0.690558
vn 0.233921 0.440945 0.866515
vn 0.254433 0.215061 0.942875
vn 0.778127 0.440952 0.447302
vn 0.846632 0.215067 0.486786
vn 0.634543 0.441270 -0.634537
vn 0.778133 0.440945 -0.447299
vn 0.846635 0.215063 -0.486782
vn 0.690566 0.215081 -0.690550
vn 0.866500 0.440968 -0.233935
vn 0.942864 0.215077 -0.254457
vn 0.447307 0.440948 -0.778127
vn 0.486795 0.215063 -0.846628
vn 0.255999 -0.185637 -0.948685
vn -0.000000 -0.185685 -0.982609
vn -0.256006 -0.185645 0.948682
vn 0.000000 -0.185683 0.982610
vn -0.948680 -0.185616 -0.256033
vn -0.982610 -0.185679 0.000001
vn -0.489791 -0.185645 -0.851845
vn -0.694817 -0.185693 -0.694801
vn -0.256007 -0.185635 -0.948683
vn -0.851862 -0.185621 -0.489771
vn -0.851860 -0.185621 0.489775
vn -0.694814 -0.185688 0.694805
vn -0.948678 -0.185623 0.256034
vn -0.489798 -0.185647 0.851841
vn 0.948673 -0.185653 0.256033
vn 0.982607 -0.185699 -0.000001
vn 0.489800 -0.185625 0.851845
vn 0.694815 -0.185673 0.694807
vn 0.256000 -0.185630 0.948686
vn 0.851856 -0.185644 0.489773
vn 0.851859 -0.185640 -0.489769
vn 0.694819 -0.185681 -0.694802
vn 0.948675 -0.185646 -0.256032
vn 0.489793 -0.185627 -0.851848
vn 0.212508 -0.578546 -0.787480
vn -0.000000 -0.578506 -0.815678
vn -0.212512 -0.578544 0.787481
vn -0.000000 -0.578504 0.815680
vn -0.787486 -0.578527 -0.212536
vn -0.815683 -0.578500 0.000001
vn -0.406559 -0.578541 -0.707106
vn -0.576772 -0.578509 -0.576768
vn -0.212517 -0.578537 -0.787484
vn -0.707125 -0.578533 -0.406538
vn -0.707126 -0.578529 0.406542
vn -0.576770 -0.578509 0.576770
vn -0.787488 -0.578525 0.212537
vn -0.406565 -0.578544 0.707101
vn 0.787468 -0.578554 0.212531
vn 0.815663 -0.578528 -0.000001
vn 0.406566 -0.578541 0.707103
vn 0.576778 -0.578489 0.576782
vn 0.212508 -0.578537 0.787487
vn 0.707121 -0.578535 0.406542
vn 0.707124 -0.578537 -0.406535
vn 0.576783 -0.578490 -0.576776
vn 0.787471 -0.578551 -0.212531
vn 0.406561 -0.578540 -0.707107
vn 0.149557 -0.818909 -0.554094
vn 0.000000 -0.818960 -0.573850
vn -0.149565 -0.818901 0.554104
vn -0.000001 -0.818959 0.573853
vn -0.554093 -0.818907 -0.149575
vn -0.573850 -0.818960 0.000000
vn -0.286053 -0.818896 -0.497577
vn -0.405770 -0.818960 -0.405778
vn -0.149568 -0.818897 -0.554109
vn -0.497580 -0.818904 -0.286026
vn -0.497589 -0.818896 0.286033
vn -0.405769 -0.818960 0.405778
vn -0.554103 -0.818899 0.149579
vn -0.286056 -0.818899 0.497570
vn 0.554101 -0.818900 0.149578
vn 0.573843 -0.818965 -0.000000
vn 0.286052 -0.818905 0.497564
vn 0.405769 -0.818958 0.405783
vn 0.149561 -0.818901 0.554105
vn 0.497590 -0.818894 0.286036
vn 0.497592 -0.818894 -0.286032
vn 0.405777 -0.818955 -0.405781
vn 0.554107 -0.818897 -0.149578
vn 0.286047 -0.818907 -0.497562
vn 0.090627 -0.937608 -0.335677
vn 0.000000 -0.937558 -0.347829
vn -0.090633 -0.937607 0.335677
vn -0.000001 -0.937555 0.347838
vn -0.335659 -0.937613 -0.090633
vn -0.347831 -0.937557 -0.000000
vn -0.173276 -0.937606 -0.301446
vn -0.245946 -0.937560 -0.245951
vn -0.090635 -0.937604 -0.335683
vn -0.301444 -0.937612 -0.173249
vn -0.301456 -0.937606 0.173260
vn -0.245957 -0.937555 0.245959
vn -0.335664 -0.937611 0.090636
vn -0.173280 -0.937608 0.301437
vn 0.335675 -0.937606 0.090644
vn 0.347844 -0.937553 -0.000000
vn 0.173280 -0.937606 0.301446
vn 0.245951 -0.937557 0.245957
vn 0.090634 -0.937601 0.335693
vn 0.301463 -0.937603 0.173267
vn 0.301464 -0.937603 -0.173266
vn 0.245948 -0.937560 -0.245948
vn 0.335682 -0.937604 -0.090644
vn 0.173274 -0.937611 -0.301434
vn 0.000003 -1.000000 0.000001
s 1
g loftedSurface8
f 3468/4868/6269 3454/4869/6270 3548/4870/6271 3547/4871/6272
f 3502/5027/6273 3456/5026/6274 3504/5024/6275 3503/5025/6276
f 3480/4927/6277 3458/4928/6278 3482/4912/6279 3481/4913/6280
f 3470/4888/6281 3460/4889/6282 3472/4879/6283 3471/4880/6284
f 3465/4897/6285 3459/4910/6286 3461/4898/6287 3466/4887/6288
f 3453/4885/6289 3463/4886/6290 3464/4878/6291 3462/4876/6292
f 3463/4886/6290 3465/4897/6285 3466/4887/6288 3464/4878/6291
f 3467/4872/6293 3454/4869/6270 3468/4868/6269 3469/4873/6294
f 3468/4868/6269 3462/4876/6292 3464/4878/6291 3469/4873/6294
f 3461/4898/6287 3470/4888/6281 3471/4880/6284 3466/4887/6288
f 3471/4880/6284 3469/4873/6294 3464/4878/6291 3466/4887/6288
f 3472/4879/6283 3467/4872/6293 3469/4873/6294 3471/4880/6284
f 3476/4942/6295 3457/4961/6296 3473/4943/6297 3477/4926/6298
f 3459/4910/6286 3474/4925/6299 3475/4911/6300 3461/4898/6287
f 3474/4925/6299 3476/4942/6295 3477/4926/6298 3475/4911/6300
f 3478/4899/6301 3460/4889/6282 3470/4888/6281 3479/4900/6302
f 3470/4888/6281 3461/4898/6287 3475/4911/6300 3479/4900/6302
f 3473/4943/6297 3480/4927/6277 3481/4913/6280 3477/4926/6298
f 3481/4913/6280 3479/4900/6302 3475/4911/6300 3477/4926/6298
f 3482/4912/6279 3478/4899/6301 3479/4900/6302 3481/4913/6280
f 3492/4984/6303 3484/4985/6304 3494/4963/6305 3493/4964/6306
f 3488/5002/6307 3483/5022/6308 3485/5003/6309 3489/4983/6310
f 3457/4961/6296 3486/4982/6311 3487/4962/6312 3473/4943/6297
f 3486/4982/6311 3488/5002/6307 3489/4983/6310 3487/4962/6312
f 3490/4944/6313 3458/4928/6278 3480/4927/6277 3491/4945/6314
f 3480/4927/6277 3473/4943/6297 3487/4962/6312 3491/4945/6314
f 3485/5003/6309 3492/4984/6303 3493/4964/6306 3489/4983/6310
f 3493/4964/6306 3491/4945/6314 3487/4962/6312 3489/4983/6310
f 3494/4963/6305 3490/4944/6313 3491/4945/6314 3493/4964/6306
f 3498/5058/6315 3455/5059/6316 3495/5044/6317 3499/5043/6318
f 3483/5022/6308 3496/5042/6319 3497/5023/6320 3485/5003/6309
f 3496/5042/6319 3498/5058/6315 3499/5043/6318 3497/5023/6320
f 3500/5004/6321 3484/4985/6304 3492/4984/6303 3501/5005/6322
f 3492/4984/6303 3485/5003/6309 3497/5023/6320 3501/5005/6322
f 3495/5044/6317 3502/5027/6273 3503/5025/6276 3499/5043/6318
f 3503/5025/6276 3501/5005/6322 3497/5023/6320 3499/5043/6318
f 3504/5024/6275 3500/5004/6321 3501/5005/6322 3503/5025/6276
f 3526/4915/6323 3506/4914/6324 3528/4929/6325 3527/4930/6326
f 3516/4966/6327 3508/4965/6328 3518/4986/6329 3517/4987/6330
f 3512/5029/6331 3507/5009/6332 3509/4988/6333 3513/5008/6334
f 3455/5059/6316 3510/5045/6335 3511/5028/6336 3495/5044/6317
f 3510/5045/6335 3512/5029/6331 3513/5008/6334 3511/5028/6336
f 3514/5006/6337 3456/5026/6274 3502/5027/6273 3515/5007/6338
f 3502/5027/6273 3495/5044/6317 3511/5028/6336 3515/5007/6338
f 3509/4988/6333 3516/4966/6327 3517/4987/6330 3513/5008/6334
f 3517/4987/6330 3515/5007/6338 3511/5028/6336 3513/5008/6334
f 3518/4986/6329 3514/5006/6337 3515/5007/6338 3517/4987/6330
f 3522/4968/6339 3505/4949/6340 3519/4931/6341 3523/4948/6342
f 3507/5009/6332 3520/4989/6343 3521/4967/6344 3509/4988/6333
f 3520/4989/6343 3522/4968/6339 3523/4948/6342 3521/4967/6344
f 3524/4946/6345 3508/4965/6328 3516/4966/6327 3525/4947/6346
f 3516/4966/6327 3509/4988/6333 3521/4967/6344 3525/4947/6346
f 3519/4931/6341 3526/4915/6323 3527/4930/6326 3523/4948/6342
f 3527/4930/6326 3525/4947/6346 3521/4967/6344 3523/4948/6342
f 3528/4929/6325 3524/4946/6345 3525/4947/6346 3527/4930/6326
f 3538/4882/6347 3530/4881/6348 3540/4890/6349 3539/4891/6350
f 3534/4917/6351 3529/4904/6352 3531/4892/6353 3535/4903/6354
f 3505/4949/6340 3532/4932/6355 3533/4916/6356 3519/4931/6341
f 3532/4932/6355 3534/4917/6351 3535/4903/6354 3533/4916/6356
f 3536/4901/6357 3506/4914/6324 3526/4915/6323 3537/4902/6358
f 3526/4915/6323 3519/4931/6341 3533/4916/6356 3537/4902/6358
f 3531/4892/6353 3538/4882/6347 3539/4891/6350 3535/4903/6354
f 3539/4891/6350 3537/4902/6358 3533/4916/6356 3535/4903/6354
f 3540/4890/6349 3536/4901/6357 3537/4902/6358 3539/4891/6350
f 3543/4884/6359 3453/4885/6289 3462/4876/6292 3544/4877/6360
f 3529/4904/6352 3541/4893/6361 3542/4883/6362 3531/4892/6353
f 3541/4893/6361 3543/4884/6359 3544/4877/6360 3542/4883/6362
f 3545/4874/6363 3530/4881/6348 3538/4882/6347 3546/4875/6364
f 3538/4882/6347 3531/4892/6353 3542/4883/6362 3546/4875/6364
f 3462/4876/6292 3468/4868/6269 3547/4871/6272 3544/4877/6360
f 3547/4871/6272 3546/4875/6364 3542/4883/6362 3544/4877/6360
f 3548/4870/6271 3545/4874/6363 3546/4875/6364 3547/4871/6272
s 17
f 3564/5741/6365 3643/5749/6366 3644/5750/6367 3550/5742/6368
f 3598/5751/6369 3599/5744/6370 3600/5743/6371 3552/5752/6372
f 3576/5703/6373 3577/5704/6374 3578/5705/6375 3554/5706/6376
f 3566/5717/6377 3567/5725/6378 3568/5726/6379 3556/5718/6380
f 3561/5737/6381 3562/5731/6382 3557/5723/6383 3555/5729/6384
f 3549/5753/6385 3558/5747/6386 3560/5739/6387 3559/5745/6388
f 3559/5745/6388 3560/5739/6387 3562/5731/6382 3561/5737/6381
f 3563/5734/6389 3565/5733/6390 3564/5741/6365 3550/5742/6368
f 3564/5741/6365 3565/5733/6390 3560/5739/6387 3558/5747/6386
f 3557/5723/6383 3562/5731/6382 3567/5725/6378 3566/5717/6377
f 3567/5725/6378 3562/5731/6382 3560/5739/6387 3565/5733/6390
f 3568/5726/6379 3567/5725/6378 3565/5733/6390 3563/5734/6389
f 3572/5713/6391 3573/5708/6392 3569/5707/6393 3553/5714/6394
f 3555/5729/6384 3557/5723/6383 3571/5715/6395 3570/5721/6396
f 3570/5721/6396 3571/5715/6395 3573/5708/6392 3572/5713/6391
f 3574/5710/6397 3575/5709/6398 3566/5717/6377 3556/5718/6380
f 3566/5717/6377 3575/5709/6398 3571/5715/6395 3557/5723/6383
f 3569/5707/6393 3573/5708/6392 3577/5704/6374 3576/5703/6373
f 3577/5704/6374 3573/5708/6392 3571/5715/6395 3575/5709/6398
f 3578/5705/6375 3577/5704/6374 3575/5709/6398 3574/5710/6397
f 3588/5727/6399 3589/5720/6400 3590/5719/6401 3580/5728/6402
f 3584/5730/6403 3585/5724/6404 3581/5732/6405 3579/5738/6406
f 3553/5714/6394 3569/5707/6393 3583/5716/6407 3582/5722/6408
f 3582/5722/6408 3583/5716/6407 3585/5724/6404 3584/5730/6403
f 3586/5711/6409 3587/5712/6410 3576/5703/6373 3554/5706/6376
f 3576/5703/6373 3587/5712/6410 3583/5716/6407 3569/5707/6393
f 3581/5732/6405 3585/5724/6404 3589/5720/6400 3588/5727/6399
f 3589/5720/6400 3585/5724/6404 3583/5716/6407 3587/5712/6410
f 3590/5719/6401 3589/5720/6400 3587/5712/6410 3586/5711/6409
f 3594/5754/6411 3595/5748/6412 3591/5701/6413 3551/5695/6414
f 3579/5738/6406 3581/5732/6405 3593/5740/6415 3592/5746/6416
f 3592/5746/6416 3593/5740/6415 3595/5748/6412 3594/5754/6411
f 3596/5735/6417 3597/5736/6418 3588/5727/6399 3580/5728/6402
f 3588/5727/6399 3597/5736/6418 3593/5740/6415 3581/5732/6405
f 3591/5701/6413 3595/5748/6412 3599/5744/6370 3598/5751/6369
f 3599/5744/6370 3595/5748/6412 3593/5740/6415 3597/5736/6418
f 3600/5743/6371 3599/5744/6370 3597/5736/6418 3596/5735/6417
f 3622/5668/6419 3623/5665/6420 3624/5666/6421 3602/5667/6422
f 3612/5682/6423 3613/5689/6424 3614/5690/6425 3604/5681/6426
f 3608/5679/6427 3609/5685/6428 3605/5677/6429 3603/5671/6430
f 3551/5695/6414 3591/5701/6413 3607/5693/6431 3606/5687/6432
f 3606/5687/6432 3607/5693/6431 3609/5685/6428 3608/5679/6427
f 3610/5698/6433 3611/5697/6434 3598/5751/6369 3552/5752/6372
f 3598/5751/6369 3611/5697/6434 3607/5693/6431 3591/5701/6413
f 3605/5677/6429 3609/5685/6428 3613/5689/6424 3612/5682/6423
f 3613/5689/6424 3609/5685/6428 3607/5693/6431 3611/5697/6434
f 3614/5690/6425 3613/5689/6424 3611/5697/6434 3610/5698/6433
f 3618/5645/6435 3619/5647/6436 3615/5648/6437 3601/5646/6438
f 3603/5671/6430 3605/5677/6429 3617/5669/6439 3616/5663/6440
f 3616/5663/6440 3617/5669/6439 3619/5647/6436 3618/5645/6435
f 3620/5674/6441 3621/5673/6442 3612/5682/6423 3604/5681/6426
f 3612/5682/6423 3621/5673/6442 3617/5669/6439 3605/5677/6429
f 3615/5648/6437 3619/5647/6436 3623/5665/6420 3622/5668/6419
f 3623/5665/6420 3619/5647/6436 3617/5669/6439 3621/5673/6442
f 3624/5666/6421 3623/5665/6420 3621/5673/6442 3620/5674/6441
f 3634/5692/6443 3635/5684/6444 3636/5683/6445 3626/5691/6446
f 3630/5672/6447 3631/5678/6448 3627/5686/6449 3625/5680/6450
f 3601/5646/6438 3615/5648/6437 3629/5670/6451 3628/5664/6452
f 3628/5664/6452 3629/5670/6451 3631/5678/6448 3630/5672/6447
f 3632/5675/6453 3633/5676/6454 3622/5668/6419 3602/5667/6422
f 3622/5668/6419 3633/5676/6454 3629/5670/6451 3615/5648/6437
f 3627/5686/6449 3631/5678/6448 3635/5684/6444 3634/5692/6443
f 3635/5684/6444 3631/5678/6448 3629/5670/6451 3633/5676/6454
f 3636/5683/6445 3635/5684/6444 3633/5676/6454 3632/5675/6453
f 3639/5696/6455 3640/5702/6456 3558/5747/6386 3549/5753/6385
f 3625/5680/6450 3627/5686/6449 3638/5694/6457 3637/5688/6458
f 3637/5688/6458 3638/5694/6457 3640/5702/6456 3639/5696/6455
f 3641/5699/6459 3642/5700/6460 3634/5692/6443 3626/5691/6446
f 3634/5692/6443 3642/5700/6460 3638/5694/6457 3627/5686/6449
f 3558/5747/6386 3640/5702/6456 3643/5749/6366 3564/5741/6365
f 3643/5749/6366 3640/5702/6456 3638/5694/6457 3642/5700/6460
f 3644/5750/6367 3643/5749/6366 3642/5700/6460 3641/5699/6459
s 1
f 3655/4894/6461 3453/4885/6289 3543/4884/6359 3716/4895/6462
f 3682/5072/6463 3455/5059/6316 3498/5058/6315 3683/5071/6464
f 3665/4981/6465 3457/4961/6296 3476/4942/6295 3666/4960/6466
f 3657/4924/6467 3459/4910/6286 3465/4897/6285 3658/4909/6468
f 3653/4939/6469 3648/4958/6470 3649/4940/6471 3654/4923/6472
f 3645/4921/6473 3651/4922/6474 3652/4908/6475 3650/4906/6476
f 3651/4922/6474 3653/4939/6469 3654/4923/6472 3652/4908/6475
f 3463/4886/6290 3453/4885/6289 3655/4894/6461 3656/4896/6477
f 3655/4894/6461 3650/4906/6476 3652/4908/6475 3656/4896/6477
f 3649/4940/6471 3657/4924/6467 3658/4909/6468 3654/4923/6472
f 3658/4909/6468 3656/4896/6477 3652/4908/6475 3654/4923/6472
f 3465/4897/6285 3463/4886/6290 3656/4896/6477 3658/4909/6468
f 3662/4999/6478 3647/5019/6479 3659/5000/6480 3663/4980/6481
f 3648/4958/6470 3660/4979/6482 3661/4959/6483 3649/4940/6471
f 3660/4979/6482 3662/4999/6478 3663/4980/6481 3661/4959/6483
f 3474/4925/6299 3459/4910/6286 3657/4924/6467 3664/4941/6484
f 3657/4924/6467 3649/4940/6471 3661/4959/6483 3664/4941/6484
f 3659/5000/6480 3665/4981/6465 3666/4960/6466 3663/4980/6481
f 3666/4960/6466 3664/4941/6484 3661/4959/6483 3663/4980/6481
f 3476/4942/6295 3474/4925/6299 3664/4941/6484 3666/4960/6466
f 3674/5041/6485 3483/5022/6308 3488/5002/6307 3675/5021/6486
f 3671/5055/6487 3667/5069/6488 3668/5056/6489 3672/5040/6490
f 3647/5019/6479 3669/5039/6491 3670/5020/6492 3659/5000/6480
f 3669/5039/6491 3671/5055/6487 3672/5040/6490 3670/5020/6492
f 3486/4982/6311 3457/4961/6296 3665/4981/6465 3673/5001/6493
f 3665/4981/6465 3659/5000/6480 3670/5020/6492 3673/5001/6493
f 3668/5056/6489 3674/5041/6485 3675/5021/6486 3672/5040/6490
f 3675/5021/6486 3673/5001/6493 3670/5020/6492 3672/5040/6490
f 3488/5002/6307 3486/4982/6311 3673/5001/6493 3675/5021/6486
f 3679/5091/6494 3646/5092/6495 3676/5083/6496 3680/5082/6497
f 3667/5069/6488 3677/5081/6498 3678/5070/6499 3668/5056/6489
f 3677/5081/6498 3679/5091/6494 3680/5082/6497 3678/5070/6499
f 3496/5042/6319 3483/5022/6308 3674/5041/6485 3681/5057/6500
f 3674/5041/6485 3668/5056/6489 3678/5070/6499 3681/5057/6500
f 3676/5083/6496 3682/5072/6463 3683/5071/6464 3680/5082/6497
f 3683/5071/6464 3681/5057/6500 3678/5070/6499 3680/5082/6497
f 3498/5058/6315 3496/5042/6319 3681/5057/6500 3683/5071/6464
f 3700/4969/6501 3505/4949/6340 3522/4968/6339 3701/4990/6502
f 3692/5030/6503 3507/5009/6332 3512/5029/6331 3693/5046/6504
f 3689/5074/6505 3685/5062/6506 3686/5047/6507 3690/5061/6508
f 3646/5092/6495 3687/5084/6509 3688/5073/6510 3676/5083/6496
f 3687/5084/6509 3689/5074/6505 3690/5061/6508 3688/5073/6510
f 3510/5045/6335 3455/5059/6316 3682/5072/6463 3691/5060/6511
f 3682/5072/6463 3676/5083/6496 3688/5073/6510 3691/5060/6511
f 3686/5047/6507 3692/5030/6503 3693/5046/6504 3690/5061/6508
f 3693/5046/6504 3691/5060/6511 3688/5073/6510 3690/5061/6508
f 3512/5029/6331 3510/5045/6335 3691/5060/6511 3693/5046/6504
f 3697/5032/6512 3684/5012/6513 3694/4991/6514 3698/5011/6515
f 3685/5062/6506 3695/5048/6516 3696/5031/6517 3686/5047/6507
f 3695/5048/6516 3697/5032/6512 3698/5011/6515 3696/5031/6517
f 3520/4989/6343 3507/5009/6332 3692/5030/6503 3699/5010/6518
f 3692/5030/6503 3686/5047/6507 3696/5031/6517 3699/5010/6518
f 3694/4991/6514 3700/4969/6501 3701/4990/6502 3698/5011/6515
f 3701/4990/6502 3699/5010/6518 3696/5031/6517 3698/5011/6515
f 3522/4968/6339 3520/4989/6343 3699/5010/6518 3701/4990/6502
f 3709/4918/6519 3529/4904/6352 3534/4917/6351 3710/4933/6520
f 3706/4971/6521 3702/4952/6522 3703/4934/6523 3707/4951/6524
f 3684/5012/6513 3704/4992/6525 3705/4970/6526 3694/4991/6514
f 3704/4992/6525 3706/4971/6521 3707/4951/6524 3705/4970/6526
f 3532/4932/6355 3505/4949/6340 3700/4969/6501 3708/4950/6527
f 3700/4969/6501 3694/4991/6514 3705/4970/6526 3708/4950/6527
f 3703/4934/6523 3709/4918/6519 3710/4933/6520 3707/4951/6524
f 3710/4933/6520 3708/4950/6527 3705/4970/6526 3707/4951/6524
f 3534/4917/6351 3532/4932/6355 3708/4950/6527 3710/4933/6520
f 3713/4920/6528 3645/4921/6473 3650/4906/6476 3714/4907/6529
f 3702/4952/6522 3711/4935/6530 3712/4919/6531 3703/4934/6523
f 3711/4935/6530 3713/4920/6528 3714/4907/6529 3712/4919/6531
f 3541/4893/6361 3529/4904/6352 3709/4918/6519 3715/4905/6532
f 3709/4918/6519 3703/4934/6523 3712/4919/6531 3715/4905/6532
f 3650/4906/6476 3655/4894/6461 3716/4895/6462 3714/4907/6529
f 3716/4895/6462 3715/4905/6532 3712/4919/6531 3714/4907/6529
f 3543/4884/6359 3541/4893/6361 3715/4905/6532 3716/4895/6462
s 41
f 3726/5108/6533 3787/5111/6534 3788/5110/6535 3717/5109/6536
f 3753/5195/6537 3754/5193/6538 3755/5192/6539 3718/5194/6540
f 3736/5152/6541 3737/5145/6542 3738/5144/6543 3719/5153/6544
f 3728/5128/6545 3729/5120/6546 3730/5119/6547 3720/5129/6548
f 3568/5134/6549 3724/5127/6550 3721/5135/6551 3556/5142/6552
f 3550/5125/6553 3722/5116/6554 3723/5118/6555 3563/5126/6556
f 3563/5126/6556 3723/5118/6555 3724/5127/6550 3568/5134/6549
f 3725/5112/6557 3727/5113/6558 3726/5108/6533 3717/5109/6536
f 3726/5108/6533 3727/5113/6558 3723/5118/6555 3722/5116/6554
f 3721/5135/6551 3724/5127/6550 3729/5120/6546 3728/5128/6545
f 3729/5120/6546 3724/5127/6550 3723/5118/6555 3727/5113/6558
f 3730/5119/6547 3729/5120/6546 3727/5113/6558 3725/5112/6557
f 3578/5158/6559 3733/5151/6560 3731/5159/6561 3554/5166/6562
f 3556/5142/6552 3721/5135/6551 3732/5143/6563 3574/5150/6564
f 3574/5150/6564 3732/5143/6563 3733/5151/6560 3578/5158/6559
f 3734/5136/6565 3735/5137/6566 3728/5128/6545 3720/5129/6548
f 3728/5128/6545 3735/5137/6566 3732/5143/6563 3721/5135/6551
f 3731/5159/6561 3733/5151/6560 3737/5145/6542 3736/5152/6541
f 3737/5145/6542 3733/5151/6560 3732/5143/6563 3735/5137/6566
f 3738/5144/6543 3737/5145/6542 3735/5137/6566 3734/5136/6565
f 3745/5176/6567 3746/5169/6568 3747/5168/6569 3739/5177/6570
f 3590/5182/6571 3742/5175/6572 3740/5183/6573 3580/5190/6574
f 3554/5166/6562 3731/5159/6561 3741/5167/6575 3586/5174/6576
f 3586/5174/6576 3741/5167/6575 3742/5175/6572 3590/5182/6571
f 3743/5160/6577 3744/5161/6578 3736/5152/6541 3719/5153/6544
f 3736/5152/6541 3744/5161/6578 3741/5167/6575 3731/5159/6561
f 3740/5183/6573 3742/5175/6572 3746/5169/6568 3745/5176/6567
f 3746/5169/6568 3742/5175/6572 3741/5167/6575 3744/5161/6578
f 3747/5168/6569 3746/5169/6568 3744/5161/6578 3743/5160/6577
f 3600/5202/6579 3750/5199/6580 3748/5200/6581 3552/5203/6582
f 3580/5190/6574 3740/5183/6573 3749/5191/6583 3596/5198/6584
f 3596/5198/6584 3749/5191/6583 3750/5199/6580 3600/5202/6579
f 3751/5184/6585 3752/5185/6586 3745/5176/6567 3739/5177/6570
f 3745/5176/6567 3752/5185/6586 3749/5191/6583 3740/5183/6573
f 3748/5200/6581 3750/5199/6580 3754/5193/6538 3753/5195/6537
f 3754/5193/6538 3750/5199/6580 3749/5191/6583 3752/5185/6586
f 3755/5192/6539 3754/5193/6538 3752/5185/6586 3751/5184/6585
f 3771/5147/6587 3772/5155/6588 3773/5154/6589 3756/5146/6590
f 3763/5171/6591 3764/5179/6592 3765/5178/6593 3757/5170/6594
f 3614/5197/6595 3760/5188/6596 3758/5180/6597 3604/5189/6598
f 3552/5203/6582 3748/5200/6581 3759/5196/6599 3610/5201/6600
f 3610/5201/6600 3759/5196/6599 3760/5188/6596 3614/5197/6595
f 3761/5186/6601 3762/5187/6602 3753/5195/6537 3718/5194/6540
f 3753/5195/6537 3762/5187/6602 3759/5196/6599 3748/5200/6581
f 3758/5180/6597 3760/5188/6596 3764/5179/6592 3763/5171/6591
f 3764/5179/6592 3760/5188/6596 3759/5196/6599 3762/5187/6602
f 3765/5178/6593 3764/5179/6592 3762/5187/6602 3761/5186/6601
f 3624/5173/6603 3768/5164/6604 3766/5156/6605 3602/5165/6606
f 3604/5189/6598 3758/5180/6597 3767/5172/6607 3620/5181/6608
f 3620/5181/6608 3767/5172/6607 3768/5164/6604 3624/5173/6603
f 3769/5162/6609 3770/5163/6610 3763/5171/6591 3757/5170/6594
f 3763/5171/6591 3770/5163/6610 3767/5172/6607 3758/5180/6597
f 3766/5156/6605 3768/5164/6604 3772/5155/6588 3771/5147/6587
f 3772/5155/6588 3768/5164/6604 3767/5172/6607 3770/5163/6610
f 3773/5154/6589 3772/5155/6588 3770/5163/6610 3769/5162/6609
f 3780/5122/6611 3781/5131/6612 3782/5130/6613 3774/5121/6614
f 3636/5149/6615 3777/5140/6616 3775/5132/6617 3626/5141/6618
f 3602/5165/6606 3766/5156/6605 3776/5148/6619 3632/5157/6620
f 3632/5157/6620 3776/5148/6619 3777/5140/6616 3636/5149/6615
f 3778/5138/6621 3779/5139/6622 3771/5147/6587 3756/5146/6590
f 3771/5147/6587 3779/5139/6622 3776/5148/6619 3766/5156/6605
f 3775/5132/6617 3777/5140/6616 3781/5131/6612 3780/5122/6611
f 3781/5131/6612 3777/5140/6616 3776/5148/6619 3779/5139/6622
f 3782/5130/6613 3781/5131/6612 3779/5139/6622 3778/5138/6621
f 3644/5124/6623 3784/5117/6624 3722/5116/6554 3550/5125/6553
f 3626/5141/6618 3775/5132/6617 3783/5123/6625 3641/5133/6626
f 3641/5133/6626 3783/5123/6625 3784/5117/6624 3644/5124/6623
f 3785/5114/6627 3786/5115/6628 3780/5122/6611 3774/5121/6614
f 3780/5122/6611 3786/5115/6628 3783/5123/6625 3775/5132/6617
f 3722/5116/6554 3784/5117/6624 3787/5111/6534 3726/5108/6533
f 3787/5111/6534 3784/5117/6624 3783/5123/6625 3786/5115/6628
f 3788/5110/6535 3787/5111/6534 3786/5115/6628 3785/5114/6627
s 1
f 3793/4936/6629 3645/4921/6473 3713/4920/6528 3836/4937/6630
f 3813/5099/6631 3646/5092/6495 3679/5091/6494 3814/5098/6632
f 3801/5038/6633 3647/5019/6479 3662/4999/6478 3802/5018/6634
f 3795/4978/6635 3648/4958/6470 3653/4939/6469 3796/4957/6636
f 3561/4996/6637 3555/5016/6638 3789/4997/6639 3792/4977/6640
f 3549/4975/6641 3559/4976/6642 3791/4956/6643 3790/4954/6644
f 3559/4976/6642 3561/4996/6637 3792/4977/6640 3791/4956/6643
f 3651/4922/6474 3645/4921/6473 3793/4936/6629 3794/4938/6645
f 3793/4936/6629 3790/4954/6644 3791/4956/6643 3794/4938/6645
f 3789/4997/6639 3795/4978/6635 3796/4957/6636 3792/4977/6640
f 3796/4957/6636 3794/4938/6645 3791/4956/6643 3792/4977/6640
f 3653/4939/6469 3651/4922/6474 3794/4938/6645 3796/4957/6636
f 3572/5052/6646 3553/5066/6647 3797/5053/6648 3799/5037/6649
f 3555/5016/6638 3570/5036/6650 3798/5017/6651 3789/4997/6639
f 3570/5036/6650 3572/5052/6646 3799/5037/6649 3798/5017/6651
f 3660/4979/6482 3648/4958/6470 3795/4978/6635 3800/4998/6652
f 3795/4978/6635 3789/4997/6639 3798/5017/6651 3800/4998/6652
f 3797/5053/6648 3801/5038/6633 3802/5018/6634 3799/5037/6649
f 3802/5018/6634 3800/4998/6652 3798/5017/6651 3799/5037/6649
f 3662/4999/6478 3660/4979/6482 3800/4998/6652 3802/5018/6634
f 3807/5080/6653 3667/5069/6488 3671/5055/6487 3808/5068/6654
f 3584/5088/6655 3579/5096/6656 3803/5089/6657 3805/5079/6658
f 3553/5066/6647 3582/5078/6659 3804/5067/6660 3797/5053/6648
f 3582/5078/6659 3584/5088/6655 3805/5079/6658 3804/5067/6660
f 3669/5039/6491 3647/5019/6479 3801/5038/6633 3806/5054/6661
f 3801/5038/6633 3797/5053/6648 3804/5067/6660 3806/5054/6661
f 3803/5089/6657 3807/5080/6653 3808/5068/6654 3805/5079/6658
f 3808/5068/6654 3806/5054/6661 3804/5067/6660 3805/5079/6658
f 3671/5055/6487 3669/5039/6491 3806/5054/6661 3808/5068/6654
f 3594/5106/6662 3551/5107/6663 3809/5104/6664 3811/5103/6665
f 3579/5096/6656 3592/5102/6666 3810/5097/6667 3803/5089/6657
f 3592/5102/6666 3594/5106/6662 3811/5103/6665 3810/5097/6667
f 3677/5081/6498 3667/5069/6488 3807/5080/6653 3812/5090/6668
f 3807/5080/6653 3803/5089/6657 3810/5097/6667 3812/5090/6668
f 3809/5104/6664 3813/5099/6631 3814/5098/6632 3811/5103/6665
f 3814/5098/6632 3812/5090/6668 3810/5097/6667 3811/5103/6665
f 3679/5091/6494 3677/5081/6498 3812/5090/6668 3814/5098/6632
f 3825/5033/6669 3684/5012/6513 3697/5032/6512 3826/5049/6670
f 3819/5075/6671 3685/5062/6506 3689/5074/6505 3820/5085/6672
f 3608/5101/6673 3603/5095/6674 3815/5086/6675 3817/5094/6676
f 3551/5107/6663 3606/5105/6677 3816/5100/6678 3809/5104/6664
f 3606/5105/6677 3608/5101/6673 3817/5094/6676 3816/5100/6678
f 3687/5084/6509 3646/5092/6495 3813/5099/6631 3818/5093/6679
f 3813/5099/6631 3809/5104/6664 3816/5100/6678 3818/5093/6679
f 3815/5086/6675 3819/5075/6671 3820/5085/6672 3817/5094/6676
f 3820/5085/6672 3818/5093/6679 3816/5100/6678 3817/5094/6676
f 3689/5074/6505 3687/5084/6509 3818/5093/6679 3820/5085/6672
f 3618/5077/6680 3601/5065/6681 3821/5050/6682 3823/5064/6683
f 3603/5095/6674 3616/5087/6684 3822/5076/6685 3815/5086/6675
f 3616/5087/6684 3618/5077/6680 3823/5064/6683 3822/5076/6685
f 3695/5048/6516 3685/5062/6506 3819/5075/6671 3824/5063/6686
f 3819/5075/6671 3815/5086/6675 3822/5076/6685 3824/5063/6686
f 3821/5050/6682 3825/5033/6669 3826/5049/6670 3823/5064/6683
f 3826/5049/6670 3824/5063/6686 3822/5076/6685 3823/5064/6683
f 3697/5032/6512 3695/5048/6516 3824/5063/6686 3826/5049/6670
f 3831/4972/6687 3702/4952/6522 3706/4971/6521 3832/4993/6688
f 3630/5035/6689 3625/5015/6690 3827/4994/6691 3829/5014/6692
f 3601/5065/6681 3628/5051/6693 3828/5034/6694 3821/5050/6682
f 3628/5051/6693 3630/5035/6689 3829/5014/6692 3828/5034/6694
f 3704/4992/6525 3684/5012/6513 3825/5033/6669 3830/5013/6695
f 3825/5033/6669 3821/5050/6682 3828/5034/6694 3830/5013/6695
f 3827/4994/6691 3831/4972/6687 3832/4993/6688 3829/5014/6692
f 3832/4993/6688 3830/5013/6695 3828/5034/6694 3829/5014/6692
f 3706/4971/6521 3704/4992/6525 3830/5013/6695 3832/4993/6688
f 3639/4974/6696 3549/4975/6641 3790/4954/6644 3834/4955/6697
f 3625/5015/6690 3637/4995/6698 3833/4973/6699 3827/4994/6691
f 3637/4995/6698 3639/4974/6696 3834/4955/6697 3833/4973/6699
f 3711/4935/6530 3702/4952/6522 3831/4972/6687 3835/4953/6700
f 3831/4972/6687 3827/4994/6691 3833/4973/6699 3835/4953/6700
f 3790/4954/6644 3793/4936/6629 3836/4937/6630 3834/4955/6697
f 3836/4937/6630 3835/4953/6700 3833/4973/6699 3834/4955/6697
f 3713/4920/6528 3711/4935/6530 3835/4953/6700 3836/4937/6630
s 64
f 3852/5204/6701 3931/5205/6702 3932/5206/6703 3838/5207/6704
f 3886/5358/6705 3887/5363/6706 3888/5362/6707 3840/5359/6708
f 3864/5282/6709 3865/5267/6710 3866/5266/6711 3842/5283/6712
f 3854/5236/6713 3855/5225/6714 3856/5224/6715 3844/5237/6716
f 3849/5240/6717 3850/5231/6718 3845/5245/6719 3843/5255/6720
f 3837/5217/6721 3846/5208/6722 3848/5219/6723 3847/5227/6724
f 3847/5227/6724 3848/5219/6723 3850/5231/6718 3849/5240/6717
f 3851/5214/6725 3853/5215/6726 3852/5204/6701 3838/5207/6704
f 3852/5204/6701 3853/5215/6726 3848/5219/6723 3846/5208/6722
f 3845/5245/6719 3850/5231/6718 3855/5225/6714 3854/5236/6713
f 3855/5225/6714 3850/5231/6718 3848/5219/6723 3853/5215/6726
f 3856/5224/6715 3855/5225/6714 3853/5215/6726 3851/5214/6725
f 3860/5288/6727 3861/5277/6728 3857/5293/6729 3841/5304/6730
f 3843/5255/6720 3845/5245/6719 3859/5261/6731 3858/5272/6732
f 3858/5272/6732 3859/5261/6731 3861/5277/6728 3860/5288/6727
f 3862/5250/6733 3863/5251/6734 3854/5236/6713 3844/5237/6716
f 3854/5236/6713 3863/5251/6734 3859/5261/6731 3845/5245/6719
f 3857/5293/6729 3861/5277/6728 3865/5267/6710 3864/5282/6709
f 3865/5267/6710 3861/5277/6728 3859/5261/6731 3863/5251/6734
f 3866/5266/6711 3865/5267/6710 3863/5251/6734 3862/5250/6733
f 3876/5330/6735 3877/5315/6736 3878/5314/6737 3868/5331/6738
f 3872/5336/6739 3873/5325/6740 3869/5341/6741 3867/5352/6742
f 3841/5304/6730 3857/5293/6729 3871/5309/6743 3870/5320/6744
f 3870/5320/6744 3871/5309/6743 3873/5325/6740 3872/5336/6739
f 3874/5298/6745 3875/5299/6746 3864/5282/6709 3842/5283/6712
f 3864/5282/6709 3875/5299/6746 3871/5309/6743 3857/5293/6729
f 3869/5341/6741 3873/5325/6740 3877/5315/6736 3876/5330/6735
f 3877/5315/6736 3873/5325/6740 3871/5309/6743 3875/5299/6746
f 3878/5314/6737 3877/5315/6736 3875/5299/6746 3874/5298/6745
f 3882/5380/6747 3883/5373/6748 3879/5372/6749 3839/5376/6750
f 3867/5352/6742 3869/5341/6741 3881/5357/6751 3880/5368/6752
f 3880/5368/6752 3881/5357/6751 3883/5373/6748 3882/5380/6747
f 3884/5346/6753 3885/5347/6754 3876/5330/6735 3868/5331/6738
f 3876/5330/6735 3885/5347/6754 3881/5357/6751 3869/5341/6741
f 3879/5372/6749 3883/5373/6748 3887/5363/6706 3886/5358/6705
f 3887/5363/6706 3883/5373/6748 3881/5357/6751 3885/5347/6754
f 3888/5362/6707 3887/5363/6706 3885/5347/6754 3884/5346/6753
f 3910/5262/6755 3911/5278/6756 3912/5279/6757 3890/5263/6758
f 3900/5310/6759 3901/5326/6760 3902/5327/6761 3892/5311/6762
f 3896/5348/6763 3897/5340/6764 3893/5324/6765 3891/5332/6766
f 3839/5376/6750 3879/5372/6749 3895/5356/6767 3894/5364/6768
f 3894/5364/6768 3895/5356/6767 3897/5340/6764 3896/5348/6763
f 3898/5343/6769 3899/5342/6770 3886/5358/6705 3840/5359/6708
f 3886/5358/6705 3899/5342/6770 3895/5356/6767 3879/5372/6749
f 3893/5324/6765 3897/5340/6764 3901/5326/6760 3900/5310/6759
f 3901/5326/6760 3897/5340/6764 3895/5356/6767 3899/5342/6770
f 3902/5327/6761 3901/5326/6760 3899/5342/6770 3898/5343/6769
f 3906/5300/6771 3907/5292/6772 3903/5276/6773 3889/5284/6774
f 3891/5332/6766 3893/5324/6765 3905/5308/6775 3904/5316/6776
f 3904/5316/6776 3905/5308/6775 3907/5292/6772 3906/5300/6771
f 3908/5295/6777 3909/5294/6778 3900/5310/6759 3892/5311/6762
f 3900/5310/6759 3909/5294/6778 3905/5308/6775 3893/5324/6765
f 3903/5276/6773 3907/5292/6772 3911/5278/6756 3910/5262/6755
f 3911/5278/6756 3907/5292/6772 3905/5308/6775 3909/5294/6778
f 3912/5279/6757 3911/5278/6756 3909/5294/6778 3908/5295/6777
f 3922/5220/6779 3923/5232/6780 3924/5233/6781 3914/5221/6782
f 3918/5252/6783 3919/5244/6784 3915/5230/6785 3913/5238/6786
f 3889/5284/6774 3903/5276/6773 3917/5260/6787 3916/5268/6788
f 3916/5268/6788 3917/5260/6787 3919/5244/6784 3918/5252/6783
f 3920/5247/6789 3921/5246/6790 3910/5262/6755 3890/5263/6758
f 3910/5262/6755 3921/5246/6790 3917/5260/6787 3903/5276/6773
f 3915/5230/6785 3919/5244/6784 3923/5232/6780 3922/5220/6779
f 3923/5232/6780 3919/5244/6784 3917/5260/6787 3921/5246/6790
f 3924/5233/6781 3923/5232/6780 3921/5246/6790 3920/5247/6789
f 3927/5216/6791 3928/5209/6792 3846/5208/6722 3837/5217/6721
f 3913/5238/6786 3915/5230/6785 3926/5218/6793 3925/5226/6794
f 3925/5226/6794 3926/5218/6793 3928/5209/6792 3927/5216/6791
f 3929/5211/6795 3930/5210/6796 3922/5220/6779 3914/5221/6782
f 3922/5220/6779 3930/5210/6796 3926/5218/6793 3915/5230/6785
f 3846/5208/6722 3928/5209/6792 3931/5205/6702 3852/5204/6701
f 3931/5205/6702 3928/5209/6792 3926/5218/6793 3930/5210/6796
f 3932/5206/6703 3931/5205/6702 3930/5210/6796 3929/5211/6795
f 3937/5228/6797 3980/5229/6798 3927/5216/6791 3837/5217/6721
f 3957/5384/6799 3958/5387/6800 3882/5380/6747 3839/5376/6750
f 3945/5321/6801 3946/5305/6802 3860/5288/6727 3841/5304/6730
f 3939/5273/6803 3940/5256/6804 3849/5240/6717 3843/5255/6720
f 3730/5291/6805 3936/5274/6806 3933/5290/6807 3720/5307/6808
f 3717/5259/6809 3934/5242/6810 3935/5257/6811 3725/5275/6812
f 3725/5275/6812 3935/5257/6811 3936/5274/6806 3730/5291/6805
f 3847/5227/6724 3938/5241/6813 3937/5228/6797 3837/5217/6721
f 3937/5228/6797 3938/5241/6813 3935/5257/6811 3934/5242/6810
f 3933/5290/6807 3936/5274/6806 3940/5256/6804 3939/5273/6803
f 3940/5256/6804 3936/5274/6806 3935/5257/6811 3938/5241/6813
f 3849/5240/6717 3940/5256/6804 3938/5241/6813 3847/5227/6724
f 3738/5339/6814 3943/5322/6815 3941/5338/6816 3719/5355/6817
f 3720/5307/6808 3933/5290/6807 3942/5306/6818 3734/5323/6819
f 3734/5323/6819 3942/5306/6818 3943/5322/6815 3738/5339/6814
f 3858/5272/6732 3944/5289/6820 3939/5273/6803 3843/5255/6720
f 3939/5273/6803 3944/5289/6820 3942/5306/6818 3933/5290/6807
f 3941/5338/6816 3943/5322/6815 3946/5305/6802 3945/5321/6801
f 3946/5305/6802 3943/5322/6815 3942/5306/6818 3944/5289/6820
f 3860/5288/6727 3946/5305/6802 3944/5289/6820 3858/5272/6732
f 3951/5369/6821 3952/5353/6822 3872/5336/6739 3867/5352/6742
f 3747/5383/6823 3949/5370/6824 3947/5382/6825 3739/5389/6826
f 3719/5355/6817 3941/5338/6816 3948/5354/6827 3743/5371/6828
f 3743/5371/6828 3948/5354/6827 3949/5370/6824 3747/5383/6823
f 3870/5320/6744 3950/5337/6829 3945/5321/6801 3841/5304/6730
f 3945/5321/6801 3950/5337/6829 3948/5354/6827 3941/5338/6816
f 3947/5382/6825 3949/5370/6824 3952/5353/6822 3951/5369/6821
f 3952/5353/6822 3949/5370/6824 3948/5354/6827 3950/5337/6829
f 3872/5336/6739 3952/5353/6822 3950/5337/6829 3870/5320/6744
f 3755/5395/6830 3955/5392/6831 3953/5390/6832 3718/5394/6833
f 3739/5389/6826 3947/5382/6825 3954/5388/6834 3751/5393/6835
f 3751/5393/6835 3954/5388/6834 3955/5392/6831 3755/5395/6830
f 3880/5368/6752 3956/5381/6836 3951/5369/6821 3867/5352/6742
f 3951/5369/6821 3956/5381/6836 3954/5388/6834 3947/5382/6825
f 3953/5390/6832 3955/5392/6831 3958/5387/6800 3957/5384/6799
f 3958/5387/6800 3955/5392/6831 3954/5388/6834 3956/5381/6836
f 3882/5380/6747 3958/5387/6800 3956/5381/6836 3880/5368/6752
f 3969/5301/6837 3970/5317/6838 3906/5300/6771 3889/5284/6774
f 3963/5349/6839 3964/5365/6840 3896/5348/6763 3891/5332/6766
f 3765/5386/6841 3961/5378/6842 3959/5366/6843 3757/5379/6844
f 3718/5394/6833 3953/5390/6832 3960/5385/6845 3761/5391/6846
f 3761/5391/6846 3960/5385/6845 3961/5378/6842 3765/5386/6841
f 3894/5364/6768 3962/5377/6847 3957/5384/6799 3839/5376/6750
f 3957/5384/6799 3962/5377/6847 3960/5385/6845 3953/5390/6832
f 3959/5366/6843 3961/5378/6842 3964/5365/6840 3963/5349/6839
f 3964/5365/6840 3961/5378/6842 3960/5385/6845 3962/5377/6847
f 3896/5348/6763 3964/5365/6840 3962/5377/6847 3894/5364/6768
f 3773/5351/6848 3967/5334/6849 3965/5318/6850 3756/5335/6851
f 3757/5379/6844 3959/5366/6843 3966/5350/6852 3769/5367/6853
f 3769/5367/6853 3966/5350/6852 3967/5334/6849 3773/5351/6848
f 3904/5316/6776 3968/5333/6854 3963/5349/6839 3891/5332/6766
f 3963/5349/6839 3968/5333/6854 3966/5350/6852 3959/5366/6843
f 3965/5318/6850 3967/5334/6849 3970/5317/6838 3969/5301/6837
f 3970/5317/6838 3967/5334/6849 3966/5350/6852 3968/5333/6854
f 3906/5300/6771 3970/5317/6838 3968/5333/6854 3904/5316/6776
f 3975/5253/6855 3976/5269/6856 3918/5252/6783 3913/5238/6786
f 3782/5303/6857 3973/5286/6858 3971/5270/6859 3774/5287/6860
f 3756/5335/6851 3965/5318/6850 3972/5302/6861 3778/5319/6862
f 3778/5319/6862 3972/5302/6861 3973/5286/6858 3782/5303/6857
f 3916/5268/6788 3974/5285/6863 3969/5301/6837 3889/5284/6774
f 3969/5301/6837 3974/5285/6863 3972/5302/6861 3965/5318/6850
f 3971/5270/6859 3973/5286/6858 3976/5269/6856 3975/5253/6855
f 3976/5269/6856 3973/5286/6858 3972/5302/6861 3974/5285/6863
f 3918/5252/6783 3976/5269/6856 3974/5285/6863 3916/5268/6788
f 3788/5258/6864 3978/5243/6865 3934/5242/6810 3717/5259/6809
f 3774/5287/6860 3971/5270/6859 3977/5254/6866 3785/5271/6867
f 3785/5271/6867 3977/5254/6866 3978/5243/6865 3788/5258/6864
f 3925/5226/6794 3979/5239/6868 3975/5253/6855 3913/5238/6786
f 3975/5253/6855 3979/5239/6868 3977/5254/6866 3971/5270/6859
f 3934/5242/6810 3978/5243/6865 3980/5229/6798 3937/5228/6797
f 3980/5229/6798 3978/5243/6865 3977/5254/6866 3979/5239/6868
f 3927/5216/6791 3980/5229/6798 3979/5239/6868 3925/5226/6794
s 88
f 3838/5207/6869 3932/5206/6870 3982/5212/6871 3981/5213/6872
f 3840/5359/6873 3888/5362/6874 3984/5375/6875 3983/5374/6876
f 3842/5283/6877 3866/5266/6878 3986/5281/6879 3985/5297/6880
f 3844/5237/6881 3856/5224/6882 3988/5235/6883 3987/5249/6884
f 3851/5214/6885 3838/5207/6869 3981/5213/6872 3989/5223/6886
f 3856/5224/6882 3851/5214/6885 3989/5223/6886 3988/5235/6883
f 3862/5250/6887 3844/5237/6881 3987/5249/6884 3990/5265/6888
f 3866/5266/6878 3862/5250/6887 3990/5265/6888 3986/5281/6879
f 3868/5331/6889 3878/5314/6890 3992/5329/6891 3991/5345/6892
f 3874/5298/6893 3842/5283/6877 3985/5297/6880 3993/5313/6894
f 3878/5314/6890 3874/5298/6893 3993/5313/6894 3992/5329/6891
f 3884/5346/6895 3868/5331/6889 3991/5345/6892 3994/5361/6896
f 3888/5362/6874 3884/5346/6895 3994/5361/6896 3984/5375/6875
f 3890/5263/6897 3912/5279/6898 3996/5296/6899 3995/5280/6900
f 3892/5311/6901 3902/5327/6902 3998/5344/6903 3997/5328/6904
f 3898/5343/6905 3840/5359/6873 3983/5374/6876 3999/5360/6906
f 3902/5327/6902 3898/5343/6905 3999/5360/6906 3998/5344/6903
f 3908/5295/6907 3892/5311/6901 3997/5328/6904 4000/5312/6908
f 3912/5279/6898 3908/5295/6907 4000/5312/6908 3996/5296/6899
f 3914/5221/6909 3924/5233/6910 4002/5248/6911 4001/5234/6912
f 3920/5247/6913 3890/5263/6897 3995/5280/6900 4003/5264/6914
f 3924/5233/6910 3920/5247/6913 4003/5264/6914 4002/5248/6911
f 3929/5211/6915 3914/5221/6909 4001/5234/6912 4004/5222/6916
f 3932/5206/6870 3929/5211/6915 4004/5222/6916 3982/5212/6871
s 96
f 3981/5649/6917 3982/5650/6918 4006/5651/6919 4005/5652/6920
f 3983/5657/6921 3984/5658/6922 4008/5659/6923 4007/5660/6924
f 3985/4750/6925 3986/4751/6926 4010/4752/6927 4009/4753/6928
f 3987/4758/6929 3988/4762/6930 4012/4763/6931 4011/4759/6932
f 3989/5655/6933 3981/5649/6917 4005/5652/6920 4013/5656/6934
f 3988/4762/6930 3989/5655/6933 4013/5656/6934 4012/4763/6931
f 3990/4754/6935 3987/4758/6929 4011/4759/6932 4014/4755/6936
f 3986/4751/6926 3990/4754/6935 4014/4755/6936 4010/4752/6927
f 3991/4764/6937 3992/4760/6938 4016/4761/6939 4015/4765/6940
f 3993/4756/6941 3985/4750/6925 4009/4753/6928 4017/4757/6942
f 3992/4760/6938 3993/4756/6941 4017/4757/6942 4016/4761/6939
f 3994/4766/6943 3991/4764/6937 4015/4765/6940 4018/4767/6944
f 3984/5658/6922 3994/4766/6943 4018/4767/6944 4008/5659/6923
f 3995/4768/6945 3996/4769/6946 4020/4770/6947 4019/4771/6948
f 3997/4776/6949 3998/4780/6950 4022/4781/6951 4021/4777/6952
f 3999/5661/6953 3983/5657/6921 4007/5660/6924 4023/5662/6954
f 3998/4780/6950 3999/5661/6953 4023/5662/6954 4022/4781/6951
f 4000/4772/6955 3997/4776/6949 4021/4777/6952 4024/4773/6956
f 3996/4769/6946 4000/4772/6955 4024/4773/6956 4020/4770/6947
f 4001/4782/6957 4002/4778/6958 4026/4779/6959 4025/4783/6960
f 4003/4774/6961 3995/4768/6945 4019/4771/6948 4027/4775/6962
f 4002/4778/6958 4003/4774/6961 4027/4775/6962 4026/4779/6959
f 4004/4784/6963 4001/4782/6957 4025/4783/6960 4028/4785/6964
f 3982/5650/6918 4004/5653/6963 4028/5654/6964 4006/5651/6919
s 104
f 4005/5396/6965 4006/5397/6966 4030/5398/6967 4029/5399/6968
f 4007/5530/6969 4008/5544/6970 4032/5545/6971 4031/5531/6972
f 4009/5464/6973 4010/5448/6974 4034/5449/6975 4033/5465/6976
f 4011/5422/6977 4012/5412/6978 4036/5413/6979 4035/5423/6980
f 4013/5404/6981 4005/5396/6965 4029/5399/6968 4037/5405/6982
f 4012/5412/6978 4013/5404/6981 4037/5405/6982 4036/5413/6979
f 4014/5434/6983 4011/5422/6977 4035/5423/6980 4038/5435/6984
f 4010/5448/6974 4014/5434/6983 4038/5435/6984 4034/5449/6975
f 4015/5512/6985 4016/5496/6986 4040/5497/6987 4039/5513/6988
f 4017/5480/6989 4009/5464/6973 4033/5465/6976 4041/5481/6990
f 4016/5496/6986 4017/5480/6989 4041/5481/6990 4040/5497/6987
f 4018/5528/6991 4015/5512/6985 4039/5513/6988 4042/5529/6992
f 4008/5544/6970 4018/5528/6991 4042/5529/6992 4032/5545/6971
f 4019/5436/6993 4020/5450/6994 4044/5451/6995 4043/5437/6996
f 4021/5482/6997 4022/5498/6998 4046/5499/6999 4045/5483/7000
f 4023/5514/7001 4007/5530/6969 4031/5531/6972 4047/5515/7002
f 4022/5498/6998 4023/5514/7001 4047/5515/7002 4046/5499/6999
f 4024/5466/7003 4021/5482/6997 4045/5483/7000 4048/5467/7004
f 4020/5450/6994 4024/5466/7003 4048/5467/7004 4044/5451/6995
f 4025/5406/7005 4026/5414/7006 4050/5415/7007 4049/5407/7008
f 4027/5424/7009 4019/5436/6993 4043/5437/6996 4051/5425/7010
f 4026/5414/7006 4027/5424/7009 4051/5425/7010 4050/5415/7007
f 4028/5400/7011 4025/5406/7005 4049/5407/7008 4052/5401/7012
f 4006/5397/6966 4028/5400/7011 4052/5401/7012 4030/5398/6967
s 112
f 4029/5399/7013 4030/5398/7014 4054/5402/7015 4053/5403/7016
f 4031/5531/7017 4032/5545/7018 4056/5557/7019 4055/5546/7020
f 4033/5465/7021 4034/5449/7022 4058/5463/7023 4057/5479/7024
f 4035/5423/7025 4036/5413/7026 4060/5421/7027 4059/5433/7028
f 4037/5405/7029 4029/5399/7013 4053/5403/7016 4061/5411/7030
f 4036/5413/7026 4037/5405/7029 4061/5411/7030 4060/5421/7027
f 4038/5435/7031 4035/5423/7025 4059/5433/7028 4062/5447/7032
f 4034/5449/7022 4038/5435/7031 4062/5447/7032 4058/5463/7023
f 4039/5513/7033 4040/5497/7034 4064/5511/7035 4063/5527/7036
f 4041/5481/7037 4033/5465/7021 4057/5479/7024 4065/5495/7038
f 4040/5497/7034 4041/5481/7037 4065/5495/7038 4064/5511/7035
f 4042/5529/7039 4039/5513/7033 4063/5527/7036 4066/5543/7040
f 4032/5545/7018 4042/5529/7039 4066/5543/7040 4056/5557/7019
f 4043/5437/7041 4044/5451/7042 4068/5468/7043 4067/5452/7044
f 4045/5483/7045 4046/5499/7046 4070/5516/7047 4069/5500/7048
f 4047/5515/7049 4031/5531/7017 4055/5546/7020 4071/5532/7050
f 4046/5499/7046 4047/5515/7049 4071/5532/7050 4070/5516/7047
f 4048/5467/7051 4045/5483/7045 4069/5500/7048 4072/5484/7052
f 4044/5451/7042 4048/5467/7051 4072/5484/7052 4068/5468/7043
f 4049/5407/7053 4050/5415/7054 4074/5426/7055 4073/5416/7056
f 4051/5425/7057 4043/5437/7041 4067/5452/7044 4075/5438/7058
f 4050/5415/7054 4051/5425/7057 4075/5438/7058 4074/5426/7055
f 4052/5401/7059 4049/5407/7053 4073/5416/7056 4076/5408/7060
f 4030/5398/7014 4052/5401/7059 4076/5408/7060 4054/5402/7015
f 4053/5403/7016 4054/5402/7015 4078/5409/7061 4077/5410/7062
f 4055/5546/7020 4056/5557/7019 4080/5567/7063 4079/5558/7064
f 4057/5479/7024 4058/5463/7023 4082/5478/7065 4081/5494/7066
f 4059/5433/7028 4060/5421/7027 4084/5432/7067 4083/5446/7068
f 4061/5411/7030 4053/5403/7016 4077/5410/7062 4085/5420/7069
f 4060/5421/7027 4061/5411/7030 4085/5420/7069 4084/5432/7067
f 4062/5447/7032 4059/5433/7028 4083/5446/7068 4086/5462/7070
f 4058/5463/7023 4062/5447/7032 4086/5462/7070 4082/5478/7065
f 4063/5527/7036 4064/5511/7035 4088/5526/7071 4087/5542/7072
f 4065/5495/7038 4057/5479/7024 4081/5494/7066 4089/5510/7073
f 4064/5511/7035 4065/5495/7038 4089/5510/7073 4088/5526/7071
f 4066/5543/7040 4063/5527/7036 4087/5542/7072 4090/5556/7074
f 4056/5557/7019 4066/5543/7040 4090/5556/7074 4080/5567/7063
f 4067/5452/7044 4068/5468/7043 4092/5485/7075 4091/5469/7076
f 4069/5500/7048 4070/5516/7047 4094/5533/7077 4093/5517/7078
f 4071/5532/7050 4055/5546/7020 4079/5558/7064 4095/5547/7079
f 4070/5516/7047 4071/5532/7050 4095/5547/7079 4094/5533/7077
f 4072/5484/7052 4069/5500/7048 4093/5517/7078 4096/5501/7080
f 4068/5468/7043 4072/5484/7052 4096/5501/7080 4092/5485/7075
f 4073/5416/7056 4074/5426/7055 4098/5439/7081 4097/5427/7082
f 4075/5438/7058 4067/5452/7044 4091/5469/7076 4099/5453/7083
f 4074/5426/7055 4075/5438/7058 4099/5453/7083 4098/5439/7081
f 4076/5408/7060 4073/5416/7056 4097/5427/7082 4100/5417/7084
f 4054/5402/7015 4076/5408/7060 4100/5417/7084 4078/5409/7061
f 4077/5410/7062 4078/5409/7061 4102/5418/7085 4101/5419/7086
f 4079/5558/7064 4080/5567/7063 4104/5575/7087 4103/5568/7088
f 4081/5494/7066 4082/5478/7065 4106/5493/7089 4105/5509/7090
f 4083/5446/7068 4084/5432/7067 4108/5445/7091 4107/5461/7092
f 4085/5420/7069 4077/5410/7062 4101/5419/7086 4109/5431/7093
f 4084/5432/7067 4085/5420/7069 4109/5431/7093 4108/5445/7091
f 4086/5462/7070 4083/5446/7068 4107/5461/7092 4110/5477/7094
f 4082/5478/7065 4086/5462/7070 4110/5477/7094 4106/5493/7089
f 4087/5542/7072 4088/5526/7071 4112/5541/7095 4111/5555/7096
f 4089/5510/7073 4081/5494/7066 4105/5509/7090 4113/5525/7097
f 4088/5526/7071 4089/5510/7073 4113/5525/7097 4112/5541/7095
f 4090/5556/7074 4087/5542/7072 4111/5555/7096 4114/5566/7098
f 4080/5567/7063 4090/5556/7074 4114/5566/7098 4104/5575/7087
f 4091/5469/7076 4092/5485/7075 4116/5502/7099 4115/5486/7100
f 4093/5517/7078 4094/5533/7077 4118/5548/7101 4117/5534/7102
f 4095/5547/7079 4079/5558/7064 4103/5568/7088 4119/5559/7103
f 4094/5533/7077 4095/5547/7079 4119/5559/7103 4118/5548/7101
f 4096/5501/7080 4093/5517/7078 4117/5534/7102 4120/5518/7104
f 4092/5485/7075 4096/5501/7080 4120/5518/7104 4116/5502/7099
f 4097/5427/7082 4098/5439/7081 4122/5454/7105 4121/5440/7106
f 4099/5453/7083 4091/5469/7076 4115/5486/7100 4123/5470/7107
f 4098/5439/7081 4099/5453/7083 4123/5470/7107 4122/5454/7105
f 4100/5417/7084 4097/5427/7082 4121/5440/7106 4124/5428/7108
f 4078/5409/7061 4100/5417/7084 4124/5428/7108 4102/5418/7085
f 4101/5419/7086 4102/5418/7085 4126/5429/7109 4125/5430/7110
f 4103/5568/7088 4104/5575/7087 4128/5581/7111 4127/5576/7112
f 4105/5509/7090 4106/5493/7089 4130/5508/7113 4129/5524/7114
f 4107/5461/7092 4108/5445/7091 4132/5460/7115 4131/5476/7116
f 4109/5431/7093 4101/5419/7086 4125/5430/7110 4133/5444/7117
f 4108/5445/7091 4109/5431/7093 4133/5444/7117 4132/5460/7115
f 4110/5477/7094 4107/5461/7092 4131/5476/7116 4134/5492/7118
f 4106/5493/7089 4110/5477/7094 4134/5492/7118 4130/5508/7113
f 4111/5555/7096 4112/5541/7095 4136/5554/7119 4135/5565/7120
f 4113/5525/7097 4105/5509/7090 4129/5524/7114 4137/5540/7121
f 4112/5541/7095 4113/5525/7097 4137/5540/7121 4136/5554/7119
f 4114/5566/7098 4111/5555/7096 4135/5565/7120 4138/5574/7122
f 4104/5575/7087 4114/5566/7098 4138/5574/7122 4128/5581/7111
f 4115/5486/7100 4116/5502/7099 4140/5519/7123 4139/5503/7124
f 4117/5534/7102 4118/5548/7101 4142/5560/7125 4141/5549/7126
f 4119/5559/7103 4103/5568/7088 4127/5576/7112 4143/5569/7127
f 4118/5548/7101 4119/5559/7103 4143/5569/7127 4142/5560/7125
f 4120/5518/7104 4117/5534/7102 4141/5549/7126 4144/5535/7128
f 4116/5502/7099 4120/5518/7104 4144/5535/7128 4140/5519/7123
f 4121/5440/7106 4122/5454/7105 4146/5471/7129 4145/5455/7130
f 4123/5470/7107 4115/5486/7100 4139/5503/7124 4147/5487/7131
f 4122/5454/7105 4123/5470/7107 4147/5487/7131 4146/5471/7129
f 4124/5428/7108 4121/5440/7106 4145/5455/7130 4148/5441/7132
f 4102/5418/7085 4124/5428/7108 4148/5441/7132 4126/5429/7109
f 4125/5430/7110 4126/5429/7109 4150/5442/7133 4149/5443/7134
f 4127/5576/7112 4128/5581/7111 4152/5585/7135 4151/5582/7136
f 4129/5524/7114 4130/5508/7113 4154/5523/7137 4153/5539/7138
f 4131/5476/7116 4132/5460/7115 4156/5475/7139 4155/5491/7140
f 4133/5444/7117 4125/5430/7110 4149/5443/7134 4157/5459/7141
f 4132/5460/7115 4133/5444/7117 4157/5459/7141 4156/5475/7139
f 4134/5492/7118 4131/5476/7116 4155/5491/7140 4158/5507/7142
f 4130/5508/7113 4134/5492/7118 4158/5507/7142 4154/5523/7137
f 4135/5565/7120 4136/5554/7119 4160/5564/7143 4159/5573/7144
f 4137/5540/7121 4129/5524/7114 4153/5539/7138 4161/5553/7145
f 4136/5554/7119 4137/5540/7121 4161/5553/7145 4160/5564/7143
f 4138/5574/7122 4135/5565/7120 4159/5573/7144 4162/5580/7146
f 4128/5581/7111 4138/5574/7122 4162/5580/7146 4152/5585/7135
f 4139/5503/7124 4140/5519/7123 4164/5536/7147 4163/5520/7148
f 4141/5549/7126 4142/5560/7125 4166/5570/7149 4165/5561/7150
f 4143/5569/7127 4127/5576/7112 4151/5582/7136 4167/5577/7151
f 4142/5560/7125 4143/5569/7127 4167/5577/7151 4166/5570/7149
f 4144/5535/7128 4141/5549/7126 4165/5561/7150 4168/5550/7152
f 4140/5519/7123 4144/5535/7128 4168/5550/7152 4164/5536/7147
f 4145/5455/7130 4146/5471/7129 4170/5488/7153 4169/5472/7154
f 4147/5487/7131 4139/5503/7124 4163/5520/7148 4171/5504/7155
f 4146/5471/7129 4147/5487/7131 4171/5504/7155 4170/5488/7153
f 4148/5441/7132 4145/5455/7130 4169/5472/7154 4172/5456/7156
f 4126/5429/7109 4148/5441/7132 4172/5456/7156 4150/5442/7133
f 4149/5443/7134 4150/5442/7133 4174/5457/7157 4173/5458/7158
f 4151/5582/7136 4152/5585/7135 4176/5587/7159 4175/5586/7160
f 4153/5539/7138 4154/5523/7137 4178/5538/7161 4177/5552/7162
f 4155/5491/7140 4156/5475/7139 4180/5490/7163 4179/5506/7164
f 4157/5459/7141 4149/5443/7134 4173/5458/7158 4181/5474/7165
f 4156/5475/7139 4157/5459/7141 4181/5474/7165 4180/5490/7163
f 4158/5507/7142 4155/5491/7140 4179/5506/7164 4182/5522/7166
f 4154/5523/7137 4158/5507/7142 4182/5522/7166 4178/5538/7161
f 4159/5573/7144 4160/5564/7143 4184/5572/7167 4183/5579/7168
f 4161/5553/7145 4153/5539/7138 4177/5552/7162 4185/5563/7169
f 4160/5564/7143 4161/5553/7145 4185/5563/7169 4184/5572/7167
f 4162/5580/7146 4159/5573/7144 4183/5579/7168 4186/5584/7170
f 4152/5585/7135 4162/5580/7146 4186/5584/7170 4176/5587/7159
f 4163/5520/7148 4164/5536/7147 4188/5551/7171 4187/5537/7172
f 4165/5561/7150 4166/5570/7149 4190/5578/7173 4189/5571/7174
f 4167/5577/7151 4151/5582/7136 4175/5586/7160 4191/5583/7175
f 4166/5570/7149 4167/5577/7151 4191/5583/7175 4190/5578/7173
f 4168/5550/7152 4165/5561/7150 4189/5571/7174 4192/5562/7176
f 4164/5536/7147 4168/5550/7152 4192/5562/7176 4188/5551/7171
f 4169/5472/7154 4170/5488/7153 4194/5505/7177 4193/5489/7178
f 4171/5504/7155 4163/5520/7148 4187/5537/7172 4195/5521/7179
f 4170/5488/7153 4171/5504/7155 4195/5521/7179 4194/5505/7177
f 4172/5456/7156 4169/5472/7154 4193/5489/7178 4196/5473/7180
f 4150/5442/7133 4172/5456/7156 4196/5473/7180 4174/5457/7157
s 120
f 4173/4786/7181 4174/5755/7182 4198/5756/7183 4197/4787/7184
f 4175/4788/7185 4176/4789/7186 4200/4790/7187 4199/4791/7188
f 4177/4792/7189 4178/4793/7190 4202/4794/7191 4201/4795/7192
f 4179/4796/7193 4180/4797/7194 4204/4798/7195 4203/4799/7196
f 4181/4800/7197 4173/4786/7181 4197/4787/7184 4205/4801/7198
f 4180/4797/7194 4181/4800/7197 4205/4801/7198 4204/4798/7195
f 4182/4802/7199 4179/4796/7193 4203/4799/7196 4206/4803/7200
f 4178/4793/7190 4182/4802/7199 4206/4803/7200 4202/4794/7191
f 4183/4804/7201 4184/4805/7202 4208/4806/7203 4207/4807/7204
f 4185/4808/7205 4177/4792/7189 4201/4795/7192 4209/4809/7206
f 4184/4805/7202 4185/4808/7205 4209/4809/7206 4208/4806/7203
f 4186/4810/7207 4183/4804/7201 4207/4807/7204 4210/4811/7208
f 4176/4789/7186 4186/4810/7207 4210/4811/7208 4200/4790/7187
f 4187/4812/7209 4188/4813/7210 4212/4814/7211 4211/4815/7212
f 4189/4816/7213 4190/4817/7214 4214/4818/7215 4213/4819/7216
f 4191/4820/7217 4175/4788/7185 4199/4791/7188 4215/4821/7218
f 4190/4817/7214 4191/4820/7217 4215/4821/7218 4214/4818/7215
f 4192/4822/7219 4189/4816/7213 4213/4819/7216 4216/4823/7220
f 4188/4813/7210 4192/4822/7219 4216/4823/7220 4212/4814/7211
f 4193/4824/7221 4194/4825/7222 4218/4826/7223 4217/4827/7224
f 4195/4828/7225 4187/4812/7209 4211/4815/7212 4219/4829/7226
f 4194/4825/7222 4195/5766/7225 4219/5765/7226 4218/4826/7223
f 4196/4830/7227 4193/4824/7221 4217/4827/7224 4220/4831/7228
f 4174/5755/7182 4196/4830/7227 4220/4831/7228 4198/5756/7183
f 4197/4787/7184 4198/5756/7183 4222/5757/7229 4221/4832/7230
f 4199/4791/7188 4200/4790/7187 4224/4833/7231 4223/4834/7232
f 4201/4795/7192 4202/4794/7191 4226/4835/7233 4225/4836/7234
f 4203/4799/7196 4204/4798/7195 4228/4837/7235 4227/4838/7236
f 4205/4801/7198 4197/4787/7184 4221/4832/7230 4229/4839/7237
f 4204/4798/7195 4205/4801/7198 4229/4839/7237 4228/4837/7235
f 4206/4803/7200 4203/4799/7196 4227/4838/7236 4230/4840/7238
f 4202/4794/7191 4206/4803/7200 4230/4840/7238 4226/4835/7233
f 4207/4807/7204 4208/4806/7203 4232/4841/7239 4231/4842/7240
f 4209/4809/7206 4201/4795/7192 4225/4836/7234 4233/4843/7241
f 4208/4806/7203 4209/4809/7206 4233/4843/7241 4232/4841/7239
f 4210/4811/7208 4207/4807/7204 4231/4842/7240 4234/4844/7242
f 4200/4790/7187 4210/4811/7208 4234/4844/7242 4224/4833/7231
f 4211/4815/7212 4212/4814/7211 4236/4845/7243 4235/4846/7244
f 4213/4819/7216 4214/4818/7215 4238/4847/7245 4237/4848/7246
f 4215/4821/7218 4199/4791/7188 4223/4834/7232 4239/4849/7247
f 4214/4818/7215 4215/4821/7218 4239/4849/7247 4238/4847/7245
f 4216/4823/7220 4213/4819/7216 4237/4848/7246 4240/4850/7248
f 4212/4814/7211 4216/4823/7220 4240/4850/7248 4236/4845/7243
f 4217/4827/7224 4218/4826/7223 4242/4851/7249 4241/4852/7250
f 4219/4829/7226 4211/4815/7212 4235/4846/7244 4243/4853/7251
f 4218/4826/7223 4219/5765/7226 4243/5764/7251 4242/4851/7249
f 4220/4831/7228 4217/4827/7224 4241/4852/7250 4244/4854/7252
f 4198/5756/7183 4220/4831/7228 4244/4854/7252 4222/5757/7229
f 4221/4832/7230 4222/5757/7229 4246/5758/7253 4245/4855/7254
f 4223/4834/7232 4224/4833/7231 4248/4856/7255 4247/4857/7256
f 4225/4836/7234 4226/4835/7233 4250/4858/7257 4249/4859/7258
f 4227/4838/7236 4228/4837/7235 4252/4860/7259 4251/4861/7260
f 4229/4839/7237 4221/4832/7230 4245/4855/7254 4253/4862/7261
f 4228/4837/7235 4229/4839/7237 4253/4862/7261 4252/4860/7259
f 4230/4840/7238 4227/4838/7236 4251/4861/7260 4254/4863/7262
f 4226/4835/7233 4230/4840/7238 4254/4863/7262 4250/4858/7257
f 4231/4842/7240 4232/4841/7239 4256/4864/7263 4255/4865/7264
f 4233/4843/7241 4225/4836/7234 4249/4859/7258 4257/4866/7265
f 4232/4841/7239 4233/4843/7241 4257/4866/7265 4256/4864/7263
f 4234/4844/7242 4231/4842/7240 4255/4865/7264 4258/4867/7266
f 4224/4833/7231 4234/4844/7242 4258/4867/7266 4248/4856/7255
f 4235/4846/7244 4236/4845/7243 4260/5588/7267 4259/5589/7268
f 4237/4848/7246 4238/4847/7245 4262/5590/7269 4261/5591/7270
f 4239/4849/7247 4223/4834/7232 4247/4857/7256 4263/5592/7271
f 4238/4847/7245 4239/4849/7247 4263/5592/7271 4262/5590/7269
f 4240/4850/7248 4237/4848/7246 4261/5591/7270 4264/5593/7272
f 4236/4845/7243 4240/4850/7248 4264/5593/7272 4260/5588/7267
f 4241/4852/7250 4242/4851/7249 4266/5594/7273 4265/5595/7274
f 4243/4853/7251 4235/4846/7244 4259/5589/7268 4267/5596/7275
f 4242/4851/7249 4243/5764/7251 4267/5763/7275 4266/5594/7273
f 4244/4854/7252 4241/4852/7250 4265/5595/7274 4268/5597/7276
f 4222/5757/7229 4244/4854/7252 4268/5597/7276 4246/5758/7253
f 4245/4855/7254 4246/5758/7253 4270/5759/7277 4269/5598/7278
f 4247/4857/7256 4248/4856/7255 4272/5599/7279 4271/5600/7280
f 4249/4859/7258 4250/4858/7257 4274/5601/7281 4273/5602/7282
f 4251/4861/7260 4252/4860/7259 4276/5603/7283 4275/5604/7284
f 4253/4862/7261 4245/4855/7254 4269/5598/7278 4277/5605/7285
f 4252/4860/7259 4253/4862/7261 4277/5605/7285 4276/5603/7283
f 4254/4863/7262 4251/4861/7260 4275/5604/7284 4278/5606/7286
f 4250/4858/7257 4254/4863/7262 4278/5606/7286 4274/5601/7281
f 4255/4865/7264 4256/4864/7263 4280/5607/7287 4279/5608/7288
f 4257/4866/7265 4249/4859/7258 4273/5602/7282 4281/5609/7289
f 4256/4864/7263 4257/4866/7265 4281/5609/7289 4280/5607/7287
f 4258/4867/7266 4255/4865/7264 4279/5608/7288 4282/5610/7290
f 4248/4856/7255 4258/4867/7266 4282/5610/7290 4272/5599/7279
f 4259/5589/7268 4260/5588/7267 4284/5611/7291 4283/5612/7292
f 4261/5591/7270 4262/5590/7269 4286/5613/7293 4285/5614/7294
f 4263/5592/7271 4247/4857/7256 4271/5600/7280 4287/5615/7295
f 4262/5590/7269 4263/5592/7271 4287/5615/7295 4286/5613/7293
f 4264/5593/7272 4261/5591/7270 4285/5614/7294 4288/5616/7296
f 4260/5588/7267 4264/5593/7272 4288/5616/7296 4284/5611/7291
f 4265/5595/7274 4266/5594/7273 4290/5617/7297 4289/5618/7298
f 4267/5596/7275 4259/5589/7268 4283/5612/7292 4291/5619/7299
f 4266/5594/7273 4267/5763/7275 4291/5762/7299 4290/5617/7297
f 4268/5597/7276 4265/5595/7274 4289/5618/7298 4292/5620/7300
f 4246/5758/7253 4268/5597/7276 4292/5620/7300 4270/5759/7277
f 4269/5598/7278 4270/5759/7277 4294/5760/7301 4293/5621/7302
f 4271/5600/7280 4272/5599/7279 4296/5622/7303 4295/5623/7304
f 4273/5602/7282 4274/5601/7281 4298/5624/7305 4297/5625/7306
f 4275/5604/7284 4276/5603/7283 4300/5626/7307 4299/5627/7308
f 4277/5605/7285 4269/5598/7278 4293/5621/7302 4301/5628/7309
f 4276/5603/7283 4277/5605/7285 4301/5628/7309 4300/5626/7307
f 4278/5606/7286 4275/5604/7284 4299/5627/7308 4302/5629/7310
f 4274/5601/7281 4278/5606/7286 4302/5629/7310 4298/5624/7305
f 4279/5608/7288 4280/5607/7287 4304/5630/7311 4303/5631/7312
f 4281/5609/7289 4273/5602/7282 4297/5625/7306 4305/5632/7313
f 4280/5607/7287 4281/5609/7289 4305/5632/7313 4304/5630/7311
f 4282/5610/7290 4279/5608/7288 4303/5631/7312 4306/5633/7314
f 4272/5599/7279 4282/5610/7290 4306/5633/7314 4296/5622/7303
f 4283/5612/7292 4284/5611/7291 4308/5634/7315 4307/5635/7316
f 4285/5614/7294 4286/5613/7293 4310/5636/7317 4309/5637/7318
f 4287/5615/7295 4271/5600/7280 4295/5623/7304 4311/5638/7319
f 4286/5613/7293 4287/5615/7295 4311/5638/7319 4310/5636/7317
f 4288/5616/7296 4285/5614/7294 4309/5637/7318 4312/5639/7320
f 4284/5611/7291 4288/5616/7296 4312/5639/7320 4308/5634/7315
f 4289/5618/7298 4290/5617/7297 4314/5640/7321 4313/5641/7322
f 4291/5619/7299 4283/5612/7292 4307/5635/7316 4315/5642/7323
f 4290/5617/7297 4291/5762/7299 4315/5761/7323 4314/5640/7321
f 4292/5620/7300 4289/5618/7298 4313/5641/7322 4316/5643/7324
f 4270/5759/7277 4292/5620/7300 4316/5643/7324 4294/5760/7301
f 4293/5621/7302 4294/5760/7301 4317/5644/7325
f 4295/5623/7304 4296/5622/7303 4317/5644/7325
f 4297/5625/7306 4298/5624/7305 4317/5644/7325
f 4299/5627/7308 4300/5626/7307 4317/5644/7325
f 4301/5628/7309 4293/5621/7302 4317/5644/7325
f 4300/5626/7307 4301/5628/7309 4317/5644/7325
f 4302/5629/7310 4299/5627/7308 4317/5644/7325
f 4298/5624/7305 4302/5629/7310 4317/5644/7325
f 4303/5631/7312 4304/5630/7311 4317/5644/7325
f 4305/5632/7313 4297/5625/7306 4317/5644/7325
f 4304/5630/7311 4305/5632/7313 4317/5644/7325
f 4306/5633/7314 4303/5631/7312 4317/5644/7325
f 4296/5622/7303 4306/5633/7314 4317/5644/7325
f 4307/5635/7316 4308/5634/7315 4317/5644/7325
f 4309/5637/7318 4310/5636/7317 4317/5644/7325
f 4311/5638/7319 4295/5623/7304 4317/5644/7325
f 4310/5636/7317 4311/5638/7319 4317/5644/7325
f 4312/5639/7320 4309/5637/7318 4317/5644/7325
f 4308/5634/7315 4312/5639/7320 4317/5644/7325
f 4313/5641/7322 4314/5640/7321 4317/5644/7325
f 4315/5642/7323 4307/5635/7316 4317/5644/7325
f 4314/5640/7321 4315/5761/7323 4317/5644/7325
f 4316/5643/7324 4313/5641/7322 4317/5644/7325
f 4294/5760/7301 4316/5643/7324 4317/5644/7325
